insee,nom,segment,source,region,dept
75056,Paris,grande_ville,seed_100,,75
13055,Marseille,grande_ville,seed_100,,13
69123,Lyon,grande_ville,seed_100,,69
31555,Toulouse,grande_ville,seed_100,Occitanie,31
06088,Nice,grande_ville,seed_100,Provence-Alpes-Côte d'Azur,06
44109,Nantes,grande_ville,seed_100,Pays de la Loire,44
34172,Montpellier,grande_ville,seed_100,Occitanie,34
67482,Strasbourg,grande_ville,seed_100,Grand Est,67
33063,Bordeaux,grande_ville,seed_100,Nouvelle-Aquitaine,33
59350,Lille,grande_ville,seed_100,Hauts-de-France,59
35238,Rennes,grande_ville,seed_100,Bretagne,35
51454,Reims,grande_ville,seed_100,Grand Est,51
42218,Saint-Etienne,grande_ville,seed_100,Auvergne-Rhône-Alpes,42
76351,Le Havre,industrielle_portuaire,seed_100,Normandie,76
76540,Rouen,industrielle_portuaire,seed_100,Normandie,76
13039,Fos-sur-Mer,industrielle_portuaire,seed_100,Provence-Alpes-Côte d'Azur,13
13056,Martigues,industrielle_portuaire,seed_100,Provence-Alpes-Côte d'Azur,13
69276,Feyzin,industrielle_portuaire,seed_100,Auvergne-Rhône-Alpes,69
69149,Oullins-Pierre-Benite,industrielle_portuaire,seed_100,Auvergne-Rhône-Alpes,69
69199,Saint-Fons,industrielle_portuaire,seed_100,Auvergne-Rhône-Alpes,69
44052,Donges,industrielle_portuaire,seed_100,Pays de la Loire,44
59183,Dunkerque,industrielle_portuaire,seed_100,Hauts-de-France,59
62193,Calais,industrielle_portuaire,seed_100,Hauts-de-France,62
64445,Pau,industrielle_portuaire,seed_100,Nouvelle-Aquitaine,64
64300,Lacq,industrielle_portuaire,seed_100,Nouvelle-Aquitaine,64
76305,Gonfreville-l'Orcher,industrielle_portuaire,seed_100,Normandie,76
57672,Thionville,industrielle_portuaire,seed_100,Grand Est,57
57221,Florange,industrielle_portuaire,seed_100,Grand Est,57
57306,Hayange,industrielle_portuaire,seed_100,Grand Est,57
38185,Grenoble,industrielle_portuaire,seed_100,Auvergne-Rhône-Alpes,38
38544,Vienne,industrielle_portuaire,seed_100,Auvergne-Rhône-Alpes,38
69266,Villeurbanne,industrielle_portuaire,seed_100,Auvergne-Rhône-Alpes,69
93066,Saint-Denis,industrielle_portuaire,seed_100,Île-de-France,93
17300,La Rochelle,littorale,seed_100,Nouvelle-Aquitaine,17
56121,Lorient,littorale,seed_100,Bretagne,56
29019,Brest,littorale,seed_100,Bretagne,29
35288,Saint-Malo,littorale,seed_100,Bretagne,35
44184,Saint-Nazaire,littorale,seed_100,Pays de la Loire,44
85194,Les Sables-d'Olonne,littorale,seed_100,Pays de la Loire,85
34301,Sete,littorale,seed_100,Occitanie,34
66136,Perpignan,littorale,seed_100,Occitanie,66
83069,Hyeres,littorale,seed_100,Provence-Alpes-Côte d'Azur,83
83137,Toulon,littorale,seed_100,Provence-Alpes-Côte d'Azur,83
06029,Cannes,littorale,seed_100,Provence-Alpes-Côte d'Azur,06
06004,Antibes,littorale,seed_100,Provence-Alpes-Côte d'Azur,06
2A004,Ajaccio,littorale,seed_100,Corse,2A
2B033,Bastia,littorale,seed_100,Corse,2B
97411,Saint-Denis,littorale,seed_100,,97
97105,Baie-Mahault,littorale,seed_100,,97
97209,Fort-de-France,littorale,seed_100,,97
21231,Dijon,ville_moyenne,seed_100,Bourgogne-Franche-Comté,21
25056,Besancon,ville_moyenne,seed_100,Bourgogne-Franche-Comté,25
30189,Nimes,ville_moyenne,seed_100,Occitanie,30
37261,Tours,ville_moyenne,seed_100,Centre-Val de Loire,37
45234,Orleans,ville_moyenne,seed_100,Centre-Val de Loire,45
49007,Angers,ville_moyenne,seed_100,Pays de la Loire,49
57463,Metz,ville_moyenne,seed_100,Grand Est,57
54395,Nancy,ville_moyenne,seed_100,Grand Est,54
59512,Roubaix,ville_moyenne,seed_100,Hauts-de-France,59
59599,Tourcoing,ville_moyenne,seed_100,Hauts-de-France,59
63113,Clermont-Ferrand,ville_moyenne,seed_100,Auvergne-Rhône-Alpes,63
68066,Colmar,ville_moyenne,seed_100,Grand Est,68
68224,Mulhouse,ville_moyenne,seed_100,Grand Est,68
72181,Le Mans,ville_moyenne,seed_100,Pays de la Loire,72
76217,Dieppe,littorale,seed_100,Normandie,76
80021,Amiens,ville_moyenne,seed_100,Hauts-de-France,80
86194,Poitiers,ville_moyenne,seed_100,Nouvelle-Aquitaine,86
87085,Limoges,ville_moyenne,seed_100,Nouvelle-Aquitaine,87
92012,Boulogne-Billancourt,grande_ville,seed_100,Île-de-France,92
92050,Nanterre,grande_ville,seed_100,Île-de-France,92
93008,Bobigny,grande_ville,seed_100,Île-de-France,93
01053,Bourg-en-Bresse,ville_moyenne,seed_100,Auvergne-Rhône-Alpes,01
03190,Moulins,rurale_calme,seed_100,Auvergne-Rhône-Alpes,03
05061,Gap,ville_moyenne,seed_100,Provence-Alpes-Côte d'Azur,05
07010,Annonay,ville_moyenne,seed_100,Auvergne-Rhône-Alpes,07
08105,Charleville-Mezieres,ville_moyenne,seed_100,Grand Est,08
11069,Carcassonne,ville_moyenne,seed_100,Occitanie,11
12202,Rodez,ville_moyenne,seed_100,Occitanie,12
14118,Caen,ville_moyenne,seed_100,Normandie,14
18033,Bourges,ville_moyenne,seed_100,Centre-Val de Loire,18
19031,Brive-la-Gaillarde,ville_moyenne,seed_100,Nouvelle-Aquitaine,19
23096,Gueret,rurale_calme,seed_100,Nouvelle-Aquitaine,23
24037,Bergerac,ville_moyenne,seed_100,Nouvelle-Aquitaine,24
27229,Evreux,ville_moyenne,seed_100,Normandie,27
28085,Chartres,ville_moyenne,seed_100,Centre-Val de Loire,28
32013,Auch,rurale_calme,seed_100,Occitanie,32
36044,Chateauroux,ville_moyenne,seed_100,Centre-Val de Loire,36
41018,Blois,ville_moyenne,seed_100,Centre-Val de Loire,41
48095,Mende,rurale_calme,seed_100,Occitanie,48
53130,Laval,ville_moyenne,seed_100,Pays de la Loire,53
55029,Bar-le-Duc,rurale_calme,seed_100,Grand Est,55
58194,Nevers,ville_moyenne,seed_100,Bourgogne-Franche-Comté,58
61001,Alencon,ville_moyenne,seed_100,Normandie,61
70550,Vesoul,rurale_calme,seed_100,Bourgogne-Franche-Comté,70
71270,Macon,ville_moyenne,seed_100,Bourgogne-Franche-Comté,71
74010,Annecy,ville_moyenne,seed_100,Auvergne-Rhône-Alpes,74
81004,Albi,ville_moyenne,seed_100,Occitanie,81
82121,Montauban,ville_moyenne,seed_100,Occitanie,82
84007,Avignon,ville_moyenne,seed_100,Provence-Alpes-Côte d'Azur,84
89024,Auxerre,ville_moyenne,seed_100,Bourgogne-Franche-Comté,89
75115,Paris 15e Arrondissement,grande_ville,population,Île-de-France,75
75120,Paris 20e Arrondissement,grande_ville,population,Île-de-France,75
75118,Paris 18e Arrondissement,grande_ville,population,Île-de-France,75
75119,Paris 19e Arrondissement,grande_ville,population,Île-de-France,75
75113,Paris 13e Arrondissement,grande_ville,population,Île-de-France,75
75117,Paris 17e Arrondissement,grande_ville,population,Île-de-France,75
75116,Paris 16e Arrondissement,grande_ville,population,Île-de-France,75
13001,Aix-en-Provence,grande_ville,population,Provence-Alpes-Côte d'Azur,13
75111,Paris 11e Arrondissement,grande_ville,population,Île-de-France,75
75112,Paris 12e Arrondissement,grande_ville,population,Île-de-France,75
75114,Paris 14e Arrondissement,grande_ville,population,Île-de-France,75
93048,Montreuil,grande_ville,population,Île-de-France,93
95018,Argenteuil,grande_ville,population,Île-de-France,95
69383,Lyon 3e Arrondissement,grande_ville,population,Auvergne-Rhône-Alpes,69
94081,Vitry-sur-Seine,grande_ville,population,Île-de-France,94
94028,Créteil,grande_ville,population,Île-de-France,94
13213,Marseille 13e Arrondissement,grande_ville,population,Provence-Alpes-Côte d'Azur,13
93001,Aubervilliers,grande_ville,population,Île-de-France,93
92004,Asnières-sur-Seine,grande_ville,population,Île-de-France,92
92025,Colombes,grande_ville,population,Île-de-France,92
69388,Lyon 8e Arrondissement,grande_ville,population,Auvergne-Rhône-Alpes,69
93005,Aulnay-sous-Bois,grande_ville,population,Île-de-France,93
69387,Lyon 7e Arrondissement,grande_ville,population,Auvergne-Rhône-Alpes,69
78646,Versailles,grande_ville,population,Île-de-France,78
75110,Paris 10e Arrondissement,grande_ville,population,Île-de-France,75
13208,Marseille 8e Arrondissement,grande_ville,population,Provence-Alpes-Côte d'Azur,13
92026,Courbevoie,grande_ville,population,Île-de-France,92
34032,Béziers,grande_ville,population,Occitanie,34
13215,Marseille 15e Arrondissement,grande_ville,population,Provence-Alpes-Côte d'Azur,13
92063,Rueil-Malmaison,grande_ville,population,Île-de-France,92
50129,Cherbourg-en-Cotentin,grande_ville,population,Normandie,50
94017,Champigny-sur-Marne,grande_ville,population,Île-de-France,94
13209,Marseille 9e Arrondissement,grande_ville,population,Provence-Alpes-Côte d'Azur,13
33281,Mérignac,grande_ville,population,Nouvelle-Aquitaine,33
94068,Saint-Maur-des-Fossés,grande_ville,population,Île-de-France,94
93029,Drancy,grande_ville,population,Île-de-France,93
93051,Noisy-le-Grand,grande_ville,population,Île-de-France,93
92040,Issy-les-Moulineaux,grande_ville,population,Île-de-France,92
95127,Cergy,grande_ville,population,Île-de-France,95
92044,Levallois-Perret,grande_ville,population,Île-de-France,92
33318,Pessac,grande_ville,population,Nouvelle-Aquitaine,33
69259,Vénissieux,grande_ville,population,Auvergne-Rhône-Alpes,69
91228,Évry-Courcouronnes,grande_ville,population,Île-de-France,91
92024,Clichy,grande_ville,population,Île-de-France,92
26362,Valence,grande_ville,population,Auvergne-Rhône-Alpes,26
94041,Ivry-sur-Seine,grande_ville,population,Île-de-France,94
29232,Quimper,grande_ville,population,Bretagne,29
92002,Antony,grande_ville,population,Île-de-France,92
13212,Marseille 12e Arrondissement,grande_ville,population,Provence-Alpes-Côte d'Azur,13
10387,Troyes,grande_ville,population,Grand Est,10
83126,La Seyne-sur-Mer,grande_ville,population,Provence-Alpes-Côte d'Azur,83
59009,Villeneuve-d'Ascq,grande_ville,population,Hauts-de-France,59
93055,Pantin,grande_ville,population,Île-de-France,93
13214,Marseille 14e Arrondissement,grande_ville,population,Provence-Alpes-Côte d'Azur,13
73065,Chambéry,grande_ville,population,Auvergne-Rhône-Alpes,73
79191,Niort,grande_ville,population,Nouvelle-Aquitaine,79
92051,Neuilly-sur-Seine,grande_ville,population,Île-de-France,92
13210,Marseille 10e Arrondissement,grande_ville,population,Provence-Alpes-Côte d'Azur,13
75109,Paris 9e Arrondissement,grande_ville,population,Île-de-France,75
95585,Sarcelles,grande_ville,population,Île-de-France,95
93007,Le Blanc-Mesnil,grande_ville,population,Île-de-France,93
94046,Maisons-Alfort,grande_ville,population,Île-de-France,94
13211,Marseille 11e Arrondissement,grande_ville,population,Provence-Alpes-Côte d'Azur,13
94076,Villejuif,grande_ville,population,Île-de-France,94
83061,Fréjus,grande_ville,population,Provence-Alpes-Côte d'Azur,83
75105,Paris 5e Arrondissement,grande_ville,population,Île-de-France,75
60057,Beauvais,grande_ville,population,Hauts-de-France,60
11262,Narbonne,grande_ville,population,Occitanie,11
77284,Meaux,grande_ville,population,Île-de-France,77
85191,La Roche-sur-Yon,grande_ville,population,Pays de la Loire,85
92023,Clamart,grande_ville,population,Île-de-France,92
56260,Vannes,grande_ville,population,Bretagne,56
77108,Chelles,grande_ville,population,Île-de-France,77
49099,Cholet,grande_ville,population,Pays de la Loire,49
93031,Épinay-sur-Seine,grande_ville,population,Île-de-France,93
93070,Saint-Ouen-sur-Seine,grande_ville,population,Île-de-France,93
13203,Marseille 3e Arrondissement,grande_ville,population,Provence-Alpes-Côte d'Azur,13
02691,Saint-Quentin,grande_ville,population,Hauts-de-France,02
93010,Bondy,grande_ville,population,Île-de-France,93
69389,Lyon 9e Arrondissement,grande_ville,population,Auvergne-Rhône-Alpes,69
64102,Bayonne,grande_ville,population,Nouvelle-Aquitaine,64
91174,Corbeil-Essonnes,grande_ville,population,Île-de-France,91
06027,Cagnes-sur-Mer,grande_ville,population,Provence-Alpes-Côte d'Azur,06
69256,Vaulx-en-Velin,grande_ville,population,Auvergne-Rhône-Alpes,69
69386,Lyon 6e Arrondissement,grande_ville,population,Auvergne-Rhône-Alpes,69
93071,Sevran,grande_ville,population,Île-de-France,93
94033,Fontenay-sous-Bois,grande_ville,population,Île-de-France,94
78586,Sartrouville,grande_ville,population,Île-de-France,78
91377,Massy,grande_ville,population,Île-de-France,91
13004,Arles,grande_ville,population,Provence-Alpes-Côte d'Azur,13
13204,Marseille 4e Arrondissement,grande_ville,population,Provence-Alpes-Côte d'Azur,13
44162,Saint-Herblain,grande_ville,population,Pays de la Loire,44
92036,Gennevilliers,grande_ville,population,Île-de-France,92
92073,Suresnes,grande_ville,population,Île-de-France,92
69290,Saint-Priest,grande_ville,population,Auvergne-Rhône-Alpes,69
94080,Vincennes,grande_ville,population,Île-de-France,94
69385,Lyon 5e Arrondissement,grande_ville,population,Auvergne-Rhône-Alpes,69
06069,Grasse,grande_ville,population,Provence-Alpes-Côte d'Azur,06
75107,Paris 7e Arrondissement,grande_ville,population,Île-de-France,75
92049,Montrouge,grande_ville,population,Île-de-France,92
13005,Aubagne,grande_ville,population,Provence-Alpes-Côte d'Azur,13
93027,La Courneuve,grande_ville,population,Île-de-France,93
92048,Meudon,grande_ville,population,Île-de-France,92
94022,Choisy-le-Roi,grande_ville,population,Île-de-France,94
93053,Noisy-le-Sec,grande_ville,population,Île-de-France,93
93046,Livry-Gargan,grande_ville,population,Île-de-France,93
93064,Rosny-sous-Bois,grande_ville,population,Île-de-France,93
13205,Marseille 5e Arrondissement,grande_ville,population,Provence-Alpes-Côte d'Azur,13
33522,Talence,grande_ville,population,Nouvelle-Aquitaine,33
90010,Belfort,grande_ville,population,Bourgogne-Franche-Comté,90
94002,Alfortville,grande_ville,population,Île-de-France,94
71076,Chalon-sur-Saône,grande_ville,population,Bourgogne-Franche-Comté,71
13103,Salon-de-Provence,grande_ville,population,Provence-Alpes-Côte d'Azur,13
13047,Istres,grande_ville,population,Provence-Alpes-Côte d'Azur,13
78361,Mantes-la-Jolie,grande_ville,population,Île-de-France,78
78551,Saint-Germain-en-Laye,grande_ville,population,Île-de-France,78
22278,Saint-Brieuc,grande_ville,population,Bretagne,22
65440,Tarbes,grande_ville,population,Occitanie,65
30007,Alès,grande_ville,population,Occitanie,30
51108,Châlons-en-Champagne,grande_ville,population,Grand Est,51
92007,Bagneux,grande_ville,population,Île-de-France,92
92062,Puteaux,grande_ville,population,Île-de-France,92
69034,Caluire-et-Cuire,grande_ville,population,Auvergne-Rhône-Alpes,69
69029,Bron,grande_ville,population,Auvergne-Rhône-Alpes,69
44143,Rezé,grande_ville,population,Pays de la Loire,44
59606,Valenciennes,grande_ville,population,Hauts-de-France,59
95268,Garges-lès-Gonesse,grande_ville,population,Île-de-France,95
81065,Castres,grande_ville,population,Occitanie,81
62041,Arras,grande_ville,population,Hauts-de-France,62
77288,Melun,grande_ville,population,Île-de-France,77
06030,Le Cannet,grande_ville,population,Provence-Alpes-Côte d'Azur,06
64024,Anglet,grande_ville,population,Nouvelle-Aquitaine,64
16015,Angoulême,grande_ville,population,Nouvelle-Aquitaine,16
62160,Boulogne-sur-Mer,grande_ville,population,Hauts-de-France,62
59650,Wattrelos,grande_ville,population,Hauts-de-France,59
33550,Villenave-d'Ornon,grande_ville,population,Nouvelle-Aquitaine,33
26198,Montélimar,grande_ville,population,Auvergne-Rhône-Alpes,26
60159,Compiègne,grande_ville,population,Hauts-de-France,60
93072,Stains,grande_ville,population,Île-de-France,93
75106,Paris 6e Arrondissement,grande_ville,population,Île-de-France,75
93032,Gagny,grande_ville,population,Île-de-France,93
31149,Colomiers,grande_ville,population,Occitanie,31
78498,Poissy,grande_ville,population,Île-de-France,78
83050,Draguignan,grande_ville,population,Provence-Alpes-Côte d'Azur,83
59178,Douai,grande_ville,population,Hauts-de-France,59
13206,Marseille 6e Arrondissement,grande_ville,population,Provence-Alpes-Côte d'Azur,13
13201,Marseille 1er Arrondissement,grande_ville,population,Provence-Alpes-Côte d'Azur,13
93006,Bagnolet,grande_ville,population,Île-de-France,93
59378,Marcq-en-Barœul,grande_ville,population,Hauts-de-France,59
93078,Villepinte,grande_ville,population,Île-de-France,93
38421,Saint-Martin-d'Hères,grande_ville,population,Auvergne-Rhône-Alpes,38
77373,Pontault-Combault,grande_ville,population,Île-de-France,77
37122,Joué-lès-Tours,grande_ville,population,Centre-Val de Loire,37
74012,Annemasse,grande_ville,population,Auvergne-Rhône-Alpes,74
93050,Neuilly-sur-Marne,grande_ville,population,Île-de-France,93
95252,Franconville,grande_ville,population,Île-de-France,95
91589,Savigny-sur-Orge,grande_ville,population,Île-de-France,91
93073,Tremblay-en-France,grande_ville,population,Île-de-France,93
74281,Thonon-les-Bains,grande_ville,population,Auvergne-Rhône-Alpes,74
13028,La Ciotat,grande_ville,population,Provence-Alpes-Côte d'Azur,13
38468,Salaise-sur-Sanne,industrielle_portuaire,industrie_Auvergne-Rhône-Alpes,Auvergne-Rhône-Alpes,38
21355,Longvic,industrielle_portuaire,industrie_Bourgogne-Franche-Comté,Bourgogne-Franche-Comté,21
35281,Saint-Jacques-de-la-Lande,industrielle_portuaire,industrie_Bretagne,Bretagne,35
18050,La Chapelle-Saint-Ursin,industrielle_portuaire,industrie_Centre-Val de Loire,Centre-Val de Loire,18
2B120,Furiani,industrielle_portuaire,industrie_Corse,Corse,2B
57606,Saint-Avold,industrielle_portuaire,industrie_Grand Est,Grand Est,57
59271,Grande-Synthe,industrielle_portuaire,industrie_Hauts-de-France,Hauts-de-France,59
76322,Le Grand-Quevilly,industrielle_portuaire,industrie_Normandie,Normandie,76
64410,Mourenx,industrielle_portuaire,industrie_Nouvelle-Aquitaine,Nouvelle-Aquitaine,64
31433,Portet-sur-Garonne,industrielle_portuaire,industrie_Occitanie,Occitanie,31
72008,Arnage,industrielle_portuaire,industrie_Pays de la Loire,Pays de la Loire,72
13077,Port-de-Bouc,industrielle_portuaire,industrie_Provence-Alpes-Côte d'Azur,Provence-Alpes-Côte d'Azur,13
92078,Villeneuve-la-Garenne,industrielle_portuaire,industrie_Île-de-France,Île-de-France,92
69271,Chassieu,industrielle_portuaire,industrie_Auvergne-Rhône-Alpes,Auvergne-Rhône-Alpes,69
71154,Crissey,industrielle_portuaire,industrie_Bourgogne-Franche-Comté,Bourgogne-Franche-Comté,71
35352,Vern-sur-Seiche,industrielle_portuaire,industrie_Bretagne,Bretagne,35
37233,Saint-Pierre-des-Corps,industrielle_portuaire,industrie_Centre-Val de Loire,Centre-Val de Loire,37
2B220,Piedigriggio,industrielle_portuaire,industrie_Corse,Corse,2B
57336,L'Hôpital,industrielle_portuaire,industrie_Grand Est,Grand Est,57
59028,Auby,industrielle_portuaire,industrie_Hauts-de-France,Hauts-de-France,59
76533,Rogerville,industrielle_portuaire,industrie_Normandie,Normandie,76
64418,Noguères,industrielle_portuaire,industrie_Nouvelle-Aquitaine,Nouvelle-Aquitaine,64
31293,Lespinasse,industrielle_portuaire,industrie_Occitanie,Occitanie,31
72189,Marolles-les-Braults,industrielle_portuaire,industrie_Pays de la Loire,Pays de la Loire,72
13078,Port-Saint-Louis-du-Rhône,industrielle_portuaire,industrie_Provence-Alpes-Côte d'Azur,Provence-Alpes-Côte d'Azur,13
93039,L'Île-Saint-Denis,industrielle_portuaire,industrie_Île-de-France,Île-de-France,93
38317,Le Pont-de-Claix,industrielle_portuaire,industrie_Auvergne-Rhône-Alpes,Auvergne-Rhône-Alpes,38
21713,Vonges,industrielle_portuaire,industrie_Bourgogne-Franche-Comté,Bourgogne-Franche-Comté,21
22136,Loudéac,industrielle_portuaire,industrie_Bretagne,Bretagne,22
45252,Pithiviers,industrielle_portuaire,industrie_Centre-Val de Loire,Centre-Val de Loire,45
2A006,Alata,industrielle_portuaire,industrie_Corse,Corse,2A
57123,Carling,industrielle_portuaire,industrie_Grand Est,Grand Est,57
59286,Haubourdin,industrielle_portuaire,industrie_Hauts-de-France,Hauts-de-France,59
76489,Oudalle,industrielle_portuaire,industrie_Normandie,Normandie,76
64431,Os-Marsillon,industrielle_portuaire,industrie_Nouvelle-Aquitaine,Nouvelle-Aquitaine,64
12305,Viviez,industrielle_portuaire,industrie_Occitanie,Occitanie,12
44103,Montoir-de-Bretagne,industrielle_portuaire,industrie_Pays de la Loire,Pays de la Loire,44
84092,Le Pontet,industrielle_portuaire,industrie_Provence-Alpes-Côte d'Azur,Provence-Alpes-Côte d'Azur,84
92009,Bois-Colombes,industrielle_portuaire,industrie_Île-de-France,Île-de-France,92
69100,Irigny,industrielle_portuaire,industrie_Auvergne-Rhône-Alpes,Auvergne-Rhône-Alpes,69
21261,Fauverney,industrielle_portuaire,industrie_Bourgogne-Franche-Comté,Bourgogne-Franche-Comté,21
35131,L'Hermitage,industrielle_portuaire,industrie_Bretagne,Bretagne,35
45308,Semoy,industrielle_portuaire,industrie_Centre-Val de Loire,Centre-Val de Loire,45
2B148,Lucciana,industrielle_portuaire,industrie_Corse,Corse,2B
57303,Hauconcourt,industrielle_portuaire,industrie_Grand Est,Grand Est,57
59234,Flers-en-Escrebieux,industrielle_portuaire,industrie_Hauts-de-France,Hauts-de-France,59
76498,Le Petit-Quevilly,industrielle_portuaire,industrie_Normandie,Normandie,76
64443,Pardies,industrielle_portuaire,industrie_Nouvelle-Aquitaine,Nouvelle-Aquitaine,64
30004,Aigues-Vives,industrielle_portuaire,industrie_Occitanie,Occitanie,30
72364,Vaas,industrielle_portuaire,industrie_Pays de la Loire,Pays de la Loire,72
13081,Rognac,industrielle_portuaire,industrie_Provence-Alpes-Côte d'Azur,Provence-Alpes-Côte d'Azur,13
95572,Saint-Ouen-l'Aumône,industrielle_portuaire,industrie_Île-de-France,Île-de-France,95
69142,La Mulatière,industrielle_portuaire,industrie_Auvergne-Rhône-Alpes,Auvergne-Rhône-Alpes,69
21452,Neuilly-Crimolois,industrielle_portuaire,industrie_Bourgogne-Franche-Comté,Bourgogne-Franche-Comté,21
29302,Pont-de-Buis-lès-Quimerch,industrielle_portuaire,industrie_Bretagne,Bretagne,29
45284,Saint-Jean-de-Braye,industrielle_portuaire,industrie_Centre-Val de Loire,Centre-Val de Loire,45
2B059,Canavaggia,industrielle_portuaire,industrie_Corse,Corse,2B
68154,Illzach,industrielle_portuaire,industrie_Grand Est,Grand Est,68
59359,Loon-Plage,industrielle_portuaire,industrie_Hauts-de-France,Hauts-de-France,59
76660,Sandouville,industrielle_portuaire,industrie_Normandie,Normandie,76
33032,Bassens,industrielle_portuaire,industrie_Nouvelle-Aquitaine,Nouvelle-Aquitaine,33
31084,Boussens,industrielle_portuaire,industrie_Occitanie,Occitanie,31
44074,Indre,industrielle_portuaire,industrie_Pays de la Loire,Pays de la Loire,44
13014,Berre-l'Étang,industrielle_portuaire,industrie_Provence-Alpes-Côte d'Azur,Provence-Alpes-Côte d'Azur,13
95555,Saint-Gratien,industrielle_portuaire,industrie_Île-de-France,Île-de-France,95
69204,Saint-Genis-Laval,industrielle_portuaire,industrie_Auvergne-Rhône-Alpes,Auvergne-Rhône-Alpes,69
25197,Deluz,industrielle_portuaire,industrie_Bourgogne-Franche-Comté,Bourgogne-Franche-Comté,25
22202,Plévin,industrielle_portuaire,industrie_Bretagne,Bretagne,22
37273,La Ville-aux-Dames,industrielle_portuaire,industrie_Centre-Val de Loire,Centre-Val de Loire,37
2B346,Vescovato,industrielle_portuaire,industrie_Corse,Corse,2B
57582,Richemont,industrielle_portuaire,industrie_Grand Est,Grand Est,57
59156,Courchelettes,industrielle_portuaire,industrie_Hauts-de-France,Hauts-de-France,59
76157,Canteleu,industrielle_portuaire,industrie_Normandie,Normandie,76
64003,Abidos,industrielle_portuaire,industrie_Nouvelle-Aquitaine,Nouvelle-Aquitaine,64
31169,Escalquens,industrielle_portuaire,industrie_Occitanie,Occitanie,31
49215,Montreuil-Bellay,industrielle_portuaire,industrie_Pays de la Loire,Pays de la Loire,49
04112,Manosque,industrielle_portuaire,industrie_Provence-Alpes-Côte d'Azur,Provence-Alpes-Côte d'Azur,04
77123,Compans,industrielle_portuaire,industrie_Île-de-France,Île-de-France,77
69273,Corbas,industrielle_portuaire,industrie_Auvergne-Rhône-Alpes,Auvergne-Rhône-Alpes,69
25267,Gennes,industrielle_portuaire,industrie_Bourgogne-Franche-Comté,Bourgogne-Franche-Comté,25
35093,Dinard,industrielle_portuaire,industrie_Bretagne,Bretagne,35
41091,Fossé,industrielle_portuaire,industrie_Centre-Val de Loire,Centre-Val de Loire,41
2B343,Venzolasca,industrielle_portuaire,industrie_Corse,Corse,2B
57765,Diesen,industrielle_portuaire,industrie_Grand Est,Grand Est,57
59654,Waziers,industrielle_portuaire,industrie_Hauts-de-France,Hauts-de-France,59
76497,Petit-Couronne,industrielle_portuaire,industrie_Normandie,Normandie,76
16102,Cognac,industrielle_portuaire,industrie_Nouvelle-Aquitaine,Nouvelle-Aquitaine,16
46029,Biars-sur-Cère,industrielle_portuaire,industrie_Occitanie,Occitanie,46
49015,Avrillé,industrielle_portuaire,industrie_Pays de la Loire,Pays de la Loire,49
06010,Le Bar-sur-Loup,industrielle_portuaire,industrie_Provence-Alpes-Côte d'Azur,Provence-Alpes-Côte d'Azur,06
78124,Carrières-sur-Seine,industrielle_portuaire,industrie_Île-de-France,Île-de-France,78
38298,Le Péage-de-Roussillon,industrielle_portuaire,industrie_Auvergne-Rhône-Alpes,Auvergne-Rhône-Alpes,38
21233,Drambon,industrielle_portuaire,industrie_Bourgogne-Franche-Comté,Bourgogne-Franche-Comté,21
35065,La Chapelle-Thouarault,industrielle_portuaire,industrie_Bretagne,Bretagne,35
45030,Beaune-la-Rolande,industrielle_portuaire,industrie_Centre-Val de Loire,Centre-Val de Loire,45
2B169,Morosaglia,industrielle_portuaire,industrie_Corse,Corse,2B
57550,Porcelette,industrielle_portuaire,industrie_Grand Est,Grand Est,57
59288,Haulchin,industrielle_portuaire,industrie_Hauts-de-France,Hauts-de-France,59
76341,Harfleur,industrielle_portuaire,industrie_Normandie,Normandie,76
64117,Bésingrand,industrielle_portuaire,industrie_Nouvelle-Aquitaine,Nouvelle-Aquitaine,64
82123,Montbartier,industrielle_portuaire,industrie_Occitanie,Occitanie,82
49067,Chenillé-Champteussé,industrielle_portuaire,industrie_Pays de la Loire,Pays de la Loire,49
13054,Marignane,industrielle_portuaire,industrie_Provence-Alpes-Côte d'Azur,Provence-Alpes-Côte d'Azur,13
91027,Athis-Mons,industrielle_portuaire,industrie_Île-de-France,Île-de-France,91
38344,Roussillon,industrielle_portuaire,industrie_Auvergne-Rhône-Alpes,Auvergne-Rhône-Alpes,38
39189,Damparis,industrielle_portuaire,industrie_Bourgogne-Franche-Comté,Bourgogne-Franche-Comté,39
35241,La Richardais,industrielle_portuaire,industrie_Bretagne,Bretagne,35
41276,Villebarou,industrielle_portuaire,industrie_Centre-Val de Loire,Centre-Val de Loire,41
2B337,Valle-di-Rostino,industrielle_portuaire,industrie_Corse,Corse,2B
57647,Serémange-Erzange,industrielle_portuaire,industrie_Grand Est,Grand Est,57
59360,Loos,industrielle_portuaire,industrie_Hauts-de-France,Hauts-de-France,59
76282,Freneuse,industrielle_portuaire,industrie_Normandie,Normandie,76
64396,Mont,industrielle_portuaire,industrie_Nouvelle-Aquitaine,Nouvelle-Aquitaine,64
11266,Port-la-Nouvelle,industrielle_portuaire,industrie_Occitanie,Occitanie,11
72003,Allonnes,industrielle_portuaire,industrie_Pays de la Loire,Pays de la Loire,72
13102,Saint-Victoret,industrielle_portuaire,industrie_Provence-Alpes-Côte d'Azur,Provence-Alpes-Côte d'Azur,13
95210,Enghien-les-Bains,industrielle_portuaire,industrie_Île-de-France,Île-de-France,95
01390,Saint-Vulbas,industrielle_portuaire,industrie_Auvergne-Rhône-Alpes,Auvergne-Rhône-Alpes,01
21166,Chenôve,industrielle_portuaire,industrie_Bourgogne-Franche-Comté,Bourgogne-Franche-Comté,21
56185,Quéven,industrielle_portuaire,industrie_Bretagne,Bretagne,56
45034,Boigny-sur-Bionne,industrielle_portuaire,industrie_Centre-Val de Loire,Centre-Val de Loire,45
2A032,Bastelicaccia,industrielle_portuaire,industrie_Corse,Corse,2A
68063,Cernay,industrielle_portuaire,industrie_Grand Est,Grand Est,68
62250,Courrières,industrielle_portuaire,industrie_Hauts-de-France,Hauts-de-France,62
76486,Orival,industrielle_portuaire,industrie_Normandie,Normandie,76
33096,Carbon-Blanc,industrielle_portuaire,industrie_Nouvelle-Aquitaine,Nouvelle-Aquitaine,33
30305,Salindres,industrielle_portuaire,industrie_Occitanie,Occitanie,30
44020,Bouguenais,industrielle_portuaire,industrie_Pays de la Loire,Pays de la Loire,44
04209,Sisteron,industrielle_portuaire,industrie_Provence-Alpes-Côte d'Azur,Provence-Alpes-Côte d'Azur,04
78358,Maisons-Laffitte,industrielle_portuaire,industrie_Île-de-France,Île-de-France,78
38151,Échirolles,industrielle_portuaire,industrie_Auvergne-Rhône-Alpes,Auvergne-Rhône-Alpes,38
21473,Ouges,industrielle_portuaire,industrie_Bourgogne-Franche-Comté,Bourgogne-Franche-Comté,21
22373,Tréogan,industrielle_portuaire,industrie_Bretagne,Bretagne,22
45147,Fleury-les-Aubrais,industrielle_portuaire,industrie_Centre-Val de Loire,Centre-Val de Loire,45
2B037,Biguglia,industrielle_portuaire,industrie_Corse,Corse,2B
67389,Reichstett,industrielle_portuaire,industrie_Grand Est,Grand Est,67
59566,Sequedin,industrielle_portuaire,industrie_Hauts-de-France,Hauts-de-France,59
76384,Lillebonne,industrielle_portuaire,industrie_Normandie,Normandie,76
64061,Artix,industrielle_portuaire,industrie_Nouvelle-Aquitaine,Nouvelle-Aquitaine,64
34023,Balaruc-les-Bains,industrielle_portuaire,industrie_Occitanie,Occitanie,34
44125,Piriac-sur-Mer,industrielle_portuaire,industrie_Pays de la Loire,Pays de la Loire,44
13117,Vitrolles,industrielle_portuaire,industrie_Provence-Alpes-Côte d'Azur,Provence-Alpes-Côte d'Azur,13
94001,Ablon-sur-Seine,industrielle_portuaire,industrie_Île-de-France,Île-de-France,94
38349,Sablons,industrielle_portuaire,industrie_Auvergne-Rhône-Alpes,Auvergne-Rhône-Alpes,38
39526,Tavaux,industrielle_portuaire,industrie_Bourgogne-Franche-Comté,Bourgogne-Franche-Comté,39
35070,Châteauneuf-d'Ille-et-Vilaine,industrielle_portuaire,industrie_Bretagne,Bretagne,35
45197,Marigny-les-Usages,industrielle_portuaire,industrie_Centre-Val de Loire,Centre-Val de Loire,45
2A349,Viggianello,industrielle_portuaire,industrie_Corse,Corse,2A
68348,Vieux-Thann,industrielle_portuaire,industrie_Grand Est,Grand Est,68
62033,Annay,industrielle_portuaire,industrie_Hauts-de-France,Hauts-de-France,62
76561,Saint-Aubin-lès-Elbeuf,industrielle_portuaire,industrie_Normandie,Normandie,76
64306,Lahourcade,industrielle_portuaire,industrie_Nouvelle-Aquitaine,Nouvelle-Aquitaine,64
34108,Frontignan,industrielle_portuaire,industrie_Occitanie,Occitanie,34
53036,Bouère,industrielle_portuaire,industrie_Pays de la Loire,Pays de la Loire,53
04049,Château-Arnoux-Saint-Auban,industrielle_portuaire,industrie_Provence-Alpes-Côte d'Azur,Provence-Alpes-Côte d'Azur,04
94077,Villeneuve-le-Roi,industrielle_portuaire,industrie_Île-de-France,Île-de-France,94
69264,Villefranche-sur-Saône,industrielle_portuaire,industrie_Auvergne-Rhône-Alpes,Auvergne-Rhône-Alpes,69
58079,Clamecy,industrielle_portuaire,industrie_Bourgogne-Franche-Comté,Bourgogne-Franche-Comté,58
29102,Landeleau,industrielle_portuaire,industrie_Bretagne,Bretagne,29
37152,Mettray,industrielle_portuaire,industrie_Centre-Val de Loire,Centre-Val de Loire,37
2A001,Afa,industrielle_portuaire,industrie_Corse,Corse,2A
51474,Saint-Brice-Courcelles,industrielle_portuaire,industrie_Grand Est,Grand Est,51
80024,Argœuves,industrielle_portuaire,industrie_Hauts-de-France,Hauts-de-France,80
76178,Cléon,industrielle_portuaire,industrie_Normandie,Normandie,76
33004,Ambès,industrielle_portuaire,industrie_Nouvelle-Aquitaine,Nouvelle-Aquitaine,33
30185,Mus,industrielle_portuaire,industrie_Occitanie,Occitanie,30
72155,Laigné-Saint-Gervais,industrielle_portuaire,industrie_Pays de la Loire,Pays de la Loire,72
84129,Sorgues,industrielle_portuaire,industrie_Provence-Alpes-Côte d'Azur,Provence-Alpes-Côte d'Azur,84
94078,Villeneuve-Saint-Georges,industrielle_portuaire,industrie_Île-de-France,Île-de-France,94
38449,Saint-Quentin-Fallavier,industrielle_portuaire,industrie_Auvergne-Rhône-Alpes,Auvergne-Rhône-Alpes,38
70428,Pusey,industrielle_portuaire,industrie_Bourgogne-Franche-Comté,Bourgogne-Franche-Comté,70
56118,Locmiquélic,industrielle_portuaire,industrie_Bretagne,Bretagne,56
45053,Briare,industrielle_portuaire,industrie_Centre-Val de Loire,Centre-Val de Loire,45
2A351,Villanova,industrielle_portuaire,industrie_Corse,Corse,2A
68149,Huningue,industrielle_portuaire,industrie_Grand Est,Grand Est,68
59014,Anzin,industrielle_portuaire,industrie_Hauts-de-France,Hauts-de-France,59
76592,Saint-Jean-de-Folleville,industrielle_portuaire,industrie_Normandie,Normandie,76
33035,Bayon-sur-Gironde,industrielle_portuaire,industrie_Nouvelle-Aquitaine,Nouvelle-Aquitaine,33
32393,Saint-Maur,industrielle_portuaire,industrie_Occitanie,Occitanie,32
72344,Spay,industrielle_portuaire,industrie_Pays de la Loire,Pays de la Loire,72
06033,Carros,industrielle_portuaire,industrie_Provence-Alpes-Côte d'Azur,Provence-Alpes-Côte d'Azur,06
95063,Bezons,industrielle_portuaire,industrie_Île-de-France,Île-de-France,95
69283,Mions,industrielle_portuaire,industrie_Auvergne-Rhône-Alpes,Auvergne-Rhône-Alpes,69
71040,Blanzy,industrielle_portuaire,industrie_Bourgogne-Franche-Comté,Bourgogne-Franche-Comté,71
22155,La Motte,industrielle_portuaire,industrie_Bretagne,Bretagne,22
18157,Morthomiers,industrielle_portuaire,industrie_Centre-Val de Loire,Centre-Val de Loire,18
2B077,Castellare-di-Casinca,industrielle_portuaire,industrie_Corse,Corse,2B
51504,Saint-Martin-sur-le-Pré,industrielle_portuaire,industrie_Grand Est,Grand Est,51
59131,Cappelle-la-Grande,industrielle_portuaire,industrie_Hauts-de-France,Hauts-de-France,59
76717,Val-de-la-Haye,industrielle_portuaire,industrie_Normandie,Normandie,76
16169,Javrezac,industrielle_portuaire,industrie_Nouvelle-Aquitaine,Nouvelle-Aquitaine,16
31457,Roquefort-sur-Garonne,industrielle_portuaire,industrie_Occitanie,Occitanie,31
72167,Louailles,industrielle_portuaire,industrie_Pays de la Loire,Pays de la Loire,72
13070,La Penne-sur-Huveaune,industrielle_portuaire,industrie_Provence-Alpes-Côte d'Azur,Provence-Alpes-Côte d'Azur,13
95154,Chennevières-lès-Louvres,industrielle_portuaire,industrie_Île-de-France,Île-de-France,95
69296,Solaize,industrielle_portuaire,industrie_Auvergne-Rhône-Alpes,Auvergne-Rhône-Alpes,69
89387,Sens,industrielle_portuaire,industrie_Bourgogne-Franche-Comté,Bourgogne-Franche-Comté,89
29263,Saint-Ségal,industrielle_portuaire,industrie_Bretagne,Bretagne,29
18255,Le Subdray,industrielle_portuaire,industrie_Centre-Val de Loire,Centre-Val de Loire,18
2B162,Moltifao,industrielle_portuaire,industrie_Corse,Corse,2B
51617,La Veuve,industrielle_portuaire,industrie_Grand Est,Grand Est,51
59193,Emmerin,industrielle_portuaire,industrie_Hauts-de-France,Hauts-de-France,59
76640,Saint-Pierre-lès-Elbeuf,industrielle_portuaire,industrie_Normandie,Normandie,76
16217,Merpins,industrielle_portuaire,industrie_Nouvelle-Aquitaine,Nouvelle-Aquitaine,16
34336,Villeneuve-lès-Béziers,industrielle_portuaire,industrie_Occitanie,Occitanie,34
72200,Moncé-en-Belin,industrielle_portuaire,industrie_Pays de la Loire,Pays de la Loire,72
04190,Saint-Martin-les-Eaux,industrielle_portuaire,industrie_Provence-Alpes-Côte d'Azur,Provence-Alpes-Côte d'Azur,04
91286,Grigny,industrielle_portuaire,industrie_Île-de-France,Île-de-France,91
01047,Blyes,industrielle_portuaire,industrie_Auvergne-Rhône-Alpes,Auvergne-Rhône-Alpes,01
21496,Pontailler-sur-Saône,industrielle_portuaire,industrie_Bourgogne-Franche-Comté,Bourgogne-Franche-Comté,21
35068,Châteaubourg,industrielle_portuaire,industrie_Bretagne,Bretagne,35
28317,Roinville,industrielle_portuaire,industrie_Centre-Val de Loire,Centre-Val de Loire,28
2B192,Olmo,industrielle_portuaire,industrie_Corse,Corse,2B
54079,Blénod-lès-Pont-à-Mousson,industrielle_portuaire,industrie_Grand Est,Grand Est,54
59329,Lambres-lez-Douai,industrielle_portuaire,industrie_Hauts-de-France,Hauts-de-France,59
76681,Sotteville-lès-Rouen,industrielle_portuaire,industrie_Normandie,Normandie,76
33249,Lormont,industrielle_portuaire,industrie_Nouvelle-Aquitaine,Nouvelle-Aquitaine,33
46038,Bretenoux,industrielle_portuaire,industrie_Occitanie,Occitanie,46
49214,Montreuil-Juigné,industrielle_portuaire,industrie_Pays de la Loire,Pays de la Loire,49
06034,Castagniers,industrielle_portuaire,industrie_Provence-Alpes-Côte d'Azur,Provence-Alpes-Côte d'Azur,06
92035,La Garenne-Colombes,industrielle_portuaire,industrie_Île-de-France,Île-de-France,92
38068,Champagnier,industrielle_portuaire,industrie_Auvergne-Rhône-Alpes,Auvergne-Rhône-Alpes,38
70513,Vaivre-et-Montoille,industrielle_portuaire,industrie_Bourgogne-Franche-Comté,Bourgogne-Franche-Comté,70
35287,Saint-Lunaire,industrielle_portuaire,industrie_Bretagne,Bretagne,35
37206,Saint-Antoine-du-Rocher,industrielle_portuaire,industrie_Centre-Val de Loire,Centre-Val de Loire,37
2B207,Penta-di-Casinca,industrielle_portuaire,industrie_Corse,Corse,2B
57683,Uckange,industrielle_portuaire,industrie_Grand Est,Grand Est,57
60684,Villers-Saint-Paul,industrielle_portuaire,industrie_Hauts-de-France,Hauts-de-France,60
27485,Quillebeuf-sur-Seine,industrielle_portuaire,industrie_Normandie,Normandie,27
64126,Bidos,industrielle_portuaire,industrie_Nouvelle-Aquitaine,Nouvelle-Aquitaine,64
46123,Girac,industrielle_portuaire,industrie_Occitanie,Occitanie,46
53110,Grez-en-Bouère,industrielle_portuaire,industrie_Pays de la Loire,Pays de la Loire,53
06038,Châteauneuf-Grasse,industrielle_portuaire,industrie_Provence-Alpes-Côte d'Azur,Provence-Alpes-Côte d'Azur,06
93079,Villetaneuse,industrielle_portuaire,industrie_Île-de-France,Île-de-France,93
69115,Limas,industrielle_portuaire,industrie_Auvergne-Rhône-Alpes,Auvergne-Rhône-Alpes,69
71445,Saint-Marcel,industrielle_portuaire,industrie_Bourgogne-Franche-Comté,Bourgogne-Franche-Comté,71
35294,Sainte-Marie,industrielle_portuaire,industrie_Bretagne,Bretagne,35
45008,Artenay,industrielle_portuaire,industrie_Centre-Val de Loire,Centre-Val de Loire,45
2B350,Vignale,industrielle_portuaire,industrie_Corse,Corse,2B
67106,Drusenheim,industrielle_portuaire,industrie_Grand Est,Grand Est,67
62311,Estevelles,industrielle_portuaire,industrie_Hauts-de-France,Hauts-de-France,62
27697,Vironvay,industrielle_portuaire,industrie_Normandie,Normandie,27
16058,Boutiers-Saint-Trojan,industrielle_portuaire,industrie_Nouvelle-Aquitaine,Nouvelle-Aquitaine,16
82033,Castelsarrasin,industrielle_portuaire,industrie_Occitanie,Occitanie,82
44101,La Montagne,industrielle_portuaire,industrie_Pays de la Loire,Pays de la Loire,44
13043,Gignac-la-Nerthe,industrielle_portuaire,industrie_Provence-Alpes-Côte d'Azur,Provence-Alpes-Côte d'Azur,13
94054,Orly,industrielle_portuaire,industrie_Île-de-France,Île-de-France,94
69282,Meyzieu,industrielle_portuaire,industrie_Auvergne-Rhône-Alpes,Auvergne-Rhône-Alpes,69
90051,Froidefontaine,industrielle_portuaire,industrie_Bourgogne-Franche-Comté,Bourgogne-Franche-Comté,90
56181,Port-Louis,industrielle_portuaire,industrie_Bretagne,Bretagne,56
45302,Saran,industrielle_portuaire,industrie_Centre-Val de Loire,Centre-Val de Loire,45
2B250,Prunelli-di-Casacconi,industrielle_portuaire,industrie_Corse,Corse,2B
67261,Lauterbourg,industrielle_portuaire,industrie_Grand Est,Grand Est,67
62351,Fouquières-lès-Lens,industrielle_portuaire,industrie_Hauts-de-France,Hauts-de-France,62
27599,Saint-Pierre-la-Garenne,industrielle_portuaire,industrie_Normandie,Normandie,27
16089,Châteaubernard,industrielle_portuaire,industrie_Nouvelle-Aquitaine,Nouvelle-Aquitaine,16
30012,Aramon,industrielle_portuaire,industrie_Occitanie,Occitanie,30
53054,Changé,industrielle_portuaire,industrie_Pays de la Loire,Pays de la Loire,53
13097,Saint-Martin-de-Crau,industrielle_portuaire,industrie_Provence-Alpes-Côte d'Azur,Provence-Alpes-Côte d'Azur,13
95212,Épiais-lès-Louvres,industrielle_portuaire,industrie_Île-de-France,Île-de-France,95
69292,Sathonay-Camp,industrielle_portuaire,industrie_Auvergne-Rhône-Alpes,Auvergne-Rhône-Alpes,69
21481,Perrigny-lès-Dijon,industrielle_portuaire,industrie_Bourgogne-Franche-Comté,Bourgogne-Franche-Comté,21
29241,Rosporden,industrielle_portuaire,industrie_Bretagne,Bretagne,29
18015,Aubigny-sur-Nère,industrielle_portuaire,industrie_Centre-Val de Loire,Centre-Val de Loire,18
2B248,Prato-di-Giovellina,industrielle_portuaire,industrie_Corse,Corse,2B
67506,Vendenheim,industrielle_portuaire,industrie_Grand Est,Grand Est,67
62473,Isbergues,industrielle_portuaire,industrie_Hauts-de-France,Hauts-de-France,62
76165,Caudebec-lès-Elbeuf,industrielle_portuaire,industrie_Normandie,Normandie,76
33262,Macau,industrielle_portuaire,industrie_Nouvelle-Aquitaine,Nouvelle-Aquitaine,33
31091,Bruguières,industrielle_portuaire,industrie_Occitanie,Occitanie,31
53224,Saint-Germain-le-Fouilloux,industrielle_portuaire,industrie_Pays de la Loire,Pays de la Loire,53
83099,Puget-sur-Argens,industrielle_portuaire,industrie_Provence-Alpes-Côte d'Azur,Provence-Alpes-Côte d'Azur,83
91687,Viry-Châtillon,industrielle_portuaire,industrie_Île-de-France,Île-de-France,91
69382,Lyon 2e Arrondissement,industrielle_portuaire,industrie_Auvergne-Rhône-Alpes,Auvergne-Rhône-Alpes,69
21605,Sennecey-lès-Dijon,industrielle_portuaire,industrie_Bourgogne-Franche-Comté,Bourgogne-Franche-Comté,21
35055,Chantepie,industrielle_portuaire,industrie_Bretagne,Bretagne,35
28104,Coltainville,industrielle_portuaire,industrie_Centre-Val de Loire,Centre-Val de Loire,28
2B353,Ville-di-Pietrabugno,industrielle_portuaire,industrie_Corse,Corse,2B
68349,Village-Neuf,industrielle_portuaire,industrie_Grand Est,Grand Est,68
62628,Noyelles-sous-Lens,industrielle_portuaire,industrie_Hauts-de-France,Hauts-de-France,62
14437,Mondeville,industrielle_portuaire,industrie_Normandie,Normandie,14
40075,Castets,industrielle_portuaire,industrie_Nouvelle-Aquitaine,Nouvelle-Aquitaine,40
31205,Gagnac-sur-Garonne,industrielle_portuaire,industrie_Occitanie,Occitanie,31
85237,Saint-Laurent-de-la-Salle,industrielle_portuaire,industrie_Pays de la Loire,Pays de la Loire,85
06126,Saint-Martin-du-Var,industrielle_portuaire,industrie_Provence-Alpes-Côte d'Azur,Provence-Alpes-Côte d'Azur,06
94074,Valenton,industrielle_portuaire,industrie_Île-de-France,Île-de-France,94
07316,Soyons,industrielle_portuaire,industrie_Auvergne-Rhône-Alpes,Auvergne-Rhône-Alpes,07
71204,Fragnes-La Loyère,industrielle_portuaire,industrie_Bourgogne-Franche-Comté,Bourgogne-Franche-Comté,71
35179,Miniac-Morvan,industrielle_portuaire,industrie_Bretagne,Bretagne,35
45146,La Ferté-Saint-Aubin,industrielle_portuaire,industrie_Centre-Val de Loire,Centre-Val de Loire,45
2B286,Sorbo-Ocagnano,industrielle_portuaire,industrie_Corse,Corse,2B
88209,Golbey,industrielle_portuaire,industrie_Grand Est,Grand Est,88
62666,Pont-à-Vendin,industrielle_portuaire,industrie_Hauts-de-France,Hauts-de-France,62
27332,Heudebouville,industrielle_portuaire,industrie_Normandie,Normandie,27
16152,Gimeux,industrielle_portuaire,industrie_Nouvelle-Aquitaine,Nouvelle-Aquitaine,16
82028,Canals,industrielle_portuaire,industrie_Occitanie,Occitanie,82
44116,Paimbœuf,industrielle_portuaire,industrie_Pays de la Loire,Pays de la Loire,44
13019,Cabriès,industrielle_portuaire,industrie_Provence-Alpes-Côte d'Azur,Provence-Alpes-Côte d'Azur,13
77514,Villeparisis,industrielle_portuaire,industrie_Île-de-France,Île-de-France,77
26252,Portes-lès-Valence,industrielle_portuaire,industrie_Auvergne-Rhône-Alpes,Auvergne-Rhône-Alpes,26
71230,Gueugnon,industrielle_portuaire,industrie_Bourgogne-Franche-Comté,Bourgogne-Franche-Comté,71
56063,Gestel,industrielle_portuaire,industrie_Bretagne,Bretagne,56
36202,Saint-Maur,industrielle_portuaire,industrie_Centre-Val de Loire,Centre-Val de Loire,36
2B244,Popolasca,industrielle_portuaire,industrie_Corse,Corse,2B
51054,Bétheniville,industrielle_portuaire,industrie_Grand Est,Grand Est,51
62895,Wingles,industrielle_portuaire,industrie_Hauts-de-France,Hauts-de-France,62
27394,Martot,industrielle_portuaire,industrie_Normandie,Normandie,27
64140,Boucau,industrielle_portuaire,industrie_Nouvelle-Aquitaine,Nouvelle-Aquitaine,64
11233,Mirepeisset,industrielle_portuaire,industrie_Occitanie,Occitanie,11
44144,Riaillé,industrielle_portuaire,industrie_Pays de la Loire,Pays de la Loire,44
84141,Vedène,industrielle_portuaire,industrie_Provence-Alpes-Côte d'Azur,Provence-Alpes-Côte d'Azur,84
78311,Houilles,industrielle_portuaire,industrie_Île-de-France,Île-de-France,78
69207,Saint-Germain-au-Mont-d'Or,industrielle_portuaire,industrie_Auvergne-Rhône-Alpes,Auvergne-Rhône-Alpes,69
71269,Lux,industrielle_portuaire,industrie_Bourgogne-Franche-Comté,Bourgogne-Franche-Comté,71
56107,Larmor-Plage,industrielle_portuaire,industrie_Bretagne,Bretagne,56
37063,Château-Renault,industrielle_portuaire,industrie_Centre-Val de Loire,Centre-Val de Loire,37
2B318,Taglio-Isolaccio,industrielle_portuaire,industrie_Corse,Corse,2B
57607,Sainte-Barbe,industrielle_portuaire,industrie_Grand Est,Grand Est,57
59165,Cuincy,industrielle_portuaire,industrie_Hauts-de-France,Hauts-de-France,59
76296,Gainneville,industrielle_portuaire,industrie_Normandie,Normandie,76
24182,Le Fleix,industrielle_portuaire,industrie_Nouvelle-Aquitaine,Nouvelle-Aquitaine,24
31314,Mancioux,industrielle_portuaire,industrie_Occitanie,Occitanie,31
53263,Thubœuf,industrielle_portuaire,industrie_Pays de la Loire,Pays de la Loire,53
13026,Châteauneuf-les-Martigues,industrielle_portuaire,industrie_Provence-Alpes-Côte d'Azur,Provence-Alpes-Côte d'Azur,13
78501,Porcheville,industrielle_portuaire,industrie_Île-de-France,Île-de-France,78
38087,Chasse-sur-Rhône,industrielle_portuaire,industrie_Auvergne-Rhône-Alpes,Auvergne-Rhône-Alpes,38
89255,Michery,industrielle_portuaire,industrie_Bourgogne-Franche-Comté,Bourgogne-Franche-Comté,89
35240,Le Rheu,industrielle_portuaire,industrie_Bretagne,Bretagne,35
37075,Cigogné,industrielle_portuaire,industrie_Centre-Val de Loire,Centre-Val de Loire,37
2B042,Borgo,industrielle_portuaire,industrie_Corse,Corse,2B
67043,Bischheim,industrielle_portuaire,industrie_Grand Est,Grand Est,67
60106,Breuil-le-Sec,industrielle_portuaire,industrie_Hauts-de-France,Hauts-de-France,60
76319,Grand-Couronne,industrielle_portuaire,industrie_Normandie,Normandie,76
33397,Sainte-Eulalie,industrielle_portuaire,industrie_Nouvelle-Aquitaine,Nouvelle-Aquitaine,33
31481,Sainte-Foy-de-Peyrolières,industrielle_portuaire,industrie_Occitanie,Occitanie,31
85205,Saint-Cyr-des-Gâts,industrielle_portuaire,industrie_Pays de la Loire,Pays de la Loire,85
06117,Saint-Blaise,industrielle_portuaire,industrie_Provence-Alpes-Côte d'Azur,Provence-Alpes-Côte d'Azur,06
95197,Deuil-la-Barre,industrielle_portuaire,industrie_Île-de-France,Île-de-France,95
38184,Grenay,industrielle_portuaire,industrie_Auvergne-Rhône-Alpes,Auvergne-Rhône-Alpes,38
90072,Morvillars,industrielle_portuaire,industrie_Bourgogne-Franche-Comté,Bourgogne-Franche-Comté,90
29235,Le Relecq-Kerhuon,industrielle_portuaire,industrie_Bretagne,Bretagne,29
41128,Marolles,industrielle_portuaire,industrie_Centre-Val de Loire,Centre-Val de Loire,41
2B166,Monte,industrielle_portuaire,industrie_Corse,Corse,2B
67447,Schiltigheim,industrielle_portuaire,industrie_Grand Est,Grand Est,67
62042,Athies,industrielle_portuaire,industrie_Hauts-de-France,Hauts-de-France,62
50468,Saint-Fromond,industrielle_portuaire,industrie_Normandie,Normandie,50
79165,Maisontiers,industrielle_portuaire,industrie_Nouvelle-Aquitaine,Nouvelle-Aquitaine,79
32202,Laujuzan,industrielle_portuaire,industrie_Occitanie,Occitanie,32
53230,Saint-Julien-du-Terroux,industrielle_portuaire,industrie_Pays de la Loire,Pays de la Loire,53
13112,Velaux,industrielle_portuaire,industrie_Provence-Alpes-Côte d'Azur,Provence-Alpes-Côte d'Azur,13
77294,Mitry-Mory,industrielle_portuaire,industrie_Île-de-France,Île-de-France,77
38378,Saint-Clair-du-Rhône,industrielle_portuaire,industrie_Auvergne-Rhône-Alpes,Auvergne-Rhône-Alpes,38
21370,Magny-sur-Tille,industrielle_portuaire,industrie_Bourgogne-Franche-Comté,Bourgogne-Franche-Comté,21
35206,Noyal-Châtillon-sur-Seiche,industrielle_portuaire,industrie_Bretagne,Bretagne,35
41047,La Chaussée-Saint-Victor,industrielle_portuaire,industrie_Centre-Val de Loire,Centre-Val de Loire,41
2A018,Arbellara,industrielle_portuaire,industrie_Corse,Corse,2A
57332,Hombourg-Haut,industrielle_portuaire,industrie_Grand Est,Grand Est,57
62240,Corbehem,industrielle_portuaire,industrie_Hauts-de-France,Hauts-de-France,62
76114,Bolbec,industrielle_portuaire,industrie_Normandie,Normandie,76
79174,Melle,industrielle_portuaire,industrie_Nouvelle-Aquitaine,Nouvelle-Aquitaine,79
11369,Sallèles-d'Aude,industrielle_portuaire,industrie_Occitanie,Occitanie,11
44096,Mésanger,industrielle_portuaire,industrie_Pays de la Loire,Pays de la Loire,44
84063,Lamotte-du-Rhône,industrielle_portuaire,industrie_Provence-Alpes-Côte d'Azur,Provence-Alpes-Côte d'Azur,84
78314,Issou,industrielle_portuaire,industrie_Île-de-France,Île-de-France,78
69277,Genas,industrielle_portuaire,industrie_Auvergne-Rhône-Alpes,Auvergne-Rhône-Alpes,69
39001,Abergement-la-Ronce,industrielle_portuaire,industrie_Bourgogne-Franche-Comté,Bourgogne-Franche-Comté,39
35358,La Ville-ès-Nonais,industrielle_portuaire,industrie_Bretagne,Bretagne,35
45137,Escrennes,industrielle_portuaire,industrie_Centre-Val de Loire,Centre-Val de Loire,45
2A271,Sarrola-Carcopino,industrielle_portuaire,industrie_Corse,Corse,2A
57484,Morsbach,industrielle_portuaire,industrie_Grand Est,Grand Est,57
62413,Harnes,industrielle_portuaire,industrie_Hauts-de-France,Hauts-de-France,62
76216,Déville-lès-Rouen,industrielle_portuaire,industrie_Normandie,Normandie,76
17190,L'Houmeau,industrielle_portuaire,industrie_Nouvelle-Aquitaine,Nouvelle-Aquitaine,17
31420,Pinsaguel,industrielle_portuaire,industrie_Occitanie,Occitanie,31
85285,Le Tablier,industrielle_portuaire,industrie_Pays de la Loire,Pays de la Loire,85
06084,Mouans-Sartoux,industrielle_portuaire,industrie_Provence-Alpes-Côte d'Azur,Provence-Alpes-Côte d'Azur,06
91479,Paray-Vieille-Poste,industrielle_portuaire,industrie_Île-de-France,Île-de-France,91
07143,Limony,industrielle_portuaire,industrie_Auvergne-Rhône-Alpes,Auvergne-Rhône-Alpes,07
71512,Sennecey-le-Grand,industrielle_portuaire,industrie_Bourgogne-Franche-Comté,Bourgogne-Franche-Comté,71
29152,Motreff,industrielle_portuaire,industrie_Bretagne,Bretagne,29
45177,Laas,industrielle_portuaire,industrie_Centre-Val de Loire,Centre-Val de Loire,45
2A249,Propriano,industrielle_portuaire,industrie_Corse,Corse,2A
57521,Œting,industrielle_portuaire,industrie_Grand Est,Grand Est,57
62563,Mazingarbe,industrielle_portuaire,industrie_Hauts-de-France,Hauts-de-France,62
76245,Eslettes,industrielle_portuaire,industrie_Normandie,Normandie,76
17218,Marans,industrielle_portuaire,industrie_Nouvelle-Aquitaine,Nouvelle-Aquitaine,17
31565,Valentine,industrielle_portuaire,industrie_Occitanie,Occitanie,31
44003,Ancenis-Saint-Géréon,industrielle_portuaire,industrie_Pays de la Loire,Pays de la Loire,44
04068,Dauphin,industrielle_portuaire,industrie_Provence-Alpes-Côte d'Azur,Provence-Alpes-Côte d'Azur,04
95394,Méry-sur-Oise,industrielle_portuaire,industrie_Île-de-France,Île-de-France,95
07313,Serrières,industrielle_portuaire,industrie_Auvergne-Rhône-Alpes,Auvergne-Rhône-Alpes,07
89342,Saint-Denis-lès-Sens,industrielle_portuaire,industrie_Bourgogne-Franche-Comté,Bourgogne-Franche-Comté,89
35236,Redon,industrielle_portuaire,industrie_Bretagne,Bretagne,35
18158,Moulins-sur-Yèvre,industrielle_portuaire,industrie_Centre-Val de Loire,Centre-Val de Loire,18
2B145,Loreto-di-Casinca,industrielle_portuaire,industrie_Corse,Corse,2B
57746,Willerwald,industrielle_portuaire,industrie_Grand Est,Grand Est,57
02340,Gauchy,industrielle_portuaire,industrie_Hauts-de-France,Hauts-de-France,02
14327,Hérouville-Saint-Clair,industrielle_portuaire,industrie_Normandie,Normandie,14
33475,Saint-Seurin-de-Bourg,industrielle_portuaire,industrie_Nouvelle-Aquitaine,Nouvelle-Aquitaine,33
65047,Aureilhan,industrielle_portuaire,industrie_Occitanie,Occitanie,65
49344,Thorigné-d'Anjou,industrielle_portuaire,industrie_Pays de la Loire,Pays de la Loire,49
04079,L'Escale,industrielle_portuaire,industrie_Provence-Alpes-Côte d'Azur,Provence-Alpes-Côte d'Azur,04
95580,Saint-Witz,industrielle_portuaire,industrie_Île-de-France,Île-de-France,95
07349,La Voulte-sur-Rhône,industrielle_portuaire,industrie_Auvergne-Rhône-Alpes,Auvergne-Rhône-Alpes,07
89354,Saint-Martin-du-Tertre,industrielle_portuaire,industrie_Bourgogne-Franche-Comté,Bourgogne-Franche-Comté,89
56098,Lanester,industrielle_portuaire,industrie_Bretagne,Bretagne,56
28173,Gasville-Oisème,industrielle_portuaire,industrie_Centre-Val de Loire,Centre-Val de Loire,28
2B245,Porri,industrielle_portuaire,industrie_Corse,Corse,2B
57320,Hertzing,industrielle_portuaire,industrie_Grand Est,Grand Est,57
59007,Anhiers,industrielle_portuaire,industrie_Hauts-de-France,Hauts-de-France,59
27473,Port-Mort,industrielle_portuaire,industrie_Normandie,Normandie,27
47293,Sauveterre-Saint-Denis,industrielle_portuaire,industrie_Nouvelle-Aquitaine,Nouvelle-Aquitaine,47
65069,La Barthe-de-Neste,industrielle_portuaire,industrie_Occitanie,Occitanie,65
53133,Lignières-Orgères,industrielle_portuaire,industrie_Pays de la Loire,Pays de la Loire,53
13071,Les Pennes-Mirabeau,industrielle_portuaire,industrie_Provence-Alpes-Côte d'Azur,Provence-Alpes-Côte d'Azur,13
77016,Bagneaux-sur-Loing,industrielle_portuaire,industrie_Île-de-France,Île-de-France,77
38252,Montchaboud,industrielle_portuaire,industrie_Auvergne-Rhône-Alpes,Auvergne-Rhône-Alpes,38
71475,Saint-Rémy,industrielle_portuaire,industrie_Bourgogne-Franche-Comté,Bourgogne-Franche-Comté,71
35066,Chartres-de-Bretagne,industrielle_portuaire,industrie_Bretagne,Bretagne,35
45038,Bondaroy,industrielle_portuaire,industrie_Centre-Val de Loire,Centre-Val de Loire,45
2B029,Barbaggio,industrielle_portuaire,industrie_Corse,Corse,2B
57666,Terville,industrielle_portuaire,industrie_Grand Est,Grand Est,57
59155,Coudekerque-Branche,industrielle_portuaire,industrie_Hauts-de-France,Hauts-de-France,59
61462,Sarceaux,industrielle_portuaire,industrie_Normandie,Normandie,61
86062,Chasseneuil-du-Poitou,industrielle_portuaire,industrie_Nouvelle-Aquitaine,Nouvelle-Aquitaine,86
30027,Bagard,industrielle_portuaire,industrie_Occitanie,Occitanie,30
72244,Précigné,industrielle_portuaire,industrie_Pays de la Loire,Pays de la Loire,72
06006,Aspremont,industrielle_portuaire,industrie_Provence-Alpes-Côte d'Azur,Provence-Alpes-Côte d'Azur,06
77282,Mauregard,industrielle_portuaire,industrie_Île-de-France,Île-de-France,77
38565,Voreppe,industrielle_portuaire,industrie_Auvergne-Rhône-Alpes,Auvergne-Rhône-Alpes,38
89201,Héry,industrielle_portuaire,industrie_Bourgogne-Franche-Comté,Bourgogne-Franche-Comté,89
35096,Domagné,industrielle_portuaire,industrie_Bretagne,Bretagne,35
28303,Poupry,industrielle_portuaire,industrie_Centre-Val de Loire,Centre-Val de Loire,28
2B319,Talasani,industrielle_portuaire,industrie_Corse,Corse,2B
67194,Herrlisheim,industrielle_portuaire,industrie_Grand Est,Grand Est,67
59334,Lauwin-Planque,industrielle_portuaire,industrie_Hauts-de-France,Hauts-de-France,59
76350,Hautot-sur-Seine,industrielle_portuaire,industrie_Normandie,Normandie,76
16286,Rouillac,industrielle_portuaire,industrie_Nouvelle-Aquitaine,Nouvelle-Aquitaine,16
30123,Gallargues-le-Montueux,industrielle_portuaire,industrie_Occitanie,Occitanie,30
44013,Besné,industrielle_portuaire,industrie_Pays de la Loire,Pays de la Loire,44
83141,Trans-en-Provence,industrielle_portuaire,industrie_Provence-Alpes-Côte d'Azur,Provence-Alpes-Côte d'Azur,83
91521,Ris-Orangis,industrielle_portuaire,industrie_Île-de-France,Île-de-France,91
69013,Arnas,industrielle_portuaire,industrie_Auvergne-Rhône-Alpes,Auvergne-Rhône-Alpes,69
21171,Chevigny-Saint-Sauveur,industrielle_portuaire,industrie_Bourgogne-Franche-Comté,Bourgogne-Franche-Comté,21
35275,Saint-Gilles,industrielle_portuaire,industrie_Bretagne,Bretagne,35
37172,Notre-Dame-d'Oé,industrielle_portuaire,industrie_Centre-Val de Loire,Centre-Val de Loire,37
2A017,Appietto,industrielle_portuaire,industrie_Corse,Corse,2A
68253,Ottmarsheim,industrielle_portuaire,industrie_Grand Est,Grand Est,68
59429,Neuville-sur-Escaut,industrielle_portuaire,industrie_Hauts-de-France,Hauts-de-France,59
76476,Port-Jérôme-sur-Seine,industrielle_portuaire,industrie_Normandie,Normandie,76
16326,Saint-Groux,industrielle_portuaire,industrie_Nouvelle-Aquitaine,Nouvelle-Aquitaine,16
31575,Vieille-Toulouse,industrielle_portuaire,industrie_Occitanie,Occitanie,31
72054,Champagné,industrielle_portuaire,industrie_Pays de la Loire,Pays de la Loire,72
84019,Bollène,industrielle_portuaire,industrie_Provence-Alpes-Côte d'Azur,Provence-Alpes-Côte d'Azur,84
77296,Moissy-Cramayel,industrielle_portuaire,industrie_Île-de-France,Île-de-France,77
69019,Belleville-en-Beaujolais,industrielle_portuaire,industrie_Auvergne-Rhône-Alpes,Auvergne-Rhône-Alpes,69
21263,Fénay,industrielle_portuaire,industrie_Bourgogne-Franche-Comté,Bourgogne-Franche-Comté,21
35327,Servon-sur-Vilaine,industrielle_portuaire,industrie_Bretagne,Bretagne,35
18174,Osmoy,industrielle_portuaire,industrie_Centre-Val de Loire,Centre-Val de Loire,18
2A038,Bilia,industrielle_portuaire,industrie_Corse,Corse,2A
68300,Sausheim,industrielle_portuaire,industrie_Grand Est,Grand Est,68
59557,Saultain,industrielle_portuaire,industrie_Hauts-de-France,Hauts-de-France,59
76484,Oissel-sur-Seine,industrielle_portuaire,industrie_Normandie,Normandie,76
24191,Fraisse,industrielle_portuaire,industrie_Nouvelle-Aquitaine,Nouvelle-Aquitaine,24
46124,Glanes,industrielle_portuaire,industrie_Occitanie,Occitanie,46
72213,Mulsanne,industrielle_portuaire,industrie_Pays de la Loire,Pays de la Loire,72
06064,Gattières,industrielle_portuaire,industrie_Provence-Alpes-Côte d'Azur,Provence-Alpes-Côte d'Azur,06
77470,Tournan-en-Brie,industrielle_portuaire,industrie_Île-de-France,Île-de-France,77
69091,Givors,industrielle_portuaire,industrie_Auvergne-Rhône-Alpes,Auvergne-Rhône-Alpes,69
21398,Maxilly-sur-Saône,industrielle_portuaire,industrie_Bourgogne-Franche-Comté,Bourgogne-Franche-Comté,21
29175,Plonévez-du-Faou,industrielle_portuaire,industrie_Bretagne,Bretagne,29
41247,Soings-en-Sologne,industrielle_portuaire,industrie_Centre-Val de Loire,Centre-Val de Loire,41
2B238,Poggio-di-Venaco,industrielle_portuaire,industrie_Corse,Corse,2B
54110,Cerville,industrielle_portuaire,industrie_Grand Est,Grand Est,54
59569,Sin-le-Noble,industrielle_portuaire,industrie_Hauts-de-France,Hauts-de-France,59
76752,Yerville,industrielle_portuaire,industrie_Normandie,Normandie,76
33003,Ambarès-et-Lagrave,industrielle_portuaire,industrie_Nouvelle-Aquitaine,Nouvelle-Aquitaine,33
81174,Montdragon,industrielle_portuaire,industrie_Occitanie,Occitanie,81
72257,Rouillon,industrielle_portuaire,industrie_Pays de la Loire,Pays de la Loire,72
06112,Le Rouret,industrielle_portuaire,industrie_Provence-Alpes-Côte d'Azur,Provence-Alpes-Côte d'Azur,06
78335,Limay,industrielle_portuaire,industrie_Île-de-France,Île-de-France,78
69143,Neuville-sur-Saône,industrielle_portuaire,industrie_Auvergne-Rhône-Alpes,Auvergne-Rhône-Alpes,69
25418,Nancray,industrielle_portuaire,industrie_Bourgogne-Franche-Comté,Bourgogne-Franche-Comté,25
35353,Vezin-le-Coquet,industrielle_portuaire,industrie_Bretagne,Bretagne,35
37054,Chanceaux-sur-Choisille,industrielle_portuaire,industrie_Centre-Val de Loire,Centre-Val de Loire,37
2B355,Volpajola,industrielle_portuaire,industrie_Corse,Corse,2B
54328,Ludres,industrielle_portuaire,industrie_Grand Est,Grand Est,54
59206,Escaudœuvres,industrielle_portuaire,industrie_Hauts-de-France,Hauts-de-France,59
14090,Boulon,industrielle_portuaire,industrie_Normandie,Normandie,14
47001,Agen,industrielle_portuaire,industrie_Nouvelle-Aquitaine,Nouvelle-Aquitaine,47
81271,Saint-Sulpice-la-Pointe,industrielle_portuaire,industrie_Occitanie,Occitanie,81
85292,Rives-du-Fougerais,industrielle_portuaire,industrie_Pays de la Loire,Pays de la Loire,85
13202,Marseille 2e Arrondissement,industrielle_portuaire,industrie_Provence-Alpes-Côte d'Azur,Provence-Alpes-Côte d'Azur,13
91129,Cerny,industrielle_portuaire,industrie_Île-de-France,Île-de-France,91
69286,Rillieux-la-Pape,industrielle_portuaire,industrie_Auvergne-Rhône-Alpes,Auvergne-Rhône-Alpes,69
25437,Osse,industrielle_portuaire,industrie_Bourgogne-Franche-Comté,Bourgogne-Franche-Comté,25
56078,Guidel,industrielle_portuaire,industrie_Bretagne,Bretagne,56
45100,Combleux,industrielle_portuaire,industrie_Centre-Val de Loire,Centre-Val de Loire,45
2A139,Lecci,industrielle_portuaire,industrie_Corse,Corse,2A
54391,Moutiers,industrielle_portuaire,industrie_Grand Est,Grand Est,54
59452,Ostricourt,industrielle_portuaire,industrie_Hauts-de-France,Hauts-de-France,59
27518,Saint-Aubin-sur-Quillebeuf,industrielle_portuaire,industrie_Normandie,Normandie,27
64153,Burosse-Mendousse,industrielle_portuaire,industrie_Nouvelle-Aquitaine,Nouvelle-Aquitaine,64
82075,Grisolles,industrielle_portuaire,industrie_Occitanie,Occitanie,82
44137,Prinquiau,industrielle_portuaire,industrie_Pays de la Loire,Pays de la Loire,44
83107,Roquebrune-sur-Argens,industrielle_portuaire,industrie_Provence-Alpes-Côte d'Azur,Provence-Alpes-Côte d'Azur,83
91198,D'Huison-Longueville,industrielle_portuaire,industrie_Île-de-France,Île-de-France,91
73121,Frontenex,industrielle_portuaire,industrie_Auvergne-Rhône-Alpes,Auvergne-Rhône-Alpes,73
89127,Courtois-sur-Yonne,industrielle_portuaire,industrie_Bourgogne-Franche-Comté,Bourgogne-Franche-Comté,89
35013,Bains-sur-Oust,industrielle_portuaire,industrie_Bretagne,Bretagne,35
45333,Vennecy,industrielle_portuaire,industrie_Centre-Val de Loire,Centre-Val de Loire,45
2B093,Corbara,industrielle_portuaire,industrie_Corse,Corse,2B
54462,Rosières-aux-Salines,industrielle_portuaire,industrie_Grand Est,Grand Est,54
59543,Saint-Remy-du-Nord,industrielle_portuaire,industrie_Hauts-de-France,Hauts-de-France,59
76705,Tourville-la-Rivière,industrielle_portuaire,industrie_Normandie,Normandie,76
64422,Oloron-Sainte-Marie,industrielle_portuaire,industrie_Nouvelle-Aquitaine,Nouvelle-Aquitaine,64
82079,Labastide-Saint-Pierre,industrielle_portuaire,industrie_Occitanie,Occitanie,82
72018,Avesnes-en-Saosnois,industrielle_portuaire,industrie_Pays de la Loire,Pays de la Loire,72
06025,Le Broc,industrielle_portuaire,industrie_Provence-Alpes-Côte d'Azur,Provence-Alpes-Côte d'Azur,06
91201,Draveil,industrielle_portuaire,industrie_Île-de-France,Île-de-France,91
38340,Les Roches-de-Condrieu,industrielle_portuaire,industrie_Auvergne-Rhône-Alpes,Auvergne-Rhône-Alpes,38
90017,Bourogne,industrielle_portuaire,industrie_Bourgogne-Franche-Comté,Bourgogne-Franche-Comté,90
35124,Grand-Fougeray,industrielle_portuaire,industrie_Bretagne,Bretagne,35
18267,Trouy,industrielle_portuaire,industrie_Centre-Val de Loire,Centre-Val de Loire,18
2B251,Prunelli-di-Fiumorbo,industrielle_portuaire,industrie_Corse,Corse,2B
57028,Argancy,industrielle_portuaire,industrie_Grand Est,Grand Est,57
59589,Thiant,industrielle_portuaire,industrie_Hauts-de-France,Hauts-de-France,59
27180,Courcelles-sur-Seine,industrielle_portuaire,industrie_Normandie,Normandie,27
64486,Saint-Jean-Poudge,industrielle_portuaire,industrie_Nouvelle-Aquitaine,Nouvelle-Aquitaine,64
09185,Mazères,industrielle_portuaire,industrie_Occitanie,Occitanie,09
72233,Peray,industrielle_portuaire,industrie_Pays de la Loire,Pays de la Loire,72
06046,Colomars,industrielle_portuaire,industrie_Provence-Alpes-Côte d'Azur,Provence-Alpes-Côte d'Azur,06
91649,Vert-le-Petit,industrielle_portuaire,industrie_Île-de-France,Île-de-France,91
38484,Serpaize,industrielle_portuaire,industrie_Auvergne-Rhône-Alpes,Auvergne-Rhône-Alpes,38
90021,Charmois,industrielle_portuaire,industrie_Bourgogne-Franche-Comté,Bourgogne-Franche-Comté,90
35196,Mordelles,industrielle_portuaire,industrie_Bretagne,Bretagne,35
37253,Sublaines,industrielle_portuaire,industrie_Centre-Val de Loire,Centre-Val de Loire,37
2A027,Azzana,industrielle_portuaire,industrie_Corse,Corse,2A
57058,Behren-lès-Forbach,industrielle_portuaire,industrie_Grand Est,Grand Est,57
60102,Brenouille,industrielle_portuaire,industrie_Hauts-de-France,Hauts-de-France,60
27456,Pinterville,industrielle_portuaire,industrie_Normandie,Normandie,27
17143,Le Douhet,industrielle_portuaire,industrie_Nouvelle-Aquitaine,Nouvelle-Aquitaine,17
11258,Moussan,industrielle_portuaire,industrie_Occitanie,Occitanie,11
44210,Trignac,industrielle_portuaire,industrie_Pays de la Loire,Pays de la Loire,44
13010,Barbentane,industrielle_portuaire,industrie_Provence-Alpes-Côte d'Azur,Provence-Alpes-Côte d'Azur,13
95500,Pontoise,industrielle_portuaire,industrie_Île-de-France,Île-de-France,95
69202,Sainte-Foy-lès-Lyon,industrielle_portuaire,industrie_Auvergne-Rhône-Alpes,Auvergne-Rhône-Alpes,69
39150,Choisey,industrielle_portuaire,industrie_Bourgogne-Franche-Comté,Bourgogne-Franche-Comté,39
35228,Pleurtuit,industrielle_portuaire,industrie_Bretagne,Bretagne,35
41230,Saint-Sulpice-de-Pommeray,industrielle_portuaire,industrie_Centre-Val de Loire,Centre-Val de Loire,41
2A041,Bonifacio,industrielle_portuaire,industrie_Corse,Corse,2A
57206,Fameck,industrielle_portuaire,industrie_Grand Est,Grand Est,57
60533,Ressons-sur-Matz,industrielle_portuaire,industrie_Hauts-de-France,Hauts-de-France,60
27562,Saint-Marcel,industrielle_portuaire,industrie_Normandie,Normandie,27
33434,Saint-Louis-de-Montferrand,industrielle_portuaire,industrie_Nouvelle-Aquitaine,Nouvelle-Aquitaine,33
30039,Bezouce,industrielle_portuaire,industrie_Occitanie,Occitanie,30
53103,Le Genest-Saint-Isle,industrielle_portuaire,industrie_Pays de la Loire,Pays de la Loire,53
84078,Mondragon,industrielle_portuaire,industrie_Provence-Alpes-Côte d'Azur,Provence-Alpes-Côte d'Azur,84
95582,Sannois,industrielle_portuaire,industrie_Île-de-France,Île-de-France,95
69260,Vernaison,industrielle_portuaire,industrie_Auvergne-Rhône-Alpes,Auvergne-Rhône-Alpes,69
58122,Garchy,industrielle_portuaire,industrie_Bourgogne-Franche-Comté,Bourgogne-Franche-Comté,58
22046,Le Mené,industrielle_portuaire,industrie_Bretagne,Bretagne,22
45195,Mareau-aux-Bois,industrielle_portuaire,industrie_Centre-Val de Loire,Centre-Val de Loire,45
2A062,Carbuccia,industrielle_portuaire,industrie_Corse,Corse,2A
57242,Gandrange,industrielle_portuaire,industrie_Grand Est,Grand Est,57
60539,Rieux,industrielle_portuaire,industrie_Hauts-de-France,Hauts-de-France,60
27681,Vernon,industrielle_portuaire,industrie_Normandie,Normandie,27
40166,Lussagnet,industrielle_portuaire,industrie_Nouvelle-Aquitaine,Nouvelle-Aquitaine,40
30166,Meynes,industrielle_portuaire,industrie_Occitanie,Occitanie,30
72112,Dangeul,industrielle_portuaire,industrie_Pays de la Loire,Pays de la Loire,72
04127,Montfort,industrielle_portuaire,industrie_Provence-Alpes-Côte d'Azur,Provence-Alpes-Côte d'Azur,04
77199,Fublaines,industrielle_portuaire,industrie_Île-de-France,Île-de-France,77
69278,Genay,industrielle_portuaire,industrie_Auvergne-Rhône-Alpes,Auvergne-Rhône-Alpes,69
70136,Charmoille,industrielle_portuaire,industrie_Bourgogne-Franche-Comté,Bourgogne-Franche-Comté,70
22137,Maël-Carhaix,industrielle_portuaire,industrie_Bretagne,Bretagne,22
45235,Ormes,industrielle_portuaire,industrie_Centre-Val de Loire,Centre-Val de Loire,45
2A103,Cuttoli-Corticchiato,industrielle_portuaire,industrie_Corse,Corse,2A
57314,Héming,industrielle_portuaire,industrie_Grand Est,Grand Est,57
60665,Venette,industrielle_portuaire,industrie_Hauts-de-France,Hauts-de-France,60
76402,Malaunay,industrielle_portuaire,industrie_Normandie,Normandie,76
40312,Tarnos,industrielle_portuaire,industrie_Nouvelle-Aquitaine,Nouvelle-Aquitaine,40
30223,Rousson,industrielle_portuaire,industrie_Occitanie,Occitanie,30
72146,Guécélard,industrielle_portuaire,industrie_Pays de la Loire,Pays de la Loire,72
13017,Boulbon,industrielle_portuaire,industrie_Provence-Alpes-Côte d'Azur,Provence-Alpes-Côte d'Azur,13
77251,Lieusaint,industrielle_portuaire,industrie_Île-de-France,Île-de-France,77
69298,Toussieu,industrielle_portuaire,industrie_Auvergne-Rhône-Alpes,Auvergne-Rhône-Alpes,69
70363,Montigny-lès-Vesoul,industrielle_portuaire,industrie_Bourgogne-Franche-Comté,Bourgogne-Franche-Comté,70
22197,Pleudihen-sur-Rance,industrielle_portuaire,industrie_Bretagne,Bretagne,22
37208,Saint-Avertin,industrielle_portuaire,industrie_Centre-Val de Loire,Centre-Val de Loire,37
2A247,Porto-Vecchio,industrielle_portuaire,industrie_Corse,Corse,2A
57433,Maizières-lès-Metz,industrielle_portuaire,industrie_Grand Est,Grand Est,57
62132,Billy-Berclau,industrielle_portuaire,industrie_Hauts-de-France,Hauts-de-France,62
76451,Mont-Saint-Aignan,industrielle_portuaire,industrie_Normandie,Normandie,76
47095,Fauillet,industrielle_portuaire,industrie_Nouvelle-Aquitaine,Nouvelle-Aquitaine,47
31022,Aucamville,industrielle_portuaire,industrie_Occitanie,Occitanie,31
44063,Gétigné,industrielle_portuaire,industrie_Pays de la Loire,Pays de la Loire,44
83004,Les Arcs,industrielle_portuaire,industrie_Provence-Alpes-Côte d'Azur,Provence-Alpes-Côte d'Azur,83
91326,Juvisy-sur-Orge,industrielle_portuaire,industrie_Île-de-France,Île-de-France,91
73067,La Chambre,industrielle_portuaire,industrie_Auvergne-Rhône-Alpes,Auvergne-Rhône-Alpes,73
71081,Champforgeuil,industrielle_portuaire,industrie_Bourgogne-Franche-Comté,Bourgogne-Franche-Comté,71
29045,Dirinon,industrielle_portuaire,industrie_Bretagne,Bretagne,29
45025,Bazoches-les-Gallerandes,industrielle_portuaire,industrie_Centre-Val de Loire,Centre-Val de Loire,45
2A288,Sotta,industrielle_portuaire,industrie_Corse,Corse,2A
57474,Mondelange,industrielle_portuaire,industrie_Grand Est,Grand Est,57
62276,Douvrin,industrielle_portuaire,industrie_Hauts-de-France,Hauts-de-France,62
76452,Montville,industrielle_portuaire,industrie_Normandie,Normandie,76
64005,Abos,industrielle_portuaire,industrie_Nouvelle-Aquitaine,Nouvelle-Aquitaine,64
31057,Belberaud,industrielle_portuaire,industrie_Occitanie,Occitanie,31
44172,Sainte-Luce-sur-Loire,industrielle_portuaire,industrie_Pays de la Loire,Pays de la Loire,44
84043,Entraigues-sur-la-Sorgue,industrielle_portuaire,industrie_Provence-Alpes-Côte d'Azur,Provence-Alpes-Côte d'Azur,84
93013,Le Bourget,industrielle_portuaire,industrie_Île-de-France,Île-de-France,93
38072,Chanas,industrielle_portuaire,industrie_Auvergne-Rhône-Alpes,Auvergne-Rhône-Alpes,38
71585,Virey-le-Grand,industrielle_portuaire,industrie_Bourgogne-Franche-Comté,Bourgogne-Franche-Comté,71
35324,La Selle-en-Luitré,industrielle_portuaire,industrie_Bretagne,Bretagne,35
45253,Pithiviers-le-Vieil,industrielle_portuaire,industrie_Centre-Val de Loire,Centre-Val de Loire,45
2A330,Ucciani,industrielle_portuaire,industrie_Corse,Corse,2A
57628,Sarralbe,industrielle_portuaire,industrie_Grand Est,Grand Est,57
62277,Drocourt,industrielle_portuaire,industrie_Hauts-de-France,Hauts-de-France,62
61275,Merlerault-le-Pin,industrielle_portuaire,industrie_Normandie,Normandie,61
64288,Labastide-Cézéracq,industrielle_portuaire,industrie_Nouvelle-Aquitaine,Nouvelle-Aquitaine,64
31503,Saint-Martory,industrielle_portuaire,industrie_Occitanie,Occitanie,31
49055,Cantenay-Épinard,industrielle_portuaire,industrie_Pays de la Loire,Pays de la Loire,49
06068,Gourdon,industrielle_portuaire,industrie_Provence-Alpes-Côte d'Azur,Provence-Alpes-Côte d'Azur,06
93074,Vaujours,industrielle_portuaire,industrie_Île-de-France,Île-de-France,93
38200,Jarrie,industrielle_portuaire,industrie_Auvergne-Rhône-Alpes,Auvergne-Rhône-Alpes,38
89348,Saint-Julien-du-Sault,industrielle_portuaire,industrie_Bourgogne-Franche-Comté,Bourgogne-Franche-Comté,89
35039,Brécé,industrielle_portuaire,industrie_Bretagne,Bretagne,35
28379,Soulaires,industrielle_portuaire,industrie_Centre-Val de Loire,Centre-Val de Loire,28
2B123,Ghisonaccia,industrielle_portuaire,industrie_Corse,Corse,2B
67300,Molsheim,industrielle_portuaire,industrie_Grand Est,Grand Est,67
62479,Labeuvrière,industrielle_portuaire,industrie_Hauts-de-France,Hauts-de-France,62
76575,Saint-Étienne-du-Rouvray,industrielle_portuaire,industrie_Normandie,Normandie,76
79298,Saint-Symphorien,industrielle_portuaire,industrie_Nouvelle-Aquitaine,Nouvelle-Aquitaine,79
65108,Bours,industrielle_portuaire,industrie_Occitanie,Occitanie,65
53243,Saint-Ouën-des-Toits,industrielle_portuaire,industrie_Pays de la Loire,Pays de la Loire,53
13033,Ensuès-la-Redonne,industrielle_portuaire,industrie_Provence-Alpes-Côte d'Azur,Provence-Alpes-Côte d'Azur,13
95427,Montmagny,industrielle_portuaire,industrie_Île-de-France,Île-de-France,95
38558,Villette-de-Vienne,industrielle_portuaire,industrie_Auvergne-Rhône-Alpes,Auvergne-Rhône-Alpes,38
90069,Méziré,industrielle_portuaire,industrie_Bourgogne-Franche-Comté,Bourgogne-Franche-Comté,90
35080,Cintré,industrielle_portuaire,industrie_Bretagne,Bretagne,35
41237,Sassay,industrielle_portuaire,industrie_Centre-Val de Loire,Centre-Val de Loire,41
2B165,Moncale,industrielle_portuaire,industrie_Corse,Corse,2B
67407,Rohrwiller,industrielle_portuaire,industrie_Grand Est,Grand Est,67
62573,Meurchin,industrielle_portuaire,industrie_Hauts-de-France,Hauts-de-France,62
14167,Colombelles,industrielle_portuaire,industrie_Normandie,Normandie,14
24023,Baneuil,industrielle_portuaire,industrie_Nouvelle-Aquitaine,Nouvelle-Aquitaine,24
81164,Mézens,industrielle_portuaire,industrie_Occitanie,Occitanie,81
72265,Saint-Aignan,industrielle_portuaire,industrie_Pays de la Loire,Pays de la Loire,72
06109,La Roquette-sur-Var,industrielle_portuaire,industrie_Provence-Alpes-Côte d'Azur,Provence-Alpes-Côte d'Azur,06
77214,Gressy,industrielle_portuaire,industrie_Île-de-France,Île-de-France,77
69096,Grigny-sur-Rhône,industrielle_portuaire,industrie_Auvergne-Rhône-Alpes,Auvergne-Rhône-Alpes,69
21556,Saint-Léger-Triey,industrielle_portuaire,industrie_Bourgogne-Franche-Comté,Bourgogne-Franche-Comté,21
35207,Noyal-sur-Vilaine,industrielle_portuaire,industrie_Bretagne,Bretagne,35
28121,Dambron,industrielle_portuaire,industrie_Centre-Val de Loire,Centre-Val de Loire,28
2B210,Pero-Casevecchie,industrielle_portuaire,industrie_Corse,Corse,2B
67471,Souffelweyersheim,industrielle_portuaire,industrie_Grand Est,Grand Est,67
62753,Saint-Laurent-Blangy,industrielle_portuaire,industrie_Hauts-de-France,Hauts-de-France,62
14301,Giberville,industrielle_portuaire,industrie_Normandie,Normandie,14
33200,Le Haillan,industrielle_portuaire,industrie_Nouvelle-Aquitaine,Nouvelle-Aquitaine,33
82027,Campsas,industrielle_portuaire,industrie_Occitanie,Occitanie,82
44002,Aigrefeuille-sur-Maine,industrielle_portuaire,industrie_Pays de la Loire,Pays de la Loire,44
04188,Saint-Maime,industrielle_portuaire,industrie_Provence-Alpes-Côte d'Azur,Provence-Alpes-Côte d'Azur,04
78062,Beynes,industrielle_portuaire,industrie_Île-de-France,Île-de-France,78
73253,Saint-Marcel,industrielle_portuaire,industrie_Auvergne-Rhône-Alpes,Auvergne-Rhône-Alpes,73
25575,Vaire,industrielle_portuaire,industrie_Bourgogne-Franche-Comté,Bourgogne-Franche-Comté,25
35328,Sixt-sur-Aff,industrielle_portuaire,industrie_Bretagne,Bretagne,35
28201,Jouy,industrielle_portuaire,industrie_Centre-Val de Loire,Centre-Val de Loire,28
2B252,Pruno,industrielle_portuaire,industrie_Corse,Corse,2B
68004,Altkirch,industrielle_portuaire,industrie_Grand Est,Grand Est,68
59079,Beuvrages,industrielle_portuaire,industrie_Hauts-de-France,Hauts-de-France,59
27249,Fontaine-Bellenger,industrielle_portuaire,industrie_Normandie,Normandie,27
47050,Cassignas,industrielle_portuaire,industrie_Nouvelle-Aquitaine,Nouvelle-Aquitaine,47
30145,Lédenon,industrielle_portuaire,industrie_Occitanie,Occitanie,30
44046,Corsept,industrielle_portuaire,industrie_Pays de la Loire,Pays de la Loire,44
06089,Opio,industrielle_portuaire,industrie_Provence-Alpes-Côte d'Azur,Provence-Alpes-Côte d'Azur,06
78146,Chatou,industrielle_portuaire,industrie_Île-de-France,Île-de-France,78
73283,Saint-Vital,industrielle_portuaire,industrie_Auvergne-Rhône-Alpes,Auvergne-Rhône-Alpes,73
70278,Grattery,industrielle_portuaire,industrie_Bourgogne-Franche-Comté,Bourgogne-Franche-Comté,70
56146,Neulliac,industrielle_portuaire,industrie_Bretagne,Bretagne,56
41049,Chémery,industrielle_portuaire,industrie_Centre-Val de Loire,Centre-Val de Loire,41
2B274,Scolca,industrielle_portuaire,industrie_Corse,Corse,2B
68180,Leimbach,industrielle_portuaire,industrie_Grand Est,Grand Est,68
59112,Bruay-sur-l'Escaut,industrielle_portuaire,industrie_Hauts-de-France,Hauts-de-France,59
76627,Saint-Nicolas-de-la-Taille,industrielle_portuaire,industrie_Normandie,Normandie,76
64301,Lagor,industrielle_portuaire,industrie_Nouvelle-Aquitaine,Nouvelle-Aquitaine,64
31101,Cambernard,industrielle_portuaire,industrie_Occitanie,Occitanie,31
49064,Chambellay,industrielle_portuaire,industrie_Pays de la Loire,Pays de la Loire,49
13087,Rousset,industrielle_portuaire,industrie_Provence-Alpes-Côte d'Azur,Provence-Alpes-Côte d'Azur,13
78168,Coignières,industrielle_portuaire,industrie_Île-de-France,Île-de-France,78
01030,Beauregard,industrielle_portuaire,industrie_Auvergne-Rhône-Alpes,Auvergne-Rhône-Alpes,01
71052,Boyer,industrielle_portuaire,industrie_Bourgogne-Franche-Comté,Bourgogne-Franche-Comté,71
22206,Châtelaudren-Plouagat,industrielle_portuaire,industrie_Bretagne,Bretagne,22
37027,Bléré,industrielle_portuaire,industrie_Centre-Val de Loire,Centre-Val de Loire,37
2B307,Santa-Lucia-di-Moriani,industrielle_portuaire,industrie_Corse,Corse,2B
10067,Buchères,industrielle_portuaire,industrie_Grand Est,Grand Est,10
59179,Douchy-les-Mines,industrielle_portuaire,industrie_Hauts-de-France,Hauts-de-France,59
76737,Vibeuf,industrielle_portuaire,industrie_Normandie,Normandie,76
16206,Mansle-les-Fontaines,industrielle_portuaire,industrie_Nouvelle-Aquitaine,Nouvelle-Aquitaine,16
31182,Fenouillet,industrielle_portuaire,industrie_Occitanie,Occitanie,31
53108,La Gravelle,industrielle_portuaire,industrie_Pays de la Loire,Pays de la Loire,53
83108,La Roquebrussanne,industrielle_portuaire,industrie_Provence-Alpes-Côte d'Azur,Provence-Alpes-Côte d'Azur,83
91657,Vigneux-sur-Seine,industrielle_portuaire,industrie_Île-de-France,Île-de-France,91
01238,Massieux,industrielle_portuaire,industrie_Auvergne-Rhône-Alpes,Auvergne-Rhône-Alpes,01
89018,Armeau,industrielle_portuaire,industrie_Bourgogne-Franche-Comté,Bourgogne-Franche-Comté,89
22255,La Prénessaye,industrielle_portuaire,industrie_Bretagne,Bretagne,22
45132,Égry,industrielle_portuaire,industrie_Centre-Val de Loire,Centre-Val de Loire,45
2B313,San-Nicolao,industrielle_portuaire,industrie_Corse,Corse,2B
10406,Verrières,industrielle_portuaire,industrie_Grand Est,Grand Est,10
59215,Estreux,industrielle_portuaire,industrie_Hauts-de-France,Hauts-de-France,59
14181,Cormelles-le-Royal,industrielle_portuaire,industrie_Normandie,Normandie,14
17003,Aigrefeuille-d'Aunis,industrielle_portuaire,industrie_Nouvelle-Aquitaine,Nouvelle-Aquitaine,17
31467,Saint-Alban,industrielle_portuaire,industrie_Occitanie,Occitanie,31
72013,Aubigné-Racan,industrielle_portuaire,industrie_Pays de la Loire,Pays de la Loire,72
84028,Cairanne,industrielle_portuaire,industrie_Provence-Alpes-Côte d'Azur,Provence-Alpes-Côte d'Azur,84
95488,Pierrelaye,industrielle_portuaire,industrie_Île-de-France,Île-de-France,95
03185,Montluçon,industrielle_portuaire,industrie_Auvergne-Rhône-Alpes,Auvergne-Rhône-Alpes,03
89338,Saint-Clément,industrielle_portuaire,industrie_Bourgogne-Franche-Comté,Bourgogne-Franche-Comté,89
29222,Port-Launay,industrielle_portuaire,industrie_Bretagne,Bretagne,29
45154,Gidy,industrielle_portuaire,industrie_Centre-Val de Loire,Centre-Val de Loire,45
2A118,Fozzano,industrielle_portuaire,industrie_Corse,Corse,2A
51453,Recy,industrielle_portuaire,industrie_Grand Est,Grand Est,51
59273,Gravelines,industrielle_portuaire,industrie_Hauts-de-France,Hauts-de-France,59
14538,Castine-en-Plaine,industrielle_portuaire,industrie_Normandie,Normandie,14
40151,Lesgor,industrielle_portuaire,industrie_Nouvelle-Aquitaine,Nouvelle-Aquitaine,40
32323,Ponsampère,industrielle_portuaire,industrie_Occitanie,Occitanie,32
72061,La Chapelle-d'Aligné,industrielle_portuaire,industrie_Pays de la Loire,Pays de la Loire,72
06007,Auribeau-sur-Siagne,industrielle_portuaire,industrie_Provence-Alpes-Côte d'Azur,Provence-Alpes-Côte d'Azur,06
77082,Champeaux,industrielle_portuaire,industrie_Île-de-France,Île-de-France,77
38039,Bernin,industrielle_portuaire,industrie_Auvergne-Rhône-Alpes,Auvergne-Rhône-Alpes,38
21337,Lamarche-sur-Saône,industrielle_portuaire,industrie_Bourgogne-Franche-Comté,Bourgogne-Franche-Comté,21
35137,Javené,industrielle_portuaire,industrie_Bretagne,Bretagne,35
45288,Saint-Loup-des-Vignes,industrielle_portuaire,industrie_Centre-Val de Loire,Centre-Val de Loire,45
2A128,Granace,industrielle_portuaire,industrie_Corse,Corse,2A
54470,Saint-Baussant,industrielle_portuaire,industrie_Grand Est,Grand Est,54
59343,Lesquin,industrielle_portuaire,industrie_Hauts-de-France,Hauts-de-France,59
27275,Gaillon,industrielle_portuaire,industrie_Normandie,Normandie,27
40217,Parentis-en-Born,industrielle_portuaire,industrie_Nouvelle-Aquitaine,Nouvelle-Aquitaine,40
82017,Bessens,industrielle_portuaire,industrie_Occitanie,Occitanie,82
85050,Le Champ-Saint-Père,industrielle_portuaire,industrie_Pays de la Loire,Pays de la Loire,85
13106,Septèmes-les-Vallons,industrielle_portuaire,industrie_Provence-Alpes-Côte d'Azur,Provence-Alpes-Côte d'Azur,13
77462,Thieux,industrielle_portuaire,industrie_Île-de-France,Île-de-France,77
38048,Bonnefamille,industrielle_portuaire,industrie_Auvergne-Rhône-Alpes,Auvergne-Rhône-Alpes,38
25228,Étupes,industrielle_portuaire,industrie_Bourgogne-Franche-Comté,Bourgogne-Franche-Comté,25
35250,Saint-Armel,industrielle_portuaire,industrie_Bretagne,Bretagne,35
37204,Rouziers-de-Touraine,industrielle_portuaire,industrie_Centre-Val de Loire,Centre-Val de Loire,37
2B002,Aghione,industrielle_portuaire,industrie_Corse,Corse,2B
57413,Longeville-lès-Saint-Avold,industrielle_portuaire,industrie_Grand Est,Grand Est,57
59346,Lezennes,industrielle_portuaire,industrie_Hauts-de-France,Hauts-de-France,59
50004,Airel,industrielle_portuaire,industrie_Normandie,Normandie,50
40326,Vielle-Saint-Girons,industrielle_portuaire,industrie_Nouvelle-Aquitaine,Nouvelle-Aquitaine,40
82048,Dieupentale,industrielle_portuaire,industrie_Occitanie,Occitanie,82
49020,Beaucouzé,industrielle_portuaire,industrie_Pays de la Loire,Pays de la Loire,49
83085,La Motte,industrielle_portuaire,industrie_Provence-Alpes-Côte d'Azur,Provence-Alpes-Côte d'Azur,83
78291,Guerville,industrielle_portuaire,industrie_Île-de-France,Île-de-France,78
38053,Bourgoin-Jallieu,industrielle_portuaire,industrie_Auvergne-Rhône-Alpes,Auvergne-Rhône-Alpes,38
58011,Armes,industrielle_portuaire,industrie_Bourgogne-Franche-Comté,Bourgogne-Franche-Comté,58
35264,Saint-Didier,industrielle_portuaire,industrie_Bretagne,Bretagne,35
45198,Marsainvilliers,industrielle_portuaire,industrie_Centre-Val de Loire,Centre-Val de Loire,45
2B043,Brando,industrielle_portuaire,industrie_Corse,Corse,2B
57500,Neufmoulins,industrielle_portuaire,industrie_Grand Est,Grand Est,57
59523,Sainghin-en-Mélantois,industrielle_portuaire,industrie_Hauts-de-France,Hauts-de-France,59
76164,Rives-en-Seine,industrielle_portuaire,industrie_Normandie,Normandie,76
86016,Avanton,industrielle_portuaire,industrie_Nouvelle-Aquitaine,Nouvelle-Aquitaine,86
11079,Caudebronde,industrielle_portuaire,industrie_Occitanie,Occitanie,11
49323,Verrières-en-Anjou,industrielle_portuaire,industrie_Pays de la Loire,Pays de la Loire,49
13044,Grans,industrielle_portuaire,industrie_Provence-Alpes-Côte d'Azur,Provence-Alpes-Côte d'Azur,13
91109,Brières-les-Scellés,industrielle_portuaire,industrie_Île-de-France,Île-de-France,91
38140,Crolles,industrielle_portuaire,industrie_Auvergne-Rhône-Alpes,Auvergne-Rhône-Alpes,38
21390,Marsannay-la-Côte,industrielle_portuaire,industrie_Bourgogne-Franche-Comté,Bourgogne-Franche-Comté,21
35266,Saint-Erblon,industrielle_portuaire,industrie_Bretagne,Bretagne,35
45286,Saint-Jean-le-Blanc,industrielle_portuaire,industrie_Centre-Val de Loire,Centre-Val de Loire,45
2B112,Feliceto,industrielle_portuaire,industrie_Corse,Corse,2B
57508,Nilvange,industrielle_portuaire,industrie_Grand Est,Grand Est,57
60103,Bresles,industrielle_portuaire,industrie_Hauts-de-France,Hauts-de-France,60
76499,Petiville,industrielle_portuaire,industrie_Normandie,Normandie,76
17297,Rivedoux-Plage,industrielle_portuaire,industrie_Nouvelle-Aquitaine,Nouvelle-Aquitaine,17
30083,Codognan,industrielle_portuaire,industrie_Occitanie,Occitanie,30
72202,Monhoudou,industrielle_portuaire,industrie_Pays de la Loire,Pays de la Loire,72
83062,La Garde,industrielle_portuaire,industrie_Provence-Alpes-Côte d'Azur,Provence-Alpes-Côte d'Azur,83
93030,Dugny,industrielle_portuaire,industrie_Île-de-France,Île-de-France,93
42005,Andrézieux-Bouthéon,industrielle_portuaire,industrie_Auvergne-Rhône-Alpes,Auvergne-Rhône-Alpes,42
39252,Gevry,industrielle_portuaire,industrie_Bourgogne-Franche-Comté,Bourgogne-Franche-Comté,39
35279,Saint-Guinoux,industrielle_portuaire,industrie_Bretagne,Bretagne,35
28013,Aunay-sous-Auneau,industrielle_portuaire,industrie_Centre-Val de Loire,Centre-Val de Loire,28
2B231,Pigna,industrielle_portuaire,industrie_Corse,Corse,2B
57663,Talange,industrielle_portuaire,industrie_Grand Est,Grand Est,57
02187,Chierry,industrielle_portuaire,industrie_Hauts-de-France,Hauts-de-France,02
76657,Saint-Vigor-d'Ymonville,industrielle_portuaire,industrie_Normandie,Normandie,76
64252,Gurmençon,industrielle_portuaire,industrie_Nouvelle-Aquitaine,Nouvelle-Aquitaine,64
30129,Générargues,industrielle_portuaire,industrie_Occitanie,Occitanie,30
85108,L'Herbergement,industrielle_portuaire,industrie_Pays de la Loire,Pays de la Loire,85
84064,Lapalud,industrielle_portuaire,industrie_Provence-Alpes-Côte d'Azur,Provence-Alpes-Côte d'Azur,84
95541,Saint-Clair-sur-Epte,industrielle_portuaire,industrie_Île-de-France,Île-de-France,95
69043,Chaponost,industrielle_portuaire,industrie_Auvergne-Rhône-Alpes,Auvergne-Rhône-Alpes,69
89189,Gisy-les-Nobles,industrielle_portuaire,industrie_Bourgogne-Franche-Comté,Bourgogne-Franche-Comté,89
56193,Riantec,industrielle_portuaire,industrie_Bretagne,Bretagne,56
45119,Dadonville,industrielle_portuaire,industrie_Centre-Val de Loire,Centre-Val de Loire,45
2B239,Poggio-d'Oletta,industrielle_portuaire,industrie_Corse,Corse,2B
68271,Riedisheim,industrielle_portuaire,industrie_Grand Est,Grand Est,68
59228,Férin,industrielle_portuaire,industrie_Hauts-de-France,Hauts-de-France,59
76682,Sotteville-sous-le-Val,industrielle_portuaire,industrie_Normandie,Normandie,76
87178,Saint-Priest-Taurion,industrielle_portuaire,industrie_Nouvelle-Aquitaine,Nouvelle-Aquitaine,87
31069,Blagnac,industrielle_portuaire,industrie_Occitanie,Occitanie,31
44026,Carquefou,industrielle_portuaire,industrie_Pays de la Loire,Pays de la Loire,44
04241,Villemus,industrielle_portuaire,industrie_Provence-Alpes-Côte d'Azur,Provence-Alpes-Côte d'Azur,04
95604,Survilliers,industrielle_portuaire,industrie_Île-de-France,Île-de-France,95
69088,Fontaines-sur-Saône,industrielle_portuaire,industrie_Auvergne-Rhône-Alpes,Auvergne-Rhône-Alpes,69
89200,Hauterive,industrielle_portuaire,industrie_Bourgogne-Franche-Comté,Bourgogne-Franche-Comté,89
22279,Saint-Caradec,industrielle_portuaire,industrie_Bretagne,Bretagne,22
45176,Juranville,industrielle_portuaire,industrie_Centre-Val de Loire,Centre-Val de Loire,45
2B257,Rapale,industrielle_portuaire,industrie_Corse,Corse,2B
08078,Bourg-Fidèle,industrielle_portuaire,industrie_Grand Est,Grand Est,08
59239,Flines-lez-Raches,industrielle_portuaire,industrie_Hauts-de-France,Hauts-de-France,59
27529,Saint-Cyr-la-Campagne,industrielle_portuaire,industrie_Normandie,Normandie,27
16069,Cellettes,industrielle_portuaire,industrie_Nouvelle-Aquitaine,Nouvelle-Aquitaine,16
31254,Labège,industrielle_portuaire,industrie_Occitanie,Occitanie,31
44043,Clisson,industrielle_portuaire,industrie_Pays de la Loire,Pays de la Loire,44
13216,Marseille 16e Arrondissement,industrielle_portuaire,industrie_Provence-Alpes-Côte d'Azur,Provence-Alpes-Côte d'Azur,13
95675,Villeron,industrielle_portuaire,industrie_Île-de-France,Île-de-France,95
69291,Saint-Symphorien-d'Ozon,industrielle_portuaire,industrie_Auvergne-Rhône-Alpes,Auvergne-Rhône-Alpes,69
89287,Paron,industrielle_portuaire,industrie_Bourgogne-Franche-Comté,Bourgogne-Franche-Comté,89
35099,Domloup,industrielle_portuaire,industrie_Bretagne,Bretagne,35
45209,Montbarrois,industrielle_portuaire,industrie_Centre-Val de Loire,Centre-Val de Loire,45
2B260,Riventosa,industrielle_portuaire,industrie_Corse,Corse,2B
54197,Fléville-devant-Nancy,industrielle_portuaire,industrie_Grand Est,Grand Est,54
59278,Hallennes-lez-Haubourdin,industrielle_portuaire,industrie_Hauts-de-France,Hauts-de-France,59
14277,Fontenay-le-Marmion,industrielle_portuaire,industrie_Normandie,Normandie,14
17136,Croix-Chapeau,industrielle_portuaire,industrie_Nouvelle-Aquitaine,Nouvelle-Aquitaine,17
31483,Saint-Gaudens,industrielle_portuaire,industrie_Occitanie,Occitanie,31
53201,Saint-Berthevin,industrielle_portuaire,industrie_Pays de la Loire,Pays de la Loire,53
83054,La Farlède,industrielle_portuaire,industrie_Provence-Alpes-Côte d'Azur,Provence-Alpes-Côte d'Azur,83
77330,Nanteuil-lès-Meaux,industrielle_portuaire,industrie_Île-de-France,Île-de-France,77
73084,Chignin,industrielle_portuaire,industrie_Auvergne-Rhône-Alpes,Auvergne-Rhône-Alpes,73
89452,Villecien,industrielle_portuaire,industrie_Bourgogne-Franche-Comté,Bourgogne-Franche-Comté,89
35204,Nouvoitou,industrielle_portuaire,industrie_Bretagne,Bretagne,35
28208,Levainville,industrielle_portuaire,industrie_Centre-Val de Loire,Centre-Val de Loire,28
2A031,Bastelica,industrielle_portuaire,industrie_Corse,Corse,2A
54459,Richardménil,industrielle_portuaire,industrie_Grand Est,Grand Est,54
59348,Lieu-Saint-Amand,industrielle_portuaire,industrie_Hauts-de-France,Hauts-de-France,59
27477,Pressagny-l'Orgueilleux,industrielle_portuaire,industrie_Normandie,Normandie,27
24140,Cours-de-Pile,industrielle_portuaire,industrie_Nouvelle-Aquitaine,Nouvelle-Aquitaine,24
31490,Saint-Jory,industrielle_portuaire,industrie_Occitanie,Occitanie,31
72049,La Bruère-sur-Loir,industrielle_portuaire,industrie_Pays de la Loire,Pays de la Loire,72
83037,La Celle,industrielle_portuaire,industrie_Provence-Alpes-Côte d'Azur,Provence-Alpes-Côte d'Azur,83
78267,Gargenville,industrielle_portuaire,industrie_Île-de-France,Île-de-France,78
74090,Cornier,industrielle_portuaire,industrie_Auvergne-Rhône-Alpes,Auvergne-Rhône-Alpes,74
89468,Villevallier,industrielle_portuaire,industrie_Bourgogne-Franche-Comté,Bourgogne-Franche-Comté,89
56223,Saint-Jean-la-Poterie,industrielle_portuaire,industrie_Bretagne,Bretagne,56
28358,Saint-Prest,industrielle_portuaire,industrie_Centre-Val de Loire,Centre-Val de Loire,28
2A070,Casaglione,industrielle_portuaire,industrie_Corse,Corse,2A
55054,Bislée,industrielle_portuaire,industrie_Grand Est,Grand Est,55
59509,Roost-Warendin,industrielle_portuaire,industrie_Hauts-de-France,Hauts-de-France,59
61482,Tessé-Froulay,industrielle_portuaire,industrie_Normandie,Normandie,61
24277,Monfaucon,industrielle_portuaire,industrie_Nouvelle-Aquitaine,Nouvelle-Aquitaine,24
31516,Saint-Sauveur,industrielle_portuaire,industrie_Occitanie,Occitanie,31
72378,Vion,industrielle_portuaire,industrie_Pays de la Loire,Pays de la Loire,72
06031,Cantaron,industrielle_portuaire,industrie_Provence-Alpes-Côte d'Azur,Provence-Alpes-Côte d'Azur,06
78558,Saint-Illiers-la-Ville,industrielle_portuaire,industrie_Île-de-France,Île-de-France,78
38071,Champ-sur-Drac,industrielle_portuaire,industrie_Auvergne-Rhône-Alpes,Auvergne-Rhône-Alpes,38
90083,Recouvrance,industrielle_portuaire,industrie_Bourgogne-Franche-Comté,Bourgogne-Franche-Comté,90
22163,Paule,industrielle_portuaire,industrie_Bretagne,Bretagne,22
37010,Auzouer-en-Touraine,industrielle_portuaire,industrie_Centre-Val de Loire,Centre-Val de Loire,37
2A259,Rezza,industrielle_portuaire,industrie_Corse,Corse,2A
57139,Chérisey,industrielle_portuaire,industrie_Grand Est,Grand Est,57
60056,Beaurepaire,industrielle_portuaire,industrie_Hauts-de-France,Hauts-de-France,60
76231,Elbeuf,industrielle_portuaire,industrie_Normandie,Normandie,76
24566,Varennes,industrielle_portuaire,industrie_Nouvelle-Aquitaine,Nouvelle-Aquitaine,24
34024,Balaruc-le-Vieux,industrielle_portuaire,industrie_Occitanie,Occitanie,34
49217,Montreuil-sur-Maine,industrielle_portuaire,industrie_Pays de la Loire,Pays de la Loire,49
84132,Le Thor,industrielle_portuaire,industrie_Provence-Alpes-Côte d'Azur,Provence-Alpes-Côte d'Azur,84
91191,Crosne,industrielle_portuaire,industrie_Île-de-France,Île-de-France,91
38425,Saint-Maurice-l'Exil,industrielle_portuaire,industrie_Auvergne-Rhône-Alpes,Auvergne-Rhône-Alpes,38
25555,Taillecourt,industrielle_portuaire,industrie_Bourgogne-Franche-Comté,Bourgogne-Franche-Comté,25
35090,Crevin,industrielle_portuaire,industrie_Bretagne,Bretagne,35
37124,Larçay,industrielle_portuaire,industrie_Centre-Val de Loire,Centre-Val de Loire,37
2A266,Salice,industrielle_portuaire,industrie_Corse,Corse,2A
57177,Dieuze,industrielle_portuaire,industrie_Grand Est,Grand Est,57
60492,Pimprez,industrielle_portuaire,industrie_Hauts-de-France,Hauts-de-France,60
76281,La Frénaye,industrielle_portuaire,industrie_Normandie,Normandie,76
40243,Rion-des-Landes,industrielle_portuaire,industrie_Nouvelle-Aquitaine,Nouvelle-Aquitaine,40
81195,Navès,industrielle_portuaire,industrie_Occitanie,Occitanie,81
85196,Saint-André-Goule-d'Oie,industrielle_portuaire,industrie_Pays de la Loire,Pays de la Loire,85
04108,Malijai,industrielle_portuaire,industrie_Provence-Alpes-Côte d'Azur,Provence-Alpes-Côte d'Azur,04
91293,Guigneville-sur-Essonne,industrielle_portuaire,industrie_Île-de-France,Île-de-France,91
42206,Saint-Bonnet-les-Oules,industrielle_portuaire,industrie_Auvergne-Rhône-Alpes,Auvergne-Rhône-Alpes,42
39233,Foucherans,industrielle_portuaire,industrie_Bourgogne-Franche-Comté,Bourgogne-Franche-Comté,39
22031,Carnoët,industrielle_portuaire,industrie_Bretagne,Bretagne,22
37151,La Membrolle-sur-Choisille,industrielle_portuaire,industrie_Centre-Val de Loire,Centre-Val de Loire,37
2A300,San-Gavino-di-Carbini,industrielle_portuaire,industrie_Corse,Corse,2A
57222,Folkling,industrielle_portuaire,industrie_Grand Est,Grand Est,57
60537,Ribécourt-Dreslincourt,industrielle_portuaire,industrie_Hauts-de-France,Hauts-de-France,60
14554,Le Castelet,industrielle_portuaire,industrie_Normandie,Normandie,14
64552,Vialer,industrielle_portuaire,industrie_Nouvelle-Aquitaine,Nouvelle-Aquitaine,64
11012,Argeliers,industrielle_portuaire,industrie_Occitanie,Occitanie,11
49241,Le Plessis-Grammoire,industrielle_portuaire,industrie_Pays de la Loire,Pays de la Loire,49
06019,Blausasc,industrielle_portuaire,industrie_Provence-Alpes-Côte d'Azur,Provence-Alpes-Côte d'Azur,06
77139,Courtry,industrielle_portuaire,industrie_Île-de-France,Île-de-France,77
63338,Saint-Éloy-les-Mines,industrielle_portuaire,industrie_Auvergne-Rhône-Alpes,Auvergne-Rhône-Alpes,63
58073,Chevroches,industrielle_portuaire,industrie_Bourgogne-Franche-Comté,Bourgogne-Franche-Comté,58
22077,Hénansal,industrielle_portuaire,industrie_Bretagne,Bretagne,22
37245,Semblançay,industrielle_portuaire,industrie_Centre-Val de Loire,Centre-Val de Loire,37
2A323,Tavaco,industrielle_portuaire,industrie_Corse,Corse,2A
57227,Forbach,industrielle_portuaire,industrie_Grand Est,Grand Est,57
62523,Loison-sous-Lens,industrielle_portuaire,industrie_Hauts-de-France,Hauts-de-France,62
27052,Le Bec-Hellouin,industrielle_portuaire,industrie_Normandie,Normandie,27
19012,Astaillac,industrielle_portuaire,industrie_Nouvelle-Aquitaine,Nouvelle-Aquitaine,19
12043,Calmont,industrielle_portuaire,industrie_Occitanie,Occitanie,12
49267,Saint-Barthélemy-d'Anjou,industrielle_portuaire,industrie_Pays de la Loire,Pays de la Loire,49
13104,Sausset-les-Pins,industrielle_portuaire,industrie_Provence-Alpes-Côte d'Azur,Provence-Alpes-Côte d'Azur,13
77204,Germigny-sous-Coulombs,industrielle_portuaire,industrie_Île-de-France,Île-de-France,77
69003,Albigny-sur-Saône,industrielle_portuaire,industrie_Auvergne-Rhône-Alpes,Auvergne-Rhône-Alpes,69
70483,Scye,industrielle_portuaire,industrie_Bourgogne-Franche-Comté,Bourgogne-Franche-Comté,70
29128,Loc-Eguiner,industrielle_portuaire,industrie_Bretagne,Bretagne,29
41203,Saint-Bohaire,industrielle_portuaire,industrie_Centre-Val de Loire,Centre-Val de Loire,41
2B009,Aléria,industrielle_portuaire,industrie_Corse,Corse,2B
57481,Montois-la-Montagne,industrielle_portuaire,industrie_Grand Est,Grand Est,57
62724,Rouvroy,industrielle_portuaire,industrie_Hauts-de-France,Hauts-de-France,62
27188,Criquebeuf-sur-Seine,industrielle_portuaire,industrie_Normandie,Normandie,27
33067,Bourg,industrielle_portuaire,industrie_Nouvelle-Aquitaine,Nouvelle-Aquitaine,33
31021,Aspret-Sarrat,industrielle_portuaire,industrie_Occitanie,Occitanie,31
49331,Segré-en-Anjou Bleu,industrielle_portuaire,industrie_Pays de la Loire,Pays de la Loire,49
04192,Saint-Michel-l'Observatoire,industrielle_portuaire,industrie_Provence-Alpes-Côte d'Azur,Provence-Alpes-Côte d'Azur,04
78334,Lévis-Saint-Nom,industrielle_portuaire,industrie_Île-de-France,Île-de-France,78
69071,Curis-au-Mont-d'Or,industrielle_portuaire,industrie_Auvergne-Rhône-Alpes,Auvergne-Rhône-Alpes,69
71118,Châtenoy-le-Royal,industrielle_portuaire,industrie_Bourgogne-Franche-Comté,Bourgogne-Franche-Comté,71
35076,Chavagne,industrielle_portuaire,industrie_Bretagne,Bretagne,35
45072,Chanteau,industrielle_portuaire,industrie_Centre-Val de Loire,Centre-Val de Loire,45
2B025,Avapessa,industrielle_portuaire,industrie_Corse,Corse,2B
67101,Dorlisheim,industrielle_portuaire,industrie_Grand Est,Grand Est,67
80585,Nesle,industrielle_portuaire,industrie_Hauts-de-France,Hauts-de-France,80
27534,Saint-Didier-des-Bois,industrielle_portuaire,industrie_Normandie,Normandie,27
47105,Frespech,industrielle_portuaire,industrie_Nouvelle-Aquitaine,Nouvelle-Aquitaine,47
31113,Castanet-Tolosan,industrielle_portuaire,industrie_Occitanie,Occitanie,31
85277,Saint-Vincent-sur-Graon,industrielle_portuaire,industrie_Pays de la Loire,Pays de la Loire,85
04197,Sainte-Tulle,industrielle_portuaire,industrie_Provence-Alpes-Côte d'Azur,Provence-Alpes-Côte d'Azur,04
78362,Mantes-la-Ville,industrielle_portuaire,industrie_Île-de-France,Île-de-France,78
69279,Jonage,industrielle_portuaire,industrie_Auvergne-Rhône-Alpes,Auvergne-Rhône-Alpes,69
71502,Sassenay,industrielle_portuaire,industrie_Bourgogne-Franche-Comté,Bourgogne-Franche-Comté,71
35256,Saint-Briac-sur-Mer,industrielle_portuaire,industrie_Bretagne,Bretagne,35
45169,Ingré,industrielle_portuaire,industrie_Centre-Val de Loire,Centre-Val de Loire,45
2B082,Castineta,industrielle_portuaire,industrie_Corse,Corse,2B
67204,Hœnheim,industrielle_portuaire,industrie_Grand Est,Grand Est,67
02292,Étampes-sur-Marne,industrielle_portuaire,industrie_Hauts-de-France,Hauts-de-France,02
27598,Saint-Pierre-du-Vauvray,industrielle_portuaire,industrie_Normandie,Normandie,27
87079,La Jonchère-Saint-Maurice,industrielle_portuaire,industrie_Nouvelle-Aquitaine,Nouvelle-Aquitaine,87
31336,Mazères-sur-Salat,industrielle_portuaire,industrie_Occitanie,Occitanie,31
44108,Mouzillon,industrielle_portuaire,industrie_Pays de la Loire,Pays de la Loire,44
06054,Drap,industrielle_portuaire,industrie_Provence-Alpes-Côte d'Azur,Provence-Alpes-Côte d'Azur,06
94073,Thiais,industrielle_portuaire,industrie_Île-de-France,Île-de-France,94
38057,Bresson,industrielle_portuaire,industrie_Auvergne-Rhône-Alpes,Auvergne-Rhône-Alpes,38
89328,Rouvray,industrielle_portuaire,industrie_Bourgogne-Franche-Comté,Bourgogne-Franche-Comté,89
35306,Saint-Père-Marc-en-Poulet,industrielle_portuaire,industrie_Bretagne,Bretagne,35
41002,Angé,industrielle_portuaire,industrie_Centre-Val de Loire,Centre-Val de Loire,41
2B084,Cateri,industrielle_portuaire,industrie_Corse,Corse,2B
68010,Aspach,industrielle_portuaire,industrie_Grand Est,Grand Est,68
02549,Neuville-Saint-Amand,industrielle_portuaire,industrie_Hauts-de-France,Hauts-de-France,02
76132,Bourdainville,industrielle_portuaire,industrie_Normandie,Normandie,76
24143,Couze-et-Saint-Front,industrielle_portuaire,industrie_Nouvelle-Aquitaine,Nouvelle-Aquitaine,24
31344,Miramont-de-Comminges,industrielle_portuaire,industrie_Occitanie,Occitanie,31
49009,Antoigné,industrielle_portuaire,industrie_Pays de la Loire,Pays de la Loire,49
06066,Gilette,industrielle_portuaire,industrie_Provence-Alpes-Côte d'Azur,Provence-Alpes-Côte d'Azur,06
95218,Éragny-sur-Oise,industrielle_portuaire,industrie_Île-de-France,Île-de-France,95
38149,Domarin,industrielle_portuaire,industrie_Auvergne-Rhône-Alpes,Auvergne-Rhône-Alpes,38
21437,Montmançon,industrielle_portuaire,industrie_Bourgogne-Franche-Comté,Bourgogne-Franche-Comté,21
22275,Saint-Barnabé,industrielle_portuaire,industrie_Bretagne,Bretagne,22
28061,Brou,industrielle_portuaire,industrie_Centre-Val de Loire,Centre-Val de Loire,28
2B122,Gavignano,industrielle_portuaire,industrie_Corse,Corse,2B
68036,Biesheim,industrielle_portuaire,industrie_Grand Est,Grand Est,68
02805,Villeneuve-Saint-Germain,industrielle_portuaire,industrie_Hauts-de-France,Hauts-de-France,02
76382,Lanquetot,industrielle_portuaire,industrie_Normandie,Normandie,76
33056,Blanquefort,industrielle_portuaire,industrie_Nouvelle-Aquitaine,Nouvelle-Aquitaine,33
31409,Péchabou,industrielle_portuaire,industrie_Occitanie,Occitanie,31
53204,Saint-Calais-du-Désert,industrielle_portuaire,industrie_Pays de la Loire,Pays de la Loire,53
13015,Bouc-Bel-Air,industrielle_portuaire,industrie_Provence-Alpes-Côte d'Azur,Provence-Alpes-Côte d'Azur,13
77369,Poincy,industrielle_portuaire,industrie_Île-de-France,Île-de-France,77
38485,Seyssinet-Pariset,industrielle_portuaire,industrie_Auvergne-Rhône-Alpes,Auvergne-Rhône-Alpes,38
21532,Rouvres-en-Plaine,industrielle_portuaire,industrie_Bourgogne-Franche-Comté,Bourgogne-Franche-Comté,21
29036,Collorec,industrielle_portuaire,industrie_Bretagne,Bretagne,29
28070,Champhol,industrielle_portuaire,industrie_Centre-Val de Loire,Centre-Val de Loire,28
2B173,Muro,industrielle_portuaire,industrie_Corse,Corse,2B
68144,Hombourg,industrielle_portuaire,industrie_Grand Est,Grand Est,68
59092,Bouchain,industrielle_portuaire,industrie_Hauts-de-France,Hauts-de-France,59
76468,Nointot,industrielle_portuaire,industrie_Normandie,Normandie,76
33119,Cenon,industrielle_portuaire,industrie_Nouvelle-Aquitaine,Nouvelle-Aquitaine,33
31429,Pompertuzat,industrielle_portuaire,industrie_Occitanie,Occitanie,31
72106,Courtillers,industrielle_portuaire,industrie_Pays de la Loire,Pays de la Loire,72
13063,Miramas,industrielle_portuaire,industrie_Provence-Alpes-Côte d'Azur,Provence-Alpes-Côte d'Azur,13
91473,Orveau,industrielle_portuaire,industrie_Île-de-France,Île-de-France,91
38547,Villard-Bonnot,industrielle_portuaire,industrie_Auvergne-Rhône-Alpes,Auvergne-Rhône-Alpes,38
25097,Brognard,industrielle_portuaire,industrie_Bourgogne-Franche-Comté,Bourgogne-Franche-Comté,25
56062,Gâvres,industrielle_portuaire,industrie_Bretagne,Bretagne,56
37169,Neuville-sur-Brenne,industrielle_portuaire,industrie_Centre-Val de Loire,Centre-Val de Loire,37
2B175,Nessa,industrielle_portuaire,industrie_Corse,Corse,2B
68322,Steinbach,industrielle_portuaire,industrie_Grand Est,Grand Est,68
59159,Craywick,industrielle_portuaire,industrie_Hauts-de-France,Hauts-de-France,59
14290,Fresney-le-Puceux,industrielle_portuaire,industrie_Normandie,Normandie,14
33167,Floirac,industrielle_portuaire,industrie_Nouvelle-Aquitaine,Nouvelle-Aquitaine,33
31458,Roques,industrielle_portuaire,industrie_Occitanie,Occitanie,31
85093,Fougeré,industrielle_portuaire,industrie_Pays de la Loire,Pays de la Loire,85
13073,Peypin,industrielle_portuaire,industrie_Provence-Alpes-Côte d'Azur,Provence-Alpes-Côte d'Azur,13
91540,Saint-Chéron,industrielle_portuaire,industrie_Île-de-France,Île-de-France,91
43032,Blavozy,industrielle_portuaire,industrie_Auvergne-Rhône-Alpes,Auvergne-Rhône-Alpes,43
25230,Exincourt,industrielle_portuaire,industrie_Bourgogne-Franche-Comté,Bourgogne-Franche-Comté,25
56117,Locminé,industrielle_portuaire,industrie_Bretagne,Bretagne,56
37203,Rochecorbon,industrielle_portuaire,industrie_Centre-Val de Loire,Centre-Val de Loire,37
2B242,Poggio-Mezzana,industrielle_portuaire,industrie_Corse,Corse,2B
88039,Baudricourt,industrielle_portuaire,industrie_Grand Est,Grand Est,88
59553,Santes,industrielle_portuaire,industrie_Hauts-de-France,Hauts-de-France,59
14603,Saint-Laurent-de-Condel,industrielle_portuaire,industrie_Normandie,Normandie,14
33256,Ludon-Médoc,industrielle_portuaire,industrie_Nouvelle-Aquitaine,Nouvelle-Aquitaine,33
32155,Le Houga,industrielle_portuaire,industrie_Occitanie,Occitanie,32
85215,Saint-Fulgent,industrielle_portuaire,industrie_Pays de la Loire,Pays de la Loire,85
13108,Tarascon,industrielle_portuaire,industrie_Provence-Alpes-Côte d'Azur,Provence-Alpes-Côte d'Azur,13
95119,Buhy,industrielle_portuaire,industrie_Île-de-France,Île-de-France,95
69289,Saint-Pierre-de-Chandieu,industrielle_portuaire,industrie_Auvergne-Rhône-Alpes,Auvergne-Rhône-Alpes,69
25323,Laissey,industrielle_portuaire,industrie_Bourgogne-Franche-Comté,Bourgogne-Franche-Comté,25
22250,Pontrieux,industrielle_portuaire,industrie_Bretagne,Bretagne,22
45240,Outarville,industrielle_portuaire,industrie_Centre-Val de Loire,Centre-Val de Loire,45
2B296,Sant'Antonino,industrielle_portuaire,industrie_Corse,Corse,2B
88257,Juvaincourt,industrielle_portuaire,industrie_Grand Est,Grand Est,88
60130,Catenoy,industrielle_portuaire,industrie_Hauts-de-France,Hauts-de-France,60
27028,Authou,industrielle_portuaire,industrie_Normandie,Normandie,27
47032,Bon-Encontre,industrielle_portuaire,industrie_Nouvelle-Aquitaine,Nouvelle-Aquitaine,47
32310,Perchède,industrielle_portuaire,industrie_Occitanie,Occitanie,32
72138,Fresnay-sur-Sarthe,industrielle_portuaire,industrie_Pays de la Loire,Pays de la Loire,72
84016,Bédarrides,industrielle_portuaire,industrie_Provence-Alpes-Côte d'Azur,Provence-Alpes-Côte d'Azur,84
95257,La Frette-sur-Seine,industrielle_portuaire,industrie_Île-de-France,Île-de-France,95
69293,Sathonay-Village,industrielle_portuaire,industrie_Auvergne-Rhône-Alpes,Auvergne-Rhône-Alpes,69
71245,Jugy,industrielle_portuaire,industrie_Bourgogne-Franche-Comté,Bourgogne-Franche-Comté,71
22376,Trévé,industrielle_portuaire,industrie_Bretagne,Bretagne,22
28278,Nogent-le-Phaye,industrielle_portuaire,industrie_Centre-Val de Loire,Centre-Val de Loire,28
2B316,Santa-Reparata-di-Balagna,industrielle_portuaire,industrie_Corse,Corse,2B
51439,Pomacle,industrielle_portuaire,industrie_Grand Est,Grand Est,51
62133,Billy-Montigny,industrielle_portuaire,industrie_Hauts-de-France,Hauts-de-France,62
27072,Bois-Jérôme-Saint-Ouen,industrielle_portuaire,industrie_Normandie,Normandie,27
64366,Mascaraàs-Haron,industrielle_portuaire,industrie_Nouvelle-Aquitaine,Nouvelle-Aquitaine,64
46117,Gagnac-sur-Cère,industrielle_portuaire,industrie_Occitanie,Occitanie,46
72385,Yvré-le-Pôlin,industrielle_portuaire,industrie_Pays de la Loire,Pays de la Loire,72
84119,Saint-Saturnin-lès-Avignon,industrielle_portuaire,industrie_Provence-Alpes-Côte d'Azur,Provence-Alpes-Côte d'Azur,84
95641,Vémars,industrielle_portuaire,industrie_Île-de-France,Île-de-France,95
69297,Ternay,industrielle_portuaire,industrie_Auvergne-Rhône-Alpes,Auvergne-Rhône-Alpes,69
90018,Brebotte,industrielle_portuaire,industrie_Bourgogne-Franche-Comté,Bourgogne-Franche-Comté,90
29026,Châteaulin,industrielle_portuaire,industrie_Bretagne,Bretagne,29
28285,Oinville-sous-Auneau,industrielle_portuaire,industrie_Centre-Val de Loire,Centre-Val de Loire,28
2A061,Carbini,industrielle_portuaire,industrie_Corse,Corse,2A
54276,Jeandelaincourt,industrielle_portuaire,industrie_Grand Est,Grand Est,54
62173,Brebières,industrielle_portuaire,industrie_Hauts-de-France,Hauts-de-France,62
27644,Tilly,industrielle_portuaire,industrie_Normandie,Normandie,27
86158,Migné-Auxances,industrielle_portuaire,industrie_Nouvelle-Aquitaine,Nouvelle-Aquitaine,86
81117,Labessière-Candeil,industrielle_portuaire,industrie_Occitanie,Occitanie,81
85193,Rosnay,industrielle_portuaire,industrie_Pays de la Loire,Pays de la Loire,85
13025,Châteauneuf-le-Rouge,industrielle_portuaire,industrie_Provence-Alpes-Côte d'Azur,Provence-Alpes-Côte d'Azur,13
91232,La Ferté-Alais,industrielle_portuaire,industrie_Île-de-France,Île-de-France,91
73183,Myans,industrielle_portuaire,industrie_Auvergne-Rhône-Alpes,Auvergne-Rhône-Alpes,73
90053,Grandvillars,industrielle_portuaire,industrie_Bourgogne-Franche-Comté,Bourgogne-Franche-Comté,90
29097,Lampaul-Guimiliau,industrielle_portuaire,industrie_Bretagne,Bretagne,29
37030,Le Boulay,industrielle_portuaire,industrie_Centre-Val de Loire,Centre-Val de Loire,37
2A099,Cozzano,industrielle_portuaire,industrie_Corse,Corse,2A
54372,Moivrons,industrielle_portuaire,industrie_Grand Est,Grand Est,54
62224,Chocques,industrielle_portuaire,industrie_Hauts-de-France,Hauts-de-France,62
61006,Argentan,industrielle_portuaire,industrie_Normandie,Normandie,61
17194,La Jarrie,industrielle_portuaire,industrie_Nouvelle-Aquitaine,Nouvelle-Aquitaine,17
11164,Ginestas,industrielle_portuaire,industrie_Occitanie,Occitanie,11
44211,La Turballe,industrielle_portuaire,industrie_Pays de la Loire,Pays de la Loire,44
13037,La Fare-les-Oliviers,industrielle_portuaire,industrie_Provence-Alpes-Côte d'Azur,Provence-Alpes-Côte d'Azur,13
91235,Fleury-Mérogis,industrielle_portuaire,industrie_Île-de-France,Île-de-France,91
73248,Saint-Jean-de-Maurienne,industrielle_portuaire,industrie_Auvergne-Rhône-Alpes,Auvergne-Rhône-Alpes,73
25011,Allenjoie,industrielle_portuaire,industrie_Bourgogne-Franche-Comté,Bourgogne-Franche-Comté,25
29189,Plougastel-Daoulas,industrielle_portuaire,industrie_Bretagne,Bretagne,29
37059,Charentilly,industrielle_portuaire,industrie_Centre-Val de Loire,Centre-Val de Loire,37
2A209,Peri,industrielle_portuaire,industrie_Corse,Corse,2A
57596,Rosbruck,industrielle_portuaire,industrie_Grand Est,Grand Est,57
62310,Essars,industrielle_portuaire,industrie_Hauts-de-France,Hauts-de-France,62
76199,Criquiers,industrielle_portuaire,industrie_Normandie,Normandie,76
19116,Liourdres,industrielle_portuaire,industrie_Nouvelle-Aquitaine,Nouvelle-Aquitaine,19
30344,Vergèze,industrielle_portuaire,industrie_Occitanie,Occitanie,30
49228,Noyant-Villages,industrielle_portuaire,industrie_Pays de la Loire,Pays de la Loire,49
13088,Le Rove,industrielle_portuaire,industrie_Provence-Alpes-Côte d'Azur,Provence-Alpes-Côte d'Azur,13
91434,Morsang-sur-Orge,industrielle_portuaire,industrie_Île-de-France,Île-de-France,91
73297,Tournon,industrielle_portuaire,industrie_Auvergne-Rhône-Alpes,Auvergne-Rhône-Alpes,73
25014,Amagney,industrielle_portuaire,industrie_Bourgogne-Franche-Comté,Bourgogne-Franche-Comté,25
29264,Saint-Servais,industrielle_portuaire,industrie_Bretagne,Bretagne,29
37179,Parçay-Meslay,industrielle_portuaire,industrie_Centre-Val de Loire,Centre-Val de Loire,37
2A268,Sampolo,industrielle_portuaire,industrie_Corse,Corse,2A
68278,Rixheim,industrielle_portuaire,industrie_Grand Est,Grand Est,68
62331,Feuchy,industrielle_portuaire,industrie_Hauts-de-France,Hauts-de-France,62
76473,Notre-Dame-de-Bliquetuit,industrielle_portuaire,industrie_Normandie,Normandie,76
33132,Comps,industrielle_portuaire,industrie_Nouvelle-Aquitaine,Nouvelle-Aquitaine,33
31452,Rieucazé,industrielle_portuaire,industrie_Occitanie,Occitanie,31
53219,Saint-Georges-Buttavent,industrielle_portuaire,industrie_Pays de la Loire,Pays de la Loire,53
13101,Saint-Savournin,industrielle_portuaire,industrie_Provence-Alpes-Côte d'Azur,Provence-Alpes-Côte d'Azur,13
91579,Saint-Vrain,industrielle_portuaire,industrie_Île-de-France,Île-de-France,91
01142,Dagneux,industrielle_portuaire,industrie_Auvergne-Rhône-Alpes,Auvergne-Rhône-Alpes,01
25111,Chalèze,industrielle_portuaire,industrie_Bourgogne-Franche-Comté,Bourgogne-Franche-Comté,25
35217,Le Pertre,industrielle_portuaire,industrie_Bretagne,Bretagne,35
37214,Saint-Cyr-sur-Loire,industrielle_portuaire,industrie_Centre-Val de Loire,Centre-Val de Loire,37
2A345,Vero,industrielle_portuaire,industrie_Corse,Corse,2A
68334,Thann,industrielle_portuaire,industrie_Grand Est,Grand Est,68
62497,Leforest,industrielle_portuaire,industrie_Hauts-de-France,Hauts-de-France,62
76513,Quevillon,industrielle_portuaire,industrie_Normandie,Normandie,76
33182,Gauriac,industrielle_portuaire,industrie_Nouvelle-Aquitaine,Nouvelle-Aquitaine,33
31541,Seilh,industrielle_portuaire,industrie_Occitanie,Occitanie,31
72306,Saint-Ouen-en-Belin,industrielle_portuaire,industrie_Pays de la Loire,Pays de la Loire,72
83140,Tourves,industrielle_portuaire,industrie_Provence-Alpes-Côte d'Azur,Provence-Alpes-Côte d'Azur,83
91593,Sermaise,industrielle_portuaire,industrie_Île-de-France,Île-de-France,91
01194,Jassans-Riottier,industrielle_portuaire,industrie_Auvergne-Rhône-Alpes,Auvergne-Rhône-Alpes,01
25152,La Chevillotte,industrielle_portuaire,industrie_Bourgogne-Franche-Comté,Bourgogne-Franche-Comté,25
56165,Ploërmel,industrielle_portuaire,industrie_Bretagne,Bretagne,56
37276,Villedômer,industrielle_portuaire,industrie_Centre-Val de Loire,Centre-Val de Loire,37
2B020,Aregno,industrielle_portuaire,industrie_Corse,Corse,2B
68375,Wittelsheim,industrielle_portuaire,industrie_Grand Est,Grand Est,68
62559,Marquion,industrielle_portuaire,industrie_Hauts-de-France,Hauts-de-France,62
76595,Saint-Jouin-Bruneval,industrielle_portuaire,industrie_Normandie,Normandie,76
40031,Bégaar,industrielle_portuaire,industrie_Nouvelle-Aquitaine,Nouvelle-Aquitaine,40
31588,Villeneuve-Tolosane,industrielle_portuaire,industrie_Occitanie,Occitanie,31
85109,Les Herbiers,industrielle_portuaire,industrie_Pays de la Loire,Pays de la Loire,85
06026,Cabris,industrielle_portuaire,industrie_Provence-Alpes-Côte d'Azur,Provence-Alpes-Côte d'Azur,06
94011,Bonneuil-sur-Marne,industrielle_portuaire,industrie_Île-de-France,Île-de-France,94
01362,Saint-Jean-de-Thurigneux,industrielle_portuaire,industrie_Auvergne-Rhône-Alpes,Auvergne-Rhône-Alpes,01
25116,Champlive,industrielle_portuaire,industrie_Bourgogne-Franche-Comté,Bourgogne-Franche-Comté,25
56232,Saint-Perreux,industrielle_portuaire,industrie_Bretagne,Bretagne,56
41080,Faverolles-sur-Cher,industrielle_portuaire,industrie_Centre-Val de Loire,Centre-Val de Loire,41
2B049,Calenzana,industrielle_portuaire,industrie_Corse,Corse,2B
88099,Chavelot,industrielle_portuaire,industrie_Grand Est,Grand Est,88
62587,Montigny-en-Gohelle,industrielle_portuaire,industrie_Hauts-de-France,Hauts-de-France,62
76611,Saint-Martin-aux-Arbres,industrielle_portuaire,industrie_Normandie,Normandie,76
47060,Caudecoste,industrielle_portuaire,industrie_Nouvelle-Aquitaine,Nouvelle-Aquitaine,47
32034,Bazugues,industrielle_portuaire,industrie_Occitanie,Occitanie,32
85301,Vendrennes,industrielle_portuaire,industrie_Pays de la Loire,Pays de la Loire,85
06092,Peillon,industrielle_portuaire,industrie_Provence-Alpes-Côte d'Azur,Provence-Alpes-Côte d'Azur,06
95371,Marly-la-Ville,industrielle_portuaire,industrie_Île-de-France,Île-de-France,95
03082,Commentry,industrielle_portuaire,industrie_Auvergne-Rhône-Alpes,Auvergne-Rhône-Alpes,03
25547,Sochaux,industrielle_portuaire,industrie_Bourgogne-Franche-Comté,Bourgogne-Franche-Comté,25
22076,Hénanbihen,industrielle_portuaire,industrie_Bretagne,Bretagne,22
41217,Saint-Julien-de-Chédon,industrielle_portuaire,industrie_Centre-Val de Loire,Centre-Val de Loire,41
2B110,Favalello,industrielle_portuaire,industrie_Corse,Corse,2B
10153,Fontaine-Mâcon,industrielle_portuaire,industrie_Grand Est,Grand Est,10
62617,Nœux-les-Mines,industrielle_portuaire,industrie_Hauts-de-France,Hauts-de-France,62
14100,Bretteville-sur-Laize,industrielle_portuaire,industrie_Normandie,Normandie,14
64521,Serres-Sainte-Marie,industrielle_portuaire,industrie_Nouvelle-Aquitaine,Nouvelle-Aquitaine,64
32222,Magnan,industrielle_portuaire,industrie_Occitanie,Occitanie,32
44185,Saint-Nicolas-de-Redon,industrielle_portuaire,industrie_Pays de la Loire,Pays de la Loire,44
06122,Saint-Jeannet,industrielle_portuaire,industrie_Provence-Alpes-Côte d'Azur,Provence-Alpes-Côte d'Azur,06
77381,Quiers,industrielle_portuaire,industrie_Île-de-France,Île-de-France,77
03098,Désertines,industrielle_portuaire,industrie_Auvergne-Rhône-Alpes,Auvergne-Rhône-Alpes,03
25614,Vieux-Charmont,industrielle_portuaire,industrie_Bourgogne-Franche-Comté,Bourgogne-Franche-Comté,25
22093,Lamballe-Armor,industrielle_portuaire,industrie_Bretagne,Bretagne,22
41269,Vendôme,industrielle_portuaire,industrie_Centre-Val de Loire,Centre-Val de Loire,41
2B134,L'Île-Rousse,industrielle_portuaire,industrie_Corse,Corse,2B
51518,Saint-Thierry,industrielle_portuaire,industrie_Grand Est,Grand Est,51
62809,Ternas,industrielle_portuaire,industrie_Hauts-de-France,Hauts-de-France,62
76227,Ectot-l'Auber,industrielle_portuaire,industrie_Normandie,Normandie,76
64532,Tadousse-Ussau,industrielle_portuaire,industrie_Nouvelle-Aquitaine,Nouvelle-Aquitaine,64
66190,Salses-le-Château,industrielle_portuaire,industrie_Occitanie,Occitanie,66
49195,Mazières-en-Mauges,industrielle_portuaire,industrie_Pays de la Loire,Pays de la Loire,49
13020,Cadolive,industrielle_portuaire,industrie_Provence-Alpes-Côte d'Azur,Provence-Alpes-Côte d'Azur,13
77445,Savigny-le-Temple,industrielle_portuaire,industrie_Île-de-France,Île-de-France,77
26314,Saint-Martin-d'Août,industrielle_portuaire,industrie_Auvergne-Rhône-Alpes,Auvergne-Rhône-Alpes,26
89080,La Chapelle-sur-Oreuse,industrielle_portuaire,industrie_Bourgogne-Franche-Comté,Bourgogne-Franche-Comté,89
22260,Le Quillio,industrielle_portuaire,industrie_Bretagne,Bretagne,22
45010,Ascoux,industrielle_portuaire,industrie_Centre-Val de Loire,Centre-Val de Loire,45
2B149,Lugo-di-Nazza,industrielle_portuaire,industrie_Corse,Corse,2B
51573,Tinqueux,industrielle_portuaire,industrie_Grand Est,Grand Est,51
02173,Chauny,industrielle_portuaire,industrie_Hauts-de-France,Hauts-de-France,02
76329,Gruchet-le-Valasse,industrielle_portuaire,industrie_Normandie,Normandie,76
86076,Cissé,industrielle_portuaire,industrie_Nouvelle-Aquitaine,Nouvelle-Aquitaine,86
81258,Saint-Julien-du-Puy,industrielle_portuaire,industrie_Occitanie,Occitanie,81
53203,Saint-Brice,industrielle_portuaire,industrie_Pays de la Loire,Pays de la Loire,53
13021,Carry-le-Rouet,industrielle_portuaire,industrie_Provence-Alpes-Côte d'Azur,Provence-Alpes-Côte d'Azur,13
77486,Vaudoy-en-Brie,industrielle_portuaire,industrie_Île-de-France,Île-de-France,77
26323,Saint-Paul-lès-Romans,industrielle_portuaire,industrie_Auvergne-Rhône-Alpes,Auvergne-Rhône-Alpes,26
25031,Audincourt,industrielle_portuaire,industrie_Bourgogne-Franche-Comté,Bourgogne-Franche-Comté,25
22322,Saint-Péver,industrielle_portuaire,industrie_Bretagne,Bretagne,22
45274,Saint-Denis-en-Val,industrielle_portuaire,industrie_Centre-Val de Loire,Centre-Val de Loire,45
2B167,Montegrosso,industrielle_portuaire,industrie_Corse,Corse,2B
54330,Lupcourt,industrielle_portuaire,industrie_Grand Est,Grand Est,54
59080,Beuvry-la-Forêt,industrielle_portuaire,industrie_Hauts-de-France,Hauts-de-France,59
27116,Brionne,industrielle_portuaire,industrie_Normandie,Normandie,27
87183,Saint-Sylvestre,industrielle_portuaire,industrie_Nouvelle-Aquitaine,Nouvelle-Aquitaine,87
12003,Les Albres,industrielle_portuaire,industrie_Occitanie,Occitanie,12
72050,Brûlon,industrielle_portuaire,industrie_Pays de la Loire,Pays de la Loire,72
13098,Saint-Mitre-les-Remparts,industrielle_portuaire,industrie_Provence-Alpes-Côte d'Azur,Provence-Alpes-Côte d'Azur,13
78550,Saint-Germain-de-la-Grange,industrielle_portuaire,industrie_Île-de-France,Île-de-France,78
38279,Notre-Dame-de-Mésage,industrielle_portuaire,industrie_Auvergne-Rhône-Alpes,Auvergne-Rhône-Alpes,38
25495,Roche-lez-Beaupré,industrielle_portuaire,industrie_Bourgogne-Franche-Comté,Bourgogne-Franche-Comté,25
22335,Senven-Léhart,industrielle_portuaire,industrie_Bretagne,Bretagne,22
45301,Santeau,industrielle_portuaire,industrie_Centre-Val de Loire,Centre-Val de Loire,45
2B185,Oletta,industrielle_portuaire,industrie_Corse,Corse,2B
54518,Thiaucourt-Regniéville,industrielle_portuaire,industrie_Grand Est,Grand Est,54
59172,Denain,industrielle_portuaire,industrie_Hauts-de-France,Hauts-de-France,59
27304,Guerny,industrielle_portuaire,industrie_Normandie,Normandie,27
16244,Nersac,industrielle_portuaire,industrie_Nouvelle-Aquitaine,Nouvelle-Aquitaine,16
12013,Aubin,industrielle_portuaire,industrie_Occitanie,Occitanie,12
72336,Solesmes,industrielle_portuaire,industrie_Pays de la Loire,Pays de la Loire,72
84001,Althen-des-Paluds,industrielle_portuaire,industrie_Provence-Alpes-Côte d'Azur,Provence-Alpes-Côte d'Azur,84
91045,Ballancourt-sur-Essonne,industrielle_portuaire,industrie_Île-de-France,Île-de-France,91
69063,Collonges-au-Mont-d'Or,industrielle_portuaire,industrie_Auvergne-Rhône-Alpes,Auvergne-Rhône-Alpes,69
58217,Pousseaux,industrielle_portuaire,industrie_Bourgogne-Franche-Comté,Bourgogne-Franche-Comté,58
29111,Lanhouarneau,industrielle_portuaire,industrie_Bretagne,Bretagne,29
45310,Sermaises,industrielle_portuaire,industrie_Centre-Val de Loire,Centre-Val de Loire,45
2B188,Olmeta-di-Tuda,industrielle_portuaire,industrie_Corse,Corse,2B
55181,Étain,industrielle_portuaire,industrie_Grand Est,Grand Est,55
59544,Saint-Saulve,industrielle_portuaire,industrie_Hauts-de-France,Hauts-de-France,59
27589,Saint-Pierre-de-Bailleul,industrielle_portuaire,industrie_Normandie,Normandie,27
17462,Vénérand,industrielle_portuaire,industrie_Nouvelle-Aquitaine,Nouvelle-Aquitaine,17
12028,Boisse-Penchot,industrielle_portuaire,industrie_Occitanie,Occitanie,12
85064,Chauché,industrielle_portuaire,industrie_Pays de la Loire,Pays de la Loire,85
04245,Volx,industrielle_portuaire,industrie_Provence-Alpes-Côte d'Azur,Provence-Alpes-Côte d'Azur,04
91080,Boissy-le-Cutté,industrielle_portuaire,industrie_Île-de-France,Île-de-France,91
69287,Saint-Bonnet-de-Mure,industrielle_portuaire,industrie_Auvergne-Rhône-Alpes,Auvergne-Rhône-Alpes,69
71153,Le Creusot,industrielle_portuaire,industrie_Bourgogne-Franche-Comté,Bourgogne-Franche-Comté,71
29131,Locmélar,industrielle_portuaire,industrie_Bretagne,Bretagne,29
18166,Nohant-en-Goût,industrielle_portuaire,industrie_Centre-Val de Loire,Centre-Val de Loire,18
2B281,Sisco,industrielle_portuaire,industrie_Corse,Corse,2B
57269,Guénange,industrielle_portuaire,industrie_Grand Est,Grand Est,57
59592,Thumeries,industrielle_portuaire,industrie_Hauts-de-France,Hauts-de-France,59
76410,Maromme,industrielle_portuaire,industrie_Normandie,Normandie,76
33075,Bruges,industrielle_portuaire,industrie_Nouvelle-Aquitaine,Nouvelle-Aquitaine,33
12089,Decazeville,industrielle_portuaire,industrie_Occitanie,Occitanie,12
85144,Mesnard-la-Barotière,industrielle_portuaire,industrie_Pays de la Loire,Pays de la Loire,85
06095,Peymeinade,industrielle_portuaire,industrie_Provence-Alpes-Côte d'Azur,Provence-Alpes-Côte d'Azur,06
91244,Fontenay-le-Vicomte,industrielle_portuaire,industrie_Île-de-France,Île-de-France,91
03159,Malicorne,industrielle_portuaire,industrie_Auvergne-Rhône-Alpes,Auvergne-Rhône-Alpes,03
71565,Vendenesse-sur-Arroux,industrielle_portuaire,industrie_Bourgogne-Franche-Comté,Bourgogne-Franche-Comté,71
29205,Plounévézel,industrielle_portuaire,industrie_Bretagne,Bretagne,29
28015,Auneau-Bleury-Saint-Symphorien,industrielle_portuaire,industrie_Centre-Val de Loire,Centre-Val de Loire,28
2B311,Santa-Maria-Poggio,industrielle_portuaire,industrie_Corse,Corse,2B
57543,Pierrevillers,industrielle_portuaire,industrie_Grand Est,Grand Est,57
59651,Wavrechain-sous-Denain,industrielle_portuaire,industrie_Hauts-de-France,Hauts-de-France,59
76446,Montigny,industrielle_portuaire,industrie_Normandie,Normandie,76
40192,Mont-de-Marsan,industrielle_portuaire,industrie_Nouvelle-Aquitaine,Nouvelle-Aquitaine,40
30270,Saint-Jean-du-Pin,industrielle_portuaire,industrie_Occitanie,Occitanie,30
85212,Sainte-Florence,industrielle_portuaire,industrie_Pays de la Loire,Pays de la Loire,85
13046,Gréasque,industrielle_portuaire,industrie_Provence-Alpes-Côte d'Azur,Provence-Alpes-Côte d'Azur,13
91689,Wissous,industrielle_portuaire,industrie_Île-de-France,Île-de-France,91
26148,Hauterives,industrielle_portuaire,industrie_Auvergne-Rhône-Alpes,Auvergne-Rhône-Alpes,26
89382,Seignelay,industrielle_portuaire,industrie_Bourgogne-Franche-Comté,Bourgogne-Franche-Comté,89
29210,Plouvorn,industrielle_portuaire,industrie_Bretagne,Bretagne,29
28218,Lucé,industrielle_portuaire,industrie_Centre-Val de Loire,Centre-Val de Loire,28
2B315,Santo-Pietro-di-Venaco,industrielle_portuaire,industrie_Corse,Corse,2B
57591,Rombas,industrielle_portuaire,industrie_Grand Est,Grand Est,57
60176,Crépy-en-Valois,industrielle_portuaire,industrie_Hauts-de-France,Hauts-de-France,60
14092,Bourguébus,industrielle_portuaire,industrie_Normandie,Normandie,14
47128,Lafox,industrielle_portuaire,industrie_Nouvelle-Aquitaine,Nouvelle-Aquitaine,47
30294,Saint-Privat-des-Vieux,industrielle_portuaire,industrie_Occitanie,Occitanie,30
85252,Saint-Maurice-le-Girard,industrielle_portuaire,industrie_Pays de la Loire,Pays de la Loire,85
83144,La Valette-du-Var,industrielle_portuaire,industrie_Provence-Alpes-Côte d'Azur,Provence-Alpes-Côte d'Azur,83
94065,Rungis,industrielle_portuaire,industrie_Île-de-France,Île-de-France,94
26293,Saint-Avit,industrielle_portuaire,industrie_Auvergne-Rhône-Alpes,Auvergne-Rhône-Alpes,26
21571,Saint-Sauveur,industrielle_portuaire,industrie_Bourgogne-Franche-Comté,Bourgogne-Franche-Comté,21
35224,Plerguer,industrielle_portuaire,industrie_Bretagne,Bretagne,35
45028,Beaugency,industrielle_portuaire,industrie_Centre-Val de Loire,Centre-Val de Loire,45
2B333,Vallecalle,industrielle_portuaire,industrie_Corse,Corse,2B
68342,Uffholtz,industrielle_portuaire,industrie_Grand Est,Grand Est,68
60358,Lévignen,industrielle_portuaire,industrie_Hauts-de-France,Hauts-de-France,60
27554,La Chapelle-Longueville,industrielle_portuaire,industrie_Normandie,Normandie,27
47130,Lagruère,industrielle_portuaire,industrie_Nouvelle-Aquitaine,Nouvelle-Aquitaine,47
30318,Servas,industrielle_portuaire,industrie_Occitanie,Occitanie,30
44166,Saint-Jean-de-Boiseau,industrielle_portuaire,industrie_Pays de la Loire,Pays de la Loire,44
06114,Saint-André-de-la-Roche,industrielle_portuaire,industrie_Provence-Alpes-Côte d'Azur,Provence-Alpes-Côte d'Azur,06
75103,Paris 3e Arrondissement,industrielle_portuaire,industrie_Île-de-France,Île-de-France,75
38026,La Balme-les-Grottes,industrielle_portuaire,industrie_Auvergne-Rhône-Alpes,Auvergne-Rhône-Alpes,38
25395,Montfaucon,industrielle_portuaire,industrie_Bourgogne-Franche-Comté,Bourgogne-Franche-Comté,25
56204,Saint-Allouestre,industrielle_portuaire,industrie_Bretagne,Bretagne,56
45047,Bouzonville-aux-Bois,industrielle_portuaire,industrie_Centre-Val de Loire,Centre-Val de Loire,45
2A014,Ambiegna,industrielle_portuaire,industrie_Corse,Corse,2A
54320,Loisy,industrielle_portuaire,industrie_Grand Est,Grand Est,54
62119,Béthune,industrielle_portuaire,industrie_Hauts-de-France,Hauts-de-France,62
61096,Rives d'Andaine,industrielle_portuaire,industrie_Normandie,Normandie,61
47209,Pont-du-Casse,industrielle_portuaire,industrie_Nouvelle-Aquitaine,Nouvelle-Aquitaine,47
31036,Auzielle,industrielle_portuaire,industrie_Occitanie,Occitanie,31
44190,Saint-Sébastien-sur-Loire,industrielle_portuaire,industrie_Pays de la Loire,Pays de la Loire,44
06123,Saint-Laurent-du-Var,industrielle_portuaire,industrie_Provence-Alpes-Côte d'Azur,Provence-Alpes-Côte d'Azur,06
75108,Paris 8e Arrondissement,industrielle_portuaire,industrie_Île-de-France,Île-de-France,75
38110,Chuzelles,industrielle_portuaire,industrie_Auvergne-Rhône-Alpes,Auvergne-Rhône-Alpes,38
25580,Valentigney,industrielle_portuaire,industrie_Bourgogne-Franche-Comté,Bourgogne-Franche-Comté,25
22098,Landéhen,industrielle_portuaire,industrie_Bretagne,Bretagne,22
45086,Châtillon-le-Roi,industrielle_portuaire,industrie_Centre-Val de Loire,Centre-Val de Loire,45
2A089,Ciamannacce,industrielle_portuaire,industrie_Corse,Corse,2A
55578,Warcq,industrielle_portuaire,industrie_Grand Est,Grand Est,55
62249,Courcelles-lès-Lens,industrielle_portuaire,industrie_Hauts-de-France,Hauts-de-France,62
61257,Méhoudin,industrielle_portuaire,industrie_Normandie,Normandie,61
47248,Saint-Jean-de-Thurac,industrielle_portuaire,industrie_Nouvelle-Aquitaine,Nouvelle-Aquitaine,47
32094,Caupenne-d'Armagnac,industrielle_portuaire,industrie_Occitanie,Occitanie,32
44204,Thouaré-sur-Loire,industrielle_portuaire,industrie_Pays de la Loire,Pays de la Loire,44
13013,Belcodène,industrielle_portuaire,industrie_Provence-Alpes-Côte d'Azur,Provence-Alpes-Côte d'Azur,13
77267,La Madeleine-sur-Loing,industrielle_portuaire,industrie_Île-de-France,Île-de-France,77
38353,Saint-Alban-du-Rhône,industrielle_portuaire,industrie_Auvergne-Rhône-Alpes,Auvergne-Rhône-Alpes,38
58307,Vielmanay,industrielle_portuaire,industrie_Bourgogne-Franche-Comté,Bourgogne-Franche-Comté,58
22189,Plésidy,industrielle_portuaire,industrie_Bretagne,Bretagne,22
45285,Saint-Jean-de-la-Ruelle,industrielle_portuaire,industrie_Centre-Val de Loire,Centre-Val de Loire,45
2A189,Olmeto,industrielle_portuaire,industrie_Corse,Corse,2A
57067,Bertrange,industrielle_portuaire,industrie_Grand Est,Grand Est,57
62534,Lumbres,industrielle_portuaire,industrie_Hauts-de-France,Hauts-de-France,62
76007,Anceaumeville,industrielle_portuaire,industrie_Normandie,Normandie,76
79137,Granzay-Gript,industrielle_portuaire,industrie_Nouvelle-Aquitaine,Nouvelle-Aquitaine,79
34073,Cers,industrielle_portuaire,industrie_Occitanie,Occitanie,34
53034,Bonchamp-lès-Laval,industrielle_portuaire,industrie_Pays de la Loire,Pays de la Loire,53
13041,Gardanne,industrielle_portuaire,industrie_Provence-Alpes-Côte d'Azur,Provence-Alpes-Côte d'Azur,13
77363,Le Pin,industrielle_portuaire,industrie_Île-de-France,Île-de-France,77
38537,La Verpillière,industrielle_portuaire,industrie_Auvergne-Rhône-Alpes,Auvergne-Rhône-Alpes,38
71194,Farges-lès-Chalon,industrielle_portuaire,industrie_Bourgogne-Franche-Comté,Bourgogne-Franche-Comté,71
22284,Saint-Connan,industrielle_portuaire,industrie_Bretagne,Bretagne,22
18247,Savigny-en-Septaine,industrielle_portuaire,industrie_Centre-Val de Loire,Centre-Val de Loire,18
2B010,Algajola,industrielle_portuaire,industrie_Corse,Corse,2B
57756,Xouaxange,industrielle_portuaire,industrie_Grand Est,Grand Est,57
62771,Sallaumines,industrielle_portuaire,industrie_Hauts-de-France,Hauts-de-France,62
76518,Raffetot,industrielle_portuaire,industrie_Normandie,Normandie,76
79251,Marcillé,industrielle_portuaire,industrie_Nouvelle-Aquitaine,Nouvelle-Aquitaine,79
12133,Luc-la-Primaube,industrielle_portuaire,industrie_Occitanie,Occitanie,12
72102,Courcival,industrielle_portuaire,industrie_Pays de la Loire,Pays de la Loire,72
84036,Châteauneuf-de-Gadagne,industrielle_portuaire,industrie_Provence-Alpes-Côte d'Azur,Provence-Alpes-Côte d'Azur,84
78418,Montesson,industrielle_portuaire,industrie_Île-de-France,Île-de-France,78
38540,Veurey-Voroize,industrielle_portuaire,industrie_Auvergne-Rhône-Alpes,Auvergne-Rhône-Alpes,38
89067,Cézy,industrielle_portuaire,industrie_Bourgogne-Franche-Comté,Bourgogne-Franche-Comté,89
22330,Saint-Thélo,industrielle_portuaire,industrie_Bretagne,Bretagne,22
28220,Luisant,industrielle_portuaire,industrie_Centre-Val de Loire,Centre-Val de Loire,28
2B072,Casalta,industrielle_portuaire,industrie_Corse,Corse,2B
67008,Altorf,industrielle_portuaire,industrie_Grand Est,Grand Est,67
62817,Tilloy-lès-Mofflaines,industrielle_portuaire,industrie_Hauts-de-France,Hauts-de-France,62
76684,Tancarville,industrielle_portuaire,industrie_Normandie,Normandie,76
87125,Rilhac-Rancon,industrielle_portuaire,industrie_Nouvelle-Aquitaine,Nouvelle-Aquitaine,87
30243,Saint-Christol-lez-Alès,industrielle_portuaire,industrie_Occitanie,Occitanie,30
85038,Les Brouzils,industrielle_portuaire,industrie_Pays de la Loire,Pays de la Loire,85
06147,Tourrette-Levens,industrielle_portuaire,industrie_Provence-Alpes-Côte d'Azur,Provence-Alpes-Côte d'Azur,06
91432,Morangis,industrielle_portuaire,industrie_Île-de-France,Île-de-France,91
69092,Gleizé,industrielle_portuaire,industrie_Auvergne-Rhône-Alpes,Auvergne-Rhône-Alpes,69
71189,Épervans,industrielle_portuaire,industrie_Bourgogne-Franche-Comté,Bourgogne-Franche-Comté,71
29105,Landivisiau,industrielle_portuaire,industrie_Bretagne,Bretagne,29
28394,Tréon,industrielle_portuaire,industrie_Centre-Val de Loire,Centre-Val de Loire,28
2B074,Casanova,industrielle_portuaire,industrie_Corse,Corse,2B
68297,Saint-Louis,industrielle_portuaire,industrie_Grand Est,Grand Est,68
62842,Vendin-le-Vieil,industrielle_portuaire,industrie_Hauts-de-France,Hauts-de-France,62
76366,Le Houlme,industrielle_portuaire,industrie_Normandie,Normandie,76
16150,Gensac-la-Pallue,industrielle_portuaire,industrie_Nouvelle-Aquitaine,Nouvelle-Aquitaine,16
31259,Lacroix-Falgarde,industrielle_portuaire,industrie_Occitanie,Occitanie,31
85084,Essarts-en-Bocage,industrielle_portuaire,industrie_Pays de la Loire,Pays de la Loire,85
13040,Fuveau,industrielle_portuaire,industrie_Provence-Alpes-Côte d'Azur,Provence-Alpes-Côte d'Azur,13
93015,Coubron,industrielle_portuaire,industrie_Île-de-France,Île-de-France,93
69285,Pusignan,industrielle_portuaire,industrie_Auvergne-Rhône-Alpes,Auvergne-Rhône-Alpes,69
71520,Sevrey,industrielle_portuaire,industrie_Bourgogne-Franche-Comté,Bourgogne-Franche-Comté,71
29116,Lanneuffret,industrielle_portuaire,industrie_Bretagne,Bretagne,29
37046,Céré-la-Ronde,industrielle_portuaire,industrie_Centre-Val de Loire,Centre-Val de Loire,37
2B079,Castello-di-Rostino,industrielle_portuaire,industrie_Corse,Corse,2B
51248,Fère-Champenoise,industrielle_portuaire,industrie_Grand Est,Grand Est,51
62858,Villers-lès-Cagnicourt,industrielle_portuaire,industrie_Hauts-de-France,Hauts-de-France,62
27015,Andé,industrielle_portuaire,industrie_Normandie,Normandie,27
16151,Genté,industrielle_portuaire,industrie_Nouvelle-Aquitaine,Nouvelle-Aquitaine,16
31282,Launaguet,industrielle_portuaire,industrie_Occitanie,Occitanie,31
85154,Mouilleron-Saint-Germain,industrielle_portuaire,industrie_Pays de la Loire,Pays de la Loire,85
13072,Peynier,industrielle_portuaire,industrie_Provence-Alpes-Côte d'Azur,Provence-Alpes-Côte d'Azur,13
94044,Limeil-Brévannes,industrielle_portuaire,industrie_Île-de-France,Île-de-France,94
73249,Saint-Jeoire-Prieuré,industrielle_portuaire,industrie_Auvergne-Rhône-Alpes,Auvergne-Rhône-Alpes,73
90082,Autrechêne,industrielle_portuaire,industrie_Bourgogne-Franche-Comté,Bourgogne-Franche-Comté,90
29142,Lothey,industrielle_portuaire,industrie_Bretagne,Bretagne,29
41003,Areines,industrielle_portuaire,industrie_Centre-Val de Loire,Centre-Val de Loire,41
2B105,Erbajolo,industrielle_portuaire,industrie_Corse,Corse,2B
54159,Dombasle-sur-Meurthe,industrielle_portuaire,industrie_Grand Est,Grand Est,54
80785,Vecquemont,industrielle_portuaire,industrie_Hauts-de-France,Hauts-de-France,80
50488,Saint-Jean-de-Daye,industrielle_portuaire,industrie_Normandie,Normandie,50
16167,Jarnac,industrielle_portuaire,industrie_Nouvelle-Aquitaine,Nouvelle-Aquitaine,16
31460,Roquettes,industrielle_portuaire,industrie_Occitanie,Occitanie,31
85165,L'Oie,industrielle_portuaire,industrie_Pays de la Loire,Pays de la Loire,85
04027,Bevons,industrielle_portuaire,industrie_Provence-Alpes-Côte d'Azur,Provence-Alpes-Côte d'Azur,04
95088,Bonneuil-en-France,industrielle_portuaire,industrie_Île-de-France,Île-de-France,95
01027,Balan,industrielle_portuaire,industrie_Auvergne-Rhône-Alpes,Auvergne-Rhône-Alpes,01
25237,Fesches-le-Châtel,industrielle_portuaire,industrie_Bourgogne-Franche-Comté,Bourgogne-Franche-Comté,25
29163,Pleyber-Christ,industrielle_portuaire,industrie_Bretagne,Bretagne,29
41206,Saint-Denis-sur-Loire,industrielle_portuaire,industrie_Centre-Val de Loire,Centre-Val de Loire,41
2B230,Piève,industrielle_portuaire,industrie_Corse,Corse,2B
54499,Seicheprey,industrielle_portuaire,industrie_Grand Est,Grand Est,54
59016,Armbouts-Cappel,industrielle_portuaire,industrie_Hauts-de-France,Hauts-de-France,59
76491,Ouville-l'Abbaye,industrielle_portuaire,industrie_Normandie,Normandie,76
17200,Lagord,industrielle_portuaire,industrie_Nouvelle-Aquitaine,Nouvelle-Aquitaine,17
65100,Bordères-sur-l'Échez,industrielle_portuaire,industrie_Occitanie,Occitanie,65
85186,La Rabatelière,industrielle_portuaire,industrie_Pays de la Loire,Pays de la Loire,85
13119,Carnoux-en-Provence,industrielle_portuaire,industrie_Provence-Alpes-Côte d'Azur,Provence-Alpes-Côte d'Azur,13
95176,Cormeilles-en-Parisis,industrielle_portuaire,industrie_Île-de-France,Île-de-France,95
38158,Eybens,industrielle_portuaire,industrie_Auvergne-Rhône-Alpes,Auvergne-Rhône-Alpes,38
25429,Novillars,industrielle_portuaire,industrie_Bourgogne-Franche-Comté,Bourgogne-Franche-Comté,25
29233,Quimperlé,industrielle_portuaire,industrie_Bretagne,Bretagne,29
45018,Auxy,industrielle_portuaire,industrie_Centre-Val de Loire,Centre-Val de Loire,45
2B265,Rutali,industrielle_portuaire,industrie_Corse,Corse,2B
57050,Barchain,industrielle_portuaire,industrie_Grand Est,Grand Est,57
59449,Orchies,industrielle_portuaire,industrie_Hauts-de-France,Hauts-de-France,59
76508,La Poterie-Cap-d'Antifer,industrielle_portuaire,industrie_Normandie,Normandie,76
24145,Creysse,industrielle_portuaire,industrie_Nouvelle-Aquitaine,Nouvelle-Aquitaine,24
65127,Capvern,industrielle_portuaire,industrie_Occitanie,Occitanie,65
85197,Montréverd,industrielle_portuaire,industrie_Pays de la Loire,Pays de la Loire,85
83076,Mazaugues,industrielle_portuaire,industrie_Provence-Alpes-Côte d'Azur,Provence-Alpes-Côte d'Azur,83
95598,Soisy-sous-Montmorency,industrielle_portuaire,industrie_Île-de-France,Île-de-France,95
38169,Fontaine,industrielle_portuaire,industrie_Auvergne-Rhône-Alpes,Auvergne-Rhône-Alpes,38
39030,Authume,industrielle_portuaire,industrie_Bourgogne-Franche-Comté,Bourgogne-Franche-Comté,39
29275,Scrignac,industrielle_portuaire,industrie_Bretagne,Bretagne,29
45037,Boisseaux,industrielle_portuaire,industrie_Centre-Val de Loire,Centre-Val de Loire,45
2B267,Saliceto,industrielle_portuaire,industrie_Corse,Corse,2B
57101,Bousbach,industrielle_portuaire,industrie_Grand Est,Grand Est,57
59486,Râches,industrielle_portuaire,industrie_Hauts-de-France,Hauts-de-France,59
76556,Saint-Antoine-la-Forêt,industrielle_portuaire,industrie_Normandie,Normandie,76
24228,Lanquais,industrielle_portuaire,industrie_Nouvelle-Aquitaine,Nouvelle-Aquitaine,24
31230,Gratentour,industrielle_portuaire,industrie_Occitanie,Occitanie,31
44095,La Meilleraye-de-Bretagne,industrielle_portuaire,industrie_Pays de la Loire,Pays de la Loire,44
84096,Rasteau,industrielle_portuaire,industrie_Provence-Alpes-Côte d'Azur,Provence-Alpes-Côte d'Azur,84
75102,Paris 2e Arrondissement,industrielle_portuaire,industrie_Île-de-France,Île-de-France,75
38189,Heyrieux,industrielle_portuaire,industrie_Auvergne-Rhône-Alpes,Auvergne-Rhône-Alpes,38
39078,Brevans,industrielle_portuaire,industrie_Bourgogne-Franche-Comté,Bourgogne-Franche-Comté,39
35018,La Bazouge-du-Désert,industrielle_portuaire,industrie_Bretagne,Bretagne,35
45089,Chécy,industrielle_portuaire,industrie_Centre-Val de Loire,Centre-Val de Loire,45
2B290,Speloncato,industrielle_portuaire,industrie_Corse,Corse,2B
57102,Bousse,industrielle_portuaire,industrie_Grand Est,Grand Est,57
59492,Ramillies,industrielle_portuaire,industrie_Hauts-de-France,Hauts-de-France,59
14039,Barbery,industrielle_portuaire,industrie_Normandie,Normandie,14
33104,Castelnau-de-Médoc,industrielle_portuaire,industrie_Nouvelle-Aquitaine,Nouvelle-Aquitaine,33
34298,Sauvian,industrielle_portuaire,industrie_Occitanie,Occitanie,34
44222,La Roche-Blanche,industrielle_portuaire,industrie_Pays de la Loire,Pays de la Loire,44
04152,Pierrevert,industrielle_portuaire,industrie_Provence-Alpes-Côte d'Azur,Provence-Alpes-Côte d'Azur,04
75104,Paris 4e Arrondissement,industrielle_portuaire,industrie_Île-de-France,Île-de-France,75
38486,Seyssins,industrielle_portuaire,industrie_Auvergne-Rhône-Alpes,Auvergne-Rhône-Alpes,38
39462,Rochefort-sur-Nenon,industrielle_portuaire,industrie_Bourgogne-Franche-Comté,Bourgogne-Franche-Comté,39
35023,Bédée,industrielle_portuaire,industrie_Bretagne,Bretagne,35
45160,Greneville-en-Beauce,industrielle_portuaire,industrie_Centre-Val de Loire,Centre-Val de Loire,45
2B306,Santa-Lucia-di-Mercurio,industrielle_portuaire,industrie_Corse,Corse,2B
57193,Ennery,industrielle_portuaire,industrie_Grand Est,Grand Est,57
60006,Les Ageux,industrielle_portuaire,industrie_Hauts-de-France,Hauts-de-France,60
14341,Ifs,industrielle_portuaire,industrie_Normandie,Normandie,14
33211,Labarde,industrielle_portuaire,industrie_Nouvelle-Aquitaine,Nouvelle-Aquitaine,33
11353,Saint-Marcel-sur-Aude,industrielle_portuaire,industrie_Occitanie,Occitanie,11
53209,Saint-Cyr-le-Gravelais,industrielle_portuaire,industrie_Pays de la Loire,Pays de la Loire,53
06048,Contes,industrielle_portuaire,industrie_Provence-Alpes-Côte d'Azur,Provence-Alpes-Côte d'Azur,06
77211,Grandpuits-Bailly-Carrois,industrielle_portuaire,industrie_Île-de-France,Île-de-France,77
38553,Villefontaine,industrielle_portuaire,industrie_Auvergne-Rhône-Alpes,Auvergne-Rhône-Alpes,38
71117,Châtenoy-en-Bresse,industrielle_portuaire,industrie_Bourgogne-Franche-Comté,Bourgogne-Franche-Comté,71
35314,Saint-Suliac,industrielle_portuaire,industrie_Bretagne,Bretagne,35
45258,Puiseaux,industrielle_portuaire,industrie_Centre-Val de Loire,Centre-Val de Loire,45
2A048,Calcatoggio,industrielle_portuaire,industrie_Corse,Corse,2A
57283,Hagondange,industrielle_portuaire,industrie_Grand Est,Grand Est,57
60670,Verneuil-en-Halatte,industrielle_portuaire,industrie_Hauts-de-France,Hauts-de-France,60
27440,Notre-Dame-de-l'Isle,industrielle_portuaire,industrie_Normandie,Normandie,27
33554,Yvrac,industrielle_portuaire,industrie_Nouvelle-Aquitaine,Nouvelle-Aquitaine,33
11391,La Tourette-Cabardès,industrielle_portuaire,industrie_Occitanie,Occitanie,11
72129,Fatines,industrielle_portuaire,industrie_Pays de la Loire,Pays de la Loire,72
84054,L'Isle-sur-la-Sorgue,industrielle_portuaire,industrie_Provence-Alpes-Côte d'Azur,Provence-Alpes-Côte d'Azur,84
77291,Le Mesnil-Amelot,industrielle_portuaire,industrie_Île-de-France,Île-de-France,77
26379,Granges-les-Beaumont,industrielle_portuaire,industrie_Auvergne-Rhône-Alpes,Auvergne-Rhône-Alpes,26
71412,Saint-Eusèbe,industrielle_portuaire,industrie_Bourgogne-Franche-Comté,Bourgogne-Franche-Comté,71
56184,Questembert,industrielle_portuaire,industrie_Bretagne,Bretagne,56
28219,Luigny,industrielle_portuaire,industrie_Centre-Val de Loire,Centre-Val de Loire,28
2A090,Coggia,industrielle_portuaire,industrie_Corse,Corse,2A
57368,Knutange,industrielle_portuaire,industrie_Grand Est,Grand Est,57
62321,Évin-Malmaison,industrielle_portuaire,industrie_Hauts-de-France,Hauts-de-France,62
27528,Le Vaudreuil,industrielle_portuaire,industrie_Normandie,Normandie,27
40178,Mazerolles,industrielle_portuaire,industrie_Nouvelle-Aquitaine,Nouvelle-Aquitaine,40
30258,Saint-Gilles,industrielle_portuaire,industrie_Occitanie,Occitanie,30
72133,Fillé,industrielle_portuaire,industrie_Pays de la Loire,Pays de la Loire,72
84055,Jonquerettes,industrielle_portuaire,industrie_Provence-Alpes-Côte d'Azur,Provence-Alpes-Côte d'Azur,84
77475,Trilport,industrielle_portuaire,industrie_Île-de-France,Île-de-France,77
38190,Hières-sur-Amby,industrielle_portuaire,industrie_Auvergne-Rhône-Alpes,Auvergne-Rhône-Alpes,38
71540,Torcy,industrielle_portuaire,industrie_Bourgogne-Franche-Comté,Bourgogne-Franche-Comté,71
56207,Saint-Barthélemy,industrielle_portuaire,industrie_Bretagne,Bretagne,56
28344,Saint-Léger-des-Aubées,industrielle_portuaire,industrie_Centre-Val de Loire,Centre-Val de Loire,28
2A114,Figari,industrielle_portuaire,industrie_Corse,Corse,2A
57491,Moyeuvre-Grande,industrielle_portuaire,industrie_Grand Est,Grand Est,57
62427,Hénin-Beaumont,industrielle_portuaire,industrie_Hauts-de-France,Hauts-de-France,62
76039,Les Authieux-sur-le-Port-Saint-Ouen,industrielle_portuaire,industrie_Normandie,Normandie,76
47117,Hautefage-la-Tour,industrielle_portuaire,industrie_Nouvelle-Aquitaine,Nouvelle-Aquitaine,47
31157,Cugnaux,industrielle_portuaire,industrie_Occitanie,Occitanie,31
72196,Mézières-sur-Ponthouin,industrielle_portuaire,industrie_Pays de la Loire,Pays de la Loire,72
84080,Monteux,industrielle_portuaire,industrie_Provence-Alpes-Côte d'Azur,Provence-Alpes-Côte d'Azur,84
78402,Mézières-sur-Seine,industrielle_portuaire,industrie_Île-de-France,Île-de-France,78
38431,Saint-Nazaire-les-Eymes,industrielle_portuaire,industrie_Auvergne-Rhône-Alpes,Auvergne-Rhône-Alpes,38
89268,Mont-Saint-Sulpice,industrielle_portuaire,industrie_Bourgogne-Franche-Comté,Bourgogne-Franche-Comté,89
22061,Glomel,industrielle_portuaire,industrie_Bretagne,Bretagne,22
45062,Cercottes,industrielle_portuaire,industrie_Centre-Val de Loire,Centre-Val de Loire,45
2A181,Ocana,industrielle_portuaire,industrie_Corse,Corse,2A
68020,Bantzenheim,industrielle_portuaire,industrie_Grand Est,Grand Est,68
62480,Labourse,industrielle_portuaire,industrie_Hauts-de-France,Hauts-de-France,62
76274,La Fontelaye,industrielle_portuaire,industrie_Normandie,Normandie,76
47310,Tonneins,industrielle_portuaire,industrie_Nouvelle-Aquitaine,Nouvelle-Aquitaine,47
31186,Fonbeauzard,industrielle_portuaire,industrie_Occitanie,Occitanie,31
72264,Sablé-sur-Sarthe,industrielle_portuaire,industrie_Pays de la Loire,Pays de la Loire,72
06021,Bonson,industrielle_portuaire,industrie_Provence-Alpes-Côte d'Azur,Provence-Alpes-Côte d'Azur,06
93061,Le Pré-Saint-Gervais,industrielle_portuaire,industrie_Île-de-France,Île-de-France,93
42305,La Talaudière,industrielle_portuaire,industrie_Auvergne-Rhône-Alpes,Auvergne-Rhône-Alpes,42
21106,Bretenière,industrielle_portuaire,industrie_Bourgogne-Franche-Comté,Bourgogne-Franche-Comté,21
22075,Hémonstoir,industrielle_portuaire,industrie_Bretagne,Bretagne,22
28051,Bonneval,industrielle_portuaire,industrie_Centre-Val de Loire,Centre-Val de Loire,28
2A254,Quenza,industrielle_portuaire,industrie_Corse,Corse,2A
68064,Chalampé,industrielle_portuaire,industrie_Grand Est,Grand Est,68
62782,Saudemont,industrielle_portuaire,industrie_Hauts-de-France,Hauts-de-France,62
27022,Le Val d'Hazey,industrielle_portuaire,industrie_Normandie,Normandie,27
87076,Jabreilles-les-Bordes,industrielle_portuaire,industrie_Nouvelle-Aquitaine,Nouvelle-Aquitaine,87
31446,Ramonville-Saint-Agne,industrielle_portuaire,industrie_Occitanie,Occitanie,31
85005,Antigny,industrielle_portuaire,industrie_Pays de la Loire,Pays de la Loire,85
06039,Châteauneuf-Villevieille,industrielle_portuaire,industrie_Provence-Alpes-Côte d'Azur,Provence-Alpes-Côte d'Azur,06
95250,Fosses,industrielle_portuaire,industrie_Île-de-France,Île-de-France,95
42323,Veauche,industrielle_portuaire,industrie_Auvergne-Rhône-Alpes,Auvergne-Rhône-Alpes,42
21320,Izier,industrielle_portuaire,industrie_Bourgogne-Franche-Comté,Bourgogne-Franche-Comté,21
22157,Le Moustoir,industrielle_portuaire,industrie_Bretagne,Bretagne,22
28110,Le Coudray,industrielle_portuaire,industrie_Centre-Val de Loire,Centre-Val de Loire,28
2B050,Calvi,industrielle_portuaire,industrie_Corse,Corse,2B
88155,Domvallier,industrielle_portuaire,industrie_Grand Est,Grand Est,88
80542,Mesnil-Saint-Nicaise,industrielle_portuaire,industrie_Hauts-de-France,Hauts-de-France,80
27113,Brétigny,industrielle_portuaire,industrie_Normandie,Normandie,27
16018,Ars,industrielle_portuaire,industrie_Nouvelle-Aquitaine,Nouvelle-Aquitaine,16
32291,Mormès,industrielle_portuaire,industrie_Occitanie,Occitanie,32
44065,Grand-Auverné,industrielle_portuaire,industrie_Pays de la Loire,Pays de la Loire,44
06060,Falicon,industrielle_portuaire,industrie_Provence-Alpes-Côte d'Azur,Provence-Alpes-Côte d'Azur,06
95306,Herblay-sur-Seine,industrielle_portuaire,industrie_Île-de-France,Île-de-France,95
43190,Saint-Germain-Laprade,industrielle_portuaire,industrie_Auvergne-Rhône-Alpes,Auvergne-Rhône-Alpes,43
21376,Marandeuil,industrielle_portuaire,industrie_Bourgogne-Franche-Comté,Bourgogne-Franche-Comté,21
22227,Plounérin,industrielle_portuaire,industrie_Bretagne,Bretagne,22
28117,Crécy-Couvé,industrielle_portuaire,industrie_Centre-Val de Loire,Centre-Val de Loire,28
2B078,Castellare-di-Mercurio,industrielle_portuaire,industrie_Corse,Corse,2B
51118,Champigny,industrielle_portuaire,industrie_Grand Est,Grand Est,51
02359,Grugies,industrielle_portuaire,industrie_Hauts-de-France,Hauts-de-France,02
27322,La Haye-Malherbe,industrielle_portuaire,industrie_Normandie,Normandie,27
16056,Bourg-Charente,industrielle_portuaire,industrie_Nouvelle-Aquitaine,Nouvelle-Aquitaine,16
65159,Escala,industrielle_portuaire,industrie_Occitanie,Occitanie,65
44180,Vallons-de-l'Erdre,industrielle_portuaire,industrie_Pays de la Loire,Pays de la Loire,44
83127,Signes,industrielle_portuaire,industrie_Provence-Alpes-Côte d'Azur,Provence-Alpes-Côte d'Azur,83
95351,Louvres,industrielle_portuaire,industrie_Île-de-France,Île-de-France,95
69027,Brignais,industrielle_portuaire,industrie_Auvergne-Rhône-Alpes,Auvergne-Rhône-Alpes,69
25020,Arbouans,industrielle_portuaire,industrie_Bourgogne-Franche-Comté,Bourgogne-Franche-Comté,25
22351,Treffrin,industrielle_portuaire,industrie_Bretagne,Bretagne,22
45022,Batilly-en-Gâtinais,industrielle_portuaire,industrie_Centre-Val de Loire,Centre-Val de Loire,45
2B168,Monticello,industrielle_portuaire,industrie_Corse,Corse,2B
54280,Jœuf,industrielle_portuaire,industrie_Grand Est,Grand Est,54
02468,Marle,industrielle_portuaire,industrie_Hauts-de-France,Hauts-de-France,02
27331,Heubécourt-Haricourt,industrielle_portuaire,industrie_Normandie,Normandie,27
17147,Écoyeux,industrielle_portuaire,industrie_Nouvelle-Aquitaine,Nouvelle-Aquitaine,17
65340,Orleix,industrielle_portuaire,industrie_Occitanie,Occitanie,65
49129,Écouflant,industrielle_portuaire,industrie_Pays de la Loire,Pays de la Loire,49
83132,Solliès-Ville,industrielle_portuaire,industrie_Provence-Alpes-Côte d'Azur,Provence-Alpes-Côte d'Azur,83
75101,Paris 1er Arrondissement,industrielle_portuaire,industrie_Île-de-France,Île-de-France,75
69118,Loire-sur-Rhône,industrielle_portuaire,industrie_Auvergne-Rhône-Alpes,Auvergne-Rhône-Alpes,69
70134,Chariez,industrielle_portuaire,industrie_Bourgogne-Franche-Comté,Bourgogne-Franche-Comté,70
29018,Brennilis,industrielle_portuaire,industrie_Bretagne,Bretagne,29
45181,Léouville,industrielle_portuaire,industrie_Centre-Val de Loire,Centre-Val de Loire,45
2B280,Silvareccio,industrielle_portuaire,industrie_Corse,Corse,2B
54296,Laneuvelotte,industrielle_portuaire,industrie_Grand Est,Grand Est,54
02780,Venizel,industrielle_portuaire,industrie_Hauts-de-France,Hauts-de-France,02
27468,Pont-Authou,industrielle_portuaire,industrie_Normandie,Normandie,27
24335,Port-Sainte-Foy-et-Ponchapt,industrielle_portuaire,industrie_Nouvelle-Aquitaine,Nouvelle-Aquitaine,24
11150,Fontiers-Cabardès,industrielle_portuaire,industrie_Occitanie,Occitanie,11
53046,Le Buret,industrielle_portuaire,industrie_Pays de la Loire,Pays de la Loire,53
84081,Morières-lès-Avignon,industrielle_portuaire,industrie_Provence-Alpes-Côte d'Azur,Provence-Alpes-Côte d'Azur,84
77384,Réau,industrielle_portuaire,industrie_Île-de-France,Île-de-France,77
69275,Décines-Charpieu,industrielle_portuaire,industrie_Auvergne-Rhône-Alpes,Auvergne-Rhône-Alpes,69
89391,Sergines,industrielle_portuaire,industrie_Bourgogne-Franche-Comté,Bourgogne-Franche-Comté,89
29024,Carhaix-Plouguer,industrielle_portuaire,industrie_Bretagne,Bretagne,29
45202,Messas,industrielle_portuaire,industrie_Centre-Val de Loire,Centre-Val de Loire,45
2B292,Sant'Andréa-di-Bozio,industrielle_portuaire,industrie_Corse,Corse,2B
54439,Pulnoy,industrielle_portuaire,industrie_Grand Est,Grand Est,54
59103,Boussières-sur-Sambre,industrielle_portuaire,industrie_Hauts-de-France,Hauts-de-France,59
27539,Saint-Étienne-sous-Bailleul,industrielle_portuaire,industrie_Normandie,Normandie,27
64367,Maslacq,industrielle_portuaire,industrie_Nouvelle-Aquitaine,Nouvelle-Aquitaine,64
12137,Manhac,industrielle_portuaire,industrie_Occitanie,Occitanie,12
53097,Évron,industrielle_portuaire,industrie_Pays de la Loire,Pays de la Loire,53
84106,Sainte-Cécile-les-Vignes,industrielle_portuaire,industrie_Provence-Alpes-Côte d'Azur,Provence-Alpes-Côte d'Azur,84
78396,Le Mesnil-le-Roi,industrielle_portuaire,industrie_Île-de-France,Île-de-France,78
69294,Sérézin-du-Rhône,industrielle_portuaire,industrie_Auvergne-Rhône-Alpes,Auvergne-Rhône-Alpes,69
90055,Grosne,industrielle_portuaire,industrie_Bourgogne-Franche-Comté,Bourgogne-Franche-Comté,90
29053,Le Faou,industrielle_portuaire,industrie_Bretagne,Bretagne,29
45203,Meung-sur-Loire,industrielle_portuaire,industrie_Centre-Val de Loire,Centre-Val de Loire,45
2B302,San-Giovanni-di-Moriani,industrielle_portuaire,industrie_Corse,Corse,2B
57265,Guébestroff,industrielle_portuaire,industrie_Grand Est,Grand Est,57
59328,Lambersart,industrielle_portuaire,industrie_Hauts-de-France,Hauts-de-France,59
27616,La Saussaye,industrielle_portuaire,industrie_Normandie,Normandie,27
64460,Précilhon,industrielle_portuaire,industrie_Nouvelle-Aquitaine,Nouvelle-Aquitaine,64
30042,Boisset-et-Gaujac,industrielle_portuaire,industrie_Occitanie,Occitanie,30
72104,Courgains,industrielle_portuaire,industrie_Pays de la Loire,Pays de la Loire,72
06149,La Trinité,industrielle_portuaire,industrie_Provence-Alpes-Côte d'Azur,Provence-Alpes-Côte d'Azur,06
78644,La Verrière,industrielle_portuaire,industrie_Île-de-France,Île-de-France,78
73224,Saint-Avre,industrielle_portuaire,industrie_Auvergne-Rhône-Alpes,Auvergne-Rhône-Alpes,73
21292,Genlis,industrielle_portuaire,industrie_Bourgogne-Franche-Comté,Bourgogne-Franche-Comté,21
29106,Landrévarzec,industrielle_portuaire,industrie_Bretagne,Bretagne,29
45238,Ousson-sur-Loire,industrielle_portuaire,industrie_Centre-Val de Loire,Centre-Val de Loire,45
2B305,San-Martino-di-Lota,industrielle_portuaire,industrie_Corse,Corse,2B
57377,Landange,industrielle_portuaire,industrie_Grand Est,Grand Est,57
59383,Marly,industrielle_portuaire,industrie_Hauts-de-France,Hauts-de-France,59
61264,Ménil-Froger,industrielle_portuaire,industrie_Normandie,Normandie,61
16243,Nercillac,industrielle_portuaire,industrie_Nouvelle-Aquitaine,Nouvelle-Aquitaine,16
31161,Deyme,industrielle_portuaire,industrie_Occitanie,Occitanie,31
72280,Saint-Georges-du-Bois,industrielle_portuaire,industrie_Pays de la Loire,Pays de la Loire,72
13031,La Destrousse,industrielle_portuaire,industrie_Provence-Alpes-Côte d'Azur,Provence-Alpes-Côte d'Azur,13
91332,Leudeville,industrielle_portuaire,industrie_Île-de-France,Île-de-France,91
73320,Villargondran,industrielle_portuaire,industrie_Auvergne-Rhône-Alpes,Auvergne-Rhône-Alpes,73
21684,Vignoles,industrielle_portuaire,industrie_Bourgogne-Franche-Comté,Bourgogne-Franche-Comté,21
29148,Mespaul,industrielle_portuaire,industrie_Bretagne,Bretagne,29
45281,Saint-Hilaire-les-Andrésis,industrielle_portuaire,industrie_Centre-Val de Loire,Centre-Val de Loire,45
2B329,Tralonca,industrielle_portuaire,industrie_Corse,Corse,2B
57554,Pournoy-la-Grasse,industrielle_portuaire,industrie_Grand Est,Grand Est,57
59475,Prouvy,industrielle_portuaire,industrie_Hauts-de-France,Hauts-de-France,59
76092,Beuzevillette,industrielle_portuaire,industrie_Normandie,Normandie,76
16304,Saint-Brice,industrielle_portuaire,industrie_Nouvelle-Aquitaine,Nouvelle-Aquitaine,16
31198,Le Fréchet,industrielle_portuaire,industrie_Occitanie,Occitanie,31
72300,Saint-Mars-la-Brière,industrielle_portuaire,industrie_Pays de la Loire,Pays de la Loire,72
13061,Saint-Pierre-de-Mézoargues,industrielle_portuaire,industrie_Provence-Alpes-Côte d'Azur,Provence-Alpes-Côte d'Azur,13
91648,Vert-le-Grand,industrielle_portuaire,industrie_Île-de-France,Île-de-France,91
01285,Parcieux,industrielle_portuaire,industrie_Auvergne-Rhône-Alpes,Auvergne-Rhône-Alpes,01
25188,Dambenois,industrielle_portuaire,industrie_Bourgogne-Franche-Comté,Bourgogne-Franche-Comté,25
29180,Ploudiry,industrielle_portuaire,industrie_Bretagne,Bretagne,29
45294,Saint-Michel,industrielle_portuaire,industrie_Centre-Val de Loire,Centre-Val de Loire,45
2B335,Valle-di-Campoloro,industrielle_portuaire,industrie_Corse,Corse,2B
57708,Verny,industrielle_portuaire,industrie_Grand Est,Grand Est,57
59507,Ronchin,industrielle_portuaire,industrie_Hauts-de-France,Hauts-de-France,59
76343,Haucourt,industrielle_portuaire,industrie_Normandie,Normandie,76
16330,Saint-Laurent-de-Cognac,industrielle_portuaire,industrie_Nouvelle-Aquitaine,Nouvelle-Aquitaine,16
34039,Bouzigues,industrielle_portuaire,industrie_Occitanie,Occitanie,34
85040,La Caillère-Saint-Hilaire,industrielle_portuaire,industrie_Pays de la Loire,Pays de la Loire,85
13076,Plan-d'Orgon,industrielle_portuaire,industrie_Provence-Alpes-Côte d'Azur,Provence-Alpes-Côte d'Azur,13
95060,Bessancourt,industrielle_portuaire,industrie_Île-de-France,Île-de-France,95
26143,Le Grand-Serre,industrielle_portuaire,industrie_Auvergne-Rhône-Alpes,Auvergne-Rhône-Alpes,26
25428,Nommay,industrielle_portuaire,industrie_Bourgogne-Franche-Comté,Bourgogne-Franche-Comté,25
29181,Plouédern,industrielle_portuaire,industrie_Bretagne,Bretagne,29
45313,Sougy,industrielle_portuaire,industrie_Centre-Val de Loire,Centre-Val de Loire,45
2A129,Grossa,industrielle_portuaire,industrie_Corse,Corse,2A
67205,Hœrdt,industrielle_portuaire,industrie_Grand Est,Grand Est,67
59532,Saint-Georges-sur-l'Aa,industrielle_portuaire,industrie_Hauts-de-France,Hauts-de-France,59
14160,Cintheaux,industrielle_portuaire,industrie_Normandie,Normandie,14
17198,Juicq,industrielle_portuaire,industrie_Nouvelle-Aquitaine,Nouvelle-Aquitaine,17
65072,Bazet,industrielle_portuaire,industrie_Occitanie,Occitanie,65
85059,La Châtaigneraie,industrielle_portuaire,industrie_Pays de la Loire,Pays de la Loire,85
83033,Carnoules,industrielle_portuaire,industrie_Provence-Alpes-Côte d'Azur,Provence-Alpes-Côte d'Azur,83
95211,Ennery,industrielle_portuaire,industrie_Île-de-France,Île-de-France,95
38114,Clonas-sur-Varèze,industrielle_portuaire,industrie_Auvergne-Rhône-Alpes,Auvergne-Rhône-Alpes,38
25560,Thise,industrielle_portuaire,industrie_Bourgogne-Franche-Comté,Bourgogne-Franche-Comté,25
29204,Plounéventer,industrielle_portuaire,industrie_Bretagne,Bretagne,29
28313,Réclainville,industrielle_portuaire,industrie_Centre-Val de Loire,Centre-Val de Loire,28
2A191,Olmiccia,industrielle_portuaire,industrie_Corse,Corse,2A
67519,La Wantzenau,industrielle_portuaire,industrie_Grand Est,Grand Est,67
59648,Wattignies,industrielle_portuaire,industrie_Hauts-de-France,Hauts-de-France,59
14408,Saint-Martin-de-May,industrielle_portuaire,industrie_Normandie,Normandie,14
33314,Pauillac,industrielle_portuaire,industrie_Nouvelle-Aquitaine,Nouvelle-Aquitaine,33
81119,Laboutarie,industrielle_portuaire,industrie_Occitanie,Occitanie,81
85182,Pouzauges,industrielle_portuaire,industrie_Pays de la Loire,Pays de la Loire,85
83086,Le Muy,industrielle_portuaire,industrie_Provence-Alpes-Côte d'Azur,Provence-Alpes-Côte d'Azur,83
95288,Groslay,industrielle_portuaire,industrie_Île-de-France,Île-de-France,95
42265,Saint-Michel-sur-Rhône,industrielle_portuaire,industrie_Auvergne-Rhône-Alpes,Auvergne-Rhône-Alpes,42
39043,Beaufort-Orbagna,industrielle_portuaire,industrie_Bourgogne-Franche-Comté,Bourgogne-Franche-Comté,39
29244,Saint-Derrien,industrielle_portuaire,industrie_Bretagne,Bretagne,29
37099,Druye,industrielle_portuaire,industrie_Centre-Val de Loire,Centre-Val de Loire,37
2A240,Poggiolo,industrielle_portuaire,industrie_Corse,Corse,2A
10173,Isle-Aumont,industrielle_portuaire,industrie_Grand Est,Grand Est,10
60382,Margny-lès-Compiègne,industrielle_portuaire,industrie_Hauts-de-France,Hauts-de-France,60
14456,Moult-Chicheboville,industrielle_portuaire,industrie_Normandie,Normandie,14
47040,Brax,industrielle_portuaire,industrie_Nouvelle-Aquitaine,Nouvelle-Aquitaine,47
11413,Villardonnel,industrielle_portuaire,industrie_Occitanie,Occitanie,11
85245,Saint-Martin-des-Fontaines,industrielle_portuaire,industrie_Pays de la Loire,Pays de la Loire,85
83090,Ollioules,industrielle_portuaire,industrie_Provence-Alpes-Côte d'Azur,Provence-Alpes-Côte d'Azur,83
78683,Villiers-Saint-Frédéric,industrielle_portuaire,industrie_Île-de-France,Île-de-France,78
42327,Vérin,industrielle_portuaire,industrie_Auvergne-Rhône-Alpes,Auvergne-Rhône-Alpes,42
70245,Fougerolles-Saint-Valbert,industrielle_portuaire,industrie_Bourgogne-Franche-Comté,Bourgogne-Franche-Comté,70
29247,Saint-Évarzec,industrielle_portuaire,industrie_Bretagne,Bretagne,29
37240,Saunay,industrielle_portuaire,industrie_Centre-Val de Loire,Centre-Val de Loire,37
2A262,Rosazia,industrielle_portuaire,industrie_Corse,Corse,2A
10334,Saint-Aubin,industrielle_portuaire,industrie_Grand Est,Grand Est,10
60463,Nogent-sur-Oise,industrielle_portuaire,industrie_Hauts-de-France,Hauts-de-France,60
27097,Bouafles,industrielle_portuaire,industrie_Normandie,Normandie,27
64007,Agnos,industrielle_portuaire,industrie_Nouvelle-Aquitaine,Nouvelle-Aquitaine,64
31247,Labarthe-Rivière,industrielle_portuaire,industrie_Occitanie,Occitanie,31
44036,Châteaubriant,industrielle_portuaire,industrie_Pays de la Loire,Pays de la Loire,44
04149,Peyruis,industrielle_portuaire,industrie_Provence-Alpes-Côte d'Azur,Provence-Alpes-Côte d'Azur,04
91573,Saint-Pierre-du-Perray,industrielle_portuaire,industrie_Île-de-France,Île-de-France,91
63229,Moissat,industrielle_portuaire,industrie_Auvergne-Rhône-Alpes,Auvergne-Rhône-Alpes,63
70429,Pusy-et-Épenoux,industrielle_portuaire,industrie_Bourgogne-Franche-Comté,Bourgogne-Franche-Comté,70
29260,Saint-Renan,industrielle_portuaire,industrie_Bretagne,Bretagne,29
41060,Cormenon,industrielle_portuaire,industrie_Centre-Val de Loire,Centre-Val de Loire,41
2A278,Serra-di-Scopamène,industrielle_portuaire,industrie_Corse,Corse,2A
51268,Germinon,industrielle_portuaire,industrie_Grand Est,Grand Est,51
60464,Nointel,industrielle_portuaire,industrie_Hauts-de-France,Hauts-de-France,60
27152,Château-sur-Epte,industrielle_portuaire,industrie_Normandie,Normandie,27
64535,Tarsacq,industrielle_portuaire,industrie_Nouvelle-Aquitaine,Nouvelle-Aquitaine,64
31411,Pechbusque,industrielle_portuaire,industrie_Occitanie,Occitanie,31
49269,Saint-Christophe-du-Bois,industrielle_portuaire,industrie_Pays de la Loire,Pays de la Loire,49
06090,Pégomas,industrielle_portuaire,industrie_Provence-Alpes-Côte d'Azur,Provence-Alpes-Côte d'Azur,06
77157,Dhuisy,industrielle_portuaire,industrie_Île-de-France,Île-de-France,77
69087,Fontaines-Saint-Martin,industrielle_portuaire,industrie_Auvergne-Rhône-Alpes,Auvergne-Rhône-Alpes,69
71543,Tournus,industrielle_portuaire,industrie_Bourgogne-Franche-Comté,Bourgogne-Franche-Comté,71
29265,Sainte-Sève,industrielle_portuaire,industrie_Bretagne,Bretagne,29
41138,Meslay,industrielle_portuaire,industrie_Centre-Val de Loire,Centre-Val de Loire,41
2A285,Sorbollano,industrielle_portuaire,industrie_Corse,Corse,2A
51359,Mécringes,industrielle_portuaire,industrie_Grand Est,Grand Est,51
62126,Beuvry,industrielle_portuaire,industrie_Hauts-de-France,Hauts-de-France,62
27351,Incarville,industrielle_portuaire,industrie_Normandie,Normandie,27
79003,Aiffres,industrielle_portuaire,industrie_Nouvelle-Aquitaine,Nouvelle-Aquitaine,79
32045,Berdoues,industrielle_portuaire,industrie_Occitanie,Occitanie,32
72078,Chérancé,industrielle_portuaire,industrie_Pays de la Loire,Pays de la Loire,72
06108,La Roquette-sur-Siagne,industrielle_portuaire,industrie_Provence-Alpes-Côte d'Azur,Provence-Alpes-Côte d'Azur,06
77408,Saint-Fiacre,industrielle_portuaire,industrie_Île-de-France,Île-de-France,77
73181,Moûtiers,industrielle_portuaire,industrie_Auvergne-Rhône-Alpes,Auvergne-Rhône-Alpes,73
89274,Nailly,industrielle_portuaire,industrie_Bourgogne-Franche-Comté,Bourgogne-Franche-Comté,89
29267,Saint-Thois,industrielle_portuaire,industrie_Bretagne,Bretagne,29
45020,Le Bardon,industrielle_portuaire,industrie_Centre-Val de Loire,Centre-Val de Loire,45
2A322,Tasso,industrielle_portuaire,industrie_Corse,Corse,2A
54269,Hudiviller,industrielle_portuaire,industrie_Grand Est,Grand Est,54
62391,Guarbecque,industrielle_portuaire,industrie_Hauts-de-France,Hauts-de-France,62
76005,Amfreville-la-Mi-Voie,industrielle_portuaire,industrie_Normandie,Normandie,76
87016,Les Billanges,industrielle_portuaire,industrie_Nouvelle-Aquitaine,Nouvelle-Aquitaine,87
65245,Lagrange,industrielle_portuaire,industrie_Occitanie,Occitanie,65
72149,Joué-en-Charnie,industrielle_portuaire,industrie_Pays de la Loire,Pays de la Loire,72
06155,Vallauris,industrielle_portuaire,industrie_Provence-Alpes-Côte d'Azur,Provence-Alpes-Côte d'Azur,06
77426,Saint-Méry,industrielle_portuaire,industrie_Île-de-France,Île-de-France,77
73189,Notre-Dame-du-Cruet,industrielle_portuaire,industrie_Auvergne-Rhône-Alpes,Auvergne-Rhône-Alpes,73
89461,Villeneuve-l'Archevêque,industrielle_portuaire,industrie_Bourgogne-Franche-Comté,Bourgogne-Franche-Comté,89
29297,Tréméven,industrielle_portuaire,industrie_Bretagne,Bretagne,29
45024,Baule,industrielle_portuaire,industrie_Centre-Val de Loire,Centre-Val de Loire,45
2A324,Tavera,industrielle_portuaire,industrie_Corse,Corse,2A
54542,Valleroy,industrielle_portuaire,industrie_Grand Est,Grand Est,54
02041,Autreville,industrielle_portuaire,industrie_Hauts-de-France,Hauts-de-France,02
76103,Bonsecours,industrielle_portuaire,industrie_Normandie,Normandie,76
16200,Maine-de-Boixe,industrielle_portuaire,industrie_Nouvelle-Aquitaine,Nouvelle-Aquitaine,16
65417,Séméac,industrielle_portuaire,industrie_Occitanie,Occitanie,65
72201,Moncé-en-Saosnois,industrielle_portuaire,industrie_Pays de la Loire,Pays de la Loire,72
13060,Meyreuil,industrielle_portuaire,industrie_Provence-Alpes-Côte d'Azur,Provence-Alpes-Côte d'Azur,13
77428,Saint-Ouen-en-Brie,industrielle_portuaire,industrie_Île-de-France,Île-de-France,77
74007,Amancy,industrielle_portuaire,industrie_Auvergne-Rhône-Alpes,Auvergne-Rhône-Alpes,74
90068,Meroux-Moval,industrielle_portuaire,industrie_Bourgogne-Franche-Comté,Bourgogne-Franche-Comté,90
35109,Étrelles,industrielle_portuaire,industrie_Bretagne,Bretagne,35
18213,Saint-Germain-du-Puy,industrielle_portuaire,industrie_Centre-Val de Loire,Centre-Val de Loire,18
2A336,Valle-di-Mezzana,industrielle_portuaire,industrie_Corse,Corse,2A
54558,Velaine-sous-Amance,industrielle_portuaire,industrie_Grand Est,Grand Est,54
02371,Harly,industrielle_portuaire,industrie_Hauts-de-France,Hauts-de-France,02
14319,Grentheville,industrielle_portuaire,industrie_Normandie,Normandie,14
16359,Salles-d'Angles,industrielle_portuaire,industrie_Nouvelle-Aquitaine,Nouvelle-Aquitaine,16
66127,Opoul-Périllos,industrielle_portuaire,industrie_Occitanie,Occitanie,66
72235,Piacé,industrielle_portuaire,industrie_Pays de la Loire,Pays de la Loire,72
83073,Le Luc,industrielle_portuaire,industrie_Provence-Alpes-Côte d'Azur,Provence-Alpes-Côte d'Azur,83
78296,Guitrancourt,industrielle_portuaire,industrie_Île-de-France,Île-de-France,78
01062,Bressolles,industrielle_portuaire,industrie_Auvergne-Rhône-Alpes,Auvergne-Rhône-Alpes,01
21054,Beaune,industrielle_portuaire,industrie_Bourgogne-Franche-Comté,Bourgogne-Franche-Comté,21
35153,Lillemer,industrielle_portuaire,industrie_Bretagne,Bretagne,35
28014,Aunay-sous-Crécy,industrielle_portuaire,industrie_Centre-Val de Loire,Centre-Val de Loire,28
2B003,Aiti,industrielle_portuaire,industrie_Corse,Corse,2B
57270,Val-de-Bride,industrielle_portuaire,industrie_Grand Est,Grand Est,57
59195,Englos,industrielle_portuaire,industrie_Hauts-de-France,Hauts-de-France,59
27545,Saint-Germain-de-Pasquier,industrielle_portuaire,industrie_Normandie,Normandie,27
17418,Salignac-sur-Charente,industrielle_portuaire,industrie_Nouvelle-Aquitaine,Nouvelle-Aquitaine,17
82142,Pompignan,industrielle_portuaire,industrie_Occitanie,Occitanie,82
85051,Chantonnay,industrielle_portuaire,industrie_Pays de la Loire,Pays de la Loire,85
06065,La Gaude,industrielle_portuaire,industrie_Provence-Alpes-Côte d'Azur,Provence-Alpes-Côte d'Azur,06
78397,Le Mesnil-Saint-Denis,industrielle_portuaire,industrie_Île-de-France,Île-de-France,78
01339,Saint-Bernard,industrielle_portuaire,industrie_Auvergne-Rhône-Alpes,Auvergne-Rhône-Alpes,01
21416,Mirebeau-sur-Bèze,industrielle_portuaire,industrie_Bourgogne-Franche-Comté,Bourgogne-Franche-Comté,21
35210,Pacé,industrielle_portuaire,industrie_Bretagne,Bretagne,35
37047,Cerelles,industrielle_portuaire,industrie_Centre-Val de Loire,Centre-Val de Loire,37
2B080,Castifao,industrielle_portuaire,industrie_Corse,Corse,2B
68012,Aspach-Michelbach,industrielle_portuaire,industrie_Grand Est,Grand Est,68
59327,Lallaing,industrielle_portuaire,industrie_Hauts-de-France,Hauts-de-France,59
27582,Saint-Ouen-du-Tilleul,industrielle_portuaire,industrie_Normandie,Normandie,27
24382,Saint-Capraise-de-Lalinde,industrielle_portuaire,industrie_Nouvelle-Aquitaine,Nouvelle-Aquitaine,24
11115,Cuxac-Cabardès,industrielle_portuaire,industrie_Occitanie,Occitanie,11
85065,Chavagnes-en-Paillers,industrielle_portuaire,industrie_Pays de la Loire,Pays de la Loire,85
84029,Camaret-sur-Aigues,industrielle_portuaire,industrie_Provence-Alpes-Côte d'Azur,Provence-Alpes-Côte d'Azur,84
78650,Le Vésinet,industrielle_portuaire,industrie_Île-de-France,Île-de-France,78
26042,Beauvallon,industrielle_portuaire,industrie_Auvergne-Rhône-Alpes,Auvergne-Rhône-Alpes,26
25532,Saône,industrielle_portuaire,industrie_Bourgogne-Franche-Comté,Bourgogne-Franche-Comté,25
35360,Vitré,industrielle_portuaire,industrie_Bretagne,Bretagne,35
41044,Châtres-sur-Cher,industrielle_portuaire,industrie_Centre-Val de Loire,Centre-Val de Loire,41
2B138,Lavatoggio,industrielle_portuaire,industrie_Corse,Corse,2B
68015,Baldersheim,industrielle_portuaire,industrie_Grand Est,Grand Est,68
59515,Rouvignies,industrielle_portuaire,industrie_Hauts-de-France,Hauts-de-France,59
76447,Montivilliers,industrielle_portuaire,industrie_Normandie,Normandie,76
33065,Bouliac,industrielle_portuaire,industrie_Nouvelle-Aquitaine,Nouvelle-Aquitaine,33
30317,Sernhac,industrielle_portuaire,industrie_Occitanie,Occitanie,30
85125,Loge-Fougereuse,industrielle_portuaire,industrie_Pays de la Loire,Pays de la Loire,85
84117,Saint-Roman-de-Malegarde,industrielle_portuaire,industrie_Provence-Alpes-Côte d'Azur,Provence-Alpes-Côte d'Azur,84
91086,Bondoufle,industrielle_portuaire,industrie_Île-de-France,Île-de-France,91
26096,Clérieux,industrielle_portuaire,industrie_Auvergne-Rhône-Alpes,Auvergne-Rhône-Alpes,26
39042,Baverans,industrielle_portuaire,industrie_Bourgogne-Franche-Comté,Bourgogne-Franche-Comté,39
56075,Guer,industrielle_portuaire,industrie_Bretagne,Bretagne,56
41226,Saint-Ouen,industrielle_portuaire,industrie_Centre-Val de Loire,Centre-Val de Loire,41
2B150,Lumio,industrielle_portuaire,industrie_Corse,Corse,2B
68032,Berrwiller,industrielle_portuaire,industrie_Grand Est,Grand Est,68
60119,Cambronne-lès-Ribécourt,industrielle_portuaire,industrie_Hauts-de-France,Hauts-de-France,60
76503,Pissy-Pôville,industrielle_portuaire,industrie_Normandie,Normandie,76
33069,Le Bouscat,industrielle_portuaire,industrie_Nouvelle-Aquitaine,Nouvelle-Aquitaine,33
31035,Auzeville-Tolosane,industrielle_portuaire,industrie_Occitanie,Occitanie,31
85130,Maché,industrielle_portuaire,industrie_Pays de la Loire,Pays de la Loire,85
06022,Bouyon,industrielle_portuaire,industrie_Provence-Alpes-Côte d'Azur,Provence-Alpes-Côte d'Azur,06
91204,Écharcon,industrielle_portuaire,industrie_Île-de-France,Île-de-France,91
26139,Génissieux,industrielle_portuaire,industrie_Auvergne-Rhône-Alpes,Auvergne-Rhône-Alpes,26
39182,Crissey,industrielle_portuaire,industrie_Bourgogne-Franche-Comté,Bourgogne-Franche-Comté,39
56089,Inguiniel,industrielle_portuaire,industrie_Bretagne,Bretagne,56
45021,Barville-en-Gâtinais,industrielle_portuaire,industrie_Centre-Val de Loire,Centre-Val de Loire,45
2B205,Patrimonio,industrielle_portuaire,industrie_Corse,Corse,2B
68321,Staffelfelden,industrielle_portuaire,industrie_Grand Est,Grand Est,68
60245,Formerie,industrielle_portuaire,industrie_Hauts-de-France,Hauts-de-France,60
76550,Sahurs,industrielle_portuaire,industrie_Normandie,Normandie,76
47092,Fals,industrielle_portuaire,industrie_Nouvelle-Aquitaine,Nouvelle-Aquitaine,47
31056,Beauzelle,industrielle_portuaire,industrie_Occitanie,Occitanie,31
85146,Montaigu-Vendée,industrielle_portuaire,industrie_Pays de la Loire,Pays de la Loire,85
06148,Tourrettes-sur-Loup,industrielle_portuaire,industrie_Provence-Alpes-Côte d'Azur,Provence-Alpes-Côte d'Azur,06
91315,Itteville,industrielle_portuaire,industrie_Île-de-France,Île-de-France,91
38215,Luzinay,industrielle_portuaire,industrie_Auvergne-Rhône-Alpes,Auvergne-Rhône-Alpes,38
39338,Molay,industrielle_portuaire,industrie_Bourgogne-Franche-Comté,Bourgogne-Franche-Comté,39
56103,Lantillac,industrielle_portuaire,industrie_Bretagne,Bretagne,56
45058,Bucy-le-Roi,industrielle_portuaire,industrie_Centre-Val de Loire,Centre-Val de Loire,45
2B223,Pietralba,industrielle_portuaire,industrie_Corse,Corse,2B
88136,Dogneville,industrielle_portuaire,industrie_Grand Est,Grand Est,88
62386,Grenay,industrielle_portuaire,industrie_Hauts-de-France,Hauts-de-France,62
76563,Saint-Aubin-Routot,industrielle_portuaire,industrie_Normandie,Normandie,76
33395,Saint-Estèphe,industrielle_portuaire,industrie_Nouvelle-Aquitaine,Nouvelle-Aquitaine,33
31402,Odars,industrielle_portuaire,industrie_Occitanie,Occitanie,31
85152,Les Achards,industrielle_portuaire,industrie_Pays de la Loire,Pays de la Loire,85
13051,Lançon-Provence,industrielle_portuaire,industrie_Provence-Alpes-Côte d'Azur,Provence-Alpes-Côte d'Azur,13
91340,Lisses,industrielle_portuaire,industrie_Île-de-France,Île-de-France,91
69046,Charly,industrielle_portuaire,industrie_Auvergne-Rhône-Alpes,Auvergne-Rhône-Alpes,69
70321,Magny-Vernois,industrielle_portuaire,industrie_Bourgogne-Franche-Comté,Bourgogne-Franche-Comté,70
56144,Évellys,industrielle_portuaire,industrie_Bretagne,Bretagne,56
45315,Sully-sur-Loire,industrielle_portuaire,industrie_Centre-Val de Loire,Centre-Val de Loire,45
2B235,Pioggiola,industrielle_portuaire,industrie_Corse,Corse,2B
52104,Chancenay,industrielle_portuaire,industrie_Grand Est,Grand Est,52
62781,Sauchy-Lestrée,industrielle_portuaire,industrie_Hauts-de-France,Hauts-de-France,62
76609,Sainte-Marie-au-Bosc,industrielle_portuaire,industrie_Normandie,Normandie,76
33449,Saint-Médard-en-Jalles,industrielle_portuaire,industrie_Nouvelle-Aquitaine,Nouvelle-Aquitaine,33
31506,Saint-Orens-de-Gameville,industrielle_portuaire,industrie_Occitanie,Occitanie,31
85199,Saint-Aubin-la-Plaine,industrielle_portuaire,industrie_Pays de la Loire,Pays de la Loire,85
13090,Saint-Antonin-sur-Bayon,industrielle_portuaire,industrie_Provence-Alpes-Côte d'Azur,Provence-Alpes-Côte d'Azur,13
93045,Les Lilas,industrielle_portuaire,industrie_Île-de-France,Île-de-France,93
69156,Pommiers,industrielle_portuaire,industrie_Auvergne-Rhône-Alpes,Auvergne-Rhône-Alpes,69
71308,Montceaux-Ragny,industrielle_portuaire,industrie_Bourgogne-Franche-Comté,Bourgogne-Franche-Comté,71
56216,Saint-Gorgon,industrielle_portuaire,industrie_Bretagne,Bretagne,56
28074,La Chapelle-d'Aunainville,industrielle_portuaire,industrie_Centre-Val de Loire,Centre-Val de Loire,28
2B236,Poggio-di-Nazza,industrielle_portuaire,industrie_Corse,Corse,2B
54028,Auboué,industrielle_portuaire,industrie_Grand Est,Grand Est,54
80036,Aubigny,industrielle_portuaire,industrie_Hauts-de-France,Hauts-de-France,80
14215,Cuverville,industrielle_portuaire,industrie_Normandie,Normandie,14
47262,Saint-Nicolas-de-la-Balerme,industrielle_portuaire,industrie_Nouvelle-Aquitaine,Nouvelle-Aquitaine,47
32238,Marseillan,industrielle_portuaire,industrie_Occitanie,Occitanie,32
85240,Saint-Malô-du-Bois,industrielle_portuaire,industrie_Pays de la Loire,Pays de la Loire,85
13207,Marseille 7e Arrondissement,industrielle_portuaire,industrie_Provence-Alpes-Côte d'Azur,Provence-Alpes-Côte d'Azur,13
94034,Fresnes,industrielle_portuaire,industrie_Île-de-France,Île-de-France,94
69284,Montanay,industrielle_portuaire,industrie_Auvergne-Rhône-Alpes,Auvergne-Rhône-Alpes,69
89437,Venouse,industrielle_portuaire,industrie_Bourgogne-Franche-Comté,Bourgogne-Franche-Comté,89
22001,Allineuc,industrielle_portuaire,industrie_Bretagne,Bretagne,22
28169,Garancières-en-Beauce,industrielle_portuaire,industrie_Centre-Val de Loire,Centre-Val de Loire,28
2B277,Serra-di-Fiumorbo,industrielle_portuaire,industrie_Corse,Corse,2B
54498,Seichamps,industrielle_portuaire,industrie_Grand Est,Grand Est,54
80256,Dreuil-lès-Amiens,industrielle_portuaire,industrie_Hauts-de-France,Hauts-de-France,80
14221,Démouville,industrielle_portuaire,industrie_Normandie,Normandie,14
64220,Estos,industrielle_portuaire,industrie_Nouvelle-Aquitaine,Nouvelle-Aquitaine,64
34327,Vendargues,industrielle_portuaire,industrie_Occitanie,Occitanie,34
85302,Chanverrie,industrielle_portuaire,industrie_Pays de la Loire,Pays de la Loire,85
83008,Bagnols-en-Forêt,industrielle_portuaire,industrie_Provence-Alpes-Côte d'Azur,Provence-Alpes-Côte d'Azur,83
95051,Beauchamp,industrielle_portuaire,industrie_Île-de-France,Île-de-France,95
69288,Saint-Laurent-de-Mure,industrielle_portuaire,industrie_Auvergne-Rhône-Alpes,Auvergne-Rhône-Alpes,69
89458,Villenavotte,industrielle_portuaire,industrie_Bourgogne-Franche-Comté,Bourgogne-Franche-Comté,89
22116,Lanrodec,industrielle_portuaire,industrie_Bretagne,Bretagne,22
28177,Gellainville,industrielle_portuaire,industrie_Centre-Val de Loire,Centre-Val de Loire,28
2B289,Soveria,industrielle_portuaire,industrie_Corse,Corse,2B
54564,Viéville-en-Haye,industrielle_portuaire,industrie_Grand Est,Grand Est,54
02089,Billy-sur-Aisne,industrielle_portuaire,industrie_Hauts-de-France,Hauts-de-France,02
14242,Épron,industrielle_portuaire,industrie_Normandie,Normandie,14
79120,La Ferrière-en-Parthenay,industrielle_portuaire,industrie_Nouvelle-Aquitaine,Nouvelle-Aquitaine,79
34340,Villetelle,industrielle_portuaire,industrie_Occitanie,Occitanie,34
44041,La Chevrolière,industrielle_portuaire,industrie_Pays de la Loire,Pays de la Loire,44
83047,La Crau,industrielle_portuaire,industrie_Provence-Alpes-Côte d'Azur,Provence-Alpes-Côte d'Azur,83
95203,Eaubonne,industrielle_portuaire,industrie_Île-de-France,Île-de-France,95
74116,Eteaux,industrielle_portuaire,industrie_Auvergne-Rhône-Alpes,Auvergne-Rhône-Alpes,74
21278,Fontaine-lès-Dijon,industrielle_portuaire,industrie_Bourgogne-Franche-Comté,Bourgogne-Franche-Comté,21
22158,Guerlédan,industrielle_portuaire,industrie_Bretagne,Bretagne,22
28291,Ouarville,industrielle_portuaire,industrie_Centre-Val de Loire,Centre-Val de Loire,28
2B309,Santa-Maria-di-Lota,industrielle_portuaire,industrie_Corse,Corse,2B
55031,Baudonvilliers,industrielle_portuaire,industrie_Grand Est,Grand Est,55
02114,Brasles,industrielle_portuaire,industrie_Hauts-de-France,Hauts-de-France,02
14309,Gouvix,industrielle_portuaire,industrie_Normandie,Normandie,14
87122,Razès,industrielle_portuaire,industrie_Nouvelle-Aquitaine,Nouvelle-Aquitaine,87
65258,Lannemezan,industrielle_portuaire,industrie_Occitanie,Occitanie,65
49218,Montrevault-sur-Èvre,industrielle_portuaire,industrie_Pays de la Loire,Pays de la Loire,49
83098,Le Pradet,industrielle_portuaire,industrie_Provence-Alpes-Côte d'Azur,Provence-Alpes-Côte d'Azur,83
95256,Frépillon,industrielle_portuaire,industrie_Île-de-France,Île-de-France,95
01130,Bresse Vallons,industrielle_portuaire,industrie_Auvergne-Rhône-Alpes,Auvergne-Rhône-Alpes,01
25170,Courcelles-lès-Montbéliard,industrielle_portuaire,industrie_Bourgogne-Franche-Comté,Bourgogne-Franche-Comté,25
22160,Noyal,industrielle_portuaire,industrie_Bretagne,Bretagne,22
41143,Mondoubleau,industrielle_portuaire,industrie_Centre-Val de Loire,Centre-Val de Loire,41
2B340,Velone-Orneto,industrielle_portuaire,industrie_Corse,Corse,2B
55270,Lahayville,industrielle_portuaire,industrie_Grand Est,Grand Est,55
02329,Fourdrain,industrielle_portuaire,industrie_Hauts-de-France,Hauts-de-France,02
14367,Lison,industrielle_portuaire,industrie_Normandie,Normandie,14
16141,Fontenille,industrielle_portuaire,industrie_Nouvelle-Aquitaine,Nouvelle-Aquitaine,16
81105,Graulhet,industrielle_portuaire,industrie_Occitanie,Occitanie,81
49332,La Séguinière,industrielle_portuaire,industrie_Pays de la Loire,Pays de la Loire,49
84150,Visan,industrielle_portuaire,industrie_Provence-Alpes-Côte d'Azur,Provence-Alpes-Côte d'Azur,84
95527,Roissy-en-France,industrielle_portuaire,industrie_Île-de-France,Île-de-France,95
26281,Romans-sur-Isère,industrielle_portuaire,industrie_Auvergne-Rhône-Alpes,Auvergne-Rhône-Alpes,26
71111,Chassy,industrielle_portuaire,industrie_Bourgogne-Franche-Comté,Bourgogne-Franche-Comté,71
22170,Plaine-Haute,industrielle_portuaire,industrie_Bretagne,Bretagne,22
45134,Épieds-en-Beauce,industrielle_portuaire,industrie_Centre-Val de Loire,Centre-Val de Loire,45
2B361,Zilia,industrielle_portuaire,industrie_Corse,Corse,2B
57043,Ay-sur-Moselle,industrielle_portuaire,industrie_Grand Est,Grand Est,57
02756,Urvillers,industrielle_portuaire,industrie_Hauts-de-France,Hauts-de-France,02
27008,Alizay,industrielle_portuaire,industrie_Normandie,Normandie,27
16196,Luxé,industrielle_portuaire,industrie_Nouvelle-Aquitaine,Nouvelle-Aquitaine,16
82025,Bressols,industrielle_portuaire,industrie_Occitanie,Occitanie,82
49353,Trélazé,industrielle_portuaire,industrie_Pays de la Loire,Pays de la Loire,49
04216,Thèze,industrielle_portuaire,industrie_Provence-Alpes-Côte d'Azur,Provence-Alpes-Côte d'Azur,04
77326,Nandy,industrielle_portuaire,industrie_Île-de-France,Île-de-France,77
38111,Claix,industrielle_portuaire,industrie_Auvergne-Rhône-Alpes,Auvergne-Rhône-Alpes,38
71219,Gigny-sur-Saône,industrielle_portuaire,industrie_Bourgogne-Franche-Comté,Bourgogne-Franche-Comté,71
22262,Quintin,industrielle_portuaire,industrie_Bretagne,Bretagne,22
28039,Béville-le-Comte,industrielle_portuaire,industrie_Centre-Val de Loire,Centre-Val de Loire,28
2A133,Guitera-les-Bains,industrielle_portuaire,industrie_Corse,Corse,2A
57202,Etzling,industrielle_portuaire,industrie_Grand Est,Grand Est,57
59013,Anstaing,industrielle_portuaire,industrie_Hauts-de-France,Hauts-de-France,59
27196,Les Damps,industrielle_portuaire,industrie_Normandie,Normandie,27
16312,Saint-Cybardeaux,industrielle_portuaire,industrie_Nouvelle-Aquitaine,Nouvelle-Aquitaine,16
82062,Finhan,industrielle_portuaire,industrie_Occitanie,Occitanie,82
53064,Châtillon-sur-Colmont,industrielle_portuaire,industrie_Pays de la Loire,Pays de la Loire,53
06018,Biot,industrielle_portuaire,industrie_Provence-Alpes-Côte d'Azur,Provence-Alpes-Côte d'Azur,06
77468,Torcy,industrielle_portuaire,industrie_Île-de-France,Île-de-France,77
38487,Seyssuel,industrielle_portuaire,industrie_Auvergne-Rhône-Alpes,Auvergne-Rhône-Alpes,38
21515,Quetigny,industrielle_portuaire,industrie_Bourgogne-Franche-Comté,Bourgogne-Franche-Comté,21
22289,Saint-Fiacre,industrielle_portuaire,industrie_Bretagne,Bretagne,22
28229,Mainvilliers,industrielle_portuaire,industrie_Centre-Val de Loire,Centre-Val de Loire,28
2A295,Sant'Andréa-d'Orcino,industrielle_portuaire,industrie_Corse,Corse,2A
57527,Orny,industrielle_portuaire,industrie_Grand Est,Grand Est,57
59216,Eswars,industrielle_portuaire,industrie_Hauts-de-France,Hauts-de-France,59
61298,Moulins-sur-Orne,industrielle_portuaire,industrie_Normandie,Normandie,61
16388,Trois-Palis,industrielle_portuaire,industrie_Nouvelle-Aquitaine,Nouvelle-Aquitaine,16
82114,Monbéqui,industrielle_portuaire,industrie_Occitanie,Occitanie,82
53084,Craon,industrielle_portuaire,industrie_Pays de la Loire,Pays de la Loire,53
06075,Levens,industrielle_portuaire,industrie_Provence-Alpes-Côte d'Azur,Provence-Alpes-Côte d'Azur,06
77479,Vaires-sur-Marne,industrielle_portuaire,industrie_Île-de-France,Île-de-France,77
42237,Saint-Jean-Bonnefonds,industrielle_portuaire,industrie_Auvergne-Rhône-Alpes,Auvergne-Rhône-Alpes,42
21540,Saint-Apollinaire,industrielle_portuaire,industrie_Bourgogne-Franche-Comté,Bourgogne-Franche-Comté,21
22295,Saint-Gilles-Vieux-Marché,industrielle_portuaire,industrie_Bretagne,Bretagne,22
36063,Déols,industrielle_portuaire,industrie_Centre-Val de Loire,Centre-Val de Loire,36
2A359,Zicavo,industrielle_portuaire,industrie_Corse,Corse,2A
68279,Roderen,industrielle_portuaire,industrie_Grand Est,Grand Est,68
59256,Fretin,industrielle_portuaire,industrie_Hauts-de-France,Hauts-de-France,59
76198,Criquetot-sur-Ouville,industrielle_portuaire,industrie_Normandie,Normandie,76
24437,Saint-Laurent-des-Vignes,industrielle_portuaire,industrie_Nouvelle-Aquitaine,Nouvelle-Aquitaine,24
12030,Bouillac,industrielle_portuaire,industrie_Occitanie,Occitanie,12
72065,La Chapelle-Saint-Aubin,industrielle_portuaire,industrie_Pays de la Loire,Pays de la Loire,72
13062,Mimet,industrielle_portuaire,industrie_Provence-Alpes-Côte d'Azur,Provence-Alpes-Côte d'Azur,13
78031,Auffreville-Brasseuil,industrielle_portuaire,industrie_Île-de-France,Île-de-France,78
63168,Glaine-Montaigut,industrielle_portuaire,industrie_Auvergne-Rhône-Alpes,Auvergne-Rhône-Alpes,63
21581,Samerey,industrielle_portuaire,industrie_Bourgogne-Franche-Comté,Bourgogne-Franche-Comté,21
29015,Bourg-Blanc,industrielle_portuaire,industrie_Bretagne,Bretagne,29
41212,Saint-Gervais-la-Forêt,industrielle_portuaire,industrie_Centre-Val de Loire,Centre-Val de Loire,41
2B039,Bisinchi,industrielle_portuaire,industrie_Corse,Corse,2B
68352,Volgelsheim,industrielle_portuaire,industrie_Grand Est,Grand Est,68
59291,Hautmont,industrielle_portuaire,industrie_Hauts-de-France,Hauts-de-France,59
76287,Fresquiennes,industrielle_portuaire,industrie_Normandie,Normandie,76
33039,Bègles,industrielle_portuaire,industrie_Nouvelle-Aquitaine,Nouvelle-Aquitaine,33
31116,Castelginest,industrielle_portuaire,industrie_Occitanie,Occitanie,31
72194,Meurcé,industrielle_portuaire,industrie_Pays de la Loire,Pays de la Loire,72
13099,Saint-Paul-lès-Durance,industrielle_portuaire,industrie_Provence-Alpes-Côte d'Azur,Provence-Alpes-Côte d'Azur,13
78344,Lommoye,industrielle_portuaire,industrie_Île-de-France,Île-de-France,78
07055,Charmes-sur-Rhône,industrielle_portuaire,industrie_Auvergne-Rhône-Alpes,Auvergne-Rhône-Alpes,07
25132,Châtillon-Guyotte,industrielle_portuaire,industrie_Bourgogne-Franche-Comté,Bourgogne-Franche-Comté,25
29029,Cléden-Poher,industrielle_portuaire,industrie_Bretagne,Bretagne,29
45011,Attray,industrielle_portuaire,industrie_Centre-Val de Loire,Centre-Val de Loire,45
2B087,Cervione,industrielle_portuaire,industrie_Corse,Corse,2B
68356,Walheim,industrielle_portuaire,industrie_Grand Est,Grand Est,68
59316,Houplin-Ancoisne,industrielle_portuaire,industrie_Hauts-de-France,Hauts-de-France,59
76457,Moulineaux,industrielle_portuaire,industrie_Normandie,Normandie,76
47017,Auradou,industrielle_portuaire,industrie_Nouvelle-Aquitaine,Nouvelle-Aquitaine,47
31533,Saubens,industrielle_portuaire,industrie_Occitanie,Occitanie,31
72222,Nouans,industrielle_portuaire,industrie_Pays de la Loire,Pays de la Loire,72
83100,Puget-Ville,industrielle_portuaire,industrie_Provence-Alpes-Côte d'Azur,Provence-Alpes-Côte d'Azur,83
91223,Étampes,industrielle_portuaire,industrie_Île-de-France,Île-de-France,91
07056,Charnas,industrielle_portuaire,industrie_Auvergne-Rhône-Alpes,Auvergne-Rhône-Alpes,07
25196,Dasle,industrielle_portuaire,industrie_Bourgogne-Franche-Comté,Bourgogne-Franche-Comté,25
29062,Gouézec,industrielle_portuaire,industrie_Bretagne,Bretagne,29
18263,Thénioux,industrielle_portuaire,industrie_Centre-Val de Loire,Centre-Val de Loire,18
2B097,Costa,industrielle_portuaire,industrie_Corse,Corse,2B
68377,Wittersdorf,industrielle_portuaire,industrie_Grand Est,Grand Est,68
59361,Lourches,industrielle_portuaire,industrie_Hauts-de-France,Hauts-de-France,59
76634,Saint-Pierre-de-Manneville,industrielle_portuaire,industrie_Normandie,Normandie,76
64534,Taron-Sadirac-Viellenave,industrielle_portuaire,industrie_Nouvelle-Aquitaine,Nouvelle-Aquitaine,64
81273,Saïx,industrielle_portuaire,industrie_Occitanie,Occitanie,81
72230,Parigné-le-Pôlin,industrielle_portuaire,industrie_Pays de la Loire,Pays de la Loire,72
84027,Caderousse,industrielle_portuaire,industrie_Provence-Alpes-Côte d'Azur,Provence-Alpes-Côte d'Azur,84
91639,Vayres-sur-Essonne,industrielle_portuaire,industrie_Île-de-France,Île-de-France,91
26218,Mours-Saint-Eusèbe,industrielle_portuaire,industrie_Auvergne-Rhône-Alpes,Auvergne-Rhône-Alpes,26
25508,Roulans,industrielle_portuaire,industrie_Bourgogne-Franche-Comté,Bourgogne-Franche-Comté,25
29075,Guipavas,industrielle_portuaire,industrie_Bretagne,Bretagne,29
28171,Garnay,industrielle_portuaire,industrie_Centre-Val de Loire,Centre-Val de Loire,28
2B116,Focicchia,industrielle_portuaire,industrie_Corse,Corse,2B
10260,Moussey,industrielle_portuaire,industrie_Grand Est,Grand Est,10
59437,Noyelles-lès-Seclin,industrielle_portuaire,industrie_Hauts-de-France,Hauts-de-France,59
14020,Argences,industrielle_portuaire,industrie_Normandie,Normandie,14
79145,Lageon,industrielle_portuaire,industrie_Nouvelle-Aquitaine,Nouvelle-Aquitaine,79
81287,Sieurac,industrielle_portuaire,industrie_Occitanie,Occitanie,81
72254,Rouessé-Fontaine,industrielle_portuaire,industrie_Pays de la Loire,Pays de la Loire,72
84035,Cavaillon,industrielle_portuaire,industrie_Provence-Alpes-Côte d'Azur,Provence-Alpes-Côte d'Azur,84
95219,Ermont,industrielle_portuaire,industrie_Île-de-France,Île-de-France,95
26324,Saint-Paul-Trois-Châteaux,industrielle_portuaire,industrie_Auvergne-Rhône-Alpes,Auvergne-Rhône-Alpes,26
29039,Concarneau,littorale,littoral_Bretagne,Bretagne,29
2A130,Grosseto-Prugna,littorale,littoral_Corse,Corse,2A
80001,Abbeville,littorale,littoral_Hauts-de-France,Hauts-de-France,80
76618,Petit-Caux,littorale,littoral_Normandie,Normandie,76
33529,La Teste-de-Buch,littorale,littoral_Nouvelle-Aquitaine,Nouvelle-Aquitaine,33
34003,Agde,littorale,littoral_Occitanie,Occitanie,34
44055,La Baule-Escoublac,littorale,littoral_Pays de la Loire,Pays de la Loire,44
83129,Six-Fours-les-Plages,littorale,littoral_Provence-Alpes-Côte d'Azur,Provence-Alpes-Côte d'Azur,83
56162,Ploemeur,littorale,littoral_Bretagne,Bretagne,56
2A085,Cauro,littorale,littoral_Corse,Corse,2A
62643,Outreau,littorale,littoral_Hauts-de-France,Hauts-de-France,62
14488,Ouistreham,littorale,littoral_Normandie,Normandie,14
64122,Biarritz,littorale,littoral_Nouvelle-Aquitaine,Nouvelle-Aquitaine,64
34154,Mauguio,littorale,littoral_Occitanie,Occitanie,34
44154,Saint-Brevin-les-Pins,littorale,littoral_Pays de la Loire,Pays de la Loire,44
83118,Saint-Raphaël,littorale,littoral_Provence-Alpes-Côte d'Azur,Provence-Alpes-Côte d'Azur,83
56083,Hennebont,littorale,littoral_Bretagne,Bretagne,56
2B109,Farinole,littorale,littoral_Corse,Corse,2B
62758,Saint-Martin-Boulogne,littorale,littoral_Hauts-de-France,Hauts-de-France,62
76552,Sainte-Adresse,littorale,littoral_Normandie,Normandie,76
33199,Gujan-Mestras,littorale,littoral_Nouvelle-Aquitaine,Nouvelle-Aquitaine,33
34157,Mèze,littorale,littoral_Occitanie,Occitanie,34
44132,Pornichet,littorale,littoral_Pays de la Loire,Pays de la Loire,44
06083,Menton,littorale,littoral_Provence-Alpes-Côte d'Azur,Provence-Alpes-Côte d'Azur,06
22187,Plérin,littorale,littoral_Bretagne,Bretagne,22
2B187,Olmeta-di-Capocorso,littorale,littoral_Corse,Corse,2B
62548,Marck,littorale,littoral_Hauts-de-France,Hauts-de-France,62
14098,Thue et Mue,littorale,littoral_Normandie,Normandie,14
17306,Royan,littorale,littoral_Nouvelle-Aquitaine,Nouvelle-Aquitaine,17
66037,Canet-en-Roussillon,littorale,littoral_Occitanie,Occitanie,66
85288,Talmont-Saint-Hilaire,littorale,littoral_Pays de la Loire,Pays de la Loire,85
06079,Mandelieu-la-Napoule,littorale,littoral_Provence-Alpes-Côte d'Azur,Provence-Alpes-Côte d'Azur,06
29212,Plouzané,littorale,littoral_Bretagne,Bretagne,29
2B178,Nonza,littorale,littoral_Corse,Corse,2B
62667,Le Portel,littorale,littoral_Hauts-de-France,Hauts-de-France,62
76481,Octeville-sur-Mer,littorale,littoral_Normandie,Normandie,76
64260,Hendaye,littorale,littoral_Nouvelle-Aquitaine,Nouvelle-Aquitaine,64
66171,Saint-Cyprien,littorale,littoral_Occitanie,Occitanie,66
44151,Saint-André-des-Eaux,littorale,littoral_Pays de la Loire,Pays de la Loire,44
06085,Mougins,littorale,littoral_Provence-Alpes-Côte d'Azur,Provence-Alpes-Côte d'Azur,06
56206,Saint-Avé,littorale,littoral_Bretagne,Bretagne,56
59588,Téteghem-Coudekerque-Village,littorale,littoral_Hauts-de-France,Hauts-de-France,59
14076,Blainville-sur-Orne,littorale,littoral_Normandie,Normandie,14
64483,Saint-Jean-de-Luz,littorale,littoral_Nouvelle-Aquitaine,Nouvelle-Aquitaine,64
66141,Pia,littorale,littoral_Occitanie,Occitanie,66
44187,Saint-Père-en-Retz,littorale,littoral_Pays de la Loire,Pays de la Loire,44
83123,Sanary-sur-Mer,littorale,littoral_Provence-Alpes-Côte d'Azur,Provence-Alpes-Côte d'Azur,83
22215,Ploufragan,littorale,littoral_Bretagne,Bretagne,22
62893,Wimereux,littorale,littoral_Hauts-de-France,Hauts-de-France,62
14271,Fleury-sur-Orne,littorale,littoral_Normandie,Normandie,14
40046,Biscarrosse,littorale,littoral_Nouvelle-Aquitaine,Nouvelle-Aquitaine,40
66028,Cabestany,littorale,littoral_Occitanie,Occitanie,66
44168,Saint-Joachim,littorale,littoral_Pays de la Loire,Pays de la Loire,44
06161,Villeneuve-Loubet,littorale,littoral_Provence-Alpes-Côte d'Azur,Provence-Alpes-Côte d'Azur,06
29058,Fouesnant,littorale,littoral_Bretagne,Bretagne,29
62397,Guînes,littorale,littoral_Hauts-de-France,Hauts-de-France,62
14225,Dives-sur-Mer,littorale,littoral_Normandie,Normandie,14
33005,Andernos-les-Bains,littorale,littoral_Nouvelle-Aquitaine,Nouvelle-Aquitaine,33
66180,Saint-Laurent-de-la-Salanque,littorale,littoral_Occitanie,Occitanie,66
44176,Saint-Malo-de-Guersac,littorale,littoral_Pays de la Loire,Pays de la Loire,44
83115,Sainte-Maxime,littorale,littoral_Provence-Alpes-Côte d'Azur,Provence-Alpes-Côte d'Azur,83
56243,Séné,littorale,littoral_Bretagne,Bretagne,56
62244,Coulogne,littorale,littoral_Hauts-de-France,Hauts-de-France,62
14228,Douvres-la-Délivrande,littorale,littoral_Normandie,Normandie,14
33009,Arcachon,littorale,littoral_Nouvelle-Aquitaine,Nouvelle-Aquitaine,33
34198,Pérols,littorale,littoral_Occitanie,Occitanie,34
85243,Brem-sur-Mer,littorale,littoral_Pays de la Loire,Pays de la Loire,85
06152,Valbonne,littorale,littoral_Provence-Alpes-Côte d'Azur,Provence-Alpes-Côte d'Azur,06
29051,Ergué-Gabéric,littorale,littoral_Bretagne,Bretagne,29
62560,Marquise,littorale,littoral_Hauts-de-France,Hauts-de-France,62
50532,Saint-Pair-sur-Mer,littorale,littoral_Normandie,Normandie,50
64545,Urrugne,littorale,littoral_Nouvelle-Aquitaine,Nouvelle-Aquitaine,64
66065,Elne,littorale,littoral_Occitanie,Occitanie,66
85112,L'Île-d'Olonne,littorale,littoral_Pays de la Loire,Pays de la Loire,85
06012,Beausoleil,littorale,littoral_Provence-Alpes-Côte d'Azur,Provence-Alpes-Côte d'Azur,06
22360,Trégueux,littorale,littoral_Bretagne,Bretagne,22
62746,Saint-Étienne-au-Mont,littorale,littoral_Hauts-de-France,Hauts-de-France,62
14101,Bretteville-sur-Odon,littorale,littoral_Normandie,Normandie,14
17028,Aytré,littorale,littoral_Nouvelle-Aquitaine,Nouvelle-Aquitaine,17
30003,Aigues-Mortes,littorale,littoral_Occitanie,Occitanie,30
85214,Sainte-Foy,littorale,littoral_Pays de la Loire,Pays de la Loire,85
06104,Roquebrune-Cap-Martin,littorale,littoral_Provence-Alpes-Côte d'Azur,Provence-Alpes-Côte d'Azur,06
56251,Theix-Noyalo,littorale,littoral_Bretagne,Bretagne,56
62774,Sangatte,littorale,littoral_Hauts-de-France,Hauts-de-France,62
14738,Verson,littorale,littoral_Normandie,Normandie,14
40065,Capbreton,littorale,littoral_Nouvelle-Aquitaine,Nouvelle-Aquitaine,40
34344,La Grande-Motte,littorale,littoral_Occitanie,Occitanie,34
85250,Saint-Mathurin,littorale,littoral_Pays de la Loire,Pays de la Loire,85
83130,Solliès-Pont,littorale,littoral_Provence-Alpes-Côte d'Azur,Provence-Alpes-Côte d'Azur,83
29069,Guilers,littorale,littoral_Bretagne,Bretagne,29
62038,Ardres,littorale,littoral_Hauts-de-France,Hauts-de-France,62
14068,Biéville-Beuville,littorale,littoral_Normandie,Normandie,14
17274,Périgny,littorale,littoral_Nouvelle-Aquitaine,Nouvelle-Aquitaine,17
30133,Le Grau-du-Roi,littorale,littoral_Occitanie,Occitanie,30
85298,Vairé,littorale,littoral_Pays de la Loire,Pays de la Loire,85
83042,Cogolin,littorale,littoral_Provence-Alpes-Côte d'Azur,Provence-Alpes-Côte d'Azur,83
22106,Langueux,littorale,littoral_Bretagne,Bretagne,22
59107,Bray-Dunes,littorale,littoral_Hauts-de-France,Hauts-de-France,59
14117,Cabourg,littorale,littoral_Normandie,Normandie,14
40310,Soustons,littorale,littoral_Nouvelle-Aquitaine,Nouvelle-Aquitaine,40
34022,Baillargues,littorale,littoral_Occitanie,Occitanie,34
83071,La Londe-les-Maures,littorale,littoral_Provence-Alpes-Côte d'Azur,Provence-Alpes-Côte d'Azur,83
22251,Pordic,littorale,littoral_Bretagne,Bretagne,22
59340,Leffrinckoucke,littorale,littoral_Hauts-de-France,Hauts-de-France,59
50076,Bréhal,littorale,littoral_Normandie,Normandie,50
33236,Lège-Cap-Ferret,littorale,littoral_Nouvelle-Aquitaine,Nouvelle-Aquitaine,33
34150,Marseillan,littorale,littoral_Occitanie,Occitanie,34
13075,Plan-de-Cuques,littorale,littoral_Provence-Alpes-Côte d'Azur,Provence-Alpes-Côte d'Azur,13
56036,Caudan,littorale,littoral_Bretagne,Bretagne,56
59260,Ghyvelde,littorale,littoral_Hauts-de-France,Hauts-de-France,59
14712,Troarn,littorale,littoral_Normandie,Normandie,14
40284,Saint-Vincent-de-Tyrosse,littorale,littoral_Nouvelle-Aquitaine,Nouvelle-Aquitaine,40
66021,Bompas,littorale,littoral_Occitanie,Occitanie,66
83034,Carqueiranne,littorale,littoral_Provence-Alpes-Côte d'Azur,Provence-Alpes-Côte d'Azur,83
29293,Trégunc,littorale,littoral_Bretagne,Bretagne,29
62894,Wimille,littorale,littoral_Hauts-de-France,Hauts-de-France,62
14384,Luc-sur-Mer,littorale,littoral_Normandie,Normandie,14
64547,Ustaritz,littorale,littoral_Nouvelle-Aquitaine,Nouvelle-Aquitaine,64
34151,Marsillargues,littorale,littoral_Occitanie,Occitanie,34
83153,Saint-Mandrier-sur-Mer,littorale,littoral_Provence-Alpes-Côte d'Azur,Provence-Alpes-Côte d'Azur,83
56094,Kervignac,littorale,littoral_Bretagne,Bretagne,56
59067,Bergues,littorale,littoral_Hauts-de-France,Hauts-de-France,59
14325,Hermanville-sur-Mer,littorale,littoral_Normandie,Normandie,14
64125,Bidart,littorale,littoral_Nouvelle-Aquitaine,Nouvelle-Aquitaine,64
34113,Gigean,littorale,littoral_Occitanie,Occitanie,34
83131,Solliès-Toucas,littorale,littoral_Provence-Alpes-Côte d'Azur,Provence-Alpes-Côte d'Azur,83
22176,Plédran,littorale,littoral_Bretagne,Bretagne,22
62755,Saint-Léonard,littorale,littoral_Hauts-de-France,Hauts-de-France,62
76482,Offranville,littorale,littoral_Normandie,Normandie,76
17421,Saujon,littorale,littoral_Nouvelle-Aquitaine,Nouvelle-Aquitaine,17
34213,Poussan,littorale,littoral_Occitanie,Occitanie,34
06159,Villefranche-sur-Mer,littorale,littoral_Provence-Alpes-Côte d'Azur,Provence-Alpes-Côte d'Azur,06
56164,Ploeren,littorale,littoral_Bretagne,Bretagne,56
59319,Hoymille,littorale,littoral_Hauts-de-France,Hauts-de-France,59
14137,Carpiquet,littorale,littoral_Normandie,Normandie,14
40133,Labenne,littorale,littoral_Nouvelle-Aquitaine,Nouvelle-Aquitaine,40
66017,Le Barcarès,littorale,littoral_Occitanie,Occitanie,66
83068,Grimaud,littorale,littoral_Provence-Alpes-Côte d'Azur,Provence-Alpes-Côte d'Azur,83
29061,Gouesnou,littorale,littoral_Bretagne,Bretagne,29
62239,Coquelles,littorale,littoral_Hauts-de-France,Hauts-de-France,62
50165,Donville-les-Bains,littorale,littoral_Normandie,Normandie,50
17291,Puilboreau,littorale,littoral_Nouvelle-Aquitaine,Nouvelle-Aquitaine,17
34332,Vias,littorale,littoral_Occitanie,Occitanie,34
06032,Cap-d'Ail,littorale,littoral_Provence-Alpes-Côte d'Azur,Provence-Alpes-Côte d'Azur,06
56158,Plescop,littorale,littoral_Bretagne,Bretagne,56
62300,Équihen-Plage,littorale,littoral_Hauts-de-France,Hauts-de-France,62
14274,Fontaine-Étoupefour,littorale,littoral_Normandie,Normandie,14
17094,Châtelaillon-Plage,littorale,littoral_Nouvelle-Aquitaine,Nouvelle-Aquitaine,17
34192,Palavas-les-Flots,littorale,littoral_Occitanie,Occitanie,34
83103,Le Revest-les-Eaux,littorale,littoral_Provence-Alpes-Côte d'Azur,Provence-Alpes-Côte d'Azur,83
56003,Arradon,littorale,littoral_Bretagne,Bretagne,56
62235,Condette,littorale,littoral_Hauts-de-France,Hauts-de-France,62
14383,Louvigny,littorale,littoral_Normandie,Normandie,14
64189,Ciboure,littorale,littoral_Nouvelle-Aquitaine,Nouvelle-Aquitaine,64
11106,Coursan,littorale,littoral_Occitanie,Occitanie,11
83048,La Croix-Valmer,littorale,littoral_Provence-Alpes-Côte d'Azur,Provence-Alpes-Côte d'Azur,83
35049,Cancale,littorale,littoral_Bretagne,Bretagne,35
62043,Les Attaques,littorale,littoral_Hauts-de-France,Hauts-de-France,62
76238,Épouville,littorale,littoral_Normandie,Normandie,76
17142,Dompierre-sur-Mer,littorale,littoral_Nouvelle-Aquitaine,Nouvelle-Aquitaine,17
66189,Saleilles,littorale,littoral_Occitanie,Occitanie,66
06011,Beaulieu-sur-Mer,littorale,littoral_Provence-Alpes-Côte d'Azur,Provence-Alpes-Côte d'Azur,06
56169,Plouhinec,littorale,littoral_Bretagne,Bretagne,56
59641,Warhem,littorale,littoral_Hauts-de-France,Hauts-de-France,59
76270,Fontaine-la-Mallet,littorale,littoral_Normandie,Normandie,76
40209,Ondres,littorale,littoral_Nouvelle-Aquitaine,Nouvelle-Aquitaine,40
11379,Sigean,littorale,littoral_Occitanie,Occitanie,11
83119,Saint-Tropez,littorale,littoral_Provence-Alpes-Côte d'Azur,Provence-Alpes-Côte d'Azur,83
29130,Locmaria-Plouzané,littorale,littoral_Bretagne,Bretagne,29
62025,Ambleteuse,littorale,littoral_Hauts-de-France,Hauts-de-France,62
14166,Colleville-Montgomery,littorale,littoral_Normandie,Normandie,14
64496,Saint-Pierre-d'Irube,littorale,littoral_Nouvelle-Aquitaine,Nouvelle-Aquitaine,64
34031,Bessan,littorale,littoral_Occitanie,Occitanie,34
06128,Saint-Paul-de-Vence,littorale,littoral_Provence-Alpes-Côte d'Azur,Provence-Alpes-Côte d'Azur,06
22389,Yffiniac,littorale,littoral_Bretagne,Bretagne,22
62448,Hesdin-l'Abbé,littorale,littoral_Hauts-de-France,Hauts-de-France,62
14365,Lion-sur-Mer,littorale,littoral_Normandie,Normandie,14
17264,Nieul-sur-Mer,littorale,littoral_Nouvelle-Aquitaine,Nouvelle-Aquitaine,17
11170,Gruissan,littorale,littoral_Occitanie,Occitanie,11
83094,Le Plan-de-la-Tour,littorale,littoral_Provence-Alpes-Côte d'Azur,Provence-Alpes-Côte d'Azur,83
29076,Milizac-Guipronvel,littorale,littoral_Bretagne,Bretagne,29
59082,Bierne,littorale,littoral_Hauts-de-France,Hauts-de-France,59
14543,Rots,littorale,littoral_Normandie,Normandie,14
17414,Saint-Xandre,littorale,littoral_Nouvelle-Aquitaine,Nouvelle-Aquitaine,17
34101,Florensac,littorale,littoral_Occitanie,Occitanie,34
06150,La Turbie,littorale,littoral_Provence-Alpes-Côte d'Azur,Provence-Alpes-Côte d'Azur,06
56008,Baden,littorale,littoral_Bretagne,Bretagne,56
59576,Spycker,littorale,littoral_Hauts-de-France,Hauts-de-France,59
14566,Saint-Contest,littorale,littoral_Normandie,Normandie,14
17333,Saint-Georges-de-Didonne,littorale,littoral_Nouvelle-Aquitaine,Nouvelle-Aquitaine,17
66182,Sainte-Marie-la-Mer,littorale,littoral_Occitanie,Occitanie,66
83065,Gassin,littorale,littoral_Provence-Alpes-Côte d'Azur,Provence-Alpes-Côte d'Azur,83
35299,Saint-Méloir-des-Ondes,littorale,littoral_Bretagne,Bretagne,35
62908,La Capelle-lès-Boulogne,littorale,littoral_Hauts-de-France,Hauts-de-France,62
76026,Arques-la-Bataille,littorale,littoral_Normandie,Normandie,76
17407,Sainte-Soulle,littorale,littoral_Nouvelle-Aquitaine,Nouvelle-Aquitaine,17
66050,Claira,littorale,littoral_Occitanie,Occitanie,66
06057,L'Escarène,littorale,littoral_Provence-Alpes-Côte d'Azur,Provence-Alpes-Côte d'Azur,06
22171,Plaintel,littorale,littoral_Bretagne,Bretagne,22
59668,Zuydcoote,littorale,littoral_Hauts-de-France,Hauts-de-France,59
14587,Saint-Germain-la-Blanche-Herbe,littorale,littoral_Normandie,Normandie,14
17010,Angoulins,littorale,littoral_Nouvelle-Aquitaine,Nouvelle-Aquitaine,17
66016,Banyuls-sur-Mer,littorale,littoral_Occitanie,Occitanie,66
83053,Évenos,littorale,littoral_Provence-Alpes-Côte d'Azur,Provence-Alpes-Côte d'Azur,83
22081,Hillion,littorale,littoral_Bretagne,Bretagne,22
62031,Andres,littorale,littoral_Hauts-de-France,Hauts-de-France,62
14066,Bernières-sur-Mer,littorale,littoral_Normandie,Normandie,14
17461,Vaux-sur-Mer,littorale,littoral_Nouvelle-Aquitaine,Nouvelle-Aquitaine,17
66227,Villeneuve-de-la-Raho,littorale,littoral_Occitanie,Occitanie,66
06091,Peille,littorale,littoral_Provence-Alpes-Côte d'Azur,Provence-Alpes-Côte d'Azur,06
29037,Combrit,littorale,littoral_Bretagne,Bretagne,29
59605,Uxem,littorale,littoral_Hauts-de-France,Hauts-de-France,59
50066,Jullouville,littorale,littoral_Normandie,Normandie,50
17380,Saint-Palais-sur-Mer,littorale,littoral_Nouvelle-Aquitaine,Nouvelle-Aquitaine,17
34324,Valras-Plage,littorale,littoral_Occitanie,Occitanie,34
06059,Èze,littorale,littoral_Provence-Alpes-Côte d'Azur,Provence-Alpes-Côte d'Azur,06
29216,Pluguffan,littorale,littoral_Bretagne,Bretagne,29
80635,Pont-Remy,littorale,littoral_Hauts-de-France,Hauts-de-France,80
14407,Mathieu,littorale,littoral_Normandie,Normandie,14
40296,Seignosse,littorale,littoral_Nouvelle-Aquitaine,Nouvelle-Aquitaine,40
34240,Saint-Aunès,littorale,littoral_Occitanie,Occitanie,34
83101,Ramatuelle,littorale,littoral_Provence-Alpes-Côte d'Azur,Provence-Alpes-Côte d'Azur,83
29170,Plomelin,littorale,littoral_Bretagne,Bretagne,29
62408,Hames-Boucres,littorale,littoral_Hauts-de-France,Hauts-de-France,62
14409,Merville-Franceville-Plage,littorale,littoral_Normandie,Normandie,14
40036,Bénesse-Maremne,littorale,littoral_Nouvelle-Aquitaine,Nouvelle-Aquitaine,40
66148,Port-Vendres,littorale,littoral_Occitanie,Occitanie,66
06067,Gorbio,littorale,littoral_Provence-Alpes-Côte d'Azur,Provence-Alpes-Côte d'Azur,06
56179,Pont-Scorff,littorale,littoral_Bretagne,Bretagne,56
59110,Brouckerque,littorale,littoral_Hauts-de-France,Hauts-de-France,59
50087,Brix,littorale,littoral_Normandie,Normandie,50
40304,Soorts-Hossegor,littorale,littoral_Nouvelle-Aquitaine,Nouvelle-Aquitaine,40
11145,Fleury,littorale,littoral_Occitanie,Occitanie,11
06121,Saint-Jean-Cap-Ferrat,littorale,littoral_Provence-Alpes-Côte d'Azur,Provence-Alpes-Côte d'Azur,06
56231,Saint-Nolff,littorale,littoral_Bretagne,Bretagne,56
62360,Fréthun,littorale,littoral_Hauts-de-France,Hauts-de-France,62
14349,Laize-Clinchamps,littorale,littoral_Normandie,Normandie,14
64038,Arcangues,littorale,littoral_Nouvelle-Aquitaine,Nouvelle-Aquitaine,64
66212,Torreilles,littorale,littoral_Occitanie,Occitanie,66
06138,Théoule-sur-Mer,littorale,littoral_Provence-Alpes-Côte d'Azur,Provence-Alpes-Côte d'Azur,06
22258,Quessoy,littorale,littoral_Bretagne,Bretagne,22
59579,Steene,littorale,littoral_Hauts-de-France,Hauts-de-France,59
14562,Saint-Aubin-sur-Mer,littorale,littoral_Normandie,Normandie,14
17409,Saint-Sulpice-de-Royan,littorale,littoral_Nouvelle-Aquitaine,Nouvelle-Aquitaine,17
66002,Alénya,littorale,littoral_Occitanie,Occitanie,66
06113,Sainte-Agnès,littorale,littoral_Provence-Alpes-Côte d'Azur,Provence-Alpes-Côte d'Azur,06
29006,Bénodet,littorale,littoral_Bretagne,Bretagne,29
62075,Baincthun,littorale,littoral_Hauts-de-France,Hauts-de-France,62
14675,Soliers,littorale,littoral_Normandie,Normandie,14
40317,Tosse,littorale,littoral_Nouvelle-Aquitaine,Nouvelle-Aquitaine,40
34244,Saint-Brès,littorale,littoral_Occitanie,Occitanie,34
06035,Castellar,littorale,littoral_Provence-Alpes-Côte d'Azur,Provence-Alpes-Côte d'Azur,06
29011,Bohars,littorale,littoral_Bretagne,Bretagne,29
80406,Hallencourt,littorale,littoral_Hauts-de-France,Hauts-de-France,80
14610,Saint-Manvieu-Norrey,littorale,littoral_Normandie,Normandie,14
64100,Bassussarry,littorale,littoral_Nouvelle-Aquitaine,Nouvelle-Aquitaine,64
34135,Lespignan,littorale,littoral_Occitanie,Occitanie,34
06036,Castillon,littorale,littoral_Provence-Alpes-Côte d'Azur,Provence-Alpes-Côte d'Azur,06
29057,La Forêt-Fouesnant,littorale,littoral_Bretagne,Bretagne,29
80716,Saint-Riquier,littorale,littoral_Hauts-de-France,Hauts-de-France,80
14119,Cagny,littorale,littoral_Normandie,Normandie,14
17222,Marsilly,littorale,littoral_Nouvelle-Aquitaine,Nouvelle-Aquitaine,17
66224,Villelongue-de-la-Salanque,littorale,littoral_Occitanie,Occitanie,66
06142,Touët-de-l'Escarène,littorale,littoral_Provence-Alpes-Côte d'Azur,Provence-Alpes-Côte d'Azur,06
29146,Melgven,littorale,littoral_Bretagne,Bretagne,29
62634,Offekerque,littorale,littoral_Hauts-de-France,Hauts-de-France,62
14123,Cairon,littorale,littoral_Normandie,Normandie,14
17230,Meschers-sur-Gironde,littorale,littoral_Nouvelle-Aquitaine,Nouvelle-Aquitaine,17
34272,Saint-Just,littorale,littoral_Occitanie,Occitanie,34
29272,Saint-Yvi,littorale,littoral_Bretagne,Bretagne,29
62078,Balinghem,littorale,littoral_Hauts-de-France,Hauts-de-France,62
14060,Bénouville,littorale,littoral_Normandie,Normandie,14
17064,Breuillet,littorale,littoral_Nouvelle-Aquitaine,Nouvelle-Aquitaine,17
11370,Salles-d'Aude,littorale,littoral_Occitanie,Occitanie,11
56137,Monterblanc,littorale,littoral_Bretagne,Bretagne,56
62474,Isques,littorale,littoral_Hauts-de-France,Hauts-de-France,62
14287,Frénouville,littorale,littoral_Normandie,Normandie,14
17228,Médis,littorale,littoral_Nouvelle-Aquitaine,Nouvelle-Aquitaine,17
34209,Portiragnes,littorale,littoral_Occitanie,Occitanie,34
29161,Pleuven,littorale,littoral_Bretagne,Bretagne,29
59478,Quaëdypre,littorale,littoral_Hauts-de-France,Hauts-de-France,59
14530,Ranville,littorale,littoral_Normandie,Normandie,14
64558,Villefranque,littorale,littoral_Nouvelle-Aquitaine,Nouvelle-Aquitaine,64
66094,Latour-Bas-Elne,littorale,littoral_Occitanie,Occitanie,66
22182,Plélo,littorale,littoral_Bretagne,Bretagne,22
62393,Guemps,littorale,littoral_Hauts-de-France,Hauts-de-France,62
14046,Bavent,littorale,littoral_Normandie,Normandie,14
17193,La Jarne,littorale,littoral_Nouvelle-Aquitaine,Nouvelle-Aquitaine,17
34127,Lansargues,littorale,littoral_Occitanie,Occitanie,34
29169,Plogonnec,littorale,littoral_Bretagne,Bretagne,29
80692,Sailly-Flibeaucourt,littorale,littoral_Hauts-de-France,Hauts-de-France,80
14354,Langrune-sur-Mer,littorale,littoral_Normandie,Normandie,14
17425,Semussac,littorale,littoral_Nouvelle-Aquitaine,Nouvelle-Aquitaine,17
34176,Mudaison,littorale,littoral_Occitanie,Occitanie,34
56130,Merlevenez,littorale,littoral_Bretagne,Bretagne,56
80009,Ailly-le-Haut-Clocher,littorale,littoral_Hauts-de-France,Hauts-de-France,80
14666,Sannerville,littorale,littoral_Normandie,Normandie,14
17391,Saint-Rogatien,littorale,littoral_Nouvelle-Aquitaine,Nouvelle-Aquitaine,17
66186,Saint-Nazaire,littorale,littoral_Occitanie,Occitanie,66
35263,Saint-Coulomb,littorale,littoral_Bretagne,Bretagne,35
59463,Pitgam,littorale,littoral_Hauts-de-France,Hauts-de-France,59
76349,Hautot-sur-Mer,littorale,littoral_Normandie,Normandie,76
17420,Salles-sur-Mer,littorale,littoral_Nouvelle-Aquitaine,Nouvelle-Aquitaine,17
34329,Vendres,littorale,littoral_Occitanie,Occitanie,34
29217,Pont-Aven,littorale,littoral_Bretagne,Bretagne,29
80260,Drucat,littorale,littoral_Hauts-de-France,Hauts-de-France,80
76545,Rouxmesnil-Bouteilles,littorale,littoral_Normandie,Normandie,76
64035,Arbonne,littorale,littoral_Nouvelle-Aquitaine,Nouvelle-Aquitaine,64
11441,Vinassan,littorale,littoral_Occitanie,Occitanie,11
35284,Saint-Jouan-des-Guérets,littorale,littoral_Bretagne,Bretagne,35
59570,Socx,littorale,littoral_Hauts-de-France,Hauts-de-France,59
14685,Thaon,littorale,littoral_Normandie,Normandie,14
17472,Villedoux,littorale,littoral_Nouvelle-Aquitaine,Nouvelle-Aquitaine,17
66059,Corneilla-del-Vercol,littorale,littoral_Occitanie,Occitanie,66
29060,Gouesnach,littorale,littoral_Bretagne,Bretagne,29
62889,Wierre-Effroy,littorale,littoral_Hauts-de-France,Hauts-de-France,62
14125,Cambes-en-Plaine,littorale,littoral_Normandie,Normandie,14
40004,Angresse,littorale,littoral_Nouvelle-Aquitaine,Nouvelle-Aquitaine,40
66053,Collioure,littorale,littoral_Occitanie,Occitanie,66
56167,Plougoumelen,littorale,littoral_Bretagne,Bretagne,56
80512,Mareuil-Caubert,littorale,littoral_Hauts-de-France,Hauts-de-France,80
14556,Saint-André-sur-Orne,littorale,littoral_Normandie,Normandie,14
17153,Esnandes,littorale,littoral_Nouvelle-Aquitaine,Nouvelle-Aquitaine,17
34143,Loupian,littorale,littoral_Occitanie,Occitanie,34
56255,Treffléan,littorale,littoral_Bretagne,Bretagne,56
80779,Vauchelles-les-Quesnoy,littorale,littoral_Hauts-de-France,Hauts-de-France,80
76275,Fontenay,littorale,littoral_Normandie,Normandie,76
17376,Saint-Ouen-d'Aunis,littorale,littoral_Nouvelle-Aquitaine,Nouvelle-Aquitaine,17
66208,Théza,littorale,littoral_Occitanie,Occitanie,66
29173,Plonéis,littorale,littoral_Bretagne,Bretagne,29
62446,Hesdigneul-lès-Boulogne,littorale,littoral_Hauts-de-France,Hauts-de-France,62
14454,Mouen,littorale,littoral_Normandie,Normandie,14
64009,Ahetze,littorale,littoral_Nouvelle-Aquitaine,Nouvelle-Aquitaine,64
34207,Pomérols,littorale,littoral_Occitanie,Occitanie,34
56132,Meucon,littorale,littoral_Bretagne,Bretagne,56
62751,Saint-Inglevert,littorale,littoral_Hauts-de-France,Hauts-de-France,62
14030,Authie,littorale,littoral_Normandie,Normandie,14
40291,Saubion,littorale,littoral_Nouvelle-Aquitaine,Nouvelle-Aquitaine,40
34050,Candillargues,littorale,littoral_Occitanie,Occitanie,34
22372,Trémuson,littorale,littoral_Bretagne,Bretagne,22
62654,Peuplingues,littorale,littoral_Hauts-de-France,Hauts-de-France,62
50162,Digosville,littorale,littoral_Normandie,Normandie,50
40157,Lit-et-Mixe,littorale,littoral_Nouvelle-Aquitaine,Nouvelle-Aquitaine,40
11188,La Palme,littorale,littoral_Occitanie,Occitanie,11
29032,Clohars-Fouesnant,littorale,littoral_Bretagne,Bretagne,29
62769,Saint-Tricat,littorale,littoral_Hauts-de-France,Hauts-de-France,62
50599,Tollevast,littorale,littoral_Normandie,Normandie,50
40266,Saint-Julien-en-Born,littorale,littoral_Nouvelle-Aquitaine,Nouvelle-Aquitaine,40
11014,Armissan,littorale,littoral_Occitanie,Occitanie,11
22246,Pommeret,littorale,littoral_Bretagne,Bretagne,22
80163,Cambron,littorale,littoral_Hauts-de-France,Hauts-de-France,80
76167,Cauville-sur-Mer,littorale,littoral_Normandie,Normandie,76
40328,Vieux-Boucau-les-Bains,littorale,littoral_Nouvelle-Aquitaine,Nouvelle-Aquitaine,40
11295,Portel-des-Corbières,littorale,littoral_Occitanie,Occitanie,11
22307,Saint-Julien,littorale,littoral_Bretagne,Bretagne,22
62896,Wirwignes,littorale,littoral_Hauts-de-France,Hauts-de-France,62
14254,Éterville,littorale,littoral_Normandie,Normandie,14
40155,Linxe,littorale,littoral_Nouvelle-Aquitaine,Nouvelle-Aquitaine,40
66048,Cerbère,littorale,littoral_Occitanie,Occitanie,66
35122,La Gouesnière,littorale,littoral_Bretagne,Bretagne,35
80446,Huppy,littorale,littoral_Hauts-de-France,Hauts-de-France,80
76414,Martin-Église,littorale,littoral_Normandie,Normandie,76
17311,Saint-Augustin,littorale,littoral_Nouvelle-Aquitaine,Nouvelle-Aquitaine,17
11285,Peyriac-de-Mer,littorale,littoral_Occitanie,Occitanie,11
56120,Locqueltas,littorale,littoral_Bretagne,Bretagne,56
62191,Caffiers,littorale,littoral_Hauts-de-France,Hauts-de-France,62
14243,Équemauville,littorale,littoral_Normandie,Normandie,14
17109,Clavette,littorale,littoral_Nouvelle-Aquitaine,Nouvelle-Aquitaine,17
11322,Roquefort-des-Corbières,littorale,littoral_Occitanie,Occitanie,11
29066,Guengat,littorale,littoral_Bretagne,Bretagne,29
80578,Moyenneville,littorale,littoral_Hauts-de-France,Hauts-de-France,80
14266,Feuguerolles-Bully,littorale,littoral_Normandie,Normandie,14
17059,Bourgneuf,littorale,littoral_Nouvelle-Aquitaine,Nouvelle-Aquitaine,17
11086,Caves,littorale,littoral_Occitanie,Occitanie,11
56115,Locmaria-Grand-Champ,littorale,littoral_Bretagne,Bretagne,56
80444,Huchenneville,littorale,littoral_Hauts-de-France,Hauts-de-France,80
50209,Gonneville-Le Theil,littorale,littoral_Normandie,Normandie,50
17413,Saint-Vivien,littorale,littoral_Nouvelle-Aquitaine,Nouvelle-Aquitaine,17
11024,Bages,littorale,littoral_Occitanie,Occitanie,11
22094,Lancieux,littorale,littoral_Bretagne,Bretagne,22
59162,Crochte,littorale,littoral_Hauts-de-France,Hauts-de-France,59
50493,Saint-Jean-des-Champs,littorale,littoral_Normandie,Normandie,50
33544,Le Verdon-sur-Mer,littorale,littoral_Nouvelle-Aquitaine,Nouvelle-Aquitaine,33
34280,Saint-Nazaire-de-Pézan,littorale,littoral_Occitanie,Occitanie,34
22281,Saint-Carreuc,littorale,littoral_Bretagne,Bretagne,22
62056,Audresselles,littorale,littoral_Hauts-de-France,Hauts-de-France,62
76616,Saint-Martin-du-Manoir,littorale,littoral_Normandie,Normandie,76
64249,Guéthary,littorale,littoral_Nouvelle-Aquitaine,Nouvelle-Aquitaine,64
35181,Le Minihic-sur-Rance,littorale,littoral_Bretagne,Bretagne,35
62214,Carly,littorale,littoral_Hauts-de-France,Hauts-de-France,62
14057,Bellengreville,littorale,littoral_Normandie,Normandie,14
64130,Biriatou,littorale,littoral_Nouvelle-Aquitaine,Nouvelle-Aquitaine,64
22287,Saint-Donan,littorale,littoral_Bretagne,Bretagne,22
80486,Long,littorale,littoral_Hauts-de-France,Hauts-de-France,80
14249,Esquay-Notre-Dame,littorale,littoral_Normandie,Normandie,14
17245,Montroy,littorale,littoral_Nouvelle-Aquitaine,Nouvelle-Aquitaine,17
29296,Tréméoc,littorale,littoral_Bretagne,Bretagne,29
80546,Miannay,littorale,littoral_Hauts-de-France,Hauts-de-France,80
50541,Saint-Planchers,littorale,littoral_Normandie,Normandie,50
17151,L'Éguille,littorale,littoral_Nouvelle-Aquitaine,Nouvelle-Aquitaine,17
22144,La Méaugon,littorale,littoral_Bretagne,Bretagne,22
62156,Bonningues-lès-Calais,littorale,littoral_Hauts-de-France,Hauts-de-France,62
14009,Amfreville,littorale,littoral_Normandie,Normandie,14
40108,Gastes,littorale,littoral_Nouvelle-Aquitaine,Nouvelle-Aquitaine,40
22234,Plouvara,littorale,littoral_Bretagne,Bretagne,22
80171,Caours,littorale,littoral_Hauts-de-France,Hauts-de-France,80
14328,Hérouvillette,littorale,littoral_Normandie,Normandie,14
17247,Mornac-sur-Seudre,littorale,littoral_Nouvelle-Aquitaine,Nouvelle-Aquitaine,17
22188,Plerneuf,littorale,littoral_Bretagne,Bretagne,22
80422,Hautvillers-Ouville,littorale,littoral_Hauts-de-France,Hauts-de-France,80
50294,Martinvast,littorale,littoral_Normandie,Normandie,50
17097,Le Chay,littorale,littoral_Nouvelle-Aquitaine,Nouvelle-Aquitaine,17
22103,Langrolay-sur-Rance,littorale,littoral_Bretagne,Bretagne,22
62105,Belle-et-Houllefort,littorale,littoral_Hauts-de-France,Hauts-de-France,62
14014,Colomby-Anguerny,littorale,littoral_Normandie,Normandie,14
40213,Orx,littorale,littoral_Nouvelle-Aquitaine,Nouvelle-Aquitaine,40
35255,Saint-Benoît-des-Ondes,littorale,littoral_Bretagne,Bretagne,35
80654,Quesnoy-le-Montant,littorale,littoral_Hauts-de-France,Hauts-de-France,80
50085,Bricqueville-sur-Mer,littorale,littoral_Normandie,Normandie,50
40322,Uza,littorale,littoral_Nouvelle-Aquitaine,Nouvelle-Aquitaine,40
22356,Trégomeur,littorale,littoral_Bretagne,Bretagne,22
80149,Buigny-Saint-Maclou,littorale,littoral_Hauts-de-France,Hauts-de-France,80
50149,Couville,littorale,littoral_Normandie,Normandie,50
56205,Saint-Armel,littorale,littoral_Bretagne,Bretagne,56
62237,Conteville-lès-Boulogne,littorale,littoral_Hauts-de-France,Hauts-de-France,62
76534,Rolleville,littorale,littoral_Normandie,Normandie,76
56084,Le Hézo,littorale,littoral_Bretagne,Bretagne,56
80268,Épagne-Épagnette,littorale,littoral_Hauts-de-France,Hauts-de-France,80
76565,Saint-Aubin-sur-Scie,littorale,littoral_Normandie,Normandie,76
29238,Roscanvel,littorale,littoral_Bretagne,Bretagne,29
80078,Bellancourt,littorale,littoral_Hauts-de-France,Hauts-de-France,80
76707,Tourville-sur-Arques,littorale,littoral_Normandie,Normandie,76
22368,Tréméreuc,littorale,littoral_Bretagne,Bretagne,22
62657,Pihen-lès-Guînes,littorale,littoral_Hauts-de-France,Hauts-de-France,62
50647,Yquelon,littorale,littoral_Normandie,Normandie,50
56087,Île-aux-Moines,littorale,littoral_Bretagne,Bretagne,56
80076,Béhen,littorale,littoral_Hauts-de-France,Hauts-de-France,80
14707,Tourville-sur-Odon,littorale,littoral_Normandie,Normandie,14
56088,Île-d'Arz,littorale,littoral_Bretagne,Bretagne,56
80328,Fontaine-sur-Somme,littorale,littoral_Hauts-de-France,Hauts-de-France,80
14558,Saint-Aubin-d'Arquenay,littorale,littoral_Normandie,Normandie,14
80282,Érondelle,littorale,littoral_Hauts-de-France,Hauts-de-France,80
14197,Cresserons,littorale,littoral_Normandie,Normandie,14
80385,Grand-Laviers,littorale,littoral_Hauts-de-France,Hauts-de-France,80
14006,Amayé-sur-Orne,littorale,littoral_Normandie,Normandie,14
62125,Beuvrequen,littorale,littoral_Hauts-de-France,Hauts-de-France,62
14044,Basly,littorale,littoral_Normandie,Normandie,14
62104,Bellebrune,littorale,littoral_Hauts-de-France,Hauts-de-France,62
14042,Baron-sur-Odon,littorale,littoral_Normandie,Normandie,14
80609,Oneux,littorale,littoral_Hauts-de-France,Hauts-de-France,80
50594,Teurthéville-Hague,littorale,littoral_Normandie,Normandie,50
62653,Pernes-lès-Boulogne,littorale,littoral_Hauts-de-France,Hauts-de-France,62
14396,Maltot,littorale,littoral_Normandie,Normandie,14
62089,Bazinghen,littorale,littoral_Hauts-de-France,Hauts-de-France,62
50077,Bretteville,littorale,littoral_Normandie,Normandie,50
62281,Echinghen,littorale,littoral_Hauts-de-France,Hauts-de-France,62
14724,Varaville,littorale,littoral_Normandie,Normandie,14
80262,Eaucourt-sur-Somme,littorale,littoral_Hauts-de-France,Hauts-de-France,80
76720,Varengeville-sur-Mer,littorale,littoral_Normandie,Normandie,76
80251,Doudelainville,littorale,littoral_Hauts-de-France,Hauts-de-France,80
14288,Le Fresne-Camilly,littorale,littoral_Normandie,Normandie,14
80588,Neufmoulin,littorale,littoral_Hauts-de-France,Hauts-de-France,80
50252,Hudimesnil,littorale,littoral_Normandie,Normandie,50
80548,Millencourt-en-Ponthieu,littorale,littoral_Hauts-de-France,Hauts-de-France,80
50230,Hardinvast,littorale,littoral_Normandie,Normandie,50
80250,Domvast,littorale,littoral_Hauts-de-France,Hauts-de-France,80
50567,Saussemesnil,littorale,littoral_Normandie,Normandie,50
80476,Liercourt,littorale,littoral_Hauts-de-France,Hauts-de-France,80
50143,Coudeville-sur-Mer,littorale,littoral_Normandie,Normandie,50
80763,Le Titre,littorale,littoral_Hauts-de-France,Hauts-de-France,80
76324,Grèges,littorale,littoral_Normandie,Normandie,76
80691,Saigneville,littorale,littoral_Hauts-de-France,Hauts-de-France,80
76562,Saint-Aubin-le-Cauf,littorale,littoral_Normandie,Normandie,76
80462,Lamotte-Buleux,littorale,littoral_Hauts-de-France,Hauts-de-France,80
50575,Sideville,littorale,littoral_Normandie,Normandie,50
80167,Canchy,littorale,littoral_Hauts-de-France,Hauts-de-France,80
14758,Villons-les-Buissons,littorale,littoral_Normandie,Normandie,14
80147,Buigny-l'Abbé,littorale,littoral_Hauts-de-France,Hauts-de-France,80
14246,Escoville,littorale,littoral_Normandie,Normandie,14
62679,Questrecques,littorale,littoral_Hauts-de-France,Hauts-de-France,62
14015,Anisy,littorale,littoral_Normandie,Normandie,14
80590,Neuilly-l'Hôpital,littorale,littoral_Hauts-de-France,Hauts-de-France,80
50081,Bréville-sur-Mer,littorale,littoral_Normandie,Normandie,50
62546,Maninghen-Henne,littorale,littoral_Hauts-de-France,Hauts-de-France,62
50643,Virandeville,littorale,littoral_Normandie,Normandie,50
80331,Forest-l'Abbaye,littorale,littoral_Hauts-de-France,Hauts-de-France,80
50102,Carolles,littorale,littoral_Normandie,Normandie,50
80155,Bussus-lès-Yaucourt,littorale,littoral_Hauts-de-France,Hauts-de-France,80
50305,Le Mesnil-au-Val,littorale,littoral_Normandie,Normandie,50
80764,Tœufles,littorale,littoral_Hauts-de-France,Hauts-de-France,80
14747,Vieux,littorale,littoral_Normandie,Normandie,14
62615,Nielles-lès-Calais,littorale,littoral_Hauts-de-France,Hauts-de-France,62
76036,Auppegard,littorale,littoral_Normandie,Normandie,76
80637,Port-le-Grand,littorale,littoral_Hauts-de-France,Hauts-de-France,80
76690,Thil-Manneville,littorale,littoral_Normandie,Normandie,76
80374,Gapennes,littorale,littoral_Hauts-de-France,Hauts-de-France,80
14106,Bréville-les-Monts,littorale,littoral_Normandie,Normandie,14
62636,Offrethun,littorale,littoral_Hauts-de-France,Hauts-de-France,62
50382,Nouainville,littorale,littoral_Normandie,Normandie,50
62867,Wacquinghen,littorale,littoral_Hauts-de-France,Hauts-de-France,62
14237,Émiéville,littorale,littoral_Normandie,Normandie,14
80051,Bailleul,littorale,littoral_Hauts-de-France,Hauts-de-France,80
50540,Saint-Pierre-Langers,littorale,littoral_Normandie,Normandie,50
80135,Bray-lès-Mareuil,littorale,littoral_Hauts-de-France,Hauts-de-France,80
76008,Ancourt,littorale,littoral_Normandie,Normandie,76
80006,Agenvillers,littorale,littoral_Hauts-de-France,Hauts-de-France,80
14297,Gavrus,littorale,littoral_Normandie,Normandie,14
80836,Yonval,littorale,littoral_Hauts-de-France,Hauts-de-France,80
50519,Saint-Martin-le-Gréard,littorale,littoral_Normandie,Normandie,50
80736,Sorel-en-Vimeu,littorale,littoral_Hauts-de-France,Hauts-de-France,80
14755,Villerville,littorale,littoral_Normandie,Normandie,14
62444,Hervelinghen,littorale,littoral_Hauts-de-France,Hauts-de-France,62
14542,Rosel,littorale,littoral_Normandie,Normandie,14
80200,Cocquerel,littorale,littoral_Hauts-de-France,Hauts-de-France,80
50277,Longueville,littorale,littoral_Normandie,Normandie,50
62307,Escalles,littorale,littoral_Hauts-de-France,Hauts-de-France,62
14495,Périers-sur-le-Dan,littorale,littoral_Normandie,Normandie,14
80161,Cahon,littorale,littoral_Hauts-de-France,Hauts-de-France,80
14438,Mondrainville,littorale,littoral_Normandie,Normandie,14
80388,Grébault-Mesnil,littorale,littoral_Hauts-de-France,Hauts-de-France,80
14034,Avenay,littorale,littoral_Normandie,Normandie,14
80344,Francières,littorale,littoral_Hauts-de-France,Hauts-de-France,80
14499,Petiville,littorale,littoral_Normandie,Normandie,14
80482,Limeux,littorale,littoral_Hauts-de-France,Hauts-de-France,80
76173,La Chaussée,littorale,littoral_Normandie,Normandie,76
80280,Ercourt,littorale,littoral_Hauts-de-France,Hauts-de-France,80
76515,Quiberville-sur-Mer,littorale,littoral_Normandie,Normandie,76
80372,Frucourt,littorale,littoral_Hauts-de-France,Hauts-de-France,80
76395,Longueil,littorale,littoral_Normandie,Normandie,76
62658,Pittefaux,littorale,littoral_Hauts-de-France,Hauts-de-France,62
76030,Aubermesnil-Beaumais,littorale,littoral_Normandie,Normandie,76
76004,Ambrumesnil,littorale,littoral_Normandie,Normandie,76
76071,Bellengreville,littorale,littoral_Normandie,Normandie,76
76605,Sainte-Marguerite-sur-Mer,littorale,littoral_Normandie,Normandie,76
50447,Saint-Aubin-des-Préaux,littorale,littoral_Normandie,Normandie,50
76492,Ouville-la-Rivière,littorale,littoral_Normandie,Normandie,76
76210,Dampierre-Saint-Nicolas,littorale,littoral_Normandie,Normandie,76
76665,Sauchay,littorale,littoral_Normandie,Normandie,76
50008,Anctoville-sur-Boscq,littorale,littoral_Normandie,Normandie,50
76019,Anneville-sur-Scie,littorale,littoral_Normandie,Normandie,76
76413,Martigny,littorale,littoral_Normandie,Normandie,76
50454,Saint-Christophe-du-Foc,littorale,littoral_Normandie,Normandie,50
50549,Saint-Sauveur-la-Pommeraye,littorale,littoral_Normandie,Normandie,50
50079,Breuville,littorale,littoral_Normandie,Normandie,50
14698,Touffréville,littorale,littoral_Normandie,Normandie,14
14306,Gonneville-en-Auge,littorale,littoral_Normandie,Normandie,14
76112,Le Bois-Robert,littorale,littoral_Normandie,Normandie,76
50120,Chanteloup,littorale,littoral_Normandie,Normandie,50
76667,Sauqueville,littorale,littoral_Normandie,Normandie,76
50117,Champeaux,littorale,littoral_Normandie,Normandie,50
76085,Bertreville-Saint-Ouen,littorale,littoral_Normandie,Normandie,76
14492,Pennedepie,littorale,littoral_Normandie,Normandie,14
14665,Sallenelles,littorale,littoral_Normandie,Normandie,14
76214,Dénestanville,littorale,littoral_Normandie,Normandie,76
14202,Cricquebœuf,littorale,littoral_Normandie,Normandie,14
14045,Basseneville,littorale,littoral_Normandie,Normandie,14
76205,Crosville-sur-Scie,littorale,littoral_Normandie,Normandie,76
76582,Saint-Germain-d'Étables,littorale,littoral_Normandie,Normandie,76
50101,Carneville,littorale,littoral_Normandie,Normandie,50
50296,Maupertus-sur-Mer,littorale,littoral_Normandie,Normandie,50
76405,Manéhouville,littorale,littoral_Normandie,Normandie,76
14509,Plumetot,littorale,littoral_Normandie,Normandie,14
14036,Banneville-la-Campagne,littorale,littoral_Normandie,Normandie,14
14110,Brucourt,littorale,littoral_Normandie,Normandie,14
76572,Saint-Denis-d'Aclon,littorale,littoral_Normandie,Normandie,76
14041,Barneville-la-Bertran,littorale,littoral_Normandie,Normandie,14
14494,Périers-en-Auge,littorale,littoral_Normandie,Normandie,14
76170,La Chapelle-du-Bourgay,littorale,littoral_Normandie,Normandie,76
76184,Colmesnil-Manneville,littorale,littoral_Normandie,Normandie,76
69384,Lyon 4e Arrondissement,ville_moyenne,ville_moyenne_Auvergne-Rhône-Alpes,Auvergne-Rhône-Alpes,69
25388,Montbéliard,ville_moyenne,ville_moyenne_Bourgogne-Franche-Comté,Bourgogne-Franche-Comté,25
35115,Fougères,ville_moyenne,ville_moyenne_Bretagne,Bretagne,35
28134,Dreux,ville_moyenne,ville_moyenne_Centre-Val de Loire,Centre-Val de Loire,28
67180,Haguenau,ville_moyenne,ville_moyenne_Grand Est,Grand Est,67
60175,Creil,ville_moyenne,ville_moyenne_Hauts-de-France,Hauts-de-France,60
14366,Lisieux,ville_moyenne,ville_moyenne_Normandie,Normandie,14
86066,Châtellerault,ville_moyenne,ville_moyenne_Nouvelle-Aquitaine,Nouvelle-Aquitaine,86
31557,Tournefeuille,ville_moyenne,ville_moyenne_Occitanie,Occitanie,31
44114,Orvault,ville_moyenne,ville_moyenne_Pays de la Loire,Pays de la Loire,44
84031,Carpentras,ville_moyenne,ville_moyenne_Provence-Alpes-Côte d'Azur,Provence-Alpes-Côte d'Azur,84
92020,Châtillon,ville_moyenne,ville_moyenne_Île-de-France,Île-de-France,92
42207,Saint-Chamond,ville_moyenne,ville_moyenne_Auvergne-Rhône-Alpes,Auvergne-Rhône-Alpes,42
39198,Dole,ville_moyenne,ville_moyenne_Bourgogne-Franche-Comté,Bourgogne-Franche-Comté,39
22113,Lannion,ville_moyenne,ville_moyenne_Bretagne,Bretagne,22
18279,Vierzon,ville_moyenne,ville_moyenne_Centre-Val de Loire,Centre-Val de Loire,18
88160,Épinal,ville_moyenne,ville_moyenne_Grand Est,Grand Est,88
62498,Lens,ville_moyenne,ville_moyenne_Hauts-de-France,Hauts-de-France,62
50502,Saint-Lô,ville_moyenne,ville_moyenne_Normandie,Normandie,50
24322,Périgueux,ville_moyenne,ville_moyenne_Nouvelle-Aquitaine,Nouvelle-Aquitaine,24
34145,Lunel,ville_moyenne,ville_moyenne_Occitanie,Occitanie,34
49328,Saumur,ville_moyenne,ville_moyenne_Pays de la Loire,Pays de la Loire,49
84087,Orange,ville_moyenne,ville_moyenne_Provence-Alpes-Côte d'Azur,Provence-Alpes-Côte d'Azur,84
78172,Conflans-Sainte-Honorine,ville_moyenne,ville_moyenne_Île-de-France,Île-de-France,78
42187,Roanne,ville_moyenne,ville_moyenne_Auvergne-Rhône-Alpes,Auvergne-Rhône-Alpes,42
25462,Pontarlier,ville_moyenne,ville_moyenne_Bourgogne-Franche-Comté,Bourgogne-Franche-Comté,25
35047,Bruz,ville_moyenne,ville_moyenne_Bretagne,Bretagne,35
45232,Olivet,ville_moyenne,ville_moyenne_Centre-Val de Loire,Centre-Val de Loire,45
54547,Vandœuvre-lès-Nancy,ville_moyenne,ville_moyenne_Grand Est,Grand Est,54
59122,Cambrai,ville_moyenne,ville_moyenne_Hauts-de-France,Hauts-de-France,59
27375,Louviers,ville_moyenne,ville_moyenne_Normandie,Normandie,27
33192,Gradignan,ville_moyenne,ville_moyenne_Nouvelle-Aquitaine,Nouvelle-Aquitaine,33
31395,Muret,ville_moyenne,ville_moyenne_Occitanie,Occitanie,31
44215,Vertou,ville_moyenne,ville_moyenne_Pays de la Loire,Pays de la Loire,44
13002,Allauch,ville_moyenne,ville_moyenne_Provence-Alpes-Côte d'Azur,Provence-Alpes-Côte d'Azur,13
91549,Sainte-Geneviève-des-Bois,ville_moyenne,ville_moyenne_Île-de-France,Île-de-France,91
73008,Aix-les-Bains,ville_moyenne,ville_moyenne_Auvergne-Rhône-Alpes,Auvergne-Rhône-Alpes,73
39300,Lons-le-Saunier,ville_moyenne,ville_moyenne_Bourgogne-Franche-Comté,Bourgogne-Franche-Comté,39
35051,Cesson-Sévigné,ville_moyenne,ville_moyenne_Bretagne,Bretagne,35
41194,Romorantin-Lanthenay,ville_moyenne,ville_moyenne_Centre-Val de Loire,Centre-Val de Loire,41
67218,Illkirch-Graffenstaden,ville_moyenne,ville_moyenne_Grand Est,Grand Est,67
62510,Liévin,ville_moyenne,ville_moyenne_Hauts-de-France,Hauts-de-France,62
76259,Fécamp,ville_moyenne,ville_moyenne_Normandie,Normandie,76
17415,Saintes,ville_moyenne,ville_moyenne_Nouvelle-Aquitaine,Nouvelle-Aquitaine,17
34057,Castelnau-le-Lez,ville_moyenne,ville_moyenne_Occitanie,Occitanie,34
49301,Sèvremoine,ville_moyenne,ville_moyenne_Pays de la Loire,Pays de la Loire,49
84089,Pertuis,ville_moyenne,ville_moyenne_Provence-Alpes-Côte d'Azur,Provence-Alpes-Côte d'Azur,84
92019,Châtenay-Malabry,ville_moyenne,ville_moyenne_Île-de-France,Île-de-France,92
69381,Lyon 1er Arrondissement,ville_moyenne,ville_moyenne_Auvergne-Rhône-Alpes,Auvergne-Rhône-Alpes,69
71306,Montceau-les-Mines,ville_moyenne,ville_moyenne_Bourgogne-Franche-Comté,Bourgogne-Franche-Comté,71
29103,Landerneau,ville_moyenne,ville_moyenne_Bretagne,Bretagne,29
45208,Montargis,ville_moyenne,ville_moyenne_Centre-Val de Loire,Centre-Val de Loire,45
52448,Saint-Dizier,ville_moyenne,ville_moyenne_Grand Est,Grand Est,52
59392,Maubeuge,ville_moyenne,ville_moyenne_Hauts-de-France,Hauts-de-France,59
14762,Vire Normandie,ville_moyenne,ville_moyenne_Normandie,Normandie,14
33243,Libourne,ville_moyenne,ville_moyenne_Nouvelle-Aquitaine,Nouvelle-Aquitaine,33
12145,Millau,ville_moyenne,ville_moyenne_Occitanie,Occitanie,12
49023,Beaupréau-en-Mauges,ville_moyenne,ville_moyenne_Pays de la Loire,Pays de la Loire,49
06157,Vence,ville_moyenne,ville_moyenne_Provence-Alpes-Côte d'Azur,Provence-Alpes-Côte d'Azur,06
91477,Palaiseau,ville_moyenne,ville_moyenne_Île-de-France,Île-de-France,91
15014,Aurillac,ville_moyenne,ville_moyenne_Auvergne-Rhône-Alpes,Auvergne-Rhône-Alpes,15
71014,Autun,ville_moyenne,ville_moyenne_Bourgogne-Franche-Comté,Bourgogne-Franche-Comté,71
29151,Morlaix,ville_moyenne,ville_moyenne_Bretagne,Bretagne,29
45155,Gien,ville_moyenne,ville_moyenne_Centre-Val de Loire,Centre-Val de Loire,45
51230,Épernay,ville_moyenne,ville_moyenne_Grand Est,Grand Est,51
02722,Soissons,ville_moyenne,ville_moyenne_Hauts-de-France,Hauts-de-France,02
61169,Flers,ville_moyenne,ville_moyenne_Normandie,Normandie,61
33162,Eysines,ville_moyenne,ville_moyenne_Nouvelle-Aquitaine,Nouvelle-Aquitaine,33
46042,Cahors,ville_moyenne,ville_moyenne_Occitanie,Occitanie,46
44047,Couëron,ville_moyenne,ville_moyenne_Pays de la Loire,Pays de la Loire,44
83023,Brignoles,ville_moyenne,ville_moyenne_Provence-Alpes-Côte d'Azur,Provence-Alpes-Côte d'Azur,83
94058,Le Perreux-sur-Marne,ville_moyenne,ville_moyenne_Île-de-France,Île-de-France,94
03310,Vichy,ville_moyenne,ville_moyenne_Auvergne-Rhône-Alpes,Auvergne-Rhône-Alpes,03
56178,Pontivy,ville_moyenne,ville_moyenne_Bretagne,Bretagne,56
45004,Amilly,ville_moyenne,ville_moyenne_Centre-Val de Loire,Centre-Val de Loire,45
57480,Montigny-lès-Metz,ville_moyenne,ville_moyenne_Grand Est,Grand Est,57
59017,Armentières,ville_moyenne,ville_moyenne_Hauts-de-France,Hauts-de-France,59
76108,Bois-Guillaume,ville_moyenne,ville_moyenne_Normandie,Normandie,76
17299,Rochefort,ville_moyenne,ville_moyenne_Nouvelle-Aquitaine,Nouvelle-Aquitaine,17
31424,Plaisance-du-Touch,ville_moyenne,ville_moyenne_Occitanie,Occitanie,31
85047,Challans,ville_moyenne,ville_moyenne_Pays de la Loire,Pays de la Loire,85
83116,Saint-Maximin-la-Sainte-Baume,ville_moyenne,ville_moyenne_Provence-Alpes-Côte d'Azur,Provence-Alpes-Côte d'Azur,83
78440,Les Mureaux,ville_moyenne,ville_moyenne_Île-de-France,Île-de-France,78
69244,Tassin-la-Demi-Lune,ville_moyenne,ville_moyenne_Auvergne-Rhône-Alpes,Auvergne-Rhône-Alpes,69
22050,Dinan,ville_moyenne,ville_moyenne_Bretagne,Bretagne,22
37003,Amboise,ville_moyenne,ville_moyenne_Centre-Val de Loire,Centre-Val de Loire,37
52121,Chaumont,ville_moyenne,ville_moyenne_Grand Est,Grand Est,52
02408,Laon,ville_moyenne,ville_moyenne_Hauts-de-France,Hauts-de-France,02
14047,Bayeux,ville_moyenne,ville_moyenne_Normandie,Normandie,14
47323,Villeneuve-sur-Lot,ville_moyenne,ville_moyenne_Nouvelle-Aquitaine,Nouvelle-Aquitaine,47
30028,Bagnols-sur-Cèze,ville_moyenne,ville_moyenne_Occitanie,Occitanie,30
49092,Chemillé-en-Anjou,ville_moyenne,ville_moyenne_Pays de la Loire,Pays de la Loire,49
04070,Digne-les-Bains,ville_moyenne,ville_moyenne_Provence-Alpes-Côte d'Azur,Provence-Alpes-Côte d'Azur,04
78621,Trappes,ville_moyenne,ville_moyenne_Île-de-France,Île-de-France,78
01283,Oyonnax,ville_moyenne,ville_moyenne_Auvergne-Rhône-Alpes,Auvergne-Rhône-Alpes,01
56007,Auray,ville_moyenne,ville_moyenne_Bretagne,Bretagne,56
28088,Châteaudun,ville_moyenne,ville_moyenne_Centre-Val de Loire,Centre-Val de Loire,28
57631,Sarreguemines,ville_moyenne,ville_moyenne_Grand Est,Grand Est,57
59368,La Madeleine,ville_moyenne,ville_moyenne_Hauts-de-France,Hauts-de-France,59
27701,Val-de-Reuil,ville_moyenne,ville_moyenne_Normandie,Normandie,27
40088,Dax,ville_moyenne,ville_moyenne_Nouvelle-Aquitaine,Nouvelle-Aquitaine,40
34129,Lattes,ville_moyenne,ville_moyenne_Occitanie,Occitanie,34
44035,La Chapelle-sur-Erdre,ville_moyenne,ville_moyenne_Pays de la Loire,Pays de la Loire,44
13027,Châteaurenard,ville_moyenne,ville_moyenne_Provence-Alpes-Côte d'Azur,Provence-Alpes-Côte d'Azur,13
94052,Nogent-sur-Marne,ville_moyenne,ville_moyenne_Île-de-France,Île-de-France,94
38563,Voiron,ville_moyenne,ville_moyenne_Auvergne-Rhône-Alpes,Auvergne-Rhône-Alpes,38
29046,Douarnenez,ville_moyenne,ville_moyenne_Bretagne,Bretagne,29
45068,Châlette-sur-Loing,ville_moyenne,ville_moyenne_Centre-Val de Loire,Centre-Val de Loire,45
67267,Lingolsheim,ville_moyenne,ville_moyenne_Grand Est,Grand Est,67
62178,Bruay-la-Buissière,ville_moyenne,ville_moyenne_Hauts-de-France,Hauts-de-France,62
50218,Granville,ville_moyenne,ville_moyenne_Normandie,Normandie,50
79049,Bressuire,ville_moyenne,ville_moyenne_Nouvelle-Aquitaine,Nouvelle-Aquitaine,79
31044,Balma,ville_moyenne,ville_moyenne_Occitanie,Occitanie,31
49244,Mauges-sur-Loire,ville_moyenne,ville_moyenne_Pays de la Loire,Pays de la Loire,49
13007,Auriol,ville_moyenne,ville_moyenne_Provence-Alpes-Côte d'Azur,Provence-Alpes-Côte d'Azur,13
93063,Romainville,ville_moyenne,ville_moyenne_Île-de-France,Île-de-France,93
63124,Cournon-d'Auvergne,ville_moyenne,ville_moyenne_Auvergne-Rhône-Alpes,Auvergne-Rhône-Alpes,63
35024,Betton,ville_moyenne,ville_moyenne_Bretagne,Bretagne,35
28404,Vernouillet,ville_moyenne,ville_moyenne_Centre-Val de Loire,Centre-Val de Loire,28
88413,Saint-Dié-des-Vosges,ville_moyenne,ville_moyenne_Grand Est,Grand Est,88
59295,Hazebrouck,ville_moyenne,ville_moyenne_Hauts-de-France,Hauts-de-France,59
76057,Barentin,ville_moyenne,ville_moyenne_Normandie,Normandie,76
47157,Marmande,ville_moyenne,ville_moyenne_Nouvelle-Aquitaine,Nouvelle-Aquitaine,47
09225,Pamiers,ville_moyenne,ville_moyenne_Occitanie,Occitanie,09
44131,Pornic,ville_moyenne,ville_moyenne_Pays de la Loire,Pays de la Loire,44
83148,Vidauban,ville_moyenne,ville_moyenne_Provence-Alpes-Côte d'Azur,Provence-Alpes-Côte d'Azur,83
78423,Montigny-le-Bretonneux,ville_moyenne,ville_moyenne_Île-de-France,Île-de-France,78
73011,Albertville,ville_moyenne,ville_moyenne_Auvergne-Rhône-Alpes,Auvergne-Rhône-Alpes,73
67462,Sélestat,ville_moyenne,ville_moyenne_Grand Est,Grand Est,67
59410,Mons-en-Barœul,ville_moyenne,ville_moyenne_Hauts-de-France,Hauts-de-France,59
33122,Cestas,ville_moyenne,ville_moyenne_Nouvelle-Aquitaine,Nouvelle-Aquitaine,33
30032,Beaucaire,ville_moyenne,ville_moyenne_Occitanie,Occitanie,30
53062,Château-Gontier-sur-Mayenne,ville_moyenne,ville_moyenne_Pays de la Loire,Pays de la Loire,53
83049,Cuers,ville_moyenne,ville_moyenne_Provence-Alpes-Côte d'Azur,Provence-Alpes-Côte d'Azur,83
94038,L'Haÿ-les-Roses,ville_moyenne,ville_moyenne_Île-de-France,Île-de-France,94
26058,Bourg-lès-Valence,ville_moyenne,ville_moyenne_Auvergne-Rhône-Alpes,Auvergne-Rhône-Alpes,26
54329,Lunéville,ville_moyenne,ville_moyenne_Grand Est,Grand Est,54
59646,Wasquehal,ville_moyenne,ville_moyenne_Hauts-de-France,Hauts-de-France,59
40279,Saint-Paul-lès-Dax,ville_moyenne,ville_moyenne_Nouvelle-Aquitaine,Nouvelle-Aquitaine,40
81099,Gaillac,ville_moyenne,ville_moyenne_Occitanie,Occitanie,81
49307,Loire-Authion,ville_moyenne,ville_moyenne_Pays de la Loire,Pays de la Loire,49
83112,Saint-Cyr-sur-Mer,ville_moyenne,ville_moyenne_Provence-Alpes-Côte d'Azur,Provence-Alpes-Côte d'Azur,83
78490,Plaisir,ville_moyenne,ville_moyenne_Île-de-France,Île-de-France,78
63300,Riom,ville_moyenne,ville_moyenne_Auvergne-Rhône-Alpes,Auvergne-Rhône-Alpes,63
57757,Yutz,ville_moyenne,ville_moyenne_Grand Est,Grand Est,57
59279,Halluin,ville_moyenne,ville_moyenne_Hauts-de-France,Hauts-de-France,59
79329,Thouars,ville_moyenne,ville_moyenne_Nouvelle-Aquitaine,Nouvelle-Aquitaine,79
82112,Moissac,ville_moyenne,ville_moyenne_Occitanie,Occitanie,82
44069,Guérande,ville_moyenne,ville_moyenne_Pays de la Loire,Pays de la Loire,44
78158,Le Chesnay-Rocquencourt,ville_moyenne,ville_moyenne_Île-de-France,Île-de-France,78
43157,Le Puy-en-Velay,ville_moyenne,ville_moyenne_Auvergne-Rhône-Alpes,Auvergne-Rhône-Alpes,43
55545,Verdun,ville_moyenne,ville_moyenne_Grand Est,Grand Est,55
59163,Croix,ville_moyenne,ville_moyenne_Hauts-de-France,Hauts-de-France,59
19272,Tulle,ville_moyenne,ville_moyenne_Nouvelle-Aquitaine,Nouvelle-Aquitaine,19
65286,Lourdes,ville_moyenne,ville_moyenne_Occitanie,Occitanie,65
72154,La Flèche,ville_moyenne,ville_moyenne_Pays de la Loire,Pays de la Loire,72
95280,Goussainville,ville_moyenne,ville_moyenne_Île-de-France,Île-de-France,95
38229,Meylan,ville_moyenne,ville_moyenne_Auvergne-Rhône-Alpes,Auvergne-Rhône-Alpes,38
08409,Sedan,ville_moyenne,ville_moyenne_Grand Est,Grand Est,08
59299,Hem,ville_moyenne,ville_moyenne_Hauts-de-France,Hauts-de-France,59
64348,Lons,ville_moyenne,ville_moyenne_Nouvelle-Aquitaine,Nouvelle-Aquitaine,64
34123,Juvignac,ville_moyenne,ville_moyenne_Occitanie,Occitanie,34
85092,Fontenay-le-Comte,ville_moyenne,ville_moyenne_Pays de la Loire,Pays de la Loire,85
94079,Villiers-sur-Marne,ville_moyenne,ville_moyenne_Île-de-France,Île-de-France,94
69081,Écully,ville_moyenne,ville_moyenne_Auvergne-Rhône-Alpes,Auvergne-Rhône-Alpes,69
54528,Toul,ville_moyenne,ville_moyenne_Grand Est,Grand Est,54
59220,Faches-Thumesnil,ville_moyenne,ville_moyenne_Hauts-de-France,Hauts-de-France,59
64129,Billère,ville_moyenne,ville_moyenne_Nouvelle-Aquitaine,Nouvelle-Aquitaine,64
30351,Villeneuve-lès-Avignon,ville_moyenne,ville_moyenne_Occitanie,Occitanie,30
53147,Mayenne,ville_moyenne,ville_moyenne_Pays de la Loire,Pays de la Loire,53
94016,Cachan,ville_moyenne,ville_moyenne_Île-de-France,Île-de-France,94
63075,Chamalières,ville_moyenne,ville_moyenne_Auvergne-Rhône-Alpes,Auvergne-Rhône-Alpes,63
68376,Wittenheim,ville_moyenne,ville_moyenne_Grand Est,Grand Est,68
62215,Carvin,ville_moyenne,ville_moyenne_Hauts-de-France,Hauts-de-France,62
33366,Saint-André-de-Cubzac,ville_moyenne,ville_moyenne_Nouvelle-Aquitaine,Nouvelle-Aquitaine,33
34270,Saint-Jean-de-Védas,ville_moyenne,ville_moyenne_Occitanie,Occitanie,34
49246,Les Ponts-de-Cé,ville_moyenne,ville_moyenne_Pays de la Loire,Pays de la Loire,49
93077,Villemomble,ville_moyenne,ville_moyenne_Île-de-France,Île-de-France,93
38193,L'Isle-d'Abeau,ville_moyenne,ville_moyenne_Auvergne-Rhône-Alpes,Auvergne-Rhône-Alpes,38
54323,Longwy,ville_moyenne,ville_moyenne_Grand Est,Grand Est,54
62065,Avion,ville_moyenne,ville_moyenne_Hauts-de-France,Hauts-de-France,62
31187,Fonsorbes,ville_moyenne,ville_moyenne_Occitanie,Occitanie,31
85226,Saint-Hilaire-de-Riez,ville_moyenne,ville_moyenne_Pays de la Loire,Pays de la Loire,85
92046,Malakoff,ville_moyenne,ville_moyenne_Île-de-France,Île-de-France,92
74081,Cluses,ville_moyenne,ville_moyenne_Auvergne-Rhône-Alpes,Auvergne-Rhône-Alpes,74
10323,Romilly-sur-Seine,ville_moyenne,ville_moyenne_Grand Est,Grand Est,10
59526,Saint-Amand-les-Eaux,ville_moyenne,ville_moyenne_Hauts-de-France,Hauts-de-France,59
11076,Castelnaudary,ville_moyenne,ville_moyenne_Occitanie,Occitanie,11
93014,Clichy-sous-Bois,ville_moyenne,ville_moyenne_Île-de-France,Île-de-France,93
42095,Firminy,ville_moyenne,ville_moyenne_Auvergne-Rhône-Alpes,Auvergne-Rhône-Alpes,42
54578,Villers-lès-Nancy,ville_moyenne,ville_moyenne_Grand Est,Grand Est,54
60612,Senlis,ville_moyenne,ville_moyenne_Hauts-de-France,Hauts-de-France,60
31561,L'Union,ville_moyenne,ville_moyenne_Occitanie,Occitanie,31
92064,Saint-Cloud,ville_moyenne,ville_moyenne_Île-de-France,Île-de-France,92
74256,Sallanches,ville_moyenne,ville_moyenne_Auvergne-Rhône-Alpes,Auvergne-Rhône-Alpes,74
54304,Laxou,ville_moyenne,ville_moyenne_Grand Est,Grand Est,54
02168,Château-Thierry,ville_moyenne,ville_moyenne_Hauts-de-France,Hauts-de-France,02
94018,Charenton-le-Pont,ville_moyenne,ville_moyenne_Île-de-France,Île-de-France,94
38382,Saint-Égrève,ville_moyenne,ville_moyenne_Auvergne-Rhône-Alpes,Auvergne-Rhône-Alpes,38
54431,Pont-à-Mousson,ville_moyenne,ville_moyenne_Grand Est,Grand Est,54
59043,Bailleul,ville_moyenne,ville_moyenne_Hauts-de-France,Hauts-de-France,59
78297,Guyancourt,ville_moyenne,ville_moyenne_Île-de-France,Île-de-France,78
01033,Valserhône,ville_moyenne,ville_moyenne_Auvergne-Rhône-Alpes,Auvergne-Rhône-Alpes,01
57751,Woippy,ville_moyenne,ville_moyenne_Grand Est,Grand Est,57
62765,Saint-Omer,ville_moyenne,ville_moyenne_Hauts-de-France,Hauts-de-France,62
92060,Le Plessis-Robinson,ville_moyenne,ville_moyenne_Île-de-France,Île-de-France,92
42147,Montbrison,ville_moyenne,ville_moyenne_Auvergne-Rhône-Alpes,Auvergne-Rhône-Alpes,42
67365,Ostwald,ville_moyenne,ville_moyenne_Grand Est,Grand Est,67
60395,Méru,ville_moyenne,ville_moyenne_Hauts-de-France,Hauts-de-France,60
95680,Villiers-le-Bel,ville_moyenne,ville_moyenne_Île-de-France,Île-de-France,95
74225,Rumilly,ville_moyenne,ville_moyenne_Auvergne-Rhône-Alpes,Auvergne-Rhône-Alpes,74
68166,Kingersheim,ville_moyenne,ville_moyenne_Grand Est,Grand Est,68
59139,Caudry,ville_moyenne,ville_moyenne_Hauts-de-France,Hauts-de-France,59
91691,Yerres,ville_moyenne,ville_moyenne_Île-de-France,Île-de-France,91
74243,Saint-Julien-en-Genevois,ville_moyenne,ville_moyenne_Auvergne-Rhône-Alpes,Auvergne-Rhône-Alpes,74
57240,Freyming-Merlebach,ville_moyenne,ville_moyenne_Grand Est,Grand Est,57
59367,Lys-lez-Lannoy,ville_moyenne,ville_moyenne_Hauts-de-France,Hauts-de-France,59
92075,Vanves,ville_moyenne,ville_moyenne_Île-de-France,Île-de-France,92
42279,Saint-Just-Saint-Rambert,ville_moyenne,ville_moyenne_Auvergne-Rhône-Alpes,Auvergne-Rhône-Alpes,42
10333,Saint-André-les-Vergers,ville_moyenne,ville_moyenne_Grand Est,Grand Est,10
59508,Roncq,ville_moyenne,ville_moyenne_Hauts-de-France,Hauts-de-France,59
93047,Montfermeil,ville_moyenne,ville_moyenne_Île-de-France,Île-de-France,93
42186,Rive-de-Gier,ville_moyenne,ville_moyenne_Auvergne-Rhône-Alpes,Auvergne-Rhône-Alpes,42
57160,Creutzwald,ville_moyenne,ville_moyenne_Grand Est,Grand Est,57
60414,Montataire,ville_moyenne,ville_moyenne_Hauts-de-France,Hauts-de-France,60
94071,Sucy-en-Brie,ville_moyenne,ville_moyenne_Île-de-France,Île-de-France,94
69089,Francheville,ville_moyenne,ville_moyenne_Auvergne-Rhône-Alpes,Auvergne-Rhône-Alpes,69
67046,Bischwiller,ville_moyenne,ville_moyenne_Grand Est,Grand Est,67
02738,Tergnier,ville_moyenne,ville_moyenne_Hauts-de-France,Hauts-de-France,02
91103,Brétigny-sur-Orge,ville_moyenne,ville_moyenne_Île-de-France,Île-de-France,91
63178,Issoire,ville_moyenne,ville_moyenne_Auvergne-Rhône-Alpes,Auvergne-Rhône-Alpes,63
57630,Sarrebourg,ville_moyenne,ville_moyenne_Grand Est,Grand Est,57
62108,Berck,ville_moyenne,ville_moyenne_Hauts-de-France,Hauts-de-France,62
95607,Taverny,ville_moyenne,ville_moyenne_Île-de-France,Île-de-France,95
01004,Ambérieu-en-Bugey,ville_moyenne,ville_moyenne_Auvergne-Rhône-Alpes,Auvergne-Rhône-Alpes,01
10081,La Chapelle-Saint-Luc,ville_moyenne,ville_moyenne_Grand Est,Grand Est,10
59421,Mouvaux,ville_moyenne,ville_moyenne_Hauts-de-France,Hauts-de-France,59
78517,Rambouillet,ville_moyenne,ville_moyenne_Île-de-France,Île-de-France,78
01354,Saint-Genis-Pouilly,ville_moyenne,ville_moyenne_Auvergne-Rhône-Alpes,Auvergne-Rhône-Alpes,01
67348,Obernai,ville_moyenne,ville_moyenne_Grand Est,Grand Est,67
60471,Noyon,ville_moyenne,ville_moyenne_Hauts-de-France,Hauts-de-France,60
77058,Bussy-Saint-Georges,ville_moyenne,ville_moyenne_Île-de-France,Île-de-France,77
26235,Pierrelatte,ville_moyenne,ville_moyenne_Auvergne-Rhône-Alpes,Auvergne-Rhône-Alpes,26
59527,Saint-André-lez-Lille,ville_moyenne,ville_moyenne_Hauts-de-France,Hauts-de-France,59
78208,Élancourt,ville_moyenne,ville_moyenne_Île-de-France,Île-de-France,78
01173,Gex,ville_moyenne,ville_moyenne_Auvergne-Rhône-Alpes,Auvergne-Rhône-Alpes,01
59560,Seclin,ville_moyenne,ville_moyenne_Hauts-de-France,Hauts-de-France,59
95277,Gonesse,ville_moyenne,ville_moyenne_Île-de-France,Île-de-France,95
03095,Cusset,ville_moyenne,ville_moyenne_Auvergne-Rhône-Alpes,Auvergne-Rhône-Alpes,03
59152,Comines,ville_moyenne,ville_moyenne_Hauts-de-France,Hauts-de-France,59
77083,Champs-sur-Marne,ville_moyenne,ville_moyenne_Île-de-France,Île-de-France,77
74042,Bonneville,ville_moyenne,ville_moyenne_Auvergne-Rhône-Alpes,Auvergne-Rhône-Alpes,74
60509,Pont-Sainte-Maxence,ville_moyenne,ville_moyenne_Hauts-de-France,Hauts-de-France,60
91114,Brunoy,ville_moyenne,ville_moyenne_Île-de-France,Île-de-France,91
03321,Yzeure,ville_moyenne,ville_moyenne_Auvergne-Rhône-Alpes,Auvergne-Rhône-Alpes,03
62186,Bully-les-Mines,ville_moyenne,ville_moyenne_Hauts-de-France,Hauts-de-France,62
91692,Les Ulis,ville_moyenne,ville_moyenne_Île-de-France,Île-de-France,91
63284,Pont-du-Château,ville_moyenne,ville_moyenne_Auvergne-Rhône-Alpes,Auvergne-Rhône-Alpes,63
59491,Raismes,ville_moyenne,ville_moyenne_Hauts-de-France,Hauts-de-France,59
92032,Fontenay-aux-Roses,ville_moyenne,ville_moyenne_Île-de-France,Île-de-France,92
07019,Aubenas,ville_moyenne,ville_moyenne_Auvergne-Rhône-Alpes,Auvergne-Rhône-Alpes,07
94043,Le Kremlin-Bicêtre,ville_moyenne,ville_moyenne_Île-de-France,Île-de-France,94
73179,La Motte-Servolex,ville_moyenne,ville_moyenne_Auvergne-Rhône-Alpes,Auvergne-Rhône-Alpes,73
93057,Les Pavillons-sous-Bois,ville_moyenne,ville_moyenne_Île-de-France,Île-de-France,93
42044,Le Chambon-Feugerolles,ville_moyenne,ville_moyenne_Auvergne-Rhône-Alpes,Auvergne-Rhône-Alpes,42
91421,Montgeron,ville_moyenne,ville_moyenne_Île-de-France,Île-de-France,91
77390,Roissy-en-Brie,ville_moyenne,ville_moyenne_Île-de-France,Île-de-France,77
77152,Dammarie-les-Lys,ville_moyenne,ville_moyenne_Île-de-France,Île-de-France,77
78640,Vélizy-Villacoublay,ville_moyenne,ville_moyenne_Île-de-France,Île-de-France,78
92072,Sèvres,ville_moyenne,ville_moyenne_Île-de-France,Île-de-France,92
95424,Montigny-lès-Cormeilles,ville_moyenne,ville_moyenne_Île-de-France,Île-de-France,95
91272,Gif-sur-Yvette,ville_moyenne,ville_moyenne_Île-de-France,Île-de-France,91
77305,Montereau-Fault-Yonne,ville_moyenne,ville_moyenne_Île-de-France,Île-de-France,77
77122,Combs-la-Ville,ville_moyenne,ville_moyenne_Île-de-France,Île-de-France,77
95428,Montmorency,ville_moyenne,ville_moyenne_Île-de-France,Île-de-France,95
94003,Arcueil,ville_moyenne,ville_moyenne_Île-de-France,Île-de-France,94
91570,Saint-Michel-sur-Orge,ville_moyenne,ville_moyenne_Île-de-France,Île-de-France,91
93049,Neuilly-Plaisance,ville_moyenne,ville_moyenne_Île-de-France,Île-de-France,93
78005,Achères,ville_moyenne,ville_moyenne_Île-de-France,Île-de-France,78
94067,Saint-Mandé,ville_moyenne,ville_moyenne_Île-de-France,Île-de-France,94
77243,Lagny-sur-Marne,ville_moyenne,ville_moyenne_Île-de-France,Île-de-France,77
78545,Saint-Cyr-l'École,ville_moyenne,ville_moyenne_Île-de-France,Île-de-France,78
92014,Bourg-la-Reine,ville_moyenne,ville_moyenne_Île-de-France,Île-de-France,92
77350,Ozoir-la-Ferrière,ville_moyenne,ville_moyenne_Île-de-France,Île-de-France,77
91345,Longjumeau,ville_moyenne,ville_moyenne_Île-de-France,Île-de-France,91
92071,Sceaux,ville_moyenne,ville_moyenne_Île-de-France,Île-de-France,92
78126,La Celle-Saint-Cloud,ville_moyenne,ville_moyenne_Île-de-France,Île-de-France,78
94042,Joinville-le-Pont,ville_moyenne,ville_moyenne_Île-de-France,Île-de-France,94
94021,Chevilly-Larue,ville_moyenne,ville_moyenne_Île-de-France,Île-de-France,94
94059,Le Plessis-Trévise,ville_moyenne,ville_moyenne_Île-de-France,Île-de-France,94
77285,Le Mée-sur-Seine,ville_moyenne,ville_moyenne_Île-de-France,Île-de-France,77
92022,Chaville,ville_moyenne,ville_moyenne_Île-de-France,Île-de-France,92
91161,Chilly-Mazarin,ville_moyenne,ville_moyenne_Île-de-France,Île-de-France,91
77053,Brie-Comte-Robert,ville_moyenne,ville_moyenne_Île-de-France,Île-de-France,77
94037,Gentilly,ville_moyenne,ville_moyenne_Île-de-France,Île-de-France,94
78383,Maurepas,ville_moyenne,ville_moyenne_Île-de-France,Île-de-France,78
94019,Chennevières-sur-Marne,ville_moyenne,ville_moyenne_Île-de-France,Île-de-France,94
78123,Carrières-sous-Poissy,ville_moyenne,ville_moyenne_Île-de-France,Île-de-France,78
92033,Garches,ville_moyenne,ville_moyenne_Île-de-France,Île-de-France,92
94004,Boissy-Saint-Léger,ville_moyenne,ville_moyenne_Île-de-France,Île-de-France,94
94015,Bry-sur-Marne,ville_moyenne,ville_moyenne_Île-de-France,Île-de-France,94
95476,Osny,ville_moyenne,ville_moyenne_Île-de-France,Île-de-France,95
78165,Les Clayes-sous-Bois,ville_moyenne,ville_moyenne_Île-de-France,Île-de-France,78
95323,Jouy-le-Moutier,ville_moyenne,ville_moyenne_Île-de-France,Île-de-France,95
78686,Viroflay,ville_moyenne,ville_moyenne_Île-de-France,Île-de-France,78
78372,Marly-le-Roi,ville_moyenne,ville_moyenne_Île-de-France,Île-de-France,78
95199,Domont,ville_moyenne,ville_moyenne_Île-de-France,Île-de-France,95
95637,Vauréal,ville_moyenne,ville_moyenne_Île-de-France,Île-de-France,95
91471,Orsay,ville_moyenne,ville_moyenne_Île-de-France,Île-de-France,91
95563,Saint-Leu-la-Forêt,ville_moyenne,ville_moyenne_Île-de-France,Île-de-France,95
77186,Fontainebleau,ville_moyenne,ville_moyenne_Île-de-France,Île-de-France,77
78642,Verneuil-sur-Seine,ville_moyenne,ville_moyenne_Île-de-France,Île-de-France,78
78481,Le Pecq,ville_moyenne,ville_moyenne_Île-de-France,Île-de-France,78
91386,Mennecy,ville_moyenne,ville_moyenne_Île-de-France,Île-de-France,91
77337,Noisiel,ville_moyenne,ville_moyenne_Île-de-France,Île-de-France,77
78073,Bois-d'Arcy,ville_moyenne,ville_moyenne_Île-de-France,Île-de-France,78
77131,Coulommiers,ville_moyenne,ville_moyenne_Île-de-France,Île-de-France,77
95539,Saint-Brice-sous-Forêt,ville_moyenne,ville_moyenne_Île-de-France,Île-de-France,95
93062,Le Raincy,ville_moyenne,ville_moyenne_Île-de-France,Île-de-France,93
77258,Lognes,ville_moyenne,ville_moyenne_Île-de-France,Île-de-France,77
94069,Saint-Maurice,ville_moyenne,ville_moyenne_Île-de-France,Île-de-France,94
91645,Verrières-le-Buisson,ville_moyenne,ville_moyenne_Île-de-France,Île-de-France,91
95019,Arnouville,ville_moyenne,ville_moyenne_Île-de-France,Île-de-France,95
77407,Saint-Fargeau-Ponthierry,ville_moyenne,ville_moyenne_Île-de-France,Île-de-France,77
95487,Persan,ville_moyenne,ville_moyenne_Île-de-France,Île-de-France,95
77307,Montévrain,ville_moyenne,ville_moyenne_Île-de-France,Île-de-France,77
77014,Avon,ville_moyenne,ville_moyenne_Île-de-France,Île-de-France,77
78242,Fontenay-le-Fleury,ville_moyenne,ville_moyenne_Île-de-France,Île-de-France,78
78015,Andrésy,ville_moyenne,ville_moyenne_Île-de-France,Île-de-France,78
77333,Nemours,ville_moyenne,ville_moyenne_Île-de-France,Île-de-France,77
77316,Moret-Loing-et-Orvanne,ville_moyenne,ville_moyenne_Île-de-France,Île-de-France,77
78624,Triel-sur-Seine,ville_moyenne,ville_moyenne_Île-de-France,Île-de-France,78
78029,Aubergenville,ville_moyenne,ville_moyenne_Île-de-France,Île-de-France,78
77118,Claye-Souilly,ville_moyenne,ville_moyenne_Île-de-France,Île-de-France,77
94060,La Queue-en-Brie,ville_moyenne,ville_moyenne_Île-de-France,Île-de-France,94
69069,Craponne,rurale_calme,rural_geographique_Auvergne-Rhône-Alpes,Auvergne-Rhône-Alpes,69
21617,Talant,rurale_calme,rural_geographique_Bourgogne-Franche-Comté,Bourgogne-Franche-Comté,21
35069,Châteaugiron,rurale_calme,rural_geographique_Bretagne,Bretagne,35
37050,Chambray-lès-Tours,rurale_calme,rural_geographique_Centre-Val de Loire,Centre-Val de Loire,37
2B096,Corte,rurale_calme,rural_geographique_Corse,Corse,2B
51649,Vitry-le-François,rurale_calme,rural_geographique_Grand Est,Grand Est,51
59574,Somain,rurale_calme,rural_geographique_Hauts-de-France,Hauts-de-France,59
27284,Gisors,rurale_calme,rural_geographique_Normandie,Normandie,27
33284,Mios,rurale_calme,rural_geographique_Nouvelle-Aquitaine,Nouvelle-Aquitaine,33
12176,Onet-le-Château,rurale_calme,rural_geographique_Occitanie,Occitanie,12
49018,Baugé-en-Anjou,rurale_calme,rural_geographique_Pays de la Loire,Pays de la Loire,49
13110,Trets,rurale_calme,rural_geographique_Provence-Alpes-Côte d'Azur,Provence-Alpes-Côte d'Azur,13
77379,Provins,rurale_calme,rural_geographique_Île-de-France,Île-de-France,77
38474,Sassenage,rurale_calme,rural_geographique_Auvergne-Rhône-Alpes,Auvergne-Rhône-Alpes,38
70285,Héricourt,rurale_calme,rural_geographique_Bourgogne-Franche-Comté,Bourgogne-Franche-Comté,70
35278,Saint-Grégoire,rurale_calme,rural_geographique_Bretagne,Bretagne,35
37156,Montlouis-sur-Loire,rurale_calme,rural_geographique_Centre-Val de Loire,Centre-Val de Loire,37
2A272,Sartène,rurale_calme,rural_geographique_Corse,Corse,2A
67437,Saverne,rurale_calme,rural_geographique_Grand Est,Grand Est,67
59249,Fourmies,rurale_calme,rural_geographique_Hauts-de-France,Hauts-de-France,59
76758,Yvetot,rurale_calme,rural_geographique_Normandie,Normandie,76
87154,Saint-Junien,rurale_calme,rural_geographique_Nouvelle-Aquitaine,Nouvelle-Aquitaine,87
30341,Vauvert,rurale_calme,rural_geographique_Occitanie,Occitanie,30
49125,Doué-en-Anjou,rurale_calme,rural_geographique_Pays de la Loire,Pays de la Loire,49
84088,Pernes-les-Fontaines,rurale_calme,rural_geographique_Provence-Alpes-Côte d'Azur,Provence-Alpes-Côte d'Azur,84
91215,Épinay-sous-Sénart,rurale_calme,rural_geographique_Île-de-France,Île-de-France,91
63430,Thiers,rurale_calme,rural_geographique_Auvergne-Rhône-Alpes,Auvergne-Rhône-Alpes,63
58086,Cosne-Cours-sur-Loire,rurale_calme,rural_geographique_Bourgogne-Franche-Comté,Bourgogne-Franche-Comté,58
35126,Guichen,rurale_calme,rural_geographique_Bretagne,Bretagne,35
36088,Issoudun,rurale_calme,rural_geographique_Centre-Val de Loire,Centre-Val de Loire,36
2A362,Zonza,rurale_calme,rural_geographique_Corse,Corse,2A
68112,Guebwiller,rurale_calme,rural_geographique_Grand Est,Grand Est,68
62570,Méricourt,rurale_calme,rural_geographique_Hauts-de-France,Hauts-de-France,62
50041,La Hague,rurale_calme,rural_geographique_Normandie,Normandie,50
33051,Biganos,rurale_calme,rural_geographique_Nouvelle-Aquitaine,Nouvelle-Aquitaine,33
12300,Villefranche-de-Rouergue,rurale_calme,rural_geographique_Occitanie,Occitanie,12
44129,Pontchâteau,rurale_calme,rural_geographique_Pays de la Loire,Pays de la Loire,44
05023,Briançon,rurale_calme,rural_geographique_Provence-Alpes-Côte d'Azur,Provence-Alpes-Côte d'Azur,05
95313,L'Isle-Adam,rurale_calme,rural_geographique_Île-de-France,Île-de-France,95
74224,La Roche-sur-Foron,rurale_calme,rural_geographique_Auvergne-Rhône-Alpes,Auvergne-Rhône-Alpes,74
71342,Paray-le-Monial,rurale_calme,rural_geographique_Bourgogne-Franche-Comté,Bourgogne-Franche-Comté,71
56240,Sarzeau,rurale_calme,rural_geographique_Bretagne,Bretagne,56
37109,Fondettes,rurale_calme,rural_geographique_Centre-Val de Loire,Centre-Val de Loire,37
2B342,Ventiseri,rurale_calme,rural_geographique_Corse,Corse,2B
57660,Stiring-Wendel,rurale_calme,rural_geographique_Grand Est,Grand Est,57
59386,Marquette-lez-Lille,rurale_calme,rural_geographique_Hauts-de-France,Hauts-de-France,59
50025,Avranches,rurale_calme,rural_geographique_Normandie,Normandie,50
87114,Panazol,rurale_calme,rural_geographique_Nouvelle-Aquitaine,Nouvelle-Aquitaine,87
66172,Saint-Estève,rurale_calme,rural_geographique_Occitanie,Occitanie,66
49050,Brissac Loire Aubance,rurale_calme,rural_geographique_Pays de la Loire,Pays de la Loire,49
13069,Pélissanne,rurale_calme,rural_geographique_Provence-Alpes-Côte d'Azur,Provence-Alpes-Côte d'Azur,13
94075,Villecresnes,rurale_calme,rural_geographique_Île-de-France,Île-de-France,94
07102,Guilherand-Granges,rurale_calme,rural_geographique_Auvergne-Rhône-Alpes,Auvergne-Rhône-Alpes,07
89206,Joigny,rurale_calme,rural_geographique_Bourgogne-Franche-Comté,Bourgogne-Franche-Comté,89
29160,Plabennec,rurale_calme,rural_geographique_Bretagne,Bretagne,29
37195,La Riche,rurale_calme,rural_geographique_Centre-Val de Loire,Centre-Val de Loire,37
2A228,Pietrosella,rurale_calme,rural_geographique_Corse,Corse,2A
67130,Erstein,rurale_calme,rural_geographique_Grand Est,Grand Est,67
62318,Étaples,rurale_calme,rural_geographique_Hauts-de-France,Hauts-de-France,62
50099,Carentan-les-Marais,rurale_calme,rural_geographique_Normandie,Normandie,50
33519,Le Taillan-Médoc,rurale_calme,rural_geographique_Nouvelle-Aquitaine,Nouvelle-Aquitaine,33
31488,Saint-Jean,rurale_calme,rural_geographique_Occitanie,Occitanie,31
44209,Treillières,rurale_calme,rural_geographique_Pays de la Loire,Pays de la Loire,44
84003,Apt,rurale_calme,rural_geographique_Provence-Alpes-Côte d'Azur,Provence-Alpes-Côte d'Azur,84
91552,Saint-Germain-lès-Arpajon,rurale_calme,rural_geographique_Île-de-France,Île-de-France,91
07324,Tournon-sur-Rhône,rurale_calme,rural_geographique_Auvergne-Rhône-Alpes,Auvergne-Rhône-Alpes,07
58303,Varennes-Vauzelles,rurale_calme,rural_geographique_Bourgogne-Franche-Comté,Bourgogne-Franche-Comté,58
35334,Thorigné-Fouillard,rurale_calme,rural_geographique_Bretagne,Bretagne,35
45075,La Chapelle-Saint-Mesmin,rurale_calme,rural_geographique_Centre-Val de Loire,Centre-Val de Loire,45
2A008,Albitreccia,rurale_calme,rural_geographique_Corse,Corse,2A
57019,Amnéville,rurale_calme,rural_geographique_Grand Est,Grand Est,57
59636,Wambrechies,rurale_calme,rural_geographique_Hauts-de-France,Hauts-de-France,59
27467,Pont-Audemer,rurale_calme,rural_geographique_Normandie,Normandie,27
33238,Léognan,rurale_calme,rural_geographique_Nouvelle-Aquitaine,Nouvelle-Aquitaine,33
11203,Lézignan-Corbières,rurale_calme,rural_geographique_Occitanie,Occitanie,11
44015,Blain,rurale_calme,rural_geographique_Pays de la Loire,Pays de la Loire,44
83016,Le Beausset,rurale_calme,rural_geographique_Provence-Alpes-Côte d'Azur,Provence-Alpes-Côte d'Azur,83
91021,Arpajon,rurale_calme,rural_geographique_Île-de-France,Île-de-France,91
74208,Passy,rurale_calme,rural_geographique_Auvergne-Rhône-Alpes,Auvergne-Rhône-Alpes,74
39478,Saint-Claude,rurale_calme,rural_geographique_Bourgogne-Franche-Comté,Bourgogne-Franche-Comté,39
35136,Janzé,rurale_calme,rural_geographique_Bretagne,Bretagne,35
18205,Saint-Doulchard,rurale_calme,rural_geographique_Centre-Val de Loire,Centre-Val de Loire,18
2B298,Saint-Florent,rurale_calme,rural_geographique_Corse,Corse,2B
10362,Sainte-Savine,rurale_calme,rural_geographique_Grand Est,Grand Est,10
59011,Annœullin,rurale_calme,rural_geographique_Hauts-de-France,Hauts-de-France,59
76212,Darnétal,rurale_calme,rural_geographique_Normandie,Normandie,76
24053,Boulazac Isle Manoire,rurale_calme,rural_geographique_Nouvelle-Aquitaine,Nouvelle-Aquitaine,24
81140,Lavaur,rurale_calme,rural_geographique_Occitanie,Occitanie,81
85003,Aizenay,rurale_calme,rural_geographique_Pays de la Loire,Pays de la Loire,85
13050,Lambesc,rurale_calme,rural_geographique_Provence-Alpes-Côte d'Azur,Provence-Alpes-Côte d'Azur,13
91200,Dourdan,rurale_calme,rural_geographique_Île-de-France,Île-de-France,91
42184,Riorges,rurale_calme,rural_geographique_Auvergne-Rhône-Alpes,Auvergne-Rhône-Alpes,42
71486,Saint-Vallier,rurale_calme,rural_geographique_Bourgogne-Franche-Comté,Bourgogne-Franche-Comté,71
35152,Liffré,rurale_calme,rural_geographique_Bretagne,Bretagne,35
18197,Saint-Amand-Montrond,rurale_calme,rural_geographique_Centre-Val de Loire,Centre-Val de Loire,18
2A269,Sari-Solenzara,rurale_calme,rural_geographique_Corse,Corse,2A
67067,Brumath,rurale_calme,rural_geographique_Grand Est,Grand Est,67
60141,Chantilly,rurale_calme,rural_geographique_Hauts-de-France,Hauts-de-France,60
27056,Bernay,rurale_calme,rural_geographique_Normandie,Normandie,27
64430,Orthez,rurale_calme,rural_geographique_Nouvelle-Aquitaine,Nouvelle-Aquitaine,64
66008,Argelès-sur-Mer,rurale_calme,rural_geographique_Occitanie,Occitanie,66
44009,Basse-Goulaine,rurale_calme,rural_geographique_Pays de la Loire,Pays de la Loire,44
13100,Saint-Rémy-de-Provence,rurale_calme,rural_geographique_Provence-Alpes-Côte d'Azur,Provence-Alpes-Côte d'Azur,13
77153,Dammartin-en-Goële,rurale_calme,rural_geographique_Île-de-France,Île-de-France,77
01160,Ferney-Voltaire,rurale_calme,rural_geographique_Auvergne-Rhône-Alpes,Auvergne-Rhône-Alpes,01
39097,Champagnole,rurale_calme,rural_geographique_Bourgogne-Franche-Comté,Bourgogne-Franche-Comté,39
29220,Pont-l'Abbé,rurale_calme,rural_geographique_Bretagne,Bretagne,29
28280,Nogent-le-Rotrou,rurale_calme,rural_geographique_Centre-Val de Loire,Centre-Val de Loire,28
2A104,Eccica-Suarella,rurale_calme,rural_geographique_Corse,Corse,2A
68256,Pfastatt,rurale_calme,rural_geographique_Grand Est,Grand Est,68
62525,Longuenesse,rurale_calme,rural_geographique_Hauts-de-France,Hauts-de-France,62
14431,Mézidon Vallée d'Auge,rurale_calme,rural_geographique_Normandie,Normandie,14
33312,Parempuyre,rurale_calme,rural_geographique_Nouvelle-Aquitaine,Nouvelle-Aquitaine,33
30202,Pont-Saint-Esprit,rurale_calme,rural_geographique_Occitanie,Occitanie,30
85128,Luçon,rurale_calme,rural_geographique_Pays de la Loire,Pays de la Loire,85
83072,Lorgues,rurale_calme,rural_geographique_Provence-Alpes-Côte d'Azur,Provence-Alpes-Côte d'Azur,83
77487,Vaux-le-Pénil,rurale_calme,rural_geographique_Île-de-France,Île-de-France,77
63032,Beaumont,rurale_calme,rural_geographique_Auvergne-Rhône-Alpes,Auvergne-Rhône-Alpes,63
71105,Charnay-lès-Mâcon,rurale_calme,rural_geographique_Bourgogne-Franche-Comté,Bourgogne-Franche-Comté,71
56101,Languidic,rurale_calme,rural_geographique_Bretagne,Bretagne,56
45082,Châteauneuf-sur-Loire,rurale_calme,rural_geographique_Centre-Val de Loire,Centre-Val de Loire,45
2A065,Cargèse,rurale_calme,rural_geographique_Corse,Corse,2A
54482,Saint-Max,rurale_calme,rural_geographique_Grand Est,Grand Est,54
60157,Clermont,rurale_calme,rural_geographique_Hauts-de-France,Hauts-de-France,60
14061,Souleuvre en Bocage,rurale_calme,rural_geographique_Normandie,Normandie,14
86041,Buxerolles,rurale_calme,rural_geographique_Nouvelle-Aquitaine,Nouvelle-Aquitaine,86
34255,Saint-Gély-du-Fesc,rurale_calme,rural_geographique_Occitanie,Occitanie,34
44212,Vallet,rurale_calme,rural_geographique_Pays de la Loire,Pays de la Loire,44
84138,Valréas,rurale_calme,rural_geographique_Provence-Alpes-Côte d'Azur,Provence-Alpes-Côte d'Azur,84
78674,Villepreux,rurale_calme,rural_geographique_Île-de-France,Île-de-France,78
69243,Tarare,rurale_calme,rural_geographique_Auvergne-Rhône-Alpes,Auvergne-Rhône-Alpes,69
70310,Lure,rurale_calme,rural_geographique_Bourgogne-Franche-Comté,Bourgogne-Franche-Comté,70
56177,Pluvigner,rurale_calme,rural_geographique_Bretagne,Bretagne,56
37018,Ballan-Miré,rurale_calme,rural_geographique_Centre-Val de Loire,Centre-Val de Loire,37
2A092,Conca,rurale_calme,rural_geographique_Corse,Corse,2A
54580,Villerupt,rurale_calme,rural_geographique_Grand Est,Grand Est,54
02810,Villers-Cotterêts,rurale_calme,rural_geographique_Hauts-de-France,Hauts-de-France,02
50147,Coutances,rurale_calme,rural_geographique_Normandie,Normandie,50
79202,Parthenay,rurale_calme,rural_geographique_Nouvelle-Aquitaine,Nouvelle-Aquitaine,79
34337,Villeneuve-lès-Maguelone,rurale_calme,rural_geographique_Occitanie,Occitanie,34
44188,Saint-Philbert-de-Grand-Lieu,rurale_calme,rural_geographique_Pays de la Loire,Pays de la Loire,44
13086,Roquevaire,rurale_calme,rural_geographique_Provence-Alpes-Côte d'Azur,Provence-Alpes-Côte d'Azur,13
77067,Cesson,rurale_calme,rural_geographique_Île-de-France,Île-de-France,77
38085,Charvieu-Chavagneux,rurale_calme,rural_geographique_Auvergne-Rhône-Alpes,Auvergne-Rhône-Alpes,38
21038,Auxonne,rurale_calme,rural_geographique_Bourgogne-Franche-Comté,Bourgogne-Franche-Comté,21
35012,Bain-de-Bretagne,rurale_calme,rural_geographique_Bretagne,Bretagne,35
41295,Vineuil,rurale_calme,rural_geographique_Centre-Val de Loire,Centre-Val de Loire,41
2B143,Linguizzetta,rurale_calme,rural_geographique_Corse,Corse,2B
57447,Marly,rurale_calme,rural_geographique_Grand Est,Grand Est,57
59616,Vieux-Condé,rurale_calme,rural_geographique_Hauts-de-France,Hauts-de-France,59
76095,Bihorel,rurale_calme,rural_geographique_Normandie,Normandie,76
33433,Saint-Loubès,rurale_calme,rural_geographique_Nouvelle-Aquitaine,Nouvelle-Aquitaine,33
11206,Limoux,rurale_calme,rural_geographique_Occitanie,Occitanie,11
44195,Savenay,rurale_calme,rural_geographique_Pays de la Loire,Pays de la Loire,44
13092,Saint-Chamas,rurale_calme,rural_geographique_Provence-Alpes-Côte d'Azur,Provence-Alpes-Côte d'Azur,13
91216,Épinay-sur-Orge,rurale_calme,rural_geographique_Île-de-France,Île-de-France,91
63164,Gerzat,rurale_calme,rural_geographique_Auvergne-Rhône-Alpes,Auvergne-Rhône-Alpes,63
71176,Digoin,rurale_calme,rural_geographique_Bourgogne-Franche-Comté,Bourgogne-Franche-Comté,71
29124,Lesneven,rurale_calme,rural_geographique_Bretagne,Bretagne,29
37072,Chinon,rurale_calme,rural_geographique_Centre-Val de Loire,Centre-Val de Loire,37
2A348,Vico,rurale_calme,rural_geographique_Corse,Corse,2A
54357,Maxéville,rurale_calme,rural_geographique_Grand Est,Grand Est,54
59324,Jeumont,rurale_calme,rural_geographique_Hauts-de-France,Hauts-de-France,59
76429,Le Mesnil-Esnard,rurale_calme,rural_geographique_Normandie,Normandie,76
16374,Soyaux,rurale_calme,rural_geographique_Nouvelle-Aquitaine,Nouvelle-Aquitaine,16
31033,Auterive,rurale_calme,rural_geographique_Occitanie,Occitanie,31
44110,Nort-sur-Erdre,rurale_calme,rural_geographique_Pays de la Loire,Pays de la Loire,44
13113,Venelles,rurale_calme,rural_geographique_Provence-Alpes-Côte d'Azur,Provence-Alpes-Côte d'Azur,13
78138,Chanteloup-les-Vignes,rurale_calme,rural_geographique_Île-de-France,Île-de-France,78
01249,Miribel,rurale_calme,rural_geographique_Auvergne-Rhône-Alpes,Auvergne-Rhône-Alpes,01
89257,Migennes,rurale_calme,rural_geographique_Bourgogne-Franche-Comté,Bourgogne-Franche-Comté,89
29042,Crozon,rurale_calme,rural_geographique_Bretagne,Bretagne,29
45191,Le Malesherbois,rurale_calme,rural_geographique_Centre-Val de Loire,Centre-Val de Loire,45
2B152,Luri,rurale_calme,rural_geographique_Corse,Corse,2B
54274,Jarville-la-Malgrange,rurale_calme,rural_geographique_Grand Est,Grand Est,54
62637,Oignies,rurale_calme,rural_geographique_Hauts-de-France,Hauts-de-France,62
27016,Les Andelys,rurale_calme,rural_geographique_Normandie,Normandie,27
40281,Saint-Pierre-du-Mont,rurale_calme,rural_geographique_Nouvelle-Aquitaine,Nouvelle-Aquitaine,40
81163,Mazamet,rurale_calme,rural_geographique_Occitanie,Occitanie,81
44198,Les Sorinières,rurale_calme,rural_geographique_Pays de la Loire,Pays de la Loire,44
83009,Bandol,rurale_calme,rural_geographique_Provence-Alpes-Côte d'Azur,Provence-Alpes-Côte d'Azur,83
78688,Voisins-le-Bretonneux,rurale_calme,rural_geographique_Île-de-France,Île-de-France,78
63014,Aubière,rurale_calme,rural_geographique_Auvergne-Rhône-Alpes,Auvergne-Rhône-Alpes,63
25411,Morteau,rurale_calme,rural_geographique_Bourgogne-Franche-Comté,Bourgogne-Franche-Comté,25
35173,Melesse,rurale_calme,rural_geographique_Bretagne,Bretagne,35
37159,Monts,rurale_calme,rural_geographique_Centre-Val de Loire,Centre-Val de Loire,37
2A215,Pianottoli-Caldarello,rurale_calme,rural_geographique_Corse,Corse,2A
54382,Mont-Saint-Martin,rurale_calme,rural_geographique_Grand Est,Grand Est,54
59426,Neuville-en-Ferrain,rurale_calme,rural_geographique_Hauts-de-France,Hauts-de-France,59
61214,L'Aigle,rurale_calme,rural_geographique_Normandie,Normandie,61
87050,Couzeix,rurale_calme,rural_geographique_Nouvelle-Aquitaine,Nouvelle-Aquitaine,87
81060,Carmaux,rurale_calme,rural_geographique_Occitanie,Occitanie,81
49248,Ombrée d'Anjou,rurale_calme,rural_geographique_Pays de la Loire,Pays de la Loire,49
13032,Éguilles,rurale_calme,rural_geographique_Provence-Alpes-Côte d'Azur,Provence-Alpes-Côte d'Azur,13
92077,Ville-d'Avray,rurale_calme,rural_geographique_Île-de-France,Île-de-France,92
74133,Gaillard,rurale_calme,rural_geographique_Auvergne-Rhône-Alpes,Auvergne-Rhône-Alpes,74
70311,Luxeuil-les-Bains,rurale_calme,rural_geographique_Bourgogne-Franche-Comté,Bourgogne-Franche-Comté,70
35176,Guipry-Messac,rurale_calme,rural_geographique_Bretagne,Bretagne,35
45338,Villemandeur,rurale_calme,rural_geographique_Centre-Val de Loire,Centre-Val de Loire,45
2B303,San-Giuliano,rurale_calme,rural_geographique_Corse,Corse,2B
54526,Tomblaine,rurale_calme,rural_geographique_Grand Est,Grand Est,54
62048,Auchel,rurale_calme,rural_geographique_Hauts-de-France,Hauts-de-France,62
14258,Falaise,rurale_calme,rural_geographique_Normandie,Normandie,14
64335,Lescar,rurale_calme,rural_geographique_Nouvelle-Aquitaine,Nouvelle-Aquitaine,64
31547,Seysses,rurale_calme,rural_geographique_Occitanie,Occitanie,31
72132,La Ferté-Bernard,rurale_calme,rural_geographique_Pays de la Loire,Pays de la Loire,72
83019,Bormes-les-Mimosas,rurale_calme,rural_geographique_Provence-Alpes-Côte d'Azur,Provence-Alpes-Côte d'Azur,83
94055,Ormesson-sur-Marne,rurale_calme,rural_geographique_Île-de-France,Île-de-France,94
01143,Divonne-les-Bains,rurale_calme,rural_geographique_Auvergne-Rhône-Alpes,Auvergne-Rhône-Alpes,01
71263,Louhans-Châteaurenaud,rurale_calme,rural_geographique_Bourgogne-Franche-Comté,Bourgogne-Franche-Comté,71
22162,Paimpol,rurale_calme,rural_geographique_Bretagne,Bretagne,22
41059,Le Controis-en-Sologne,rurale_calme,rural_geographique_Centre-Val de Loire,Centre-Val de Loire,41
2B283,Solaro,rurale_calme,rural_geographique_Corse,Corse,2B
54184,Essey-lès-Nancy,rurale_calme,rural_geographique_Grand Est,Grand Est,54
59008,Aniche,rurale_calme,rural_geographique_Hauts-de-France,Hauts-de-France,59
27679,Verneuil d'Avre et d'Iton,rurale_calme,rural_geographique_Normandie,Normandie,27
47201,Le Passage,rurale_calme,rural_geographique_Nouvelle-Aquitaine,Nouvelle-Aquitaine,47
46102,Figeac,rurale_calme,rural_geographique_Occitanie,Occitanie,46
85234,Saint-Jean-de-Monts,rurale_calme,rural_geographique_Pays de la Loire,Pays de la Loire,85
06044,La Colle-sur-Loup,rurale_calme,rural_geographique_Provence-Alpes-Côte d'Azur,Provence-Alpes-Côte d'Azur,06
77464,Thorigny-sur-Marne,rurale_calme,rural_geographique_Île-de-France,Île-de-France,77
74298,Vétraz-Monthoux,rurale_calme,rural_geographique_Auvergne-Rhône-Alpes,Auvergne-Rhône-Alpes,74
89025,Avallon,rurale_calme,rural_geographique_Bourgogne-Franche-Comté,Bourgogne-Franche-Comté,89
22168,Perros-Guirec,rurale_calme,rural_geographique_Bretagne,Bretagne,22
37266,Veigné,rurale_calme,rural_geographique_Centre-Val de Loire,Centre-Val de Loire,37
2A098,Coti-Chiavari,rurale_calme,rural_geographique_Corse,Corse,2A
88465,Thaon-les-Vosges,rurale_calme,rural_geographique_Grand Est,Grand Est,88
62516,Lillers,rurale_calme,rural_geographique_Hauts-de-France,Hauts-de-France,62
14654,Saint-Pierre-en-Auge,rurale_calme,rural_geographique_Normandie,Normandie,14
33019,Audenge,rurale_calme,rural_geographique_Nouvelle-Aquitaine,Nouvelle-Aquitaine,33
31499,Saint-Lys,rurale_calme,rural_geographique_Occitanie,Occitanie,31
49080,Les Hauts-d'Anjou,rurale_calme,rural_geographique_Pays de la Loire,Pays de la Loire,49
83036,Cavalaire-sur-Mer,rurale_calme,rural_geographique_Provence-Alpes-Côte d'Azur,Provence-Alpes-Côte d'Azur,83
78190,Croissy-sur-Seine,rurale_calme,rural_geographique_Île-de-France,Île-de-France,78
42189,Roche-la-Molière,rurale_calme,rural_geographique_Auvergne-Rhône-Alpes,Auvergne-Rhône-Alpes,42
25284,Grand-Charmont,rurale_calme,rural_geographique_Bourgogne-Franche-Comté,Bourgogne-Franche-Comté,25
22070,Guingamp,rurale_calme,rural_geographique_Bretagne,Bretagne,22
18141,Mehun-sur-Yèvre,rurale_calme,rural_geographique_Centre-Val de Loire,Centre-Val de Loire,18
2B034,Belgodère,rurale_calme,rural_geographique_Corse,Corse,2B
68056,Brunstatt-Didenheim,rurale_calme,rural_geographique_Grand Est,Grand Est,68
60139,Chambly,rurale_calme,rural_geographique_Hauts-de-France,Hauts-de-France,60
76474,Notre-Dame-de-Bondeville,rurale_calme,rural_geographique_Normandie,Normandie,76
33422,Saint-Jean-d'Illac,rurale_calme,rural_geographique_Nouvelle-Aquitaine,Nouvelle-Aquitaine,33
31451,Revel,rurale_calme,rural_geographique_Occitanie,Occitanie,31
44084,Le Loroux-Bottereau,rurale_calme,rural_geographique_Pays de la Loire,Pays de la Loire,44
06105,Roquefort-les-Pins,rurale_calme,rural_geographique_Provence-Alpes-Côte d'Azur,Provence-Alpes-Côte d'Azur,06
91661,Villebon-sur-Yvette,rurale_calme,rural_geographique_Île-de-France,Île-de-France,91
26057,Bourg-de-Péage,rurale_calme,rural_geographique_Auvergne-Rhône-Alpes,Auvergne-Rhône-Alpes,26
25539,Seloncourt,rurale_calme,rural_geographique_Bourgogne-Franche-Comté,Bourgogne-Franche-Comté,25
56023,Brech,rurale_calme,rural_geographique_Bretagne,Bretagne,56
18207,Saint-Florent-sur-Cher,rurale_calme,rural_geographique_Centre-Val de Loire,Centre-Val de Loire,18
2A142,Levie,rurale_calme,rural_geographique_Corse,Corse,2A
54273,Jarny,rurale_calme,rural_geographique_Grand Est,Grand Est,54
80016,Albert,rurale_calme,rural_geographique_Hauts-de-France,Hauts-de-France,80
50615,Valognes,rurale_calme,rural_geographique_Normandie,Normandie,50
19275,Ussel,rurale_calme,rural_geographique_Nouvelle-Aquitaine,Nouvelle-Aquitaine,19
31291,Léguevin,rurale_calme,rural_geographique_Occitanie,Occitanie,31
85178,Le Poiré-sur-Vie,rurale_calme,rural_geographique_Pays de la Loire,Pays de la Loire,85
13035,Eyguières,rurale_calme,rural_geographique_Provence-Alpes-Côte d'Azur,Provence-Alpes-Côte d'Azur,13
91312,Igny,rurale_calme,rural_geographique_Île-de-France,Île-de-France,91
74282,Fillière,rurale_calme,rural_geographique_Auvergne-Rhône-Alpes,Auvergne-Rhône-Alpes,74
25578,Valdahon,rurale_calme,rural_geographique_Bourgogne-Franche-Comté,Bourgogne-Franche-Comté,25
35001,Acigné,rurale_calme,rural_geographique_Bretagne,Bretagne,35
41136,Mer,rurale_calme,rural_geographique_Centre-Val de Loire,Centre-Val de Loire,41
2B341,Venaco,rurale_calme,rural_geographique_Corse,Corse,2B
54099,Val de Briey,rurale_calme,rural_geographique_Grand Est,Grand Est,54
59090,Bondues,rurale_calme,rural_geographique_Hauts-de-France,Hauts-de-France,59
14333,Honfleur,rurale_calme,rural_geographique_Normandie,Normandie,14
33527,Le Teich,rurale_calme,rural_geographique_Nouvelle-Aquitaine,Nouvelle-Aquitaine,33
09122,Foix,rurale_calme,rural_geographique_Occitanie,Occitanie,09
44194,Sautron,rurale_calme,rural_geographique_Pays de la Loire,Pays de la Loire,44
13105,Sénas,rurale_calme,rural_geographique_Provence-Alpes-Côte d'Azur,Provence-Alpes-Côte d'Azur,13
78643,Vernouillet,rurale_calme,rural_geographique_Île-de-France,Île-de-France,78
26165,Livron-sur-Drôme,rurale_calme,rural_geographique_Auvergne-Rhône-Alpes,Auvergne-Rhône-Alpes,26
90033,Delle,rurale_calme,rural_geographique_Bourgogne-Franche-Comté,Bourgogne-Franche-Comté,90
22055,Binic-Étables-sur-Mer,rurale_calme,rural_geographique_Bretagne,Bretagne,22
37104,Esvres,rurale_calme,rural_geographique_Centre-Val de Loire,Centre-Val de Loire,37
2B224,Pietracorbara,rurale_calme,rural_geographique_Corse,Corse,2B
68374,Wintzenheim,rurale_calme,rural_geographique_Grand Est,Grand Est,68
62040,Arques,rurale_calme,rural_geographique_Hauts-de-France,Hauts-de-France,62
76255,Eu,rurale_calme,rural_geographique_Normandie,Normandie,76
24520,Sarlat-la-Canéda,rurale_calme,rural_geographique_Nouvelle-Aquitaine,Nouvelle-Aquitaine,24
31203,Frouzins,rurale_calme,rural_geographique_Occitanie,Occitanie,31
49261,Gennes-Val-de-Loire,rurale_calme,rural_geographique_Pays de la Loire,Pays de la Loire,49
13042,Gémenos,rurale_calme,rural_geographique_Provence-Alpes-Côte d'Azur,Provence-Alpes-Côte d'Azur,13
77183,La Ferté-sous-Jouarre,rurale_calme,rural_geographique_Île-de-France,Île-de-France,77
01034,Belley,rurale_calme,rural_geographique_Auvergne-Rhône-Alpes,Auvergne-Rhône-Alpes,01
70279,Gray,rurale_calme,rural_geographique_Bourgogne-Franche-Comté,Bourgogne-Franche-Comté,70
29150,Moëlan-sur-Mer,rurale_calme,rural_geographique_Bretagne,Bretagne,29
36018,Le Blanc,rurale_calme,rural_geographique_Centre-Val de Loire,Centre-Val de Loire,36
2A276,Serra-di-Ferro,rurale_calme,rural_geographique_Corse,Corse,2A
54339,Malzéville,rurale_calme,rural_geographique_Grand Est,Grand Est,54
59400,Merville,rurale_calme,rural_geographique_Hauts-de-France,Hauts-de-France,59
14371,Livarot-Pays-d'Auge,rurale_calme,rural_geographique_Normandie,Normandie,14
33138,Coutras,rurale_calme,rural_geographique_Nouvelle-Aquitaine,Nouvelle-Aquitaine,33
32160,L'Isle-Jourdain,rurale_calme,rural_geographique_Occitanie,Occitanie,32
44018,Bouaye,rurale_calme,rural_geographique_Pays de la Loire,Pays de la Loire,44
13022,Cassis,rurale_calme,rural_geographique_Provence-Alpes-Côte d'Azur,Provence-Alpes-Côte d'Azur,13
77449,Serris,rurale_calme,rural_geographique_Île-de-France,Île-de-France,77
74119,Évian-les-Bains,rurale_calme,rural_geographique_Auvergne-Rhône-Alpes,Auvergne-Rhône-Alpes,74
71073,Chagny,rurale_calme,rural_geographique_Bourgogne-Franche-Comté,Bourgogne-Franche-Comté,71
35188,Montfort-sur-Meu,rurale_calme,rural_geographique_Bretagne,Bretagne,35
45298,Saint-Pryvé-Saint-Mesmin,rurale_calme,rural_geographique_Centre-Val de Loire,Centre-Val de Loire,45
2B193,Omessa,rurale_calme,rural_geographique_Corse,Corse,2B
88196,Gérardmer,rurale_calme,rural_geographique_Grand Est,Grand Est,88
59339,Leers,rurale_calme,rural_geographique_Hauts-de-France,Hauts-de-France,59
14174,Condé-en-Normandie,rurale_calme,rural_geographique_Normandie,Normandie,14
33013,Artigues-près-Bordeaux,rurale_calme,rural_geographique_Nouvelle-Aquitaine,Nouvelle-Aquitaine,33
34090,Le Crès,rurale_calme,rural_geographique_Occitanie,Occitanie,34
72095,Coulaines,rurale_calme,rural_geographique_Pays de la Loire,Pays de la Loire,72
83081,Montauroux,rurale_calme,rural_geographique_Provence-Alpes-Côte d'Azur,Provence-Alpes-Côte d'Azur,83
95052,Beaumont-sur-Oise,rurale_calme,rural_geographique_Île-de-France,Île-de-France,95
74305,Ville-la-Grand,rurale_calme,rural_geographique_Auvergne-Rhône-Alpes,Auvergne-Rhône-Alpes,74
21154,Châtillon-sur-Seine,rurale_calme,rural_geographique_Bourgogne-Franche-Comté,Bourgogne-Franche-Comté,21
29259,Saint-Pol-de-Léon,rurale_calme,rural_geographique_Bretagne,Bretagne,29
37132,Loches,rurale_calme,rural_geographique_Centre-Val de Loire,Centre-Val de Loire,37
2B016,Antisanti,rurale_calme,rural_geographique_Corse,Corse,2B
57323,Hettange-Grande,rurale_calme,rural_geographique_Grand Est,Grand Est,57
62014,Aire-sur-la-Lys,rurale_calme,rural_geographique_Hauts-de-France,Hauts-de-France,62
27198,Mesnils-sur-Iton,rurale_calme,rural_geographique_Normandie,Normandie,27
79079,Mauléon,rurale_calme,rural_geographique_Nouvelle-Aquitaine,Nouvelle-Aquitaine,79
34079,Clermont-l'Hérault,rurale_calme,rural_geographique_Occitanie,Occitanie,34
85222,Saint-Gilles-Croix-de-Vie,rurale_calme,rural_geographique_Pays de la Loire,Pays de la Loire,85
05046,Embrun,rurale_calme,rural_geographique_Provence-Alpes-Côte d'Azur,Provence-Alpes-Côte d'Azur,05
95229,Ézanville,rurale_calme,rural_geographique_Île-de-France,Île-de-France,95
01313,Prévessin-Moëns,rurale_calme,rural_geographique_Auvergne-Rhône-Alpes,Auvergne-Rhône-Alpes,01
21464,Nuits-Saint-Georges,rurale_calme,rural_geographique_Bourgogne-Franche-Comté,Bourgogne-Franche-Comté,21
29195,Plouguerneau,rurale_calme,rural_geographique_Bretagne,Bretagne,29
36159,Le Poinçonnet,rurale_calme,rural_geographique_Centre-Val de Loire,Centre-Val de Loire,36
2B172,Murato,rurale_calme,rural_geographique_Corse,Corse,2B
52269,Langres,rurale_calme,rural_geographique_Grand Est,Grand Est,52
59153,Condé-sur-l'Escaut,rurale_calme,rural_geographique_Hauts-de-France,Hauts-de-France,59
76495,Pavilly,rurale_calme,rural_geographique_Normandie,Normandie,76
17449,Tonnay-Charente,rurale_calme,rural_geographique_Nouvelle-Aquitaine,Nouvelle-Aquitaine,17
66164,Rivesaltes,rurale_calme,rural_geographique_Occitanie,Occitanie,66
49373,Lys-Haut-Layon,rurale_calme,rural_geographique_Pays de la Loire,Pays de la Loire,49
13016,La Bouilladisse,rurale_calme,rural_geographique_Provence-Alpes-Côte d'Azur,Provence-Alpes-Côte d'Azur,13
91514,Quincy-sous-Sénart,rurale_calme,rural_geographique_Île-de-France,Île-de-France,91
74264,Scionzier,rurale_calme,rural_geographique_Auvergne-Rhône-Alpes,Auvergne-Rhône-Alpes,74
25057,Bethoncourt,rurale_calme,rural_geographique_Bourgogne-Franche-Comté,Bourgogne-Franche-Comté,25
56090,Inzinzac-Lochrist,rurale_calme,rural_geographique_Bretagne,Bretagne,56
28209,Lèves,rurale_calme,rural_geographique_Centre-Val de Loire,Centre-Val de Loire,28
2A211,Petreto-Bicchisano,rurale_calme,rural_geographique_Corse,Corse,2A
88383,Remiremont,rurale_calme,rural_geographique_Grand Est,Grand Est,88
59205,Escaudain,rurale_calme,rural_geographique_Hauts-de-France,Hauts-de-France,59
76475,Franqueville-Saint-Pierre,rurale_calme,rural_geographique_Normandie,Normandie,76
19123,Malemort,rurale_calme,rural_geographique_Nouvelle-Aquitaine,Nouvelle-Aquitaine,19
34116,Grabels,rurale_calme,rural_geographique_Occitanie,Occitanie,34
44158,Saint-Étienne-de-Montluc,rurale_calme,rural_geographique_Pays de la Loire,Pays de la Loire,44
84072,Mazan,rurale_calme,rural_geographique_Provence-Alpes-Côte d'Azur,Provence-Alpes-Côte d'Azur,84
78356,Magny-les-Hameaux,rurale_calme,rural_geographique_Île-de-France,Île-de-France,78
73213,La Ravoire,rurale_calme,rural_geographique_Auvergne-Rhône-Alpes,Auvergne-Rhône-Alpes,73
90099,Valdoie,rurale_calme,rural_geographique_Bourgogne-Franche-Comté,Bourgogne-Franche-Comté,90
35037,Bréal-sous-Montfort,rurale_calme,rural_geographique_Bretagne,Bretagne,35
28103,Cloyes-les-Trois-Rivières,rurale_calme,rural_geographique_Centre-Val de Loire,Centre-Val de Loire,28
2A163,Monacia-d'Aullène,rurale_calme,rural_geographique_Corse,Corse,2A
67152,Geispolsheim,rurale_calme,rural_geographique_Grand Est,Grand Est,67
60346,Lamorlaye,rurale_calme,rural_geographique_Hauts-de-France,Hauts-de-France,60
27213,Vexin-sur-Epte,rurale_calme,rural_geographique_Normandie,Normandie,27
33498,Salles,rurale_calme,rural_geographique_Nouvelle-Aquitaine,Nouvelle-Aquitaine,33
31232,Grenade,rurale_calme,rural_geographique_Occitanie,Occitanie,31
44169,Saint-Julien-de-Concelles,rurale_calme,rural_geographique_Pays de la Loire,Pays de la Loire,44
83070,Le Lavandou,rurale_calme,rural_geographique_Provence-Alpes-Côte d'Azur,Provence-Alpes-Côte d'Azur,83
91122,Bures-sur-Yvette,rurale_calme,rural_geographique_Île-de-France,Île-de-France,91
63063,Cébazat,rurale_calme,rural_geographique_Auvergne-Rhône-Alpes,Auvergne-Rhône-Alpes,63
25321,Villers-le-Lac,rurale_calme,rural_geographique_Bourgogne-Franche-Comté,Bourgogne-Franche-Comté,25
56053,Elven,rurale_calme,rural_geographique_Bretagne,Bretagne,56
28140,Épernon,rurale_calme,rural_geographique_Centre-Val de Loire,Centre-Val de Loire,28
2B261,Rogliano,rurale_calme,rural_geographique_Corse,Corse,2B
67544,Wissembourg,rurale_calme,rural_geographique_Grand Est,Grand Est,67
60282,Gouvieux,rurale_calme,rural_geographique_Hauts-de-France,Hauts-de-France,60
76312,Gournay-en-Bray,rurale_calme,rural_geographique_Normandie,Normandie,76
87075,Isle,rurale_calme,rural_geographique_Nouvelle-Aquitaine,Nouvelle-Aquitaine,87
31417,Pibrac,rurale_calme,rural_geographique_Occitanie,Occitanie,31
44087,Machecoul-Saint-Même,rurale_calme,rural_geographique_Pays de la Loire,Pays de la Loire,44
13053,Mallemort,rurale_calme,rural_geographique_Provence-Alpes-Côte d'Azur,Provence-Alpes-Côte d'Azur,13
77268,Magny-le-Hongre,rurale_calme,rural_geographique_Île-de-France,Île-de-France,77
43137,Monistrol-sur-Loire,rurale_calme,rural_geographique_Auvergne-Rhône-Alpes,Auvergne-Rhône-Alpes,43
39368,Hauts de Bienne,rurale_calme,rural_geographique_Bourgogne-Franche-Comté,Bourgogne-Franche-Comté,39
35184,Montauban-de-Bretagne,rurale_calme,rural_geographique_Bretagne,Bretagne,35
37139,Luynes,rurale_calme,rural_geographique_Centre-Val de Loire,Centre-Val de Loire,37
2A198,Ota,rurale_calme,rural_geographique_Corse,Corse,2A
08362,Rethel,rurale_calme,rural_geographique_Grand Est,Grand Est,08
59033,Aulnoye-Aymeries,rurale_calme,rural_geographique_Hauts-de-France,Hauts-de-France,59
50082,Bricquebec-en-Cotentin,rurale_calme,rural_geographique_Normandie,Normandie,50
33273,Martignas-sur-Jalle,rurale_calme,rural_geographique_Nouvelle-Aquitaine,Nouvelle-Aquitaine,33
31526,La Salvetat-Saint-Gilles,rurale_calme,rural_geographique_Occitanie,Occitanie,31
44213,Loireauxence,rurale_calme,rural_geographique_Pays de la Loire,Pays de la Loire,44
83091,Pierrefeu-du-Var,rurale_calme,rural_geographique_Provence-Alpes-Côte d'Azur,Provence-Alpes-Côte d'Azur,83
78401,Meulan-en-Yvelines,rurale_calme,rural_geographique_Île-de-France,Île-de-France,78
07319,Le Teil,rurale_calme,rural_geographique_Auvergne-Rhône-Alpes,Auvergne-Rhône-Alpes,07
58095,Decize,rurale_calme,rural_geographique_Bourgogne-Franche-Comté,Bourgogne-Franche-Comté,58
29178,Ploudalmézeau,rurale_calme,rural_geographique_Bretagne,Bretagne,29
45224,Neuville-aux-Bois,rurale_calme,rural_geographique_Centre-Val de Loire,Centre-Val de Loire,45
2A212,Piana,rurale_calme,rural_geographique_Corse,Corse,2A
68082,Ensisheim,rurale_calme,rural_geographique_Grand Est,Grand Est,68
59143,La Chapelle-d'Armentières,rurale_calme,rural_geographique_Hauts-de-France,Hauts-de-France,59
50484,Saint-Hilaire-du-Harcouët,rurale_calme,rural_geographique_Normandie,Normandie,50
16113,La Couronne,rurale_calme,rural_geographique_Nouvelle-Aquitaine,Nouvelle-Aquitaine,16
30011,Les Angles,rurale_calme,rural_geographique_Occitanie,Occitanie,30
44201,Sucé-sur-Erdre,rurale_calme,rural_geographique_Pays de la Loire,Pays de la Loire,44
84039,Courthézon,rurale_calme,rural_geographique_Provence-Alpes-Côte d'Azur,Provence-Alpes-Côte d'Azur,84
78092,Bougival,rurale_calme,rural_geographique_Île-de-France,Île-de-France,78
03023,Bellerive-sur-Allier,rurale_calme,rural_geographique_Auvergne-Rhône-Alpes,Auvergne-Rhône-Alpes,03
89464,Villeneuve-sur-Yonne,rurale_calme,rural_geographique_Bourgogne-Franche-Comté,Bourgogne-Franche-Comté,89
29174,Plonéour-Lanvern,rurale_calme,rural_geographique_Bretagne,Bretagne,29
41232,Salbris,rurale_calme,rural_geographique_Centre-Val de Loire,Centre-Val de Loire,41
2B354,Vivario,rurale_calme,rural_geographique_Corse,Corse,2B
54483,Saint-Nicolas-de-Port,rurale_calme,rural_geographique_Grand Est,Grand Est,54
59447,Onnaing,rurale_calme,rural_geographique_Hauts-de-France,Hauts-de-France,59
14726,Valdallière,rurale_calme,rural_geographique_Normandie,Normandie,14
86115,Jaunay-Marigny,rurale_calme,rural_geographique_Nouvelle-Aquitaine,Nouvelle-Aquitaine,86
30156,Marguerittes,rurale_calme,rural_geographique_Occitanie,Occitanie,30
44186,Sainte-Pazanne,rurale_calme,rural_geographique_Pays de la Loire,Pays de la Loire,44
04143,Oraison,rurale_calme,rural_geographique_Provence-Alpes-Côte d'Azur,Provence-Alpes-Côte d'Azur,04
77327,Nangis,rurale_calme,rural_geographique_Île-de-France,Île-de-France,77
69072,Dardilly,rurale_calme,rural_geographique_Auvergne-Rhône-Alpes,Auvergne-Rhône-Alpes,69
90009,Beaucourt,rurale_calme,rural_geographique_Bourgogne-Franche-Comté,Bourgogne-Franche-Comté,90
56010,Baud,rurale_calme,rural_geographique_Bretagne,Bretagne,56
36006,Argenton-sur-Creuse,rurale_calme,rural_geographique_Centre-Val de Loire,Centre-Val de Loire,36
2A308,Sainte-Lucie-de-Tallano,rurale_calme,rural_geographique_Corse,Corse,2A
67118,Eckbolsheim,rurale_calme,rural_geographique_Grand Est,Grand Est,67
02381,Hirson,rurale_calme,rural_geographique_Hauts-de-France,Hauts-de-France,02
27602,Saint-Sébastien-de-Morsent,rurale_calme,rural_geographique_Normandie,Normandie,27
33376,Saint-Aubin-de-Médoc,rurale_calme,rural_geographique_Nouvelle-Aquitaine,Nouvelle-Aquitaine,33
30334,Uzès,rurale_calme,rural_geographique_Occitanie,Occitanie,30
44005,Chaumes-en-Retz,rurale_calme,rural_geographique_Pays de la Loire,Pays de la Loire,44
84122,Sarrians,rurale_calme,rural_geographique_Provence-Alpes-Côte d'Azur,Provence-Alpes-Côte d'Azur,84
91105,Breuillet,rurale_calme,rural_geographique_Île-de-France,Île-de-France,91
74213,Poisy,rurale_calme,rural_geographique_Auvergne-Rhône-Alpes,Auvergne-Rhône-Alpes,74
25047,Baume-les-Dames,rurale_calme,rural_geographique_Bourgogne-Franche-Comté,Bourgogne-Franche-Comté,25
35085,Combourg,rurale_calme,rural_geographique_Bretagne,Bretagne,35
37153,Monnaie,rurale_calme,rural_geographique_Centre-Val de Loire,Centre-Val de Loire,37
2A312,Santa-Maria-Siché,rurale_calme,rural_geographique_Corse,Corse,2A
57038,Audun-le-Tiche,rurale_calme,rural_geographique_Grand Est,Grand Est,57
59457,Pérenchies,rurale_calme,rural_geographique_Hauts-de-France,Hauts-de-France,59
61168,La Ferté Macé,rurale_calme,rural_geographique_Normandie,Normandie,61
64256,Hasparren,rurale_calme,rural_geographique_Nouvelle-Aquitaine,Nouvelle-Aquitaine,64
34202,Pignan,rurale_calme,rural_geographique_Occitanie,Occitanie,34
44072,Herbignac,rurale_calme,rural_geographique_Pays de la Loire,Pays de la Loire,44
83120,Saint-Zacharie,rurale_calme,rural_geographique_Provence-Alpes-Côte d'Azur,Provence-Alpes-Côte d'Azur,83
77495,Vert-Saint-Denis,rurale_calme,rural_geographique_Île-de-France,Île-de-France,77
26108,Crest,rurale_calme,rural_geographique_Auvergne-Rhône-Alpes,Auvergne-Rhône-Alpes,26
71137,Cluny,rurale_calme,rural_geographique_Bourgogne-Franche-Comté,Bourgogne-Franche-Comté,71
56176,Pluneret,rurale_calme,rural_geographique_Bretagne,Bretagne,56
37267,Véretz,rurale_calme,rural_geographique_Centre-Val de Loire,Centre-Val de Loire,37
2B121,Galéria,rurale_calme,rural_geographique_Corse,Corse,2B
67021,Barr,rurale_calme,rural_geographique_Grand Est,Grand Est,67
59352,Linselles,rurale_calme,rural_geographique_Hauts-de-France,Hauts-de-France,59
27448,Pacy-sur-Eure,rurale_calme,rural_geographique_Normandie,Normandie,27
16358,Saint-Yrieix-sur-Charente,rurale_calme,rural_geographique_Nouvelle-Aquitaine,Nouvelle-Aquitaine,16
66210,Thuir,rurale_calme,rural_geographique_Occitanie,Occitanie,66
85008,Aubigny-Les Clouzeaux,rurale_calme,rural_geographique_Pays de la Loire,Pays de la Loire,85
84137,Vaison-la-Romaine,rurale_calme,rural_geographique_Provence-Alpes-Côte d'Azur,Provence-Alpes-Côte d'Azur,84
91425,Montlhéry,rurale_calme,rural_geographique_Île-de-France,Île-de-France,91
03101,Domérat,rurale_calme,rural_geographique_Auvergne-Rhône-Alpes,Auvergne-Rhône-Alpes,03
25527,Saint-Vit,rurale_calme,rural_geographique_Bourgogne-Franche-Comté,Bourgogne-Franche-Comté,25
35120,Gévezé,rurale_calme,rural_geographique_Bretagne,Bretagne,35
37154,Montbazon,rurale_calme,rural_geographique_Centre-Val de Loire,Centre-Val de Loire,37
2A284,Sollacaro,rurale_calme,rural_geographique_Corse,Corse,2A
51055,Bétheny,rurale_calme,rural_geographique_Grand Est,Grand Est,51
62907,Libercourt,rurale_calme,rural_geographique_Hauts-de-France,Hauts-de-France,62
14514,Pont-l'Évêque,rurale_calme,rural_geographique_Normandie,Normandie,14
40184,Mimizan,rurale_calme,rural_geographique_Nouvelle-Aquitaine,Nouvelle-Aquitaine,40
31150,Cornebarrieu,rurale_calme,rural_geographique_Occitanie,Occitanie,31
44029,Divatte-sur-Loire,rurale_calme,rural_geographique_Pays de la Loire,Pays de la Loire,44
84004,Aubignan,rurale_calme,rural_geographique_Provence-Alpes-Côte d'Azur,Provence-Alpes-Côte d'Azur,84
92076,Vaucresson,rurale_calme,rural_geographique_Île-de-France,Île-de-France,92
63193,Lempdes,rurale_calme,rural_geographique_Auvergne-Rhône-Alpes,Auvergne-Rhône-Alpes,63
71310,Montchanin,rurale_calme,rural_geographique_Bourgogne-Franche-Comté,Bourgogne-Franche-Comté,71
29020,Briec,rurale_calme,rural_geographique_Bretagne,Bretagne,29
45173,Jargeau,rurale_calme,rural_geographique_Centre-Val de Loire,Centre-Val de Loire,45
2A040,Bocognano,rurale_calme,rural_geographique_Corse,Corse,2A
68315,Soultz-Haut-Rhin,rurale_calme,rural_geographique_Grand Est,Grand Est,68
62004,Achicourt,rurale_calme,rural_geographique_Hauts-de-France,Hauts-de-France,62
27165,Conches-en-Ouche,rurale_calme,rural_geographique_Normandie,Normandie,27
16291,Ruelle-sur-Touvre,rurale_calme,rural_geographique_Nouvelle-Aquitaine,Nouvelle-Aquitaine,16
34299,Sérignan,rurale_calme,rural_geographique_Occitanie,Occitanie,34
49021,Beaufort-en-Anjou,rurale_calme,rural_geographique_Pays de la Loire,Pays de la Loire,49
83055,Fayence,rurale_calme,rural_geographique_Provence-Alpes-Côte d'Azur,Provence-Alpes-Côte d'Azur,83
77215,Gretz-Armainvilliers,rurale_calme,rural_geographique_Île-de-France,Île-de-France,77
74056,Chamonix-Mont-Blanc,rurale_calme,rural_geographique_Auvergne-Rhône-Alpes,Auvergne-Rhône-Alpes,74
89086,Charny Orée de Puisaye,rurale_calme,rural_geographique_Bourgogne-Franche-Comté,Bourgogne-Franche-Comté,89
56166,Plouay,rurale_calme,rural_geographique_Bretagne,Bretagne,56
41106,Lamotte-Beuvron,rurale_calme,rural_geographique_Centre-Val de Loire,Centre-Val de Loire,41
2A270,Sari-d'Orcino,rurale_calme,rural_geographique_Corse,Corse,2A
10343,Saint-Julien-les-Villas,rurale_calme,rural_geographique_Grand Est,Grand Est,10
59317,Houplines,rurale_calme,rural_geographique_Hauts-de-France,Hauts-de-France,59
50487,Saint-James,rurale_calme,rural_geographique_Normandie,Normandie,50
33227,Langon,rurale_calme,rural_geographique_Nouvelle-Aquitaine,Nouvelle-Aquitaine,33
12208,Saint-Affrique,rurale_calme,rural_geographique_Occitanie,Occitanie,12
44130,Pont-Saint-Martin,rurale_calme,rural_geographique_Pays de la Loire,Pays de la Loire,44
13085,Roquefort-la-Bédoule,rurale_calme,rural_geographique_Provence-Alpes-Côte d'Azur,Provence-Alpes-Côte d'Azur,13
91363,Marcoussis,rurale_calme,rural_geographique_Île-de-France,Île-de-France,91
38545,Vif,rurale_calme,rural_geographique_Auvergne-Rhône-Alpes,Auvergne-Rhône-Alpes,38
21425,Montbard,rurale_calme,rural_geographique_Bourgogne-Franche-Comté,Bourgogne-Franche-Comté,21
56067,Grand-Champ,rurale_calme,rural_geographique_Bretagne,Bretagne,56
36031,Buzançais,rurale_calme,rural_geographique_Centre-Val de Loire,Centre-Val de Loire,36
2B229,Pietroso,rurale_calme,rural_geographique_Corse,Corse,2B
54397,Neuves-Maisons,rurale_calme,rural_geographique_Grand Est,Grand Est,54
59653,Wavrin,rurale_calme,rural_geographique_Hauts-de-France,Hauts-de-France,59
61486,Tinchebray-Bocage,rurale_calme,rural_geographique_Normandie,Normandie,61
86214,Saint-Benoît,rurale_calme,rural_geographique_Nouvelle-Aquitaine,Nouvelle-Aquitaine,86
30217,Rochefort-du-Gard,rurale_calme,rural_geographique_Occitanie,Occitanie,30
44066,Grandchamp-des-Fontaines,rurale_calme,rural_geographique_Pays de la Loire,Pays de la Loire,44
13066,Noves,rurale_calme,rural_geographique_Provence-Alpes-Côte d'Azur,Provence-Alpes-Côte d'Azur,13
95491,Le Plessis-Bouchard,rurale_calme,rural_geographique_Île-de-France,Île-de-France,95
07186,Privas,rurale_calme,rural_geographique_Auvergne-Rhône-Alpes,Auvergne-Rhône-Alpes,07
25367,Mandeure,rurale_calme,rural_geographique_Bourgogne-Franche-Comté,Bourgogne-Franche-Comté,25
35095,Dol-de-Bretagne,rurale_calme,rural_geographique_Bretagne,Bretagne,35
28227,Maintenon,rurale_calme,rural_geographique_Centre-Val de Loire,Centre-Val de Loire,28
2B314,Santo-Pietro-di-Tenda,rurale_calme,rural_geographique_Corse,Corse,2B
54115,Champigneulles,rurale_calme,rural_geographique_Grand Est,Grand Est,54
59431,Nieppe,rurale_calme,rural_geographique_Hauts-de-France,Hauts-de-France,59
76709,Le Trait,rurale_calme,rural_geographique_Normandie,Normandie,76
33229,Lanton,rurale_calme,rural_geographique_Nouvelle-Aquitaine,Nouvelle-Aquitaine,33
66195,Le Soler,rurale_calme,rural_geographique_Occitanie,Occitanie,66
49035,Bouchemaine,rurale_calme,rural_geographique_Pays de la Loire,Pays de la Loire,49
13107,Simiane-Collongue,rurale_calme,rural_geographique_Provence-Alpes-Côte d'Azur,Provence-Alpes-Côte d'Azur,13
91665,La Ville-du-Bois,rurale_calme,rural_geographique_Île-de-France,Île-de-France,91
42316,Unieux,rurale_calme,rural_geographique_Auvergne-Rhône-Alpes,Auvergne-Rhône-Alpes,42
58059,La Charité-sur-Loire,rurale_calme,rural_geographique_Bourgogne-Franche-Comté,Bourgogne-Franche-Comté,58
29004,Bannalec,rurale_calme,rural_geographique_Bretagne,Bretagne,29
41242,Selles-sur-Cher,rurale_calme,rural_geographique_Centre-Val de Loire,Centre-Val de Loire,41
2B135,Isolaccio-di-Fiumorbo,rurale_calme,rural_geographique_Corse,Corse,2B
88321,Neufchâteau,rurale_calme,rural_geographique_Grand Est,Grand Est,88
59253,Fresnes-sur-Escaut,rurale_calme,rural_geographique_Hauts-de-France,Hauts-de-France,59
27065,Beuzeville,rurale_calme,rural_geographique_Normandie,Normandie,27
24557,Trélissac,rurale_calme,rural_geographique_Nouvelle-Aquitaine,Nouvelle-Aquitaine,24
34199,Pézenas,rurale_calme,rural_geographique_Occitanie,Occitanie,34
72058,Changé,rurale_calme,rural_geographique_Pays de la Loire,Pays de la Loire,72
13080,Le Puy-Sainte-Réparade,rurale_calme,rural_geographique_Provence-Alpes-Côte d'Azur,Provence-Alpes-Côte d'Azur,13
91097,Boussy-Saint-Antoine,rurale_calme,rural_geographique_Île-de-France,Île-de-France,91
74112,Epagny Metz-Tessy,rurale_calme,rural_geographique_Auvergne-Rhône-Alpes,Auvergne-Rhône-Alpes,74
71047,Bourbon-Lancy,rurale_calme,rural_geographique_Bourgogne-Franche-Comté,Bourgogne-Franche-Comté,71
29117,Lannilis,rurale_calme,rural_geographique_Bretagne,Bretagne,29
37123,Langeais,rurale_calme,rural_geographique_Centre-Val de Loire,Centre-Val de Loire,37
2B058,Canari,rurale_calme,rural_geographique_Corse,Corse,2B
54300,Laneuveville-devant-Nancy,rurale_calme,rural_geographique_Grand Est,Grand Est,54
62083,Barlin,rurale_calme,rural_geographique_Hauts-de-France,Hauts-de-France,62
76462,Neufchâtel-en-Bray,rurale_calme,rural_geographique_Normandie,Normandie,76
79270,Saint-Maixent-l'École,rurale_calme,rural_geographique_Nouvelle-Aquitaine,Nouvelle-Aquitaine,79
30034,Bellegarde,rurale_calme,rural_geographique_Occitanie,Occitanie,30
49180,Longué-Jumelles,rurale_calme,rural_geographique_Pays de la Loire,Pays de la Loire,49
13030,Cuges-les-Pins,rurale_calme,rural_geographique_Provence-Alpes-Côte d'Azur,Provence-Alpes-Côte d'Azur,13
78322,Jouy-en-Josas,rurale_calme,rural_geographique_Île-de-France,Île-de-France,78
42094,Feurs,rurale_calme,rural_geographique_Auvergne-Rhône-Alpes,Auvergne-Rhône-Alpes,42
90008,Bavilliers,rurale_calme,rural_geographique_Bourgogne-Franche-Comté,Bourgogne-Franche-Comté,90
35208,Orgères,rurale_calme,rural_geographique_Bretagne,Bretagne,35
41220,Saint-Laurent-Nouan,rurale_calme,rural_geographique_Centre-Val de Loire,Centre-Val de Loire,41
2B057,Canale-di-Verde,rurale_calme,rural_geographique_Corse,Corse,2B
57443,Marange-Silvange,rurale_calme,rural_geographique_Grand Est,Grand Est,57
80620,Péronne,rurale_calme,rural_geographique_Hauts-de-France,Hauts-de-France,80
14715,Trouville-sur-Mer,rurale_calme,rural_geographique_Normandie,Normandie,14
24138,Coulounieix-Chamiers,rurale_calme,rural_geographique_Nouvelle-Aquitaine,Nouvelle-Aquitaine,24
66049,Céret,rurale_calme,rural_geographique_Occitanie,Occitanie,66
49063,Chalonnes-sur-Loire,rurale_calme,rural_geographique_Pays de la Loire,Pays de la Loire,49
13091,Saint-Cannat,rurale_calme,rural_geographique_Provence-Alpes-Côte d'Azur,Provence-Alpes-Côte d'Azur,13
78575,Saint-Rémy-lès-Chevreuse,rurale_calme,rural_geographique_Île-de-France,Île-de-France,78
38524,Varces-Allières-et-Risset,rurale_calme,rural_geographique_Auvergne-Rhône-Alpes,Auvergne-Rhône-Alpes,38
25434,Ornans,rurale_calme,rural_geographique_Bourgogne-Franche-Comté,Bourgogne-Franche-Comté,25
22225,Ploumagoar,rurale_calme,rural_geographique_Bretagne,Bretagne,22
45300,Sandillon,rurale_calme,rural_geographique_Centre-Val de Loire,Centre-Val de Loire,45
2B320,Tallone,rurale_calme,rural_geographique_Corse,Corse,2B
54215,Frouard,rurale_calme,rural_geographique_Grand Est,Grand Est,54
59032,Aulnoy-lez-Valenciennes,rurale_calme,rural_geographique_Hauts-de-France,Hauts-de-France,59
14027,Les Monts d'Aunay,rurale_calme,rural_geographique_Normandie,Normandie,14
64495,Saint-Pée-sur-Nivelle,rurale_calme,rural_geographique_Nouvelle-Aquitaine,Nouvelle-Aquitaine,64
31032,Aussonne,rurale_calme,rural_geographique_Occitanie,Occitanie,31
44217,Vigneux-de-Bretagne,rurale_calme,rural_geographique_Pays de la Loire,Pays de la Loire,44
83027,La Cadière-d'Azur,rurale_calme,rural_geographique_Provence-Alpes-Côte d'Azur,Provence-Alpes-Côte d'Azur,83
78455,Noisy-le-Roi,rurale_calme,rural_geographique_Île-de-France,Île-de-France,78
74220,Reignier-Ésery,rurale_calme,rural_geographique_Auvergne-Rhône-Alpes,Auvergne-Rhône-Alpes,74
21317,Is-sur-Tille,rurale_calme,rural_geographique_Bourgogne-Franche-Comté,Bourgogne-Franche-Comté,21
29274,Scaër,rurale_calme,rural_geographique_Bretagne,Bretagne,29
37226,Sainte-Maure-de-Touraine,rurale_calme,rural_geographique_Centre-Val de Loire,Centre-Val de Loire,37
2A232,Pila-Canale,rurale_calme,rural_geographique_Corse,Corse,2A
51172,Cormontreuil,rurale_calme,rural_geographique_Grand Est,Grand Est,51
62457,Houdain,rurale_calme,rural_geographique_Hauts-de-France,Hauts-de-France,62
27049,Mesnil-en-Ouche,rurale_calme,rural_geographique_Normandie,Normandie,27
79081,Chauray,rurale_calme,rural_geographique_Nouvelle-Aquitaine,Nouvelle-Aquitaine,79
66213,Toulouges,rurale_calme,rural_geographique_Occitanie,Occitanie,66
44073,Héric,rurale_calme,rural_geographique_Pays de la Loire,Pays de la Loire,44
84091,Piolenc,rurale_calme,rural_geographique_Provence-Alpes-Côte d'Azur,Provence-Alpes-Côte d'Azur,84
77169,Émerainville,rurale_calme,rural_geographique_Île-de-France,Île-de-France,77
38509,La Tour-du-Pin,rurale_calme,rural_geographique_Auvergne-Rhône-Alpes,Auvergne-Rhône-Alpes,38
89418,Tonnerre,rurale_calme,rural_geographique_Bourgogne-Franche-Comté,Bourgogne-Franche-Comté,89
35139,Laillé,rurale_calme,rural_geographique_Bretagne,Bretagne,35
28348,Saint-Lubin-des-Joncherets,rurale_calme,rural_geographique_Centre-Val de Loire,Centre-Val de Loire,28
2B047,Calacuccia,rurale_calme,rural_geographique_Corse,Corse,2B
08190,Givet,rurale_calme,rural_geographique_Grand Est,Grand Est,08
59094,Bourbourg,rurale_calme,rural_geographique_Hauts-de-France,Hauts-de-France,59
50601,Torigny-les-Villes,rurale_calme,rural_geographique_Normandie,Normandie,50
33322,Le Pian-Médoc,rurale_calme,rural_geographique_Nouvelle-Aquitaine,Nouvelle-Aquitaine,33
34142,Lodève,rurale_calme,rural_geographique_Occitanie,Occitanie,34
85090,Sèvremont,rurale_calme,rural_geographique_Pays de la Loire,Pays de la Loire,85
13114,Ventabren,rurale_calme,rural_geographique_Provence-Alpes-Côte d'Azur,Provence-Alpes-Côte d'Azur,13
78350,Louveciennes,rurale_calme,rural_geographique_Île-de-France,Île-de-France,78
01244,Meximieux,rurale_calme,rural_geographique_Auvergne-Rhône-Alpes,Auvergne-Rhône-Alpes,01
71499,Sanvignes-les-Mines,rurale_calme,rural_geographique_Bourgogne-Franche-Comté,Bourgogne-Franche-Comté,71
29158,Penmarch,rurale_calme,rural_geographique_Bretagne,Bretagne,29
28359,Saint-Rémy-sur-Avre,rurale_calme,rural_geographique_Centre-Val de Loire,Centre-Val de Loire,28
2B347,Vezzani,rurale_calme,rural_geographique_Corse,Corse,2B
68145,Horbourg-Wihr,rurale_calme,rural_geographique_Grand Est,Grand Est,68
60360,Liancourt,rurale_calme,rural_geographique_Hauts-de-France,Hauts-de-France,60
76647,Saint-Romain-de-Colbosc,rurale_calme,rural_geographique_Normandie,Normandie,76
86070,Chauvigny,rurale_calme,rural_geographique_Nouvelle-Aquitaine,Nouvelle-Aquitaine,86
34095,Fabrègues,rurale_calme,rural_geographique_Occitanie,Occitanie,34
49200,Longuenée-en-Anjou,rurale_calme,rural_geographique_Pays de la Loire,Pays de la Loire,49
83097,Pourrières,rurale_calme,rural_geographique_Provence-Alpes-Côte d'Azur,Provence-Alpes-Côte d'Azur,83
91553,Saint-Germain-lès-Corbeil,rurale_calme,rural_geographique_Île-de-France,Île-de-France,91
42183,La Ricamarie,rurale_calme,rural_geographique_Auvergne-Rhône-Alpes,Auvergne-Rhône-Alpes,42
25356,Maîche,rurale_calme,rural_geographique_Bourgogne-Franche-Comté,Bourgogne-Franche-Comté,25
35257,Maen Roch,rurale_calme,rural_geographique_Bretagne,Bretagne,35
45067,Chaingy,rurale_calme,rural_geographique_Centre-Val de Loire,Centre-Val de Loire,45
2B182,Occhiatana,rurale_calme,rural_geographique_Corse,Corse,2B
68195,Lutterbach,rurale_calme,rural_geographique_Grand Est,Grand Est,68
59136,Le Cateau-Cambrésis,rurale_calme,rural_geographique_Hauts-de-France,Hauts-de-France,59
76711,Le Tréport,rurale_calme,rural_geographique_Normandie,Normandie,76
64284,Jurançon,rurale_calme,rural_geographique_Nouvelle-Aquitaine,Nouvelle-Aquitaine,64
30155,Manduel,rurale_calme,rural_geographique_Occitanie,Occitanie,30
85019,Bellevigny,rurale_calme,rural_geographique_Pays de la Loire,Pays de la Loire,85
83106,Rocbaron,rurale_calme,rural_geographique_Provence-Alpes-Côte d'Azur,Provence-Alpes-Côte d'Azur,83
95574,Saint-Prix,rurale_calme,rural_geographique_Île-de-France,Île-de-France,95
42302,Sorbiers,rurale_calme,rural_geographique_Auvergne-Rhône-Alpes,Auvergne-Rhône-Alpes,42
89345,Saint-Florentin,rurale_calme,rural_geographique_Bourgogne-Franche-Comté,Bourgogne-Franche-Comté,89
29199,Plouigneau,rurale_calme,rural_geographique_Bretagne,Bretagne,29
36046,La Châtre,rurale_calme,rural_geographique_Centre-Val de Loire,Centre-Val de Loire,36
2B332,Urtaca,rurale_calme,rural_geographique_Corse,Corse,2B
54263,Homécourt,rurale_calme,rural_geographique_Grand Est,Grand Est,54
59482,Quesnoy-sur-Deûle,rurale_calme,rural_geographique_Hauts-de-France,Hauts-de-France,59
50410,Pontorson,rurale_calme,rural_geographique_Normandie,Normandie,50
47195,Nérac,rurale_calme,rural_geographique_Nouvelle-Aquitaine,Nouvelle-Aquitaine,47
65059,Bagnères-de-Bigorre,rurale_calme,rural_geographique_Occitanie,Occitanie,65
85151,Mortagne-sur-Sèvre,rurale_calme,rural_geographique_Pays de la Loire,Pays de la Loire,85
84034,Caumont-sur-Durance,rurale_calme,rural_geographique_Provence-Alpes-Côte d'Azur,Provence-Alpes-Côte d'Azur,84
91600,Soisy-sur-Seine,rurale_calme,rural_geographique_Île-de-France,Île-de-France,91
69009,Anse,rurale_calme,rural_geographique_Auvergne-Rhône-Alpes,Auvergne-Rhône-Alpes,69
89263,Monéteau,rurale_calme,rural_geographique_Bourgogne-Franche-Comté,Bourgogne-Franche-Comté,89
56143,Muzillac,rurale_calme,rural_geographique_Bretagne,Bretagne,56
28279,Nogent-le-Roi,rurale_calme,rural_geographique_Centre-Val de Loire,Centre-Val de Loire,28
2A160,Moca-Croce,rurale_calme,rural_geographique_Corse,Corse,2A
57537,Petite-Rosselle,rurale_calme,rural_geographique_Grand Est,Grand Est,57
62528,Loos-en-Gohelle,rurale_calme,rural_geographique_Hauts-de-France,Hauts-de-France,62
27112,Breteuil,rurale_calme,rural_geographique_Normandie,Normandie,27
17434,Surgères,rurale_calme,rural_geographique_Nouvelle-Aquitaine,Nouvelle-Aquitaine,17
34120,Jacou,rurale_calme,rural_geographique_Occitanie,Occitanie,34
44071,Haute-Goulaine,rurale_calme,rural_geographique_Pays de la Loire,Pays de la Loire,44
13084,La Roque-d'Anthéron,rurale_calme,rural_geographique_Provence-Alpes-Côte d'Azur,Provence-Alpes-Côte d'Azur,13
77018,Bailly-Romainvilliers,rurale_calme,rural_geographique_Île-de-France,Île-de-France,77
63307,Romagnat,rurale_calme,rural_geographique_Auvergne-Rhône-Alpes,Auvergne-Rhône-Alpes,63
90075,Offemont,rurale_calme,rural_geographique_Bourgogne-Franche-Comté,Bourgogne-Franche-Comté,90
56248,Surzur,rurale_calme,rural_geographique_Bretagne,Bretagne,56
28422,Les Villages Vovéens,rurale_calme,rural_geographique_Centre-Val de Loire,Centre-Val de Loire,28
2A071,Casalabriva,rurale_calme,rural_geographique_Corse,Corse,2A
67313,Mutzig,rurale_calme,rural_geographique_Grand Est,Grand Est,67
62270,Divion,rurale_calme,rural_geographique_Hauts-de-France,Hauts-de-France,62
14658,Noues de Sienne,rurale_calme,rural_geographique_Normandie,Normandie,14
87187,Saint-Yrieix-la-Perche,rurale_calme,rural_geographique_Nouvelle-Aquitaine,Nouvelle-Aquitaine,87
31118,Castelnau-d'Estrétefonds,rurale_calme,rural_geographique_Occitanie,Occitanie,31
49223,Mûrs-Erigné,rurale_calme,rural_geographique_Pays de la Loire,Pays de la Loire,49
83064,Garéoult,rurale_calme,rural_geographique_Provence-Alpes-Côte d'Azur,Provence-Alpes-Côte d'Azur,83
95205,Écouen,rurale_calme,rural_geographique_Île-de-France,Île-de-France,95
38507,Tignieu-Jameyzieu,rurale_calme,rural_geographique_Auvergne-Rhône-Alpes,Auvergne-Rhône-Alpes,38
71090,La Chapelle-de-Guinchay,rurale_calme,rural_geographique_Bourgogne-Franche-Comté,Bourgogne-Franche-Comté,71
35177,La Mézière,rurale_calme,rural_geographique_Bretagne,Bretagne,35
37077,Cinq-Mars-la-Pile,rurale_calme,rural_geographique_Centre-Val de Loire,Centre-Val de Loire,37
2A108,Évisa,rurale_calme,rural_geographique_Corse,Corse,2A
57012,Algrange,rurale_calme,rural_geographique_Grand Est,Grand Est,57
59225,Feignies,rurale_calme,rural_geographique_Hauts-de-France,Hauts-de-France,59
27428,Le Neubourg,rurale_calme,rural_geographique_Normandie,Normandie,27
86137,Loudun,rurale_calme,rural_geographique_Nouvelle-Aquitaine,Nouvelle-Aquitaine,86
82037,Caussade,rurale_calme,rural_geographique_Occitanie,Occitanie,82
49345,Bellevigne-en-Layon,rurale_calme,rural_geographique_Pays de la Loire,Pays de la Loire,49
84056,Jonquières,rurale_calme,rural_geographique_Provence-Alpes-Côte d'Azur,Provence-Alpes-Côte d'Azur,84
91667,Villemoisson-sur-Orge,rurale_calme,rural_geographique_Île-de-France,Île-de-France,91
42330,Villars,rurale_calme,rural_geographique_Auvergne-Rhône-Alpes,Auvergne-Rhône-Alpes,42
21603,Semur-en-Auxois,rurale_calme,rural_geographique_Bourgogne-Franche-Comté,Bourgogne-Franche-Comté,21
22004,Bégard,rurale_calme,rural_geographique_Bretagne,Bretagne,22
45115,Courtenay,rurale_calme,rural_geographique_Centre-Val de Loire,Centre-Val de Loire,45
2A186,Olivese,rurale_calme,rural_geographique_Corse,Corse,2A
88372,Raon-l'Étape,rurale_calme,rural_geographique_Grand Est,Grand Est,88
59586,Templeuve-en-Pévèle,rurale_calme,rural_geographique_Hauts-de-France,Hauts-de-France,59
50002,Agneaux,rurale_calme,rural_geographique_Normandie,Normandie,50
17347,Saint-Jean-d'Angély,rurale_calme,rural_geographique_Nouvelle-Aquitaine,Nouvelle-Aquitaine,17
34088,Cournonterral,rurale_calme,rural_geographique_Occitanie,Occitanie,34
49194,Mazé-Milon,rurale_calme,rural_geographique_Pays de la Loire,Pays de la Loire,49
83035,Le Castellet,rurale_calme,rural_geographique_Provence-Alpes-Côte d'Azur,Provence-Alpes-Côte d'Azur,83
77249,Lésigny,rurale_calme,rural_geographique_Île-de-France,Île-de-France,77
38022,Les Avenières Veyrins-Thuellin,rurale_calme,rural_geographique_Auvergne-Rhône-Alpes,Auvergne-Rhône-Alpes,38
58117,Fourchambault,rurale_calme,rural_geographique_Bourgogne-Franche-Comté,Bourgogne-Franche-Comté,58
56147,Nivillac,rurale_calme,rural_geographique_Bretagne,Bretagne,56
45142,Fay-aux-Loges,rurale_calme,rural_geographique_Centre-Val de Loire,Centre-Val de Loire,45
2B088,Chiatra,rurale_calme,rural_geographique_Corse,Corse,2B
67028,Benfeld,rurale_calme,rural_geographique_Grand Est,Grand Est,67
59051,La Bassée,rurale_calme,rural_geographique_Hauts-de-France,Hauts-de-France,59
61007,Athis-Val de Rouvre,rurale_calme,rural_geographique_Normandie,Normandie,61
33080,Cadaujac,rurale_calme,rural_geographique_Nouvelle-Aquitaine,Nouvelle-Aquitaine,33
34114,Gignac,rurale_calme,rural_geographique_Occitanie,Occitanie,34
72071,Montval-sur-Loir,rurale_calme,rural_geographique_Pays de la Loire,Pays de la Loire,72
13074,Peyrolles-en-Provence,rurale_calme,rural_geographique_Provence-Alpes-Côte d'Azur,Provence-Alpes-Côte d'Azur,13
91339,Linas,rurale_calme,rural_geographique_Île-de-France,Île-de-France,91
38416,Saint-Marcellin,rurale_calme,rural_geographique_Auvergne-Rhône-Alpes,Auvergne-Rhône-Alpes,38
25463,Pont-de-Roide-Vermondans,rurale_calme,rural_geographique_Bourgogne-Franche-Comté,Bourgogne-Franche-Comté,25
29254,Saint-Martin-des-Champs,rurale_calme,rural_geographique_Bretagne,Bretagne,29
36005,Ardentes,rurale_calme,rural_geographique_Centre-Val de Loire,Centre-Val de Loire,36
2B352,Ville-di-Paraso,rurale_calme,rural_geographique_Corse,Corse,2B
08363,Revin,rurale_calme,rural_geographique_Grand Est,Grand Est,08
59212,Estaires,rurale_calme,rural_geographique_Hauts-de-France,Hauts-de-France,59
76258,Terres-de-Caux,rurale_calme,rural_geographique_Normandie,Normandie,76
64160,Cambo-les-Bains,rurale_calme,rural_geographique_Nouvelle-Aquitaine,Nouvelle-Aquitaine,64
82125,Montech,rurale_calme,rural_geographique_Occitanie,Occitanie,82
49367,Erdre-en-Anjou,rurale_calme,rural_geographique_Pays de la Loire,Pays de la Loire,49
04088,Forcalquier,rurale_calme,rural_geographique_Provence-Alpes-Côte d'Azur,Provence-Alpes-Côte d'Azur,04
78466,Orgeval,rurale_calme,rural_geographique_Île-de-France,Île-de-France,78
38517,Tullins,rurale_calme,rural_geographique_Auvergne-Rhône-Alpes,Auvergne-Rhône-Alpes,38
39434,Poligny,rurale_calme,rural_geographique_Bourgogne-Franche-Comté,Bourgogne-Franche-Comté,39
56186,Quiberon,rurale_calme,rural_geographique_Bretagne,Bretagne,56
45145,Ferrières-en-Gâtinais,rurale_calme,rural_geographique_Centre-Val de Loire,Centre-Val de Loire,45
2B124,Ghisoni,rurale_calme,rural_geographique_Corse,Corse,2B
10268,Nogent-sur-Seine,rurale_calme,rural_geographique_Grand Est,Grand Est,10
59365,Louvroil,rurale_calme,rural_geographique_Hauts-de-France,Hauts-de-France,59
61464,Sées,rurale_calme,rural_geographique_Normandie,Normandie,61
17385,Saint-Pierre-d'Oléron,rurale_calme,rural_geographique_Nouvelle-Aquitaine,Nouvelle-Aquitaine,17
81257,Saint-Juéry,rurale_calme,rural_geographique_Occitanie,Occitanie,81
49377,Rives-du-Loir-en-Anjou,rurale_calme,rural_geographique_Pays de la Loire,Pays de la Loire,49
83087,Nans-les-Pins,rurale_calme,rural_geographique_Provence-Alpes-Côte d'Azur,Provence-Alpes-Côte d'Azur,83
78531,Rosny-sur-Seine,rurale_calme,rural_geographique_Île-de-France,Île-de-France,78
74218,Publier,rurale_calme,rural_geographique_Auvergne-Rhône-Alpes,Auvergne-Rhône-Alpes,74
70120,Champagney,rurale_calme,rural_geographique_Bourgogne-Franche-Comté,Bourgogne-Franche-Comté,70
29031,Clohars-Carnoët,rurale_calme,rural_geographique_Bretagne,Bretagne,29
37031,Bourgueil,rurale_calme,rural_geographique_Centre-Val de Loire,Centre-Val de Loire,37
2B007,Albertacce,rurale_calme,rural_geographique_Corse,Corse,2B
51250,Fismes,rurale_calme,rural_geographique_Grand Est,Grand Est,51
59456,Pecquencourt,rurale_calme,rural_geographique_Hauts-de-France,Hauts-de-France,59
61145,Domfront en Poiraie,rurale_calme,rural_geographique_Normandie,Normandie,61
47252,Sainte-Livrade-sur-Lot,rurale_calme,rural_geographique_Nouvelle-Aquitaine,Nouvelle-Aquitaine,47
31202,Fronton,rurale_calme,rural_geographique_Occitanie,Occitanie,31
53096,Ernée,rurale_calme,rural_geographique_Pays de la Loire,Pays de la Loire,53
13023,Ceyreste,rurale_calme,rural_geographique_Provence-Alpes-Côte d'Azur,Provence-Alpes-Côte d'Azur,13
93033,Gournay-sur-Marne,rurale_calme,rural_geographique_Île-de-France,Île-de-France,93
74250,Saint-Pierre-en-Faucigny,rurale_calme,rural_geographique_Auvergne-Rhône-Alpes,Auvergne-Rhône-Alpes,74
58088,Coulanges-lès-Nevers,rurale_calme,rural_geographique_Bourgogne-Franche-Comté,Bourgogne-Franche-Comté,58
35059,La Chapelle-des-Fougeretz,rurale_calme,rural_geographique_Bretagne,Bretagne,35
45247,Pannes,rurale_calme,rural_geographique_Centre-Val de Loire,Centre-Val de Loire,45
2B293,Sant'Andréa-di-Cotone,rurale_calme,rural_geographique_Corse,Corse,2B
67137,Fegersheim,rurale_calme,rural_geographique_Grand Est,Grand Est,67
59484,Quiévrechain,rurale_calme,rural_geographique_Hauts-de-France,Hauts-de-France,59
14191,Courseulles-sur-Mer,rurale_calme,rural_geographique_Normandie,Normandie,14
33011,Arès,rurale_calme,rural_geographique_Nouvelle-Aquitaine,Nouvelle-Aquitaine,33
81120,Labruguière,rurale_calme,rural_geographique_Occitanie,Occitanie,81
44098,Missillac,rurale_calme,rural_geographique_Pays de la Loire,Pays de la Loire,44
13045,Graveson,rurale_calme,rural_geographique_Provence-Alpes-Côte d'Azur,Provence-Alpes-Côte d'Azur,13
77111,Chessy,rurale_calme,rural_geographique_Île-de-France,Île-de-France,77
07281,Saint-Péray,rurale_calme,rural_geographique_Auvergne-Rhône-Alpes,Auvergne-Rhône-Alpes,07
58121,Garchizy,rurale_calme,rural_geographique_Bourgogne-Franche-Comté,Bourgogne-Franche-Comté,58
35297,Saint-Méen-le-Grand,rurale_calme,rural_geographique_Bretagne,Bretagne,35
41149,Montoire-sur-le-Loir,rurale_calme,rural_geographique_Centre-Val de Loire,Centre-Val de Loire,41
2A026,Azilone-Ampaza,rurale_calme,rural_geographique_Corse,Corse,2A
67520,Wasselonne,rurale_calme,rural_geographique_Grand Est,Grand Est,67
80212,Corbie,rurale_calme,rural_geographique_Hauts-de-France,Hauts-de-France,80
27469,Pont-de-l'Arche,rurale_calme,rural_geographique_Normandie,Normandie,27
33207,Izon,rurale_calme,rural_geographique_Nouvelle-Aquitaine,Nouvelle-Aquitaine,33
66038,Canohès,rurale_calme,rural_geographique_Occitanie,Occitanie,66
44082,Ligné,rurale_calme,rural_geographique_Pays de la Loire,Pays de la Loire,44
84099,Robion,rurale_calme,rural_geographique_Provence-Alpes-Côte d'Azur,Provence-Alpes-Côte d'Azur,84
91226,Étréchy,rurale_calme,rural_geographique_Île-de-France,Île-de-France,91
74123,Faverges-Seythenex,rurale_calme,rural_geographique_Auvergne-Rhône-Alpes,Auvergne-Rhône-Alpes,74
39470,Les Rousses,rurale_calme,rural_geographique_Bourgogne-Franche-Comté,Bourgogne-Franche-Comté,39
22222,Plouha,rurale_calme,rural_geographique_Bretagne,Bretagne,22
45269,Saint-Ay,rurale_calme,rural_geographique_Centre-Val de Loire,Centre-Val de Loire,45
2B201,Pancheraccia,rurale_calme,rural_geographique_Corse,Corse,2B
67131,Eschau,rurale_calme,rural_geographique_Grand Est,Grand Est,67
62443,Hersin-Coupigny,rurale_calme,rural_geographique_Hauts-de-France,Hauts-de-France,62
50139,Condé-sur-Vire,rurale_calme,rural_geographique_Normandie,Normandie,50
24547,Terrasson-Lavilledieu,rurale_calme,rural_geographique_Nouvelle-Aquitaine,Nouvelle-Aquitaine,24
34058,Castries,rurale_calme,rural_geographique_Occitanie,Occitanie,34
85089,La Ferrière,rurale_calme,rural_geographique_Pays de la Loire,Pays de la Loire,85
83092,Pignans,rurale_calme,rural_geographique_Provence-Alpes-Côte d'Azur,Provence-Alpes-Côte d'Azur,83
95183,Courdimanche,rurale_calme,rural_geographique_Île-de-France,Île-de-France,95
38239,Moirans,rurale_calme,rural_geographique_Auvergne-Rhône-Alpes,Auvergne-Rhône-Alpes,38
58160,Marzy,rurale_calme,rural_geographique_Bourgogne-Franche-Comté,Bourgogne-Franche-Comté,58
35133,Iffendic,rurale_calme,rural_geographique_Bretagne,Bretagne,35
41151,Montrichard Val de Cher,rurale_calme,rural_geographique_Centre-Val de Loire,Centre-Val de Loire,41
2B246,La Porta,rurale_calme,rural_geographique_Corse,Corse,2B
54318,Liverdun,rurale_calme,rural_geographique_Grand Est,Grand Est,54
59603,Trith-Saint-Léger,rurale_calme,rural_geographique_Hauts-de-France,Hauts-de-France,59
27105,Grand Bourgtheroulde,rurale_calme,rural_geographique_Normandie,Normandie,27
40001,Aire-sur-l'Adour,rurale_calme,rural_geographique_Nouvelle-Aquitaine,Nouvelle-Aquitaine,40
30141,Laudun-l'Ardoise,rurale_calme,rural_geographique_Occitanie,Occitanie,30
72231,Parigné-l'Évêque,rurale_calme,rural_geographique_Pays de la Loire,Pays de la Loire,72
13018,Cabannes,rurale_calme,rural_geographique_Provence-Alpes-Côte d'Azur,Provence-Alpes-Côte d'Azur,13
78220,Les Essarts-le-Roi,rurale_calme,rural_geographique_Île-de-France,Île-de-France,78
42127,Mably,rurale_calme,rural_geographique_Auvergne-Rhône-Alpes,Auvergne-Rhône-Alpes,42
71120,Chauffailles,rurale_calme,rural_geographique_Bourgogne-Franche-Comté,Bourgogne-Franche-Comté,71
35032,Bourgbarré,rurale_calme,rural_geographique_Bretagne,Bretagne,35
28168,Gallardon,rurale_calme,rural_geographique_Centre-Val de Loire,Centre-Val de Loire,28
2B199,Palasca,rurale_calme,rural_geographique_Corse,Corse,2B
68163,Kembs,rurale_calme,rural_geographique_Grand Est,Grand Est,68
60581,Saint-Just-en-Chaussée,rurale_calme,rural_geographique_Hauts-de-France,Hauts-de-France,60
76222,Duclair,rurale_calme,rural_geographique_Normandie,Normandie,76
86297,Vouneuil-sous-Biard,rurale_calme,rural_geographique_Nouvelle-Aquitaine,Nouvelle-Aquitaine,86
31165,Eaunes,rurale_calme,rural_geographique_Occitanie,Occitanie,31
44120,Le Pellerin,rurale_calme,rural_geographique_Pays de la Loire,Pays de la Loire,44
83031,Le Cannet-des-Maures,rurale_calme,rural_geographique_Provence-Alpes-Côte d'Azur,Provence-Alpes-Côte d'Azur,83
95039,Auvers-sur-Oise,rurale_calme,rural_geographique_Île-de-France,Île-de-France,95
38314,Pontcharra,rurale_calme,rural_geographique_Auvergne-Rhône-Alpes,Auvergne-Rhône-Alpes,38
71221,Givry,rurale_calme,rural_geographique_Bourgogne-Franche-Comté,Bourgogne-Franche-Comté,71
35031,La Bouëxière,rurale_calme,rural_geographique_Bretagne,Bretagne,35
28012,Vald'Yerre,rurale_calme,rural_geographique_Centre-Val de Loire,Centre-Val de Loire,28
2A024,Aullène,rurale_calme,rural_geographique_Corse,Corse,2A
08328,Nouzonville,rurale_calme,rural_geographique_Grand Est,Grand Est,08
80561,Montdidier,rurale_calme,rural_geographique_Hauts-de-France,Hauts-de-France,80
27103,Bourg-Achard,rurale_calme,rural_geographique_Normandie,Normandie,27
17219,Marennes-Hiers-Brouage,rurale_calme,rural_geographique_Nouvelle-Aquitaine,Nouvelle-Aquitaine,17
32107,Condom,rurale_calme,rural_geographique_Occitanie,Occitanie,32
44182,Saint-Michel-Chef-Chef,rurale_calme,rural_geographique_Pays de la Loire,Pays de la Loire,44
13082,Rognes,rurale_calme,rural_geographique_Provence-Alpes-Côte d'Azur,Provence-Alpes-Côte d'Azur,13
91207,Égly,rurale_calme,rural_geographique_Île-de-France,Île-de-France,91
07042,Bourg-Saint-Andéol,rurale_calme,rural_geographique_Auvergne-Rhône-Alpes,Auvergne-Rhône-Alpes,07
25048,Bavans,rurale_calme,rural_geographique_Bourgogne-Franche-Comté,Bourgogne-Franche-Comté,25
35006,Argentré-du-Plessis,rurale_calme,rural_geographique_Bretagne,Bretagne,35
18087,Dun-sur-Auron,rurale_calme,rural_geographique_Centre-Val de Loire,Centre-Val de Loire,18
2B054,Campile,rurale_calme,rural_geographique_Corse,Corse,2B
67343,Oberhausbergen,rurale_calme,rural_geographique_Grand Est,Grand Est,67
62274,Dourges,rurale_calme,rural_geographique_Hauts-de-France,Hauts-de-France,62
27299,Gravigny,rurale_calme,rural_geographique_Normandie,Normandie,27
87065,Feytiat,rurale_calme,rural_geographique_Nouvelle-Aquitaine,Nouvelle-Aquitaine,87
31341,Merville,rurale_calme,rural_geographique_Occitanie,Occitanie,31
85096,La Garnache,rurale_calme,rural_geographique_Pays de la Loire,Pays de la Loire,85
13048,Jouques,rurale_calme,rural_geographique_Provence-Alpes-Côte d'Azur,Provence-Alpes-Côte d'Azur,13
77349,Othis,rurale_calme,rural_geographique_Île-de-France,Île-de-France,77
43268,Yssingeaux,rurale_calme,rural_geographique_Auvergne-Rhône-Alpes,Auvergne-Rhône-Alpes,43
25304,Hérimoncourt,rurale_calme,rural_geographique_Bourgogne-Franche-Comté,Bourgogne-Franche-Comté,25
35239,Retiers,rurale_calme,rural_geographique_Bretagne,Bretagne,35
45098,Cléry-Saint-André,rurale_calme,rural_geographique_Centre-Val de Loire,Centre-Val de Loire,45
2B190,Olmi-Cappella,rurale_calme,rural_geographique_Corse,Corse,2B
57097,Boulay-Moselle,rurale_calme,rural_geographique_Grand Est,Grand Est,57
62737,Sains-en-Gohelle,rurale_calme,rural_geographique_Hauts-de-France,Hauts-de-France,62
76116,Boos,rurale_calme,rural_geographique_Normandie,Normandie,76
40273,Saint-Martin-de-Seignanx,rurale_calme,rural_geographique_Nouvelle-Aquitaine,Nouvelle-Aquitaine,40
31248,Labarthe-sur-Lèze,rurale_calme,rural_geographique_Occitanie,Occitanie,31
44179,Saint-Mars-du-Désert,rurale_calme,rural_geographique_Pays de la Loire,Pays de la Loire,44
04242,Villeneuve,rurale_calme,rural_geographique_Provence-Alpes-Côte d'Azur,Provence-Alpes-Côte d'Azur,04
78217,Épône,rurale_calme,rural_geographique_Île-de-France,Île-de-France,78
38562,Vizille,rurale_calme,rural_geographique_Auvergne-Rhône-Alpes,Auvergne-Rhône-Alpes,38
90032,Danjoutin,rurale_calme,rural_geographique_Bourgogne-Franche-Comté,Bourgogne-Franche-Comté,90
29207,Plourin-lès-Morlaix,rurale_calme,rural_geographique_Bretagne,Bretagne,29
37163,Nazelles-Négron,rurale_calme,rural_geographique_Centre-Val de Loire,Centre-Val de Loire,37
2B086,Centuri,rurale_calme,rural_geographique_Corse,Corse,2B
51506,Saint-Memmie,rurale_calme,rural_geographique_Grand Est,Grand Est,51
62757,Saint-Martin-lez-Tatinghem,rurale_calme,rural_geographique_Hauts-de-France,Hauts-de-France,62
27507,Saint-André-de-l'Eure,rurale_calme,rural_geographique_Normandie,Normandie,27
33042,Belin-Béliet,rurale_calme,rural_geographique_Nouvelle-Aquitaine,Nouvelle-Aquitaine,33
34239,Saint-André-de-Sangonis,rurale_calme,rural_geographique_Occitanie,Occitanie,34
44128,Plessé,rurale_calme,rural_geographique_Pays de la Loire,Pays de la Loire,44
13036,Eyragues,rurale_calme,rural_geographique_Provence-Alpes-Côte d'Azur,Provence-Alpes-Côte d'Azur,13
95091,Bouffémont,rurale_calme,rural_geographique_Île-de-France,Île-de-France,95
01202,Lagnieu,rurale_calme,rural_geographique_Auvergne-Rhône-Alpes,Auvergne-Rhône-Alpes,01
71059,Le Breuil,rurale_calme,rural_geographique_Bourgogne-Franche-Comté,Bourgogne-Franche-Comté,71
56173,Pluméliau-Bieuzy,rurale_calme,rural_geographique_Bretagne,Bretagne,56
37014,Azay-le-Rideau,rurale_calme,rural_geographique_Centre-Val de Loire,Centre-Val de Loire,37
2B327,Tomino,rurale_calme,rural_geographique_Corse,Corse,2B
67388,Reichshoffen,rurale_calme,rural_geographique_Grand Est,Grand Est,67
62624,Noyelles-Godault,rurale_calme,rural_geographique_Hauts-de-France,Hauts-de-France,62
50236,La Haye,rurale_calme,rural_geographique_Normandie,Normandie,50
16154,Gond-Pontouvre,rurale_calme,rural_geographique_Nouvelle-Aquitaine,Nouvelle-Aquitaine,16
09261,Saint-Girons,rurale_calme,rural_geographique_Occitanie,Occitanie,09
49176,Le Lion-d'Angers,rurale_calme,rural_geographique_Pays de la Loire,Pays de la Loire,49
83058,Flayosc,rurale_calme,rural_geographique_Provence-Alpes-Côte d'Azur,Provence-Alpes-Côte d'Azur,83
91587,Saulx-les-Chartreux,rurale_calme,rural_geographique_Île-de-France,Île-de-France,91
69194,Saint-Didier-au-Mont-d'Or,rurale_calme,rural_geographique_Auvergne-Rhône-Alpes,Auvergne-Rhône-Alpes,69
89460,Villeneuve-la-Guyard,rurale_calme,rural_geographique_Bourgogne-Franche-Comté,Bourgogne-Franche-Comté,89
35308,Mesnil-Roc'h,rurale_calme,rural_geographique_Bretagne,Bretagne,35
45327,Traînou,rurale_calme,rural_geographique_Centre-Val de Loire,Centre-Val de Loire,45
2A035,Belvédère-Campomoro,rurale_calme,rural_geographique_Corse,Corse,2A
54257,Heillecourt,rurale_calme,rural_geographique_Grand Est,Grand Est,54
80253,Doullens,rurale_calme,rural_geographique_Hauts-de-France,Hauts-de-France,80
76655,Saint-Valery-en-Caux,rurale_calme,rural_geographique_Normandie,Normandie,76
87113,Le Palais-sur-Vienne,rurale_calme,rural_geographique_Nouvelle-Aquitaine,Nouvelle-Aquitaine,87
30047,Bouillargues,rurale_calme,rural_geographique_Occitanie,Occitanie,30
44067,Guémené-Penfao,rurale_calme,rural_geographique_Pays de la Loire,Pays de la Loire,44
84133,La Tour-d'Aigues,rurale_calme,rural_geographique_Provence-Alpes-Côte d'Azur,Provence-Alpes-Côte d'Azur,84
78486,Le Perray-en-Yvelines,rurale_calme,rural_geographique_Île-de-France,Île-de-France,78
73054,Bourg-Saint-Maurice,rurale_calme,rural_geographique_Auvergne-Rhône-Alpes,Auvergne-Rhône-Alpes,73
90039,Essert,rurale_calme,rural_geographique_Bourgogne-Franche-Comté,Bourgogne-Franche-Comté,90
29190,Plougonvelin,rurale_calme,rural_geographique_Bretagne,Bretagne,29
41173,Beauce la Romaine,rurale_calme,rural_geographique_Centre-Val de Loire,Centre-Val de Loire,41
2A091,Cognocoli-Monticchi,rurale_calme,rural_geographique_Corse,Corse,2A
67411,Rosheim,rurale_calme,rural_geographique_Grand Est,Grand Est,67
62035,Annezin,rurale_calme,rural_geographique_Hauts-de-France,Hauts-de-France,62
50639,Villedieu-les-Poêles-Rouffigny,rurale_calme,rural_geographique_Normandie,Normandie,50
86174,Naintré,rurale_calme,rural_geographique_Nouvelle-Aquitaine,Nouvelle-Aquitaine,86
31584,Villemur-sur-Tarn,rurale_calme,rural_geographique_Occitanie,Occitanie,31
85035,Bretignolles-sur-Mer,rurale_calme,rural_geographique_Pays de la Loire,Pays de la Loire,85
83067,Gonfaron,rurale_calme,rural_geographique_Provence-Alpes-Côte d'Azur,Provence-Alpes-Côte d'Azur,83
91338,Limours,rurale_calme,rural_geographique_Île-de-France,Île-de-France,91
74094,Cranves-Sales,rurale_calme,rural_geographique_Auvergne-Rhône-Alpes,Auvergne-Rhône-Alpes,74
89309,Pont-sur-Yonne,rurale_calme,rural_geographique_Bourgogne-Franche-Comté,Bourgogne-Franche-Comté,89
35125,La Guerche-de-Bretagne,rurale_calme,rural_geographique_Bretagne,Bretagne,35
45272,Saint-Cyr-en-Val,rurale_calme,rural_geographique_Centre-Val de Loire,Centre-Val de Loire,45
2B233,Pino,rurale_calme,rural_geographique_Corse,Corse,2B
55122,Commercy,rurale_calme,rural_geographique_Grand Est,Grand Est,55
80489,Longueau,rurale_calme,rural_geographique_Hauts-de-France,Hauts-de-France,80
61293,Mortagne-au-Perche,rurale_calme,rural_geographique_Normandie,Normandie,61
86165,Montmorillon,rurale_calme,rural_geographique_Nouvelle-Aquitaine,Nouvelle-Aquitaine,86
66149,Prades,rurale_calme,rural_geographique_Occitanie,Occitanie,66
44175,Saint-Lyphard,rurale_calme,rural_geographique_Pays de la Loire,Pays de la Loire,44
83150,Vinon-sur-Verdon,rurale_calme,rural_geographique_Provence-Alpes-Côte d'Azur,Provence-Alpes-Côte d'Azur,83
91347,Longpont-sur-Orge,rurale_calme,rural_geographique_Île-de-France,Île-de-France,91
38179,Gières,rurale_calme,rural_geographique_Auvergne-Rhône-Alpes,Auvergne-Rhône-Alpes,38
25204,Doubs,rurale_calme,rural_geographique_Bourgogne-Franche-Comté,Bourgogne-Franche-Comté,25
35363,Pont-Péan,rurale_calme,rural_geographique_Bretagne,Bretagne,35
41167,Veuzain-sur-Loire,rurale_calme,rural_geographique_Centre-Val de Loire,Centre-Val de Loire,41
2A282,Soccia,rurale_calme,rural_geographique_Corse,Corse,2A
57207,Farébersviller,rurale_calme,rural_geographique_Grand Est,Grand Est,57
02095,Bohain-en-Vermandois,rurale_calme,rural_geographique_Hauts-de-France,Hauts-de-France,02
14699,Touques,rurale_calme,rural_geographique_Normandie,Normandie,14
33090,Canéjan,rurale_calme,rural_geographique_Nouvelle-Aquitaine,Nouvelle-Aquitaine,33
34217,Prades-le-Lez,rurale_calme,rural_geographique_Occitanie,Occitanie,34
72180,Mamers,rurale_calme,rural_geographique_Pays de la Loire,Pays de la Loire,72
84038,Cheval-Blanc,rurale_calme,rural_geographique_Provence-Alpes-Côte d'Azur,Provence-Alpes-Côte d'Azur,84
77171,Esbly,rurale_calme,rural_geographique_Île-de-France,Île-de-France,77
73303,Ugine,rurale_calme,rural_geographique_Auvergne-Rhône-Alpes,Auvergne-Rhône-Alpes,73
70207,Échenoz-la-Méline,rurale_calme,rural_geographique_Bourgogne-Franche-Comté,Bourgogne-Franche-Comté,70
35123,Goven,rurale_calme,rural_geographique_Bretagne,Bretagne,35
37281,Vouvray,rurale_calme,rural_geographique_Centre-Val de Loire,Centre-Val de Loire,37
2A131,Guagno,rurale_calme,rural_geographique_Corse,Corse,2A
67151,Gambsheim,rurale_calme,rural_geographique_Grand Est,Grand Est,67
59663,Wormhout,rurale_calme,rural_geographique_Hauts-de-France,Hauts-de-France,59
27090,Bosroumois,rurale_calme,rural_geographique_Normandie,Normandie,27
33240,Lesparre-Médoc,rurale_calme,rural_geographique_Nouvelle-Aquitaine,Nouvelle-Aquitaine,33
30062,Calvisson,rurale_calme,rural_geographique_Occitanie,Occitanie,30
85155,Mouilleron-le-Captif,rurale_calme,rural_geographique_Pays de la Loire,Pays de la Loire,85
84026,Cadenet,rurale_calme,rural_geographique_Provence-Alpes-Côte d'Azur,Provence-Alpes-Côte d'Azur,84
77430,Saint-Pathus,rurale_calme,rural_geographique_Île-de-France,Île-de-France,77
38397,Saint-Ismier,rurale_calme,rural_geographique_Auvergne-Rhône-Alpes,Auvergne-Rhône-Alpes,38
58151,La Machine,rurale_calme,rural_geographique_Bourgogne-Franche-Comté,Bourgogne-Franche-Comté,58
29236,Riec-sur-Bélon,rurale_calme,rural_geographique_Bretagne,Bretagne,29
41150,Mont-près-Chambord,rurale_calme,rural_geographique_Centre-Val de Loire,Centre-Val de Loire,41
2B046,Cagnano,rurale_calme,rural_geographique_Corse,Corse,2B
51030,Aÿ-Champagne,rurale_calme,rural_geographique_Grand Est,Grand Est,51
62263,Dainville,rurale_calme,rural_geographique_Hauts-de-France,Hauts-de-France,62
27638,Le Thuit de l'Oison,rurale_calme,rural_geographique_Normandie,Normandie,27
87001,Aixe-sur-Vienne,rurale_calme,rural_geographique_Nouvelle-Aquitaine,Nouvelle-Aquitaine,87
09160,Lavelanet,rurale_calme,rural_geographique_Occitanie,Occitanie,09
44021,Villeneuve-en-Retz,rurale_calme,rural_geographique_Pays de la Loire,Pays de la Loire,44
83104,Rians,rurale_calme,rural_geographique_Provence-Alpes-Côte d'Azur,Provence-Alpes-Côte d'Azur,83
77079,Champagne-sur-Seine,rurale_calme,rural_geographique_Île-de-France,Île-de-France,77
01427,Trévoux,rurale_calme,rural_geographique_Auvergne-Rhône-Alpes,Auvergne-Rhône-Alpes,01
89346,Saint-Georges-sur-Baulche,rurale_calme,rural_geographique_Bourgogne-Franche-Comté,Bourgogne-Franche-Comté,89
56034,Carnac,rurale_calme,rural_geographique_Bretagne,Bretagne,56
37115,Descartes,rurale_calme,rural_geographique_Centre-Val de Loire,Centre-Val de Loire,37
2A115,Foce,rurale_calme,rural_geographique_Corse,Corse,2A
54322,Longuyon,rurale_calme,rural_geographique_Grand Est,Grand Est,54
80685,Roye,rurale_calme,rural_geographique_Hauts-de-France,Hauts-de-France,80
76624,Saint-Nicolas-d'Aliermont,rurale_calme,rural_geographique_Normandie,Normandie,76
24294,Montpon-Ménestérol,rurale_calme,rural_geographique_Nouvelle-Aquitaine,Nouvelle-Aquitaine,24
32132,Fleurance,rurale_calme,rural_geographique_Occitanie,Occitanie,32
44064,Gorges,rurale_calme,rural_geographique_Pays de la Loire,Pays de la Loire,44
83143,Le Val,rurale_calme,rural_geographique_Provence-Alpes-Côte d'Azur,Provence-Alpes-Côte d'Azur,83
77438,Saint-Thibault-des-Vignes,rurale_calme,rural_geographique_Île-de-France,Île-de-France,77
26325,Saint-Rambert-d'Albon,rurale_calme,rural_geographique_Auvergne-Rhône-Alpes,Auvergne-Rhône-Alpes,26
39013,Arbois,rurale_calme,rural_geographique_Bourgogne-Franche-Comté,Bourgogne-Franche-Comté,39
22118,Lanvallay,rurale_calme,rural_geographique_Bretagne,Bretagne,22
37243,Savonnières,rurale_calme,rural_geographique_Centre-Val de Loire,Centre-Val de Loire,37
2A132,Guargualé,rurale_calme,rural_geographique_Corse,Corse,2A
57209,Faulquemont,rurale_calme,rural_geographique_Grand Est,Grand Est,57
62645,Oye-Plage,rurale_calme,rural_geographique_Hauts-de-France,Hauts-de-France,62
76276,Forges-les-Eaux,rurale_calme,rural_geographique_Normandie,Normandie,76
33393,Saint-Denis-de-Pile,rurale_calme,rural_geographique_Nouvelle-Aquitaine,Nouvelle-Aquitaine,33
31445,Quint-Fonsegrives,rurale_calme,rural_geographique_Occitanie,Occitanie,31
49183,Val d'Erdre-Auxence,rurale_calme,rural_geographique_Pays de la Loire,Pays de la Loire,49
13083,Rognonas,rurale_calme,rural_geographique_Provence-Alpes-Côte d'Azur,Provence-Alpes-Côte d'Azur,13
78354,Magnanville,rurale_calme,rural_geographique_Île-de-France,Île-de-France,78
42071,Le Coteau,rurale_calme,rural_geographique_Auvergne-Rhône-Alpes,Auvergne-Rhône-Alpes,42
58134,Imphy,rurale_calme,rural_geographique_Bourgogne-Franche-Comté,Bourgogne-Franche-Comté,58
56175,Plumergat,rurale_calme,rural_geographique_Bretagne,Bretagne,56
28214,La Loupe,rurale_calme,rural_geographique_Centre-Val de Loire,Centre-Val de Loire,28
2B136,Lama,rurale_calme,rural_geographique_Corse,Corse,2B
10297,Pont-Sainte-Marie,rurale_calme,rural_geographique_Grand Est,Grand Est,10
59524,Sainghin-en-Weppes,rurale_calme,rural_geographique_Hauts-de-France,Hauts-de-France,59
61397,Saint-Germain-du-Corbéis,rurale_calme,rural_geographique_Normandie,Normandie,61
79048,La Crèche,rurale_calme,rural_geographique_Nouvelle-Aquitaine,Nouvelle-Aquitaine,79
30169,Milhaud,rurale_calme,rural_geographique_Occitanie,Occitanie,30
85088,Le Fenouiller,rurale_calme,rural_geographique_Pays de la Loire,Pays de la Loire,85
06118,Saint-Cézaire-sur-Siagne,rurale_calme,rural_geographique_Provence-Alpes-Côte d'Azur,Provence-Alpes-Côte d'Azur,06
95388,Menucourt,rurale_calme,rural_geographique_Île-de-France,Île-de-France,95
26064,Chabeuil,rurale_calme,rural_geographique_Auvergne-Rhône-Alpes,Auvergne-Rhône-Alpes,26
89013,Appoigny,rurale_calme,rural_geographique_Bourgogne-Franche-Comté,Bourgogne-Franche-Comté,89
22209,Beaussais-sur-Mer,rurale_calme,rural_geographique_Bretagne,Bretagne,22
45127,Dordives,rurale_calme,rural_geographique_Centre-Val de Loire,Centre-Val de Loire,45
2B083,Castirla,rurale_calme,rural_geographique_Corse,Corse,2B
57487,Moulins-lès-Metz,rurale_calme,rural_geographique_Grand Est,Grand Est,57
59268,La Gorgue,rurale_calme,rural_geographique_Hauts-de-France,Hauts-de-France,59
27226,Étrépagny,rurale_calme,rural_geographique_Normandie,Normandie,27
47031,Boé,rurale_calme,rural_geographique_Nouvelle-Aquitaine,Nouvelle-Aquitaine,47
31188,Fontenilles,rurale_calme,rural_geographique_Occitanie,Occitanie,31
85113,L'Île-d'Yeu,rurale_calme,rural_geographique_Pays de la Loire,Pays de la Loire,85
84065,Lauris,rurale_calme,rural_geographique_Provence-Alpes-Côte d'Azur,Provence-Alpes-Côte d'Azur,84
78380,Maule,rurale_calme,rural_geographique_Île-de-France,Île-de-France,78
01262,Montluel,rurale_calme,rural_geographique_Auvergne-Rhône-Alpes,Auvergne-Rhône-Alpes,01
71150,Crêches-sur-Saône,rurale_calme,rural_geographique_Bourgogne-Franche-Comté,Bourgogne-Franche-Comté,71
35251,Saint-Aubin-d'Aubigné,rurale_calme,rural_geographique_Bretagne,Bretagne,35
28196,Illiers-Combray,rurale_calme,rural_geographique_Centre-Val de Loire,Centre-Val de Loire,28
2B356,Zalana,rurale_calme,rural_geographique_Corse,Corse,2B
51388,Mourmelon-le-Grand,rurale_calme,rural_geographique_Grand Est,Grand Est,51
59632,Wallers,rurale_calme,rural_geographique_Hauts-de-France,Hauts-de-France,59
27230,Ézy-sur-Eure,rurale_calme,rural_geographique_Normandie,Normandie,27
16166,L'Isle-d'Espagnac,rurale_calme,rural_geographique_Nouvelle-Aquitaine,Nouvelle-Aquitaine,16
34077,Clapiers,rurale_calme,rural_geographique_Occitanie,Occitanie,34
44163,Vair-sur-Loire,rurale_calme,rural_geographique_Pays de la Loire,Pays de la Loire,44
04116,Les Mées,rurale_calme,rural_geographique_Provence-Alpes-Côte d'Azur,Provence-Alpes-Côte d'Azur,04
77037,Bois-le-Roi,rurale_calme,rural_geographique_Île-de-France,Île-de-France,77
01451,Viriat,rurale_calme,rural_geographique_Auvergne-Rhône-Alpes,Auvergne-Rhône-Alpes,01
39362,Montmorot,rurale_calme,rural_geographique_Bourgogne-Franche-Comté,Bourgogne-Franche-Comté,39
35245,Romillé,rurale_calme,rural_geographique_Bretagne,Bretagne,35
37225,Saint-Martin-le-Beau,rurale_calme,rural_geographique_Centre-Val de Loire,Centre-Val de Loire,37
2A028,Balogna,rurale_calme,rural_geographique_Corse,Corse,2A
67309,Mundolsheim,rurale_calme,rural_geographique_Grand Est,Grand Est,67
59227,Fenain,rurale_calme,rural_geographique_Hauts-de-France,Hauts-de-France,59
61474,Gouffern en Auge,rurale_calme,rural_geographique_Normandie,Normandie,61
33029,Le Barp,rurale_calme,rural_geographique_Nouvelle-Aquitaine,Nouvelle-Aquitaine,33
34028,Bédarieux,rurale_calme,rural_geographique_Occitanie,Occitanie,34
72124,Écommoy,rurale_calme,rural_geographique_Pays de la Loire,Pays de la Loire,72
13059,Meyrargues,rurale_calme,rural_geographique_Provence-Alpes-Côte d'Azur,Provence-Alpes-Côte d'Azur,13
77320,Mouroux,rurale_calme,rural_geographique_Île-de-France,Île-de-France,77
26220,Nyons,rurale_calme,rural_geographique_Auvergne-Rhône-Alpes,Auvergne-Rhône-Alpes,26
71336,Ouroux-sur-Saône,rurale_calme,rural_geographique_Bourgogne-Franche-Comté,Bourgogne-Franche-Comté,71
22203,Plœuc-L'Hermitage,rurale_calme,rural_geographique_Bretagne,Bretagne,22
18108,La Guerche-sur-l'Aubois,rurale_calme,rural_geographique_Centre-Val de Loire,Centre-Val de Loire,18
2B030,Barrettali,rurale_calme,rural_geographique_Corse,Corse,2B
68118,Habsheim,rurale_calme,rural_geographique_Grand Est,Grand Est,68
62099,Beaurains,rurale_calme,rural_geographique_Hauts-de-France,Hauts-de-France,62
76377,Isneauville,rurale_calme,rural_geographique_Normandie,Normandie,76
64230,Gan,rurale_calme,rural_geographique_Nouvelle-Aquitaine,Nouvelle-Aquitaine,64
81220,Rabastens,rurale_calme,rural_geographique_Occitanie,Occitanie,81
85300,Venansault,rurale_calme,rural_geographique_Pays de la Loire,Pays de la Loire,85
06136,Sospel,rurale_calme,rural_geographique_Provence-Alpes-Côte d'Azur,Provence-Alpes-Côte d'Azur,06
78117,Buc,rurale_calme,rural_geographique_Île-de-France,Île-de-France,78
74105,Douvaine,rurale_calme,rural_geographique_Auvergne-Rhône-Alpes,Auvergne-Rhône-Alpes,74
25632,Voujeaucourt,rurale_calme,rural_geographique_Bourgogne-Franche-Comté,Bourgogne-Franche-Comté,25
35004,Val-Couesnon,rurale_calme,rural_geographique_Bretagne,Bretagne,35
45087,Châtillon-sur-Loire,rurale_calme,rural_geographique_Centre-Val de Loire,Centre-Val de Loire,45
2A119,Frasseto,rurale_calme,rural_geographique_Corse,Corse,2A
67458,Schweighouse-sur-Moder,rurale_calme,rural_geographique_Grand Est,Grand Est,67
62555,Marles-les-Mines,rurale_calme,rural_geographique_Hauts-de-France,Hauts-de-France,62
76599,Saint-Léger-du-Bourg-Denis,rurale_calme,rural_geographique_Normandie,Normandie,76
86281,Saint-Martin-la-Pallu,rurale_calme,rural_geographique_Nouvelle-Aquitaine,Nouvelle-Aquitaine,86
30006,Aimargues,rurale_calme,rural_geographique_Occitanie,Occitanie,30
44070,La Haie-Fouassière,rurale_calme,rural_geographique_Pays de la Loire,Pays de la Loire,44
83121,Salernes,rurale_calme,rural_geographique_Provence-Alpes-Côte d'Azur,Provence-Alpes-Côte d'Azur,83
78537,Saint-Arnoult-en-Yvelines,rurale_calme,rural_geographique_Île-de-France,Île-de-France,78
38150,Domène,rurale_calme,rural_geographique_Auvergne-Rhône-Alpes,Auvergne-Rhône-Alpes,38
89055,Brienon-sur-Armançon,rurale_calme,rural_geographique_Bourgogne-Franche-Comté,Bourgogne-Franche-Comté,89
35253,Saint-Aubin-du-Cormier,rurale_calme,rural_geographique_Bretagne,Bretagne,35
45282,Saint-Hilaire-Saint-Mesmin,rurale_calme,rural_geographique_Centre-Val de Loire,Centre-Val de Loire,45
2B287,Sorio,rurale_calme,rural_geographique_Corse,Corse,2B
68298,Sainte-Marie-aux-Mines,rurale_calme,rural_geographique_Grand Est,Grand Est,68
62194,Calonne-Ricouart,rurale_calme,rural_geographique_Hauts-de-France,Hauts-de-France,62
14689,Thury-Harcourt-le-Hom,rurale_calme,rural_geographique_Normandie,Normandie,14
79195,Nueil-les-Aubiers,rurale_calme,rural_geographique_Nouvelle-Aquitaine,Nouvelle-Aquitaine,79
82134,Nègrepelisse,rurale_calme,rural_geographique_Occitanie,Occitanie,82
44081,Legé,rurale_calme,rural_geographique_Pays de la Loire,Pays de la Loire,44
13118,Coudoux,rurale_calme,rural_geographique_Provence-Alpes-Côte d'Azur,Provence-Alpes-Côte d'Azur,13
91577,Saintry-sur-Seine,rurale_calme,rural_geographique_Île-de-France,Île-de-France,91
42304,Sury-le-Comtal,rurale_calme,rural_geographique_Auvergne-Rhône-Alpes,Auvergne-Rhône-Alpes,42
25240,Les Fins,rurale_calme,rural_geographique_Bourgogne-Franche-Comté,Bourgogne-Franche-Comté,25
35127,Guignen,rurale_calme,rural_geographique_Bretagne,Bretagne,35
45179,Lailly-en-Val,rurale_calme,rural_geographique_Centre-Val de Loire,Centre-Val de Loire,45
2B304,San-Lorenzo,rurale_calme,rural_geographique_Corse,Corse,2B
88367,Rambervillers,rurale_calme,rural_geographique_Grand Est,Grand Est,88
62057,Audruicq,rurale_calme,rural_geographique_Hauts-de-France,Hauts-de-France,62
14342,Isigny-sur-Mer,rurale_calme,rural_geographique_Normandie,Normandie,14
87002,Ambazac,rurale_calme,rural_geographique_Nouvelle-Aquitaine,Nouvelle-Aquitaine,87
31107,Carbonne,rurale_calme,rural_geographique_Occitanie,Occitanie,31
49167,Les Garennes sur Loire,rurale_calme,rural_geographique_Pays de la Loire,Pays de la Loire,49
06130,Saint-Vallier-de-Thiey,rurale_calme,rural_geographique_Provence-Alpes-Côte d'Azur,Provence-Alpes-Côte d'Azur,06
78321,Jouars-Pontchartrain,rurale_calme,rural_geographique_Île-de-France,Île-de-France,78
69028,Brindas,rurale_calme,rural_geographique_Auvergne-Rhône-Alpes,Auvergne-Rhône-Alpes,69
21295,Gevrey-Chambertin,rurale_calme,rural_geographique_Bourgogne-Franche-Comté,Bourgogne-Franche-Comté,21
22186,Pléneuf-Val-André,rurale_calme,rural_geographique_Bretagne,Bretagne,22
37015,Azay-sur-Cher,rurale_calme,rural_geographique_Centre-Val de Loire,Centre-Val de Loire,37
2B107,Ersa,rurale_calme,rural_geographique_Corse,Corse,2B
67372,Val-de-Moder,rurale_calme,rural_geographique_Grand Est,Grand Est,67
59202,Erquinghem-Lys,rurale_calme,rural_geographique_Hauts-de-France,Hauts-de-France,59
14220,Deauville,rurale_calme,rural_geographique_Normandie,Normandie,14
47100,Foulayronnes,rurale_calme,rural_geographique_Nouvelle-Aquitaine,Nouvelle-Aquitaine,47
81021,Aussillon,rurale_calme,rural_geographique_Occitanie,Occitanie,81
72346,La Suze-sur-Sarthe,rurale_calme,rural_geographique_Pays de la Loire,Pays de la Loire,72
83029,Callian,rurale_calme,rural_geographique_Provence-Alpes-Côte d'Azur,Provence-Alpes-Côte d'Azur,83
95355,Magny-en-Vexin,rurale_calme,rural_geographique_Île-de-France,Île-de-France,95
38337,Rives,rurale_calme,rural_geographique_Auvergne-Rhône-Alpes,Auvergne-Rhône-Alpes,38
70421,Port-sur-Saône,rurale_calme,rural_geographique_Bourgogne-Franche-Comté,Bourgogne-Franche-Comté,70
35223,Plélan-le-Grand,rurale_calme,rural_geographique_Bretagne,Bretagne,35
45273,Saint-Denis-de-l'Hôtel,rurale_calme,rural_geographique_Centre-Val de Loire,Centre-Val de Loire,45
2A200,Palneca,rurale_calme,rural_geographique_Corse,Corse,2A
08081,Bogny-sur-Meuse,rurale_calme,rural_geographique_Grand Est,Grand Est,08
59170,Dechy,rurale_calme,rural_geographique_Hauts-de-France,Hauts-de-France,59
61484,Val-au-Perche,rurale_calme,rural_geographique_Normandie,Normandie,61
86177,Neuville-de-Poitou,rurale_calme,rural_geographique_Nouvelle-Aquitaine,Nouvelle-Aquitaine,86
31351,Mondonville,rurale_calme,rural_geographique_Occitanie,Occitanie,31
49347,Tiercé,rurale_calme,rural_geographique_Pays de la Loire,Pays de la Loire,49
83057,Flassans-sur-Issole,rurale_calme,rural_geographique_Provence-Alpes-Côte d'Azur,Provence-Alpes-Côte d'Azur,83
77192,Fontenay-Trésigny,rurale_calme,rural_geographique_Île-de-France,Île-de-France,77
26166,Loriol-sur-Drôme,rurale_calme,rural_geographique_Auvergne-Rhône-Alpes,Auvergne-Rhône-Alpes,26
70467,Saint-Loup-sur-Semouse,rurale_calme,rural_geographique_Bourgogne-Franche-Comté,Bourgogne-Franche-Comté,70
56097,Landévant,rurale_calme,rural_geographique_Bretagne,Bretagne,56
45194,Mardié,rurale_calme,rural_geographique_Centre-Val de Loire,Centre-Val de Loire,45
2A141,Letia,rurale_calme,rural_geographique_Corse,Corse,2A
57089,Bitche,rurale_calme,rural_geographique_Grand Est,Grand Est,57
60439,Mouy,rurale_calme,rural_geographique_Hauts-de-France,Hauts-de-France,60
50550,Saint-Sauveur-Villages,rurale_calme,rural_geographique_Normandie,Normandie,50
33555,Marcheprime,rurale_calme,rural_geographique_Nouvelle-Aquitaine,Nouvelle-Aquitaine,33
34259,Saint-Georges-d'Orques,rurale_calme,rural_geographique_Occitanie,Occitanie,34
85163,Noirmoutier-en-l'Île,rurale_calme,rural_geographique_Pays de la Loire,Pays de la Loire,85
05070,Laragne-Montéglin,rurale_calme,rural_geographique_Provence-Alpes-Côte d'Azur,Provence-Alpes-Côte d'Azur,05
78133,Chambourcy,rurale_calme,rural_geographique_Île-de-France,Île-de-France,78
63003,Ambert,rurale_calme,rural_geographique_Auvergne-Rhône-Alpes,Auvergne-Rhône-Alpes,63
90052,Giromagny,rurale_calme,rural_geographique_Bourgogne-Franche-Comté,Bourgogne-Franche-Comté,90
29135,Loctudy,rurale_calme,rural_geographique_Bretagne,Bretagne,29
45187,Lorris,rurale_calme,rural_geographique_Centre-Val de Loire,Centre-Val de Loire,45
2A360,Zigliara,rurale_calme,rural_geographique_Corse,Corse,2A
68042,Blotzheim,rurale_calme,rural_geographique_Grand Est,Grand Est,68
59656,Wervicq-Sud,rurale_calme,rural_geographique_Hauts-de-France,Hauts-de-France,59
50546,Bourgvallées,rurale_calme,rural_geographique_Normandie,Normandie,50
24372,Saint-Astier,rurale_calme,rural_geographique_Nouvelle-Aquitaine,Nouvelle-Aquitaine,24
30033,Beauvoisin,rurale_calme,rural_geographique_Occitanie,Occitanie,30
44126,La Plaine-sur-Mer,rurale_calme,rural_geographique_Pays de la Loire,Pays de la Loire,44
13038,Fontvieille,rurale_calme,rural_geographique_Provence-Alpes-Côte d'Azur,Provence-Alpes-Côte d'Azur,13
91376,Marolles-en-Hurepoix,rurale_calme,rural_geographique_Île-de-France,Île-de-France,91
74280,Thônes,rurale_calme,rural_geographique_Auvergne-Rhône-Alpes,Auvergne-Rhône-Alpes,74
25127,Charquemont,rurale_calme,rural_geographique_Bourgogne-Franche-Comté,Bourgogne-Franche-Comté,25
56061,La Gacilly,rurale_calme,rural_geographique_Bretagne,Bretagne,56
28373,Senonches,rurale_calme,rural_geographique_Centre-Val de Loire,Centre-Val de Loire,28
2B095,Corscia,rurale_calme,rural_geographique_Corse,Corse,2B
51662,Witry-lès-Reims,rurale_calme,rural_geographique_Grand Est,Grand Est,51
59230,Ferrière-la-Grande,rurale_calme,rural_geographique_Hauts-de-France,Hauts-de-France,59
50215,Gouville-sur-Mer,rurale_calme,rural_geographique_Normandie,Normandie,50
64407,Mouguerre,rurale_calme,rural_geographique_Nouvelle-Aquitaine,Nouvelle-Aquitaine,64
66088,Ille-sur-Têt,rurale_calme,rural_geographique_Occitanie,Occitanie,66
85081,Dompierre-sur-Yon,rurale_calme,rural_geographique_Pays de la Loire,Pays de la Loire,85
84030,Caromb,rurale_calme,rural_geographique_Provence-Alpes-Côte d'Azur,Provence-Alpes-Côte d'Azur,84
78672,Villennes-sur-Seine,rurale_calme,rural_geographique_Île-de-France,Île-de-France,78
38001,Les Abrets en Dauphiné,rurale_calme,rural_geographique_Auvergne-Rhône-Alpes,Auvergne-Rhône-Alpes,38
25315,L'Isle-sur-le-Doubs,rurale_calme,rural_geographique_Bourgogne-Franche-Comté,Bourgogne-Franche-Comté,25
56054,Erdeven,rurale_calme,rural_geographique_Bretagne,Bretagne,56
18242,Sancoins,rurale_calme,rural_geographique_Centre-Val de Loire,Centre-Val de Loire,18
2B195,Ortiporio,rurale_calme,rural_geographique_Corse,Corse,2B
51242,Fagnières,rurale_calme,rural_geographique_Grand Est,Grand Est,51
59044,Baisieux,rurale_calme,rural_geographique_Hauts-de-France,Hauts-de-France,59
50402,Les Pieux,rurale_calme,rural_geographique_Normandie,Normandie,50
16078,Champniers,rurale_calme,rural_geographique_Nouvelle-Aquitaine,Nouvelle-Aquitaine,16
30221,Roquemaure,rurale_calme,rural_geographique_Occitanie,Occitanie,30
53119,L'Huisserie,rurale_calme,rural_geographique_Pays de la Loire,Pays de la Loire,53
13065,Mouriès,rurale_calme,rural_geographique_Provence-Alpes-Côte d'Azur,Provence-Alpes-Côte d'Azur,13
95480,Parmain,rurale_calme,rural_geographique_Île-de-France,Île-de-France,95
73087,Cognin,rurale_calme,rural_geographique_Auvergne-Rhône-Alpes,Auvergne-Rhône-Alpes,73
71106,Charolles,rurale_calme,rural_geographique_Bourgogne-Franche-Comté,Bourgogne-Franche-Comté,71
22259,Quévert,rurale_calme,rural_geographique_Bretagne,Bretagne,22
45126,Donnery,rurale_calme,rural_geographique_Centre-Val de Loire,Centre-Val de Loire,45
2A326,Tolla,rurale_calme,rural_geographique_Corse,Corse,2A
54430,Pompey,rurale_calme,rural_geographique_Grand Est,Grand Est,54
62261,Cucq,rurale_calme,rural_geographique_Hauts-de-France,Hauts-de-France,62
27493,Romilly-sur-Andelle,rurale_calme,rural_geographique_Normandie,Normandie,27
86157,Mignaloux-Beauvoir,rurale_calme,rural_geographique_Nouvelle-Aquitaine,Nouvelle-Aquitaine,86
11397,Trèbes,rurale_calme,rural_geographique_Occitanie,Occitanie,11
85284,Soullans,rurale_calme,rural_geographique_Pays de la Loire,Pays de la Loire,85
83032,Carcès,rurale_calme,rural_geographique_Provence-Alpes-Côte d'Azur,Provence-Alpes-Côte d'Azur,83
78502,Le Port-Marly,rurale_calme,rural_geographique_Île-de-France,Île-de-France,78
43040,Brioude,rurale_calme,rural_geographique_Auvergne-Rhône-Alpes,Auvergne-Rhône-Alpes,43
21663,Venarey-les-Laumes,rurale_calme,rural_geographique_Bourgogne-Franche-Comté,Bourgogne-Franche-Comté,21
22190,Pleslin-Trigavou,rurale_calme,rural_geographique_Bretagne,Bretagne,22
36093,Levroux,rurale_calme,rural_geographique_Centre-Val de Loire,Centre-Val de Loire,36
2A279,Serriera,rurale_calme,rural_geographique_Corse,Corse,2A
88516,Vittel,rurale_calme,rural_geographique_Grand Est,Grand Est,88
62502,Lestrem,rurale_calme,rural_geographique_Hauts-de-France,Hauts-de-France,62
50400,Picauville,rurale_calme,rural_geographique_Normandie,Normandie,50
87048,Condat-sur-Vienne,rurale_calme,rural_geographique_Nouvelle-Aquitaine,Nouvelle-Aquitaine,87
66144,Pollestres,rurale_calme,rural_geographique_Occitanie,Occitanie,66
44030,La Chapelle-des-Marais,rurale_calme,rural_geographique_Pays de la Loire,Pays de la Loire,44
13089,Saint-Andiol,rurale_calme,rural_geographique_Provence-Alpes-Côte d'Azur,Provence-Alpes-Côte d'Azur,13
78160,Chevreuse,rurale_calme,rural_geographique_Île-de-France,Île-de-France,78
69112,Lentilly,rurale_calme,rural_geographique_Auvergne-Rhône-Alpes,Auvergne-Rhône-Alpes,69
89003,Montholon,rurale_calme,rural_geographique_Bourgogne-Franche-Comté,Bourgogne-Franche-Comté,89
29140,Loperhet,rurale_calme,rural_geographique_Bretagne,Bretagne,29
18018,Avord,rurale_calme,rural_geographique_Centre-Val de Loire,Centre-Val de Loire,18
2B069,Casabianca,rurale_calme,rural_geographique_Corse,Corse,2B
67472,Soufflenheim,rurale_calme,rural_geographique_Grand Est,Grand Est,67
59459,Petite-Forêt,rurale_calme,rural_geographique_Hauts-de-France,Hauts-de-France,59
50419,Quettreville-sur-Sienne,rurale_calme,rural_geographique_Normandie,Normandie,50
33535,Tresses,rurale_calme,rural_geographique_Nouvelle-Aquitaine,Nouvelle-Aquitaine,33
34300,Servian,rurale_calme,rural_geographique_Occitanie,Occitanie,34
53140,Louverné,rurale_calme,rural_geographique_Pays de la Loire,Pays de la Loire,53
84147,Villelaure,rurale_calme,rural_geographique_Provence-Alpes-Côte d'Azur,Provence-Alpes-Côte d'Azur,84
91330,Lardy,rurale_calme,rural_geographique_Île-de-France,Île-de-France,91
38516,La Tronche,rurale_calme,rural_geographique_Auvergne-Rhône-Alpes,Auvergne-Rhône-Alpes,38
70451,Ronchamp,rurale_calme,rural_geographique_Bourgogne-Franche-Comté,Bourgogne-Franche-Comté,70
29177,Plouarzel,rurale_calme,rural_geographique_Bretagne,Bretagne,29
45104,Corquilleroy,rurale_calme,rural_geographique_Centre-Val de Loire,Centre-Val de Loire,45
2B153,Manso,rurale_calme,rural_geographique_Corse,Corse,2B
51535,Sézanne,rurale_calme,rural_geographique_Grand Est,Grand Est,51
59052,Bauvin,rurale_calme,rural_geographique_Hauts-de-France,Hauts-de-France,59
50256,Isigny-le-Buat,rurale_calme,rural_geographique_Normandie,Normandie,50
79179,Moncoutant-sur-Sèvre,rurale_calme,rural_geographique_Nouvelle-Aquitaine,Nouvelle-Aquitaine,79
66024,Le Boulou,rurale_calme,rural_geographique_Occitanie,Occitanie,66
85213,Rives de l'Yon,rurale_calme,rural_geographique_Pays de la Loire,Pays de la Loire,85
83059,Forcalqueiret,rurale_calme,rural_geographique_Provence-Alpes-Côte d'Azur,Provence-Alpes-Côte d'Azur,83
91659,Villabé,rurale_calme,rural_geographique_Île-de-France,Île-de-France,91
69010,L'Arbresle,rurale_calme,rural_geographique_Auvergne-Rhône-Alpes,Auvergne-Rhône-Alpes,69
25212,École-Valentin,rurale_calme,rural_geographique_Bourgogne-Franche-Comté,Bourgogne-Franche-Comté,25
29197,Plouhinec,rurale_calme,rural_geographique_Bretagne,Bretagne,29
41198,Saint-Aignan,rurale_calme,rural_geographique_Centre-Val de Loire,Centre-Val de Loire,41
2B023,Asco,rurale_calme,rural_geographique_Corse,Corse,2B
88304,Mirecourt,rurale_calme,rural_geographique_Grand Est,Grand Est,88
60338,Lacroix-Saint-Ouen,rurale_calme,rural_geographique_Hauts-de-France,Hauts-de-France,60
61391,Saint-Georges-des-Groseillers,rurale_calme,rural_geographique_Normandie,Normandie,61
33214,Lacanau,rurale_calme,rural_geographique_Nouvelle-Aquitaine,Nouvelle-Aquitaine,33
82186,Valence,rurale_calme,rural_geographique_Occitanie,Occitanie,82
44113,Nozay,rurale_calme,rural_geographique_Pays de la Loire,Pays de la Loire,44
05179,Veynes,rurale_calme,rural_geographique_Provence-Alpes-Côte d'Azur,Provence-Alpes-Côte d'Azur,05
77382,Quincy-Voisins,rurale_calme,rural_geographique_Île-de-France,Île-de-France,77
01289,Péronnas,rurale_calme,rural_geographique_Auvergne-Rhône-Alpes,Auvergne-Rhône-Alpes,01
25381,Miserey-Salines,rurale_calme,rural_geographique_Bourgogne-Franche-Comté,Bourgogne-Franche-Comté,25
35168,Val d'Anast,rurale_calme,rural_geographique_Bretagne,Bretagne,35
37270,Vernou-sur-Brenne,rurale_calme,rural_geographique_Centre-Val de Loire,Centre-Val de Loire,37
2B055,Campitello,rurale_calme,rural_geographique_Corse,Corse,2B
10033,Bar-sur-Aube,rurale_calme,rural_geographique_Grand Est,Grand Est,10
59272,Grand-Fort-Philippe,rurale_calme,rural_geographique_Hauts-de-France,Hauts-de-France,59
76591,Saint-Jacques-sur-Darnétal,rurale_calme,rural_geographique_Normandie,Normandie,76
40197,Morcenx-la-Nouvelle,rurale_calme,rural_geographique_Nouvelle-Aquitaine,Nouvelle-Aquitaine,40
34069,Cazouls-lès-Béziers,rurale_calme,rural_geographique_Occitanie,Occitanie,34
72386,Yvré-l'Évêque,rurale_calme,rural_geographique_Pays de la Loire,Pays de la Loire,72
04230,Valensole,rurale_calme,rural_geographique_Provence-Alpes-Côte d'Azur,Provence-Alpes-Côte d'Azur,04
77431,Saint-Pierre-lès-Nemours,rurale_calme,rural_geographique_Île-de-France,Île-de-France,77
73222,Saint-Alban-Leysse,rurale_calme,rural_geographique_Auvergne-Rhône-Alpes,Auvergne-Rhône-Alpes,73
90022,Châtenois-les-Forges,rurale_calme,rural_geographique_Bourgogne-Franche-Comté,Bourgogne-Franche-Comté,90
22054,Erquy,rurale_calme,rural_geographique_Bretagne,Bretagne,22
37250,Sorigny,rurale_calme,rural_geographique_Centre-Val de Loire,Centre-Val de Loire,37
2B073,Casamaccioli,rurale_calme,rural_geographique_Corse,Corse,2B
10325,Rosières-près-Troyes,rurale_calme,rural_geographique_Grand Est,Grand Est,10
62491,Laventie,rurale_calme,rural_geographique_Hauts-de-France,Hauts-de-France,62
14752,Villers-Bocage,rurale_calme,rural_geographique_Normandie,Normandie,14
40282,Saint-Sever,rurale_calme,rural_geographique_Nouvelle-Aquitaine,Nouvelle-Aquitaine,40
30125,Garons,rurale_calme,rural_geographique_Occitanie,Occitanie,30
44049,Le Croisic,rurale_calme,rural_geographique_Pays de la Loire,Pays de la Loire,44
06140,Le Tignet,rurale_calme,rural_geographique_Provence-Alpes-Côte d'Azur,Provence-Alpes-Côte d'Azur,06
95652,Viarmes,rurale_calme,rural_geographique_Île-de-France,Île-de-France,95
15187,Saint-Flour,rurale_calme,rural_geographique_Auvergne-Rhône-Alpes,Auvergne-Rhône-Alpes,15
21021,Arc-sur-Tille,rurale_calme,rural_geographique_Bourgogne-Franche-Comté,Bourgogne-Franche-Comté,21
29209,Plouvien,rurale_calme,rural_geographique_Bretagne,Bretagne,29
28116,Courville-sur-Eure,rurale_calme,rural_geographique_Centre-Val de Loire,Centre-Val de Loire,28
2B334,Valle-d'Alesani,rurale_calme,rural_geographique_Corse,Corse,2B
68155,Ingersheim,rurale_calme,rural_geographique_Grand Est,Grand Est,68
62139,Blendecques,rurale_calme,rural_geographique_Hauts-de-France,Hauts-de-France,62
76517,Quincampoix,rurale_calme,rural_geographique_Normandie,Normandie,76
33058,Blaye,rurale_calme,rural_geographique_Nouvelle-Aquitaine,Nouvelle-Aquitaine,33
34247,Saint-Clément-de-Rivière,rurale_calme,rural_geographique_Occitanie,Occitanie,34
44216,Vieillevigne,rurale_calme,rural_geographique_Pays de la Loire,Pays de la Loire,44
83018,Besse-sur-Issole,rurale_calme,rural_geographique_Provence-Alpes-Côte d'Azur,Provence-Alpes-Côte d'Azur,83
77143,Crégy-lès-Meaux,rurale_calme,rural_geographique_Île-de-France,Île-de-France,77
74164,Marignier,rurale_calme,rural_geographique_Auvergne-Rhône-Alpes,Auvergne-Rhône-Alpes,74
71215,Gergy,rurale_calme,rural_geographique_Bourgogne-Franche-Comté,Bourgogne-Franche-Comté,71
56001,Allaire,rurale_calme,rural_geographique_Bretagne,Bretagne,56
37008,Athée-sur-Cher,rurale_calme,rural_geographique_Centre-Val de Loire,Centre-Val de Loire,37
2B140,Lento,rurale_calme,rural_geographique_Corse,Corse,2B
68226,Munster,rurale_calme,rural_geographique_Grand Est,Grand Est,68
62400,Haillicourt,rurale_calme,rural_geographique_Hauts-de-France,Hauts-de-France,62
50582,Sourdeval,rurale_calme,rural_geographique_Normandie,Normandie,50
33424,Saint-Laurent-Médoc,rurale_calme,rural_geographique_Nouvelle-Aquitaine,Nouvelle-Aquitaine,33
30321,Sommières,rurale_calme,rural_geographique_Occitanie,Occitanie,30
85020,Benet,rurale_calme,rural_geographique_Pays de la Loire,Pays de la Loire,85
84017,Bédoin,rurale_calme,rural_geographique_Provence-Alpes-Côte d'Azur,Provence-Alpes-Côte d'Azur,84
91461,Ollainville,rurale_calme,rural_geographique_Île-de-France,Île-de-France,91
74278,Thyez,rurale_calme,rural_geographique_Auvergne-Rhône-Alpes,Auvergne-Rhône-Alpes,74
89419,Toucy,rurale_calme,rural_geographique_Bourgogne-Franche-Comté,Bourgogne-Franche-Comté,89
35219,Pipriac,rurale_calme,rural_geographique_Bretagne,Bretagne,35
41067,Cour-Cheverny,rurale_calme,rural_geographique_Centre-Val de Loire,Centre-Val de Loire,41
2B147,Lozzi,rurale_calme,rural_geographique_Corse,Corse,2B
57540,Phalsbourg,rurale_calme,rural_geographique_Grand Est,Grand Est,57
59481,Le Quesnoy,rurale_calme,rural_geographique_Hauts-de-France,Hauts-de-France,59
27279,Gasny,rurale_calme,rural_geographique_Normandie,Normandie,27
23176,La Souterraine,rurale_calme,rural_geographique_Nouvelle-Aquitaine,Nouvelle-Aquitaine,23
31582,Villefranche-de-Lauragais,rurale_calme,rural_geographique_Occitanie,Occitanie,31
72329,Savigné-l'Évêque,rurale_calme,rural_geographique_Pays de la Loire,Pays de la Loire,72
84142,Velleron,rurale_calme,rural_geographique_Provence-Alpes-Côte d'Azur,Provence-Alpes-Côte d'Azur,84
77317,Mormant,rurale_calme,rural_geographique_Île-de-France,Île-de-France,77
63070,Ceyrat,rurale_calme,rural_geographique_Auvergne-Rhône-Alpes,Auvergne-Rhône-Alpes,63
58131,Guérigny,rurale_calme,rural_geographique_Bourgogne-Franche-Comté,Bourgogne-Franche-Comté,58
29171,Plomeur,rurale_calme,rural_geographique_Bretagne,Bretagne,29
28298,Pierres,rurale_calme,rural_geographique_Centre-Val de Loire,Centre-Val de Loire,28
2B208,Perelli,rurale_calme,rural_geographique_Corse,Corse,2B
68269,Ribeauvillé,rurale_calme,rural_geographique_Grand Est,Grand Est,68
59462,Phalempin,rurale_calme,rural_geographique_Hauts-de-France,Hauts-de-France,59
61508,Vimoutiers,rurale_calme,rural_geographique_Normandie,Normandie,61
87201,Verneuil-sur-Vienne,rurale_calme,rural_geographique_Nouvelle-Aquitaine,Nouvelle-Aquitaine,87
34276,Saint-Mathieu-de-Tréviers,rurale_calme,rural_geographique_Occitanie,Occitanie,34
72176,Le Lude,rurale_calme,rural_geographique_Pays de la Loire,Pays de la Loire,72
05040,Chorges,rurale_calme,rural_geographique_Provence-Alpes-Côte d'Azur,Provence-Alpes-Côte d'Azur,05
95392,Mériel,rurale_calme,rural_geographique_Île-de-France,Île-de-France,95
63195,Lezoux,rurale_calme,rural_geographique_Auvergne-Rhône-Alpes,Auvergne-Rhône-Alpes,63
21485,Plombières-lès-Dijon,rurale_calme,rural_geographique_Bourgogne-Franche-Comté,Bourgogne-Franche-Comté,21
35337,Tinténiac,rurale_calme,rural_geographique_Bretagne,Bretagne,35
36034,Chabris,rurale_calme,rural_geographique_Centre-Val de Loire,Centre-Val de Loire,36
2B366,Chisa,rurale_calme,rural_geographique_Corse,Corse,2B
54157,Dieulouard,rurale_calme,rural_geographique_Grand Est,Grand Est,54
59098,Bousbecque,rurale_calme,rural_geographique_Hauts-de-France,Hauts-de-France,59
27306,Guichainville,rurale_calme,rural_geographique_Normandie,Normandie,27
64269,Idron,rurale_calme,rural_geographique_Nouvelle-Aquitaine,Nouvelle-Aquitaine,64
30132,La Grand-Combe,rurale_calme,rural_geographique_Occitanie,Occitanie,30
85039,La Bruffière,rurale_calme,rural_geographique_Pays de la Loire,Pays de la Loire,85
84047,Gargas,rurale_calme,rural_geographique_Provence-Alpes-Côte d'Azur,Provence-Alpes-Côte d'Azur,84
77458,Souppes-sur-Loing,rurale_calme,rural_geographique_Île-de-France,Île-de-France,77
74263,Sciez,rurale_calme,rural_geographique_Auvergne-Rhône-Alpes,Auvergne-Rhône-Alpes,74
25035,Les Auxons,rurale_calme,rural_geographique_Bourgogne-Franche-Comté,Bourgogne-Franche-Comté,25
56013,Belz,rurale_calme,rural_geographique_Bretagne,Bretagne,56
28337,Saint-Georges-sur-Eure,rurale_calme,rural_geographique_Centre-Val de Loire,Centre-Val de Loire,28
2A144,Lopigna,rurale_calme,rural_geographique_Corse,Corse,2A
57032,Ars-sur-Moselle,rurale_calme,rural_geographique_Grand Est,Grand Est,57
62268,Desvres,rurale_calme,rural_geographique_Hauts-de-France,Hauts-de-France,62
14370,Le Molay-Littry,rurale_calme,rural_geographique_Normandie,Normandie,14
19229,Saint-Pantaléon-de-Larche,rurale_calme,rural_geographique_Nouvelle-Aquitaine,Nouvelle-Aquitaine,19
82190,Verdun-sur-Garonne,rurale_calme,rural_geographique_Occitanie,Occitanie,82
44149,Saffré,rurale_calme,rural_geographique_Pays de la Loire,Pays de la Loire,44
83012,Barjols,rurale_calme,rural_geographique_Provence-Alpes-Côte d'Azur,Provence-Alpes-Côte d'Azur,83
78638,Vaux-sur-Seine,rurale_calme,rural_geographique_Île-de-France,Île-de-France,78
73010,Entrelacs,rurale_calme,rural_geographique_Auvergne-Rhône-Alpes,Auvergne-Rhône-Alpes,73
25512,Le Russey,rurale_calme,rural_geographique_Bourgogne-Franche-Comté,Bourgogne-Franche-Comté,25
56247,Sulniac,rurale_calme,rural_geographique_Bretagne,Bretagne,56
37006,Artannes-sur-Indre,rurale_calme,rural_geographique_Centre-Val de Loire,Centre-Val de Loire,37
2B170,Morsiglia,rurale_calme,rural_geographique_Corse,Corse,2B
57049,Le Ban-Saint-Martin,rurale_calme,rural_geographique_Grand Est,Grand Est,57
62032,Angres,rurale_calme,rural_geographique_Hauts-de-France,Hauts-de-France,62
61491,Tourouvre au Perche,rurale_calme,rural_geographique_Normandie,Normandie,61
33140,Créon,rurale_calme,rural_geographique_Nouvelle-Aquitaine,Nouvelle-Aquitaine,33
65460,Vic-en-Bigorre,rurale_calme,rural_geographique_Occitanie,Occitanie,65
44025,Campbon,rurale_calme,rural_geographique_Pays de la Loire,Pays de la Loire,44
84118,Saint-Saturnin-lès-Apt,rurale_calme,rural_geographique_Provence-Alpes-Côte d'Azur,Provence-Alpes-Côte d'Azur,84
78089,Bonnières-sur-Seine,rurale_calme,rural_geographique_Île-de-France,Île-de-France,78
15012,Arpajon-sur-Cère,rurale_calme,rural_geographique_Auvergne-Rhône-Alpes,Auvergne-Rhône-Alpes,15
39500,Salins-les-Bains,rurale_calme,rural_geographique_Bourgogne-Franche-Comté,Bourgogne-Franche-Comté,39
56066,Gourin,rurale_calme,rural_geographique_Bretagne,Bretagne,56
41211,Saint-Georges-sur-Cher,rurale_calme,rural_geographique_Centre-Val de Loire,Centre-Val de Loire,41
2B299,San-Gavino-d'Ampugnani,rurale_calme,rural_geographique_Corse,Corse,2B
88090,Charmes,rurale_calme,rural_geographique_Grand Est,Grand Est,88
62767,Saint-Pol-sur-Ternoise,rurale_calme,rural_geographique_Hauts-de-France,Hauts-de-France,62
61167,La Ferté-en-Ouche,rurale_calme,rural_geographique_Normandie,Normandie,61
33483,Saint-Sulpice-et-Cameyrac,rurale_calme,rural_geographique_Nouvelle-Aquitaine,Nouvelle-Aquitaine,33
09282,Saverdun,rurale_calme,rural_geographique_Occitanie,Occitanie,09
44135,Le Pouliguen,rurale_calme,rural_geographique_Pays de la Loire,Pays de la Loire,44
04094,Gréoux-les-Bains,rurale_calme,rural_geographique_Provence-Alpes-Côte d'Azur,Provence-Alpes-Côte d'Azur,04
95134,Champagne-sur-Oise,rurale_calme,rural_geographique_Île-de-France,Île-de-France,95
63103,Châtel-Guyon,rurale_calme,rural_geographique_Auvergne-Rhône-Alpes,Auvergne-Rhône-Alpes,63
70026,Arc-lès-Gray,rurale_calme,rural_geographique_Bourgogne-Franche-Comté,Bourgogne-Franche-Comté,70
22198,Pleumeur-Bodou,rurale_calme,rural_geographique_Bretagne,Bretagne,22
28007,Anet,rurale_calme,rural_geographique_Centre-Val de Loire,Centre-Val de Loire,28
2A056,Campo,rurale_calme,rural_geographique_Corse,Corse,2A
57620,Sainte-Marie-aux-Chênes,rurale_calme,rural_geographique_Grand Est,Grand Est,57
62865,Vitry-en-Artois,rurale_calme,rural_geographique_Hauts-de-France,Hauts-de-France,62
50523,Sainte-Mère-Église,rurale_calme,rural_geographique_Normandie,Normandie,50
33036,Bazas,rurale_calme,rural_geographique_Nouvelle-Aquitaine,Nouvelle-Aquitaine,33
31135,Cazères,rurale_calme,rural_geographique_Occitanie,Occitanie,31
44028,Le Cellier,rurale_calme,rural_geographique_Pays de la Loire,Pays de la Loire,44
83088,Néoules,rurale_calme,rural_geographique_Provence-Alpes-Côte d'Azur,Provence-Alpes-Côte d'Azur,83
77513,Villenoy,rurale_calme,rural_geographique_Île-de-France,Île-de-France,77
74242,Saint-Jorioz,rurale_calme,rural_geographique_Auvergne-Rhône-Alpes,Auvergne-Rhône-Alpes,74
70447,Rioz,rurale_calme,rural_geographique_Bourgogne-Franche-Comté,Bourgogne-Franche-Comté,70
29179,Ploudaniel,rurale_calme,rural_geographique_Bretagne,Bretagne,29
41032,Chailles,rurale_calme,rural_geographique_Centre-Val de Loire,Centre-Val de Loire,41
2A154,Marignana,rurale_calme,rural_geographique_Corse,Corse,2A
67378,Plobsheim,rurale_calme,rural_geographique_Grand Est,Grand Est,67
60088,Bornel,rurale_calme,rural_geographique_Hauts-de-France,Hauts-de-France,60
76159,Cany-Barville,rurale_calme,rural_geographique_Normandie,Normandie,76
79062,Cerizay,rurale_calme,rural_geographique_Nouvelle-Aquitaine,Nouvelle-Aquitaine,79
81145,Lisle-sur-Tarn,rurale_calme,rural_geographique_Occitanie,Occitanie,81
44150,Saint-Aignan-Grandlieu,rurale_calme,rural_geographique_Pays de la Loire,Pays de la Loire,44
83138,Tourrettes,rurale_calme,rural_geographique_Provence-Alpes-Côte d'Azur,Provence-Alpes-Côte d'Azur,83
77055,Brou-sur-Chantereine,rurale_calme,rural_geographique_Île-de-France,Île-de-France,77
69141,Mornant,rurale_calme,rural_geographique_Auvergne-Rhône-Alpes,Auvergne-Rhône-Alpes,69
21103,Brazey-en-Plaine,rurale_calme,rural_geographique_Bourgogne-Franche-Comté,Bourgogne-Franche-Comté,21
22343,Trébeurden,rurale_calme,rural_geographique_Bretagne,Bretagne,22
37022,Beaumont-en-Véron,rurale_calme,rural_geographique_Centre-Val de Loire,Centre-Val de Loire,37
2B218,Piedicorte-di-Gaggio,rurale_calme,rural_geographique_Corse,Corse,2B
54174,Écrouves,rurale_calme,rural_geographique_Grand Est,Grand Est,54
60342,Laigneville,rurale_calme,rural_geographique_Hauts-de-France,Hauts-de-France,60
50359,Mortain-Bocage,rurale_calme,rural_geographique_Normandie,Normandie,50
16028,Barbezieux-Saint-Hilaire,rurale_calme,rural_geographique_Nouvelle-Aquitaine,Nouvelle-Aquitaine,16
30333,Uchaud,rurale_calme,rural_geographique_Occitanie,Occitanie,30
44014,Le Bignon,rurale_calme,rural_geographique_Pays de la Loire,Pays de la Loire,44
84127,Sérignan-du-Comtat,rurale_calme,rural_geographique_Provence-Alpes-Côte d'Azur,Provence-Alpes-Côte d'Azur,84
78571,Saint-Nom-la-Bretèche,rurale_calme,rural_geographique_Île-de-France,Île-de-France,78
26313,Saint-Marcel-lès-Valence,rurale_calme,rural_geographique_Auvergne-Rhône-Alpes,Auvergne-Rhône-Alpes,26
21599,Selongey,rurale_calme,rural_geographique_Bourgogne-Franche-Comté,Bourgogne-Franche-Comté,21
22211,Ploubezre,rurale_calme,rural_geographique_Bretagne,Bretagne,22
41031,Cellettes,rurale_calme,rural_geographique_Centre-Val de Loire,Centre-Val de Loire,41
2A174,Murzo,rurale_calme,rural_geographique_Corse,Corse,2A
68162,Kaysersberg Vignoble,rurale_calme,rural_geographique_Grand Est,Grand Est,68
62846,Vermelles,rurale_calme,rural_geographique_Hauts-de-France,Hauts-de-France,62
50003,Agon-Coutainville,rurale_calme,rural_geographique_Normandie,Normandie,50
47106,Fumel,rurale_calme,rural_geographique_Nouvelle-Aquitaine,Nouvelle-Aquitaine,47
48092,Marvejols,rurale_calme,rural_geographique_Occitanie,Occitanie,48
44115,Oudon,rurale_calme,rural_geographique_Pays de la Loire,Pays de la Loire,44
83001,Les Adrets-de-l'Estérel,rurale_calme,rural_geographique_Provence-Alpes-Côte d'Azur,Provence-Alpes-Côte d'Azur,83
95352,Luzarches,rurale_calme,rural_geographique_Île-de-France,Île-de-France,95
26088,Chatuzange-le-Goubet,rurale_calme,rural_geographique_Auvergne-Rhône-Alpes,Auvergne-Rhône-Alpes,26
58214,Pougues-les-Eaux,rurale_calme,rural_geographique_Bourgogne-Franche-Comté,Bourgogne-Franche-Comté,58
22183,Plémet,rurale_calme,rural_geographique_Bretagne,Bretagne,22
28191,Hanches,rurale_calme,rural_geographique_Centre-Val de Loire,Centre-Val de Loire,28
2B225,Pietra-di-Verde,rurale_calme,rural_geographique_Corse,Corse,2B
67495,Truchtersheim,rurale_calme,rural_geographique_Grand Est,Grand Est,67
59168,Cysoing,rurale_calme,rural_geographique_Hauts-de-France,Hauts-de-France,59
76367,Houppeville,rurale_calme,rural_geographique_Normandie,Normandie,76
33363,Sadirac,rurale_calme,rural_geographique_Nouvelle-Aquitaine,Nouvelle-Aquitaine,33
31079,Bouloc,rurale_calme,rural_geographique_Occitanie,Occitanie,31
49086,Terranjou,rurale_calme,rural_geographique_Pays de la Loire,Pays de la Loire,49
13003,Alleins,rurale_calme,rural_geographique_Provence-Alpes-Côte d'Azur,Provence-Alpes-Côte d'Azur,13
94047,Mandres-les-Roses,rurale_calme,rural_geographique_Île-de-France,Île-de-France,94
42223,Saint-Genest-Lerpt,rurale_calme,rural_geographique_Auvergne-Rhône-Alpes,Auvergne-Rhône-Alpes,42
39475,Saint-Amour,rurale_calme,rural_geographique_Bourgogne-Franche-Comté,Bourgogne-Franche-Comté,39
56140,Moréac,rurale_calme,rural_geographique_Bretagne,Bretagne,56
41164,Noyers-sur-Cher,rurale_calme,rural_geographique_Centre-Val de Loire,Centre-Val de Loire,41
2B365,San-Gavino-di-Fiumorbo,rurale_calme,rural_geographique_Corse,Corse,2B
67324,Niederbronn-les-Bains,rurale_calme,rural_geographique_Grand Est,Grand Est,67
59414,Montigny-en-Ostrevent,rurale_calme,rural_geographique_Hauts-de-France,Hauts-de-France,59
61230,Longny les Villages,rurale_calme,rural_geographique_Normandie,Normandie,61
24312,Sanilhac,rurale_calme,rural_geographique_Nouvelle-Aquitaine,Nouvelle-Aquitaine,24
34309,Teyran,rurale_calme,rural_geographique_Occitanie,Occitanie,34
44045,Cordemais,rurale_calme,rural_geographique_Pays de la Loire,Pays de la Loire,44
83124,Seillans,rurale_calme,rural_geographique_Provence-Alpes-Côte d'Azur,Provence-Alpes-Côte d'Azur,83
77182,La Ferté-Gaucher,rurale_calme,rural_geographique_Île-de-France,Île-de-France,77
43012,Aurec-sur-Loire,rurale_calme,rural_geographique_Auvergne-Rhône-Alpes,Auvergne-Rhône-Alpes,43
71056,Branges,rurale_calme,rural_geographique_Bourgogne-Franche-Comté,Bourgogne-Franche-Comté,71
29003,Audierne,rurale_calme,rural_geographique_Bretagne,Bretagne,29
36241,Villedieu-sur-Indre,rurale_calme,rural_geographique_Centre-Val de Loire,Centre-Val de Loire,36
2B328,Tox,rurale_calme,rural_geographique_Corse,Corse,2B
67281,Marckolsheim,rurale_calme,rural_geographique_Grand Est,Grand Est,67
59276,Guesnain,rurale_calme,rural_geographique_Hauts-de-France,Hauts-de-France,59
76101,Blangy-sur-Bresle,rurale_calme,rural_geographique_Normandie,Normandie,76
79185,Aigondigné,rurale_calme,rural_geographique_Nouvelle-Aquitaine,Nouvelle-Aquitaine,79
34148,Maraussan,rurale_calme,rural_geographique_Occitanie,Occitanie,34
85018,Beauvoir-sur-Mer,rurale_calme,rural_geographique_Pays de la Loire,Pays de la Loire,85
84069,Malaucène,rurale_calme,rural_geographique_Provence-Alpes-Côte d'Azur,Provence-Alpes-Côte d'Azur,84
91179,Le Coudray-Montceaux,rurale_calme,rural_geographique_Île-de-France,Île-de-France,91
74008,Ambilly,rurale_calme,rural_geographique_Auvergne-Rhône-Alpes,Auvergne-Rhône-Alpes,74
39286,Lavans-lès-Saint-Claude,rurale_calme,rural_geographique_Bourgogne-Franche-Comté,Bourgogne-Franche-Comté,39
35189,Montgermont,rurale_calme,rural_geographique_Bretagne,Bretagne,35
18148,Méreau,rurale_calme,rural_geographique_Centre-Val de Loire,Centre-Val de Loire,18
2A197,Osani,rurale_calme,rural_geographique_Corse,Corse,2A
54495,Saulxures-lès-Nancy,rurale_calme,rural_geographique_Grand Est,Grand Est,54
62773,Samer,rurale_calme,rural_geographique_Hauts-de-France,Hauts-de-France,62
76302,Goderville,rurale_calme,rural_geographique_Normandie,Normandie,76
40119,Hagetmau,rurale_calme,rural_geographique_Nouvelle-Aquitaine,Nouvelle-Aquitaine,40
31410,Pechbonnieu,rurale_calme,rural_geographique_Occitanie,Occitanie,31
44122,Petit-Mars,rurale_calme,rural_geographique_Pays de la Loire,Pays de la Loire,44
13052,Maillane,rurale_calme,rural_geographique_Provence-Alpes-Côte d'Azur,Provence-Alpes-Côte d'Azur,13
77142,Crécy-la-Chapelle,rurale_calme,rural_geographique_Île-de-France,Île-de-France,77
42275,Saint-Priest-en-Jarez,rurale_calme,rural_geographique_Auvergne-Rhône-Alpes,Auvergne-Rhône-Alpes,42
71420,Saint-Germain-du-Plain,rurale_calme,rural_geographique_Bourgogne-Franche-Comté,Bourgogne-Franche-Comté,71
35040,Breteil,rurale_calme,rural_geographique_Bretagne,Bretagne,35
45093,Chevilly,rurale_calme,rural_geographique_Centre-Val de Loire,Centre-Val de Loire,45
2A127,Giuncheto,rurale_calme,rural_geographique_Corse,Corse,2A
54261,Herserange,rurale_calme,rural_geographique_Grand Est,Grand Est,54
80799,Villers-Bretonneux,rurale_calme,rural_geographique_Hauts-de-France,Hauts-de-France,80
50565,Sartilly-Baie-Bocage,rurale_calme,rural_geographique_Normandie,Normandie,50
40287,Sanguinet,rurale_calme,rural_geographique_Nouvelle-Aquitaine,Nouvelle-Aquitaine,40
12096,Espalion,rurale_calme,rural_geographique_Occitanie,Occitanie,12
49193,Le May-sur-Èvre,rurale_calme,rural_geographique_Pays de la Loire,Pays de la Loire,49
13067,Orgon,rurale_calme,rural_geographique_Provence-Alpes-Côte d'Azur,Provence-Alpes-Côte d'Azur,13
91044,Ballainvilliers,rurale_calme,rural_geographique_Île-de-France,Île-de-France,91
01419,Thoiry,rurale_calme,rural_geographique_Auvergne-Rhône-Alpes,Auvergne-Rhône-Alpes,01
21584,Saulieu,rurale_calme,rural_geographique_Bourgogne-Franche-Comté,Bourgogne-Franche-Comté,21
29165,Plobannalec-Lesconil,rurale_calme,rural_geographique_Bretagne,Bretagne,29
41280,Villefranche-sur-Cher,rurale_calme,rural_geographique_Centre-Val de Loire,Centre-Val de Loire,41
2A203,Partinello,rurale_calme,rural_geographique_Corse,Corse,2A
67073,Châtenois,rurale_calme,rural_geographique_Grand Est,Grand Est,67
59024,Auberchicourt,rurale_calme,rural_geographique_Hauts-de-France,Hauts-de-France,59
50168,Ducey-Les Chéris,rurale_calme,rural_geographique_Normandie,Normandie,50
64132,Bizanos,rurale_calme,rural_geographique_Nouvelle-Aquitaine,Nouvelle-Aquitaine,64
30259,Saint-Hilaire-de-Brethmas,rurale_calme,rural_geographique_Occitanie,Occitanie,30
85046,La Chaize-le-Vicomte,rurale_calme,rural_geographique_Pays de la Loire,Pays de la Loire,85
13064,Mollégès,rurale_calme,rural_geographique_Provence-Alpes-Côte d'Azur,Provence-Alpes-Côte d'Azur,13
91064,Bièvres,rurale_calme,rural_geographique_Île-de-France,Île-de-France,91
38316,Pont-de-Chéruy,rurale_calme,rural_geographique_Auvergne-Rhône-Alpes,Auvergne-Rhône-Alpes,38
71555,Varennes-le-Grand,rurale_calme,rural_geographique_Bourgogne-Franche-Comté,Bourgogne-Franche-Comté,71
29101,Landéda,rurale_calme,rural_geographique_Bretagne,Bretagne,29
37211,Saint-Branchs,rurale_calme,rural_geographique_Centre-Val de Loire,Centre-Val de Loire,37
2A204,Pastricciola,rurale_calme,rural_geographique_Corse,Corse,2A
67282,Marlenheim,rurale_calme,rural_geographique_Grand Est,Grand Est,67
62051,Auchy-les-Mines,rurale_calme,rural_geographique_Hauts-de-France,Hauts-de-France,62
76146,Buchy,rurale_calme,rural_geographique_Normandie,Normandie,76
64499,Salies-de-Béarn,rurale_calme,rural_geographique_Nouvelle-Aquitaine,Nouvelle-Aquitaine,64
30284,Saint-Martin-de-Valgalgues,rurale_calme,rural_geographique_Occitanie,Occitanie,30
72328,Sargé-lès-le-Mans,rurale_calme,rural_geographique_Pays de la Loire,Pays de la Loire,72
83021,Bras,rurale_calme,rural_geographique_Provence-Alpes-Côte d'Azur,Provence-Alpes-Côte d'Azur,83
94048,Marolles-en-Brie,rurale_calme,rural_geographique_Île-de-France,Île-de-France,94
69094,Grézieu-la-Varenne,rurale_calme,rural_geographique_Auvergne-Rhône-Alpes,Auvergne-Rhône-Alpes,69
21607,Seurre,rurale_calme,rural_geographique_Bourgogne-Franche-Comté,Bourgogne-Franche-Comté,21
29027,Châteauneuf-du-Faou,rurale_calme,rural_geographique_Bretagne,Bretagne,29
28089,Châteauneuf-en-Thymerais,rurale_calme,rural_geographique_Centre-Val de Loire,Centre-Val de Loire,28
2B184,Olcani,rurale_calme,rural_geographique_Corse,Corse,2B
67339,Betschdorf,rurale_calme,rural_geographique_Grand Est,Grand Est,67
60584,Saint-Leu-d'Esserent,rurale_calme,rural_geographique_Hauts-de-France,Hauts-de-France,60
27051,Beaumont-le-Roger,rurale_calme,rural_geographique_Normandie,Normandie,27
47052,Casteljaloux,rurale_calme,rural_geographique_Nouvelle-Aquitaine,Nouvelle-Aquitaine,47
81144,Lescure-d'Albigeois,rurale_calme,rural_geographique_Occitanie,Occitanie,81
49298,Saint-Léger-de-Linières,rurale_calme,rural_geographique_Pays de la Loire,Pays de la Loire,49
13024,Charleval,rurale_calme,rural_geographique_Provence-Alpes-Côte d'Azur,Provence-Alpes-Côte d'Azur,13
78224,L'Étang-la-Ville,rurale_calme,rural_geographique_Île-de-France,Île-de-France,78
69255,Vaugneray,rurale_calme,rural_geographique_Auvergne-Rhône-Alpes,Auvergne-Rhône-Alpes,69
39367,Morbier,rurale_calme,rural_geographique_Bourgogne-Franche-Comté,Bourgogne-Franche-Comté,39
22194,Plestin-les-Grèves,rurale_calme,rural_geographique_Bretagne,Bretagne,22
28391,Toury,rurale_calme,rural_geographique_Centre-Val de Loire,Centre-Val de Loire,28
2A310,Santa-Maria-Figaniella,rurale_calme,rural_geographique_Corse,Corse,2A
68287,Rouffach,rurale_calme,rural_geographique_Grand Est,Grand Est,68
62764,Saint-Nicolas,rurale_calme,rural_geographique_Hauts-de-France,Hauts-de-France,62
50292,Marigny-Le-Lozon,rurale_calme,rural_geographique_Normandie,Normandie,50
33213,La Brède,rurale_calme,rural_geographique_Nouvelle-Aquitaine,Nouvelle-Aquitaine,33
11202,Leucate,rurale_calme,rural_geographique_Occitanie,Occitanie,11
44161,Saint-Gildas-des-Bois,rurale_calme,rural_geographique_Pays de la Loire,Pays de la Loire,44
83125,Seillons-Source-d'Argens,rurale_calme,rural_geographique_Provence-Alpes-Côte d'Azur,Provence-Alpes-Côte d'Azur,83
94053,Noiseau,rurale_calme,rural_geographique_Île-de-France,Île-de-France,94
01344,Saint-Denis-lès-Bourg,rurale_calme,rural_geographique_Auvergne-Rhône-Alpes,Auvergne-Rhône-Alpes,01
25334,Levier,rurale_calme,rural_geographique_Bourgogne-Franche-Comté,Bourgogne-Franche-Comté,25
56151,Noyal-Pontivy,rurale_calme,rural_geographique_Bretagne,Bretagne,56
45244,Ouzouer-sur-Loire,rurale_calme,rural_geographique_Centre-Val de Loire,Centre-Val de Loire,45
2B183,Ogliastro,rurale_calme,rural_geographique_Corse,Corse,2B
51507,Sainte-Menehould,rurale_calme,rural_geographique_Grand Est,Grand Est,51
59375,Marchiennes,rurale_calme,rural_geographique_Hauts-de-France,Hauts-de-France,59
61483,Bagnoles de l'Orne Normandie,rurale_calme,rural_geographique_Normandie,Normandie,61
86293,Vivonne,rurale_calme,rural_geographique_Nouvelle-Aquitaine,Nouvelle-Aquitaine,86
34146,Lunel-Viel,rurale_calme,rural_geographique_Occitanie,Occitanie,34
44056,Fay-de-Bretagne,rurale_calme,rural_geographique_Pays de la Loire,Pays de la Loire,44
83136,Le Thoronet,rurale_calme,rural_geographique_Provence-Alpes-Côte d'Azur,Provence-Alpes-Côte d'Azur,83
91405,Milly-la-Forêt,rurale_calme,rural_geographique_Île-de-France,Île-de-France,91
43224,Sainte-Sigolène,rurale_calme,rural_geographique_Auvergne-Rhône-Alpes,Auvergne-Rhône-Alpes,43
89099,Cheny,rurale_calme,rural_geographique_Bourgogne-Franche-Comté,Bourgogne-Franche-Comté,89
29162,Pleyben,rurale_calme,rural_geographique_Bretagne,Bretagne,29
45229,Nogent-sur-Vernisson,rurale_calme,rural_geographique_Centre-Val de Loire,Centre-Val de Loire,45
2B036,Bigorno,rurale_calme,rural_geographique_Corse,Corse,2B
67551,Wolfisheim,rurale_calme,rural_geographique_Grand Est,Grand Est,67
02361,Guise,rurale_calme,rural_geographique_Hauts-de-France,Hauts-de-France,02
27355,Ivry-la-Bataille,rurale_calme,rural_geographique_Normandie,Normandie,27
64065,Ascain,rurale_calme,rural_geographique_Nouvelle-Aquitaine,Nouvelle-Aquitaine,64
66011,Bages,rurale_calme,rural_geographique_Occitanie,Occitanie,66
72039,Bonnétable,rurale_calme,rural_geographique_Pays de la Loire,Pays de la Loire,72
83056,Figanières,rurale_calme,rural_geographique_Provence-Alpes-Côte d'Azur,Provence-Alpes-Côte d'Azur,83
95612,Le Thillay,rurale_calme,rural_geographique_Île-de-France,Île-de-France,95
26347,Tain-l'Hermitage,rurale_calme,rural_geographique_Auvergne-Rhône-Alpes,Auvergne-Rhône-Alpes,26
25258,Franois,rurale_calme,rural_geographique_Bourgogne-Franche-Comté,Bourgogne-Franche-Comté,25
29030,Cléder,rurale_calme,rural_geographique_Bretagne,Bretagne,29
45188,Loury,rurale_calme,rural_geographique_Centre-Val de Loire,Centre-Val de Loire,45
2A117,Forciolo,rurale_calme,rural_geographique_Corse,Corse,2A
68309,Sierentz,rurale_calme,rural_geographique_Grand Est,Grand Est,68
59160,Crespin,rurale_calme,rural_geographique_Hauts-de-France,Hauts-de-France,59
50391,Grandparigny,rurale_calme,rural_geographique_Normandie,Normandie,50
17452,La Tremblade,rurale_calme,rural_geographique_Nouvelle-Aquitaine,Nouvelle-Aquitaine,17
11429,Villemoustaussou,rurale_calme,rural_geographique_Occitanie,Occitanie,11
49283,Saint-Georges-sur-Loire,rurale_calme,rural_geographique_Pays de la Loire,Pays de la Loire,49
05017,La Bâtie-Neuve,rurale_calme,rural_geographique_Provence-Alpes-Côte d'Azur,Provence-Alpes-Côte d'Azur,05
91685,Villiers-sur-Orge,rurale_calme,rural_geographique_Île-de-France,Île-de-France,91
26116,Donzère,rurale_calme,rural_geographique_Auvergne-Rhône-Alpes,Auvergne-Rhône-Alpes,26
71132,Ciry-le-Noble,rurale_calme,rural_geographique_Bourgogne-Franche-Comté,Bourgogne-Franche-Comté,71
35088,Corps-Nuds,rurale_calme,rural_geographique_Bretagne,Bretagne,35
28199,Janville-en-Beauce,rurale_calme,rural_geographique_Centre-Val de Loire,Centre-Val de Loire,28
2B101,Croce,rurale_calme,rural_geographique_Corse,Corse,2B
54090,Bouxières-aux-Dames,rurale_calme,rural_geographique_Grand Est,Grand Est,54
80368,Friville-Escarbotin,rurale_calme,rural_geographique_Hauts-de-France,Hauts-de-France,80
50393,Percy-en-Normandie,rurale_calme,rural_geographique_Normandie,Normandie,50
24102,Chancelade,rurale_calme,rural_geographique_Nouvelle-Aquitaine,Nouvelle-Aquitaine,24
31117,Castelmaurou,rurale_calme,rural_geographique_Occitanie,Occitanie,31
72024,La Bazoge,rurale_calme,rural_geographique_Pays de la Loire,Pays de la Loire,72
04019,Barcelonnette,rurale_calme,rural_geographique_Provence-Alpes-Côte d'Azur,Provence-Alpes-Côte d'Azur,04
91458,Nozay,rurale_calme,rural_geographique_Île-de-France,Île-de-France,91
69040,Champagne-au-Mont-d'Or,rurale_calme,rural_geographique_Auvergne-Rhône-Alpes,Auvergne-Rhône-Alpes,69
25036,Avanne-Aveney,rurale_calme,rural_geographique_Bourgogne-Franche-Comté,Bourgogne-Franche-Comté,25
29185,Plouescat,rurale_calme,rural_geographique_Bretagne,Bretagne,29
18223,Saint-Martin-d'Auxigny,rurale_calme,rural_geographique_Centre-Val de Loire,Centre-Val de Loire,18
2B219,Piedicroce,rurale_calme,rural_geographique_Corse,Corse,2B
54039,Baccarat,rurale_calme,rural_geographique_Grand Est,Grand Est,54
62128,Biache-Saint-Vaast,rurale_calme,rural_geographique_Hauts-de-France,Hauts-de-France,62
27458,Pîtres,rurale_calme,rural_geographique_Normandie,Normandie,27
64393,Monein,rurale_calme,rural_geographique_Nouvelle-Aquitaine,Nouvelle-Aquitaine,64
34162,Montagnac,rurale_calme,rural_geographique_Occitanie,Occitanie,34
44223,Geneston,rurale_calme,rural_geographique_Pays de la Loire,Pays de la Loire,44
84083,Mornas,rurale_calme,rural_geographique_Provence-Alpes-Côte d'Azur,Provence-Alpes-Côte d'Azur,84
77222,Guignes,rurale_calme,rural_geographique_Île-de-France,Île-de-France,77
74043,Bons-en-Chablais,rurale_calme,rural_geographique_Auvergne-Rhône-Alpes,Auvergne-Rhône-Alpes,74
58238,Saint-Éloi,rurale_calme,rural_geographique_Bourgogne-Franche-Comté,Bourgogne-Franche-Comté,58
35227,Pleumeleuc,rurale_calme,rural_geographique_Bretagne,Bretagne,35
45254,Poilly-lez-Gien,rurale_calme,rural_geographique_Centre-Val de Loire,Centre-Val de Loire,45
2B102,Crocicchia,rurale_calme,rural_geographique_Corse,Corse,2B
68043,Bollwiller,rurale_calme,rural_geographique_Grand Est,Grand Est,68
59477,Provin,rurale_calme,rural_geographique_Hauts-de-France,Hauts-de-France,59
76192,Criel-sur-Mer,rurale_calme,rural_geographique_Normandie,Normandie,76
33324,Pineuilh,rurale_calme,rural_geographique_Nouvelle-Aquitaine,Nouvelle-Aquitaine,33
12052,Capdenac-Gare,rurale_calme,rural_geographique_Occitanie,Occitanie,12
85076,Cugand-la-Bernardière,rurale_calme,rural_geographique_Pays de la Loire,Pays de la Loire,85
13094,Saint-Étienne-du-Grès,rurale_calme,rural_geographique_Provence-Alpes-Côte d'Azur,Provence-Alpes-Côte d'Azur,13
91433,Morigny-Champigny,rurale_calme,rural_geographique_Île-de-France,Île-de-France,91
69191,Saint-Cyr-au-Mont-d'Or,rurale_calme,rural_geographique_Auvergne-Rhône-Alpes,Auvergne-Rhône-Alpes,69
25403,Montlebon,rurale_calme,rural_geographique_Bourgogne-Franche-Comté,Bourgogne-Franche-Comté,25
56119,Locoal-Mendon,rurale_calme,rural_geographique_Bretagne,Bretagne,56
37091,La Croix-en-Touraine,rurale_calme,rural_geographique_Centre-Val de Loire,Centre-Val de Loire,37
2A022,Arro,rurale_calme,rural_geographique_Corse,Corse,2A
68021,Bartenheim,rurale_calme,rural_geographique_Grand Est,Grand Est,68
59301,Hergnies,rurale_calme,rural_geographique_Hauts-de-France,Hauts-de-France,59
76196,Criquetot-l'Esneval,rurale_calme,rural_geographique_Normandie,Normandie,76
33352,La Réole,rurale_calme,rural_geographique_Nouvelle-Aquitaine,Nouvelle-Aquitaine,33
31421,Pins-Justaret,rurale_calme,rural_geographique_Occitanie,Occitanie,31
49220,Morannes sur Sarthe-Daumeray,rurale_calme,rural_geographique_Pays de la Loire,Pays de la Loire,49
83102,Régusse,rurale_calme,rural_geographique_Provence-Alpes-Côte d'Azur,Provence-Alpes-Côte d'Azur,83
91016,Angerville,rurale_calme,rural_geographique_Île-de-France,Île-de-France,91
69248,Thizy-les-Bourgs,rurale_calme,rural_geographique_Auvergne-Rhône-Alpes,Auvergne-Rhône-Alpes,69
25397,Montferrand-le-Château,rurale_calme,rural_geographique_Bourgogne-Franche-Comté,Bourgogne-Franche-Comté,25
22213,Plouër-sur-Rance,rurale_calme,rural_geographique_Bretagne,Bretagne,22
37263,Truyes,rurale_calme,rural_geographique_Centre-Val de Loire,Centre-Val de Loire,37
2B159,Meria,rurale_calme,rural_geographique_Corse,Corse,2B
67202,Hochfelden,rurale_calme,rural_geographique_Grand Est,Grand Est,67
80410,Ham,rurale_calme,rural_geographique_Hauts-de-France,Hauts-de-France,80
14536,La Rivière-Saint-Sauveur,rurale_calme,rural_geographique_Normandie,Normandie,14
64519,Serres-Castet,rurale_calme,rural_geographique_Nouvelle-Aquitaine,Nouvelle-Aquitaine,64
30075,Caveirac,rurale_calme,rural_geographique_Occitanie,Occitanie,30
85071,Commequiers,rurale_calme,rural_geographique_Pays de la Loire,Pays de la Loire,85
84067,Loriol-du-Comtat,rurale_calme,rural_geographique_Provence-Alpes-Côte d'Azur,Provence-Alpes-Côte d'Azur,84
95116,Bruyères-sur-Oise,rurale_calme,rural_geographique_Île-de-France,Île-de-France,95
42222,Saint-Galmier,rurale_calme,rural_geographique_Auvergne-Rhône-Alpes,Auvergne-Rhône-Alpes,42
25432,Orchamps-Vennes,rurale_calme,rural_geographique_Bourgogne-Franche-Comté,Bourgogne-Franche-Comté,25
56046,Crach,rurale_calme,rural_geographique_Bretagne,Bretagne,56
41158,Naveil,rurale_calme,rural_geographique_Centre-Val de Loire,Centre-Val de Loire,41
2B180,Novella,rurale_calme,rural_geographique_Corse,Corse,2B
88075,La Bresse,rurale_calme,rural_geographique_Grand Est,Grand Est,88
60636,Thourotte,rurale_calme,rural_geographique_Hauts-de-France,Hauts-de-France,60
50412,Port-Bail-sur-Mer,rurale_calme,rural_geographique_Normandie,Normandie,50
86082,Valence-en-Poitou,rurale_calme,rural_geographique_Nouvelle-Aquitaine,Nouvelle-Aquitaine,86
82124,Montbeton,rurale_calme,rural_geographique_Occitanie,Occitanie,82
85238,Saint-Laurent-sur-Sèvre,rurale_calme,rural_geographique_Pays de la Loire,Pays de la Loire,85
83017,Belgentier,rurale_calme,rural_geographique_Provence-Alpes-Côte d'Azur,Provence-Alpes-Côte d'Azur,83
78382,Maurecourt,rurale_calme,rural_geographique_Île-de-France,Île-de-France,78
74169,Marnaz,rurale_calme,rural_geographique_Auvergne-Rhône-Alpes,Auvergne-Rhône-Alpes,74
39491,Coteaux du Lizon,rurale_calme,rural_geographique_Bourgogne-Franche-Comté,Bourgogne-Franche-Comté,39
29191,Plougonven,rurale_calme,rural_geographique_Bretagne,Bretagne,29
28001,Abondant,rurale_calme,rural_geographique_Centre-Val de Loire,Centre-Val de Loire,28
2A021,Argiusta-Moriccio,rurale_calme,rural_geographique_Corse,Corse,2A
08490,Vouziers,rurale_calme,rural_geographique_Grand Est,Grand Est,08
62401,Haisnes,rurale_calme,rural_geographique_Hauts-de-France,Hauts-de-France,62
50492,Saint-Jean-d'Elle,rurale_calme,rural_geographique_Normandie,Normandie,50
24026,Bassillac et Auberoche,rurale_calme,rural_geographique_Nouvelle-Aquitaine,Nouvelle-Aquitaine,24
66108,Millas,rurale_calme,rural_geographique_Occitanie,Occitanie,66
85129,Les Lucs-sur-Boulogne,rurale_calme,rural_geographique_Pays de la Loire,Pays de la Loire,85
13058,Maussane-les-Alpilles,rurale_calme,rural_geographique_Provence-Alpes-Côte d'Azur,Provence-Alpes-Côte d'Azur,13
91534,Saclay,rurale_calme,rural_geographique_Île-de-France,Île-de-France,91
38423,Saint-Martin-le-Vinoux,rurale_calme,rural_geographique_Auvergne-Rhône-Alpes,Auvergne-Rhône-Alpes,38
71497,Sancé,rurale_calme,rural_geographique_Bourgogne-Franche-Comté,Bourgogne-Franche-Comté,71
56058,Férel,rurale_calme,rural_geographique_Bretagne,Bretagne,56
45324,Tigy,rurale_calme,rural_geographique_Centre-Val de Loire,Centre-Val de Loire,45
2B176,Nocario,rurale_calme,rural_geographique_Corse,Corse,2B
51058,Bezannes,rurale_calme,rural_geographique_Grand Est,Grand Est,51
80164,Camon,rurale_calme,rural_geographique_Hauts-de-France,Hauts-de-France,80
14663,Saint-Vigor-le-Grand,rurale_calme,rural_geographique_Normandie,Normandie,14
64405,Morlaàs,rurale_calme,rural_geographique_Nouvelle-Aquitaine,Nouvelle-Aquitaine,64
30082,Clarensac,rurale_calme,rural_geographique_Occitanie,Occitanie,30
44089,Malville,rurale_calme,rural_geographique_Pays de la Loire,Pays de la Loire,44
83113,Saint-Julien,rurale_calme,rural_geographique_Provence-Alpes-Côte d'Azur,Provence-Alpes-Côte d'Azur,83
91617,Tigery,rurale_calme,rural_geographique_Île-de-France,Île-de-France,91
03118,Gannat,rurale_calme,rural_geographique_Auvergne-Rhône-Alpes,Auvergne-Rhône-Alpes,03
25454,Pirey,rurale_calme,rural_geographique_Bourgogne-Franche-Comté,Bourgogne-Franche-Comté,25
35033,Bourg-des-Comptes,rurale_calme,rural_geographique_Bretagne,Bretagne,35
41055,Valloire-sur-Cisse,rurale_calme,rural_geographique_Centre-Val de Loire,Centre-Val de Loire,41
2A060,Cannelle,rurale_calme,rural_geographique_Corse,Corse,2A
67222,Ingwiller,rurale_calme,rural_geographique_Grand Est,Grand Est,67
62688,Rang-du-Fliers,rurale_calme,rural_geographique_Hauts-de-France,Hauts-de-France,62
76034,Val-de-Scie,rurale_calme,rural_geographique_Normandie,Normandie,76
87161,Saint-Léonard-de-Noblat,rurale_calme,rural_geographique_Nouvelle-Aquitaine,Nouvelle-Aquitaine,87
30206,Poulx,rurale_calme,rural_geographique_Occitanie,Occitanie,30
85262,Saint-Philbert-de-Bouaine,rurale_calme,rural_geographique_Pays de la Loire,Pays de la Loire,85
84012,Beaumes-de-Venise,rurale_calme,rural_geographique_Provence-Alpes-Côte d'Azur,Provence-Alpes-Côte d'Azur,84
91457,La Norville,rurale_calme,rural_geographique_Île-de-France,Île-de-France,91
74309,Viry,rurale_calme,rural_geographique_Auvergne-Rhône-Alpes,Auvergne-Rhône-Alpes,74
89102,Chevannes,rurale_calme,rural_geographique_Bourgogne-Franche-Comté,Bourgogne-Franche-Comté,89
56040,Cléguer,rurale_calme,rural_geographique_Bretagne,Bretagne,56
45061,Cepoy,rurale_calme,rural_geographique_Centre-Val de Loire,Centre-Val de Loire,45
2A094,Corrano,rurale_calme,rural_geographique_Corse,Corse,2A
54415,Pagny-sur-Moselle,rurale_calme,rural_geographique_Grand Est,Grand Est,54
59580,Steenvoorde,rurale_calme,rural_geographique_Hauts-de-France,Hauts-de-France,59
50444,Saint-Amand-Villages,rurale_calme,rural_geographique_Normandie,Normandie,50
17093,Le Château-d'Oléron,rurale_calme,rural_geographique_Nouvelle-Aquitaine,Nouvelle-Aquitaine,17
31066,Bessières,rurale_calme,rural_geographique_Occitanie,Occitanie,31
44051,Derval,rurale_calme,rural_geographique_Pays de la Loire,Pays de la Loire,44
13109,Le Tholonet,rurale_calme,rural_geographique_Provence-Alpes-Côte d'Azur,Provence-Alpes-Côte d'Azur,13
77238,Jouarre,rurale_calme,rural_geographique_Île-de-France,Île-de-France,77
73064,Challes-les-Eaux,rurale_calme,rural_geographique_Auvergne-Rhône-Alpes,Auvergne-Rhône-Alpes,73
71070,Buxy,rurale_calme,rural_geographique_Bourgogne-Franche-Comté,Bourgogne-Franche-Comté,71
29049,Elliant,rurale_calme,rural_geographique_Bretagne,Bretagne,29
41142,Valencisse,rurale_calme,rural_geographique_Centre-Val de Loire,Centre-Val de Loire,41
2B275,Sermano,rurale_calme,rural_geographique_Corse,Corse,2B
88429,Saint-Nabord,rurale_calme,rural_geographique_Grand Est,Grand Est,88
62861,Vimy,rurale_calme,rural_geographique_Hauts-de-France,Hauts-de-France,62
76401,Arelaune-en-Seine,rurale_calme,rural_geographique_Normandie,Normandie,76
16287,Roullet-Saint-Estèphe,rurale_calme,rural_geographique_Nouvelle-Aquitaine,Nouvelle-Aquitaine,16
31389,Montrabé,rurale_calme,rural_geographique_Occitanie,Occitanie,31
49278,Sainte-Gemmes-sur-Loire,rurale_calme,rural_geographique_Pays de la Loire,Pays de la Loire,49
83093,Plan-d'Aups-Sainte-Baume,rurale_calme,rural_geographique_Provence-Alpes-Côte d'Azur,Provence-Alpes-Côte d'Azur,83
91333,Leuville-sur-Orge,rurale_calme,rural_geographique_Île-de-France,Île-de-France,91
74236,Saint-Gervais-les-Bains,rurale_calme,rural_geographique_Auvergne-Rhône-Alpes,Auvergne-Rhône-Alpes,74
71190,Épinac,rurale_calme,rural_geographique_Bourgogne-Franche-Comté,Bourgogne-Franche-Comté,71
22282,Saint-Cast-le-Guildo,rurale_calme,rural_geographique_Bretagne,Bretagne,22
41097,Gièvres,rurale_calme,rural_geographique_Centre-Val de Loire,Centre-Val de Loire,41
2B075,Casevecchie,rurale_calme,rural_geographique_Corse,Corse,2B
57412,Longeville-lès-Metz,rurale_calme,rural_geographique_Grand Est,Grand Est,57
59571,Solesmes,rurale_calme,rural_geographique_Hauts-de-France,Hauts-de-France,59
14570,Valorbiquet,rurale_calme,rural_geographique_Normandie,Normandie,14
19073,Égletons,rurale_calme,rural_geographique_Nouvelle-Aquitaine,Nouvelle-Aquitaine,19
30211,Redessan,rurale_calme,rural_geographique_Occitanie,Occitanie,30
85190,Rocheservière,rurale_calme,rural_geographique_Pays de la Loire,Pays de la Loire,85
83007,Aups,rurale_calme,rural_geographique_Provence-Alpes-Côte d'Azur,Provence-Alpes-Côte d'Azur,83
78255,Freneuse,rurale_calme,rural_geographique_Île-de-France,Île-de-France,78
42149,Montrond-les-Bains,rurale_calme,rural_geographique_Auvergne-Rhône-Alpes,Auvergne-Rhône-Alpes,42
25370,Mathay,rurale_calme,rural_geographique_Bourgogne-Franche-Comté,Bourgogne-Franche-Comté,25
29239,Roscoff,rurale_calme,rural_geographique_Bretagne,Bretagne,29
41104,Huisseau-sur-Cosson,rurale_calme,rural_geographique_Centre-Val de Loire,Centre-Val de Loire,41
2B126,Giuncaggio,rurale_calme,rural_geographique_Corse,Corse,2B
57224,Folschviller,rurale_calme,rural_geographique_Grand Est,Grand Est,57
62826,Le Touquet-Paris-Plage,rurale_calme,rural_geographique_Hauts-de-France,Hauts-de-France,62
61117,Condé-sur-Sarthe,rurale_calme,rural_geographique_Normandie,Normandie,61
24340,Prigonrieux,rurale_calme,rural_geographique_Nouvelle-Aquitaine,Nouvelle-Aquitaine,24
34163,Montarnaud,rurale_calme,rural_geographique_Occitanie,Occitanie,34
72260,Ruaudin,rurale_calme,rural_geographique_Pays de la Loire,Pays de la Loire,72
05170,Tallard,rurale_calme,rural_geographique_Provence-Alpes-Côte d'Azur,Provence-Alpes-Côte d'Azur,05
77100,Le Châtelet-en-Brie,rurale_calme,rural_geographique_Île-de-France,Île-de-France,77
26124,Étoile-sur-Rhône,rurale_calme,rural_geographique_Auvergne-Rhône-Alpes,Auvergne-Rhône-Alpes,26
89068,Chablis,rurale_calme,rural_geographique_Bourgogne-Franche-Comté,Bourgogne-Franche-Comté,89
35162,Louvigné-du-Désert,rurale_calme,rural_geographique_Bretagne,Bretagne,35
45248,Patay,rurale_calme,rural_geographique_Centre-Val de Loire,Centre-Val de Loire,45
2B263,Rospigliani,rurale_calme,rural_geographique_Corse,Corse,2B
67212,Holtzheim,rurale_calme,rural_geographique_Grand Est,Grand Est,67
59002,Abscon,rurale_calme,rural_geographique_Hauts-de-France,Hauts-de-France,59
14754,Villers-sur-Mer,rurale_calme,rural_geographique_Normandie,Normandie,14
17283,Pons,rurale_calme,rural_geographique_Nouvelle-Aquitaine,Nouvelle-Aquitaine,17
30060,Caissargues,rurale_calme,rural_geographique_Occitanie,Occitanie,30
44155,Saint-Colomban,rurale_calme,rural_geographique_Pays de la Loire,Pays de la Loire,44
05065,Guillestre,rurale_calme,rural_geographique_Provence-Alpes-Côte d'Azur,Provence-Alpes-Côte d'Azur,05
77085,Chanteloup-en-Brie,rurale_calme,rural_geographique_Île-de-France,Île-de-France,77
38249,Montbonnot-Saint-Martin,rurale_calme,rural_geographique_Auvergne-Rhône-Alpes,Auvergne-Rhône-Alpes,38
39333,Moirans-en-Montagne,rurale_calme,rural_geographique_Bourgogne-Franche-Comté,Bourgogne-Franche-Comté,39
29147,Mellac,rurale_calme,rural_geographique_Bretagne,Bretagne,29
36045,Châtillon-sur-Indre,rurale_calme,rural_geographique_Centre-Val de Loire,Centre-Val de Loire,36
2A100,Cristinacce,rurale_calme,rural_geographique_Corse,Corse,2A
57106,Bouzonville,rurale_calme,rural_geographique_Grand Est,Grand Est,57
60446,Nanteuil-le-Haudouin,rurale_calme,rural_geographique_Hauts-de-France,Hauts-de-France,60
27191,Clef Vallée d'Eure,rurale_calme,rural_geographique_Normandie,Normandie,27
86222,Saint-Georges-lès-Baillargeaux,rurale_calme,rural_geographique_Nouvelle-Aquitaine,Nouvelle-Aquitaine,86
48140,Saint-Chély-d'Apcher,rurale_calme,rural_geographique_Occitanie,Occitanie,48
44068,Guenrouet,rurale_calme,rural_geographique_Pays de la Loire,Pays de la Loire,44
05006,L'Argentière-la-Bessée,rurale_calme,rural_geographique_Provence-Alpes-Côte d'Azur,Provence-Alpes-Côte d'Azur,05
77372,Pomponne,rurale_calme,rural_geographique_Île-de-France,Île-de-France,77
63069,Le Cendre,rurale_calme,rural_geographique_Auvergne-Rhône-Alpes,Auvergne-Rhône-Alpes,63
25060,Val-d'Usiers,rurale_calme,rural_geographique_Bourgogne-Franche-Comté,Bourgogne-Franche-Comté,25
35150,Lécousse,rurale_calme,rural_geographique_Bretagne,Bretagne,35
41185,Pruniers-en-Sologne,rurale_calme,rural_geographique_Centre-Val de Loire,Centre-Val de Loire,41
2B051,Cambia,rurale_calme,rural_geographique_Corse,Corse,2B
68338,Turckheim,rurale_calme,rural_geographique_Grand Est,Grand Est,68
60104,Breteuil,rurale_calme,rural_geographique_Hauts-de-France,Hauts-de-France,60
76219,Doudeville,rurale_calme,rural_geographique_Normandie,Normandie,76
19274,Ussac,rurale_calme,rural_geographique_Nouvelle-Aquitaine,Nouvelle-Aquitaine,19
31396,Nailloux,rurale_calme,rural_geographique_Occitanie,Occitanie,31
49292,Val-du-Layon,rurale_calme,rural_geographique_Pays de la Loire,Pays de la Loire,49
84074,Mérindol,rurale_calme,rural_geographique_Provence-Alpes-Côte d'Azur,Provence-Alpes-Côte d'Azur,84
91494,Le Plessis-Pâté,rurale_calme,rural_geographique_Île-de-France,Île-de-France,91
38422,Saint-Martin-d'Uriage,rurale_calme,rural_geographique_Auvergne-Rhône-Alpes,Auvergne-Rhône-Alpes,38
25147,Chemaudin et Vaux,rurale_calme,rural_geographique_Bourgogne-Franche-Comté,Bourgogne-Franche-Comté,25
56244,Sérent,rurale_calme,rural_geographique_Bretagne,Bretagne,56
41161,Nouan-le-Fuzelier,rurale_calme,rural_geographique_Centre-Val de Loire,Centre-Val de Loire,41
2A363,Zoza,rurale_calme,rural_geographique_Corse,Corse,2A
54076,Blainville-sur-l'Eau,rurale_calme,rural_geographique_Grand Est,Grand Est,54
59207,Escautpont,rurale_calme,rural_geographique_Hauts-de-France,Hauts-de-France,59
27580,Saint-Ouen-de-Thouberville,rurale_calme,rural_geographique_Normandie,Normandie,27
33099,Carignan-de-Bordeaux,rurale_calme,rural_geographique_Nouvelle-Aquitaine,Nouvelle-Aquitaine,33
12270,Sévérac d'Aveyron,rurale_calme,rural_geographique_Occitanie,Occitanie,12
49060,Bellevigne-les-Châteaux,rurale_calme,rural_geographique_Pays de la Loire,Pays de la Loire,49
83077,Méounes-lès-Montrieux,rurale_calme,rural_geographique_Provence-Alpes-Côte d'Azur,Provence-Alpes-Côte d'Azur,83
91249,Forges-les-Bains,rurale_calme,rural_geographique_Île-de-France,Île-de-France,91
42059,Chazelles-sur-Lyon,rurale_calme,rural_geographique_Auvergne-Rhône-Alpes,Auvergne-Rhône-Alpes,42
25467,Pouilley-les-Vignes,rurale_calme,rural_geographique_Bourgogne-Franche-Comté,Bourgogne-Franche-Comté,25
29055,Le Folgoët,rurale_calme,rural_geographique_Bretagne,Bretagne,29
45108,Coullons,rurale_calme,rural_geographique_Centre-Val de Loire,Centre-Val de Loire,45
2B045,Bustanico,rurale_calme,rural_geographique_Corse,Corse,2B
55463,Saint-Mihiel,rurale_calme,rural_geographique_Grand Est,Grand Est,55
59302,Hérin,rurale_calme,rural_geographique_Hauts-de-France,Hauts-de-France,59
14475,Val d'Arry,rurale_calme,rural_geographique_Normandie,Normandie,14
33539,Vayres,rurale_calme,rural_geographique_Nouvelle-Aquitaine,Nouvelle-Aquitaine,33
11116,Cuxac-d'Aude,rurale_calme,rural_geographique_Occitanie,Occitanie,11
85034,Bournezeau,rurale_calme,rural_geographique_Pays de la Loire,Pays de la Loire,85
06023,Breil-sur-Roya,rurale_calme,rural_geographique_Provence-Alpes-Côte d'Azur,Provence-Alpes-Côte d'Azur,06
78206,Ecquevilly,rurale_calme,rural_geographique_Île-de-France,Île-de-France,78
38318,Pont-Évêque,rurale_calme,rural_geographique_Auvergne-Rhône-Alpes,Auvergne-Rhône-Alpes,38
89074,Champigny,rurale_calme,rural_geographique_Bourgogne-Franche-Comté,Bourgogne-Franche-Comté,89
29023,Carantec,rurale_calme,rural_geographique_Bretagne,Bretagne,29
36228,Valençay,rurale_calme,rural_geographique_Centre-Val de Loire,Centre-Val de Loire,36
2B161,Moïta,rurale_calme,rural_geographique_Corse,Corse,2B
51559,Suippes,rurale_calme,rural_geographique_Grand Est,Grand Est,51
59036,Avesnes-sur-Helpe,rurale_calme,rural_geographique_Hauts-de-France,Hauts-de-France,59
14143,Caumont-sur-Aure,rurale_calme,rural_geographique_Normandie,Normandie,14
16061,Brie,rurale_calme,rural_geographique_Nouvelle-Aquitaine,Nouvelle-Aquitaine,16
34169,Montferrier-sur-Lez,rurale_calme,rural_geographique_Occitanie,Occitanie,34
44032,La Chapelle-Heulin,rurale_calme,rural_geographique_Pays de la Loire,Pays de la Loire,44
13068,Paradou,rurale_calme,rural_geographique_Provence-Alpes-Côte d'Azur,Provence-Alpes-Côte d'Azur,13
95430,Montsoult,rurale_calme,rural_geographique_Île-de-France,Île-de-France,95
74272,Sillingy,rurale_calme,rural_geographique_Auvergne-Rhône-Alpes,Auvergne-Rhône-Alpes,74
21657,Varois-et-Chaignot,rurale_calme,rural_geographique_Bourgogne-Franche-Comté,Bourgogne-Franche-Comté,21
22266,Rostrenen,rurale_calme,rural_geographique_Bretagne,Bretagne,22
45346,Vitry-aux-Loges,rurale_calme,rural_geographique_Centre-Val de Loire,Centre-Val de Loire,45
2B177,Noceta,rurale_calme,rural_geographique_Corse,Corse,2B
54270,Hussigny-Godbrange,rurale_calme,rural_geographique_Grand Est,Grand Est,54
80725,Salouël,rurale_calme,rural_geographique_Hauts-de-France,Hauts-de-France,80
61143,Damigny,rurale_calme,rural_geographique_Normandie,Normandie,61
47004,Aiguillon,rurale_calme,rural_geographique_Nouvelle-Aquitaine,Nouvelle-Aquitaine,47
34183,Nissan-lez-Enserune,rurale_calme,rural_geographique_Occitanie,Occitanie,34
72051,Cérans-Foulletourte,rurale_calme,rural_geographique_Pays de la Loire,Pays de la Loire,72
83046,Cotignac,rurale_calme,rural_geographique_Provence-Alpes-Côte d'Azur,Provence-Alpes-Côte d'Azur,83
94070,Santeny,rurale_calme,rural_geographique_Île-de-France,Île-de-France,94
38133,Coublevie,rurale_calme,rural_geographique_Auvergne-Rhône-Alpes,Auvergne-Rhône-Alpes,38
90042,Évette-Salbert,rurale_calme,rural_geographique_Bourgogne-Franche-Comté,Bourgogne-Franche-Comté,90
22325,Saint-Quay-Portrieux,rurale_calme,rural_geographique_Bretagne,Bretagne,22
28393,Tremblay-les-Villages,rurale_calme,rural_geographique_Centre-Val de Loire,Centre-Val de Loire,28
2A258,Renno,rurale_calme,rural_geographique_Corse,Corse,2A
88486,Vagney,rurale_calme,rural_geographique_Grand Est,Grand Est,88
60450,Neuilly-en-Thelle,rurale_calme,rural_geographique_Hauts-de-France,Hauts-de-France,60
76464,La Neuville-Chant-d'Oisel,rurale_calme,rural_geographique_Normandie,Normandie,76
17168,Fouras,rurale_calme,rural_geographique_Nouvelle-Aquitaine,Nouvelle-Aquitaine,17
34194,Paulhan,rurale_calme,rural_geographique_Occitanie,Occitanie,34
85070,Coëx,rurale_calme,rural_geographique_Pays de la Loire,Pays de la Loire,85
84108,Saint-Didier,rurale_calme,rural_geographique_Provence-Alpes-Côte d'Azur,Provence-Alpes-Côte d'Azur,84
78327,Juziers,rurale_calme,rural_geographique_Île-de-France,Île-de-France,78
69044,Charbonnières-les-Bains,rurale_calme,rural_geographique_Auvergne-Rhône-Alpes,Auvergne-Rhône-Alpes,69
25133,Châtillon-le-Duc,rurale_calme,rural_geographique_Bourgogne-Franche-Comté,Bourgogne-Franche-Comté,25
56127,Mauron,rurale_calme,rural_geographique_Bretagne,Bretagne,56
28236,Arcisses,rurale_calme,rural_geographique_Centre-Val de Loire,Centre-Val de Loire,28
2A331,Urbalacone,rurale_calme,rural_geographique_Corse,Corse,2A
54314,Lexy,rurale_calme,rural_geographique_Grand Est,Grand Est,54
59390,Masny,rurale_calme,rural_geographique_Hauts-de-France,Hauts-de-France,59
76391,La Londe,rurale_calme,rural_geographique_Normandie,Normandie,76
19005,Allassac,rurale_calme,rural_geographique_Nouvelle-Aquitaine,Nouvelle-Aquitaine,19
82161,Saint-Étienne-de-Tulmont,rurale_calme,rural_geographique_Occitanie,Occitanie,82
44012,La Bernerie-en-Retz,rurale_calme,rural_geographique_Pays de la Loire,Pays de la Loire,44
13115,Vernègues,rurale_calme,rural_geographique_Provence-Alpes-Côte d'Azur,Provence-Alpes-Côte d'Azur,13
95504,Presles,rurale_calme,rural_geographique_Île-de-France,Île-de-France,95
