insee,nom,segment,source,region,dept
75056,Paris,grande_ville,seed_100,,75
13055,Marseille,grande_ville,seed_100,,13
69123,Lyon,grande_ville,seed_100,,69
31555,Toulouse,grande_ville,seed_100,Occitanie,31
06088,Nice,grande_ville,seed_100,Provence-Alpes-Côte d'Azur,06
44109,Nantes,grande_ville,seed_100,Pays de la Loire,44
34172,Montpellier,grande_ville,seed_100,Occitanie,34
67482,Strasbourg,grande_ville,seed_100,Grand Est,67
33063,Bordeaux,grande_ville,seed_100,Nouvelle-Aquitaine,33
59350,Lille,grande_ville,seed_100,Hauts-de-France,59
35238,Rennes,grande_ville,seed_100,Bretagne,35
51454,Reims,grande_ville,seed_100,Grand Est,51
42218,Saint-Etienne,grande_ville,seed_100,Auvergne-Rhône-Alpes,42
76351,Le Havre,industrielle_portuaire,seed_100,Normandie,76
76540,Rouen,industrielle_portuaire,seed_100,Normandie,76
13039,Fos-sur-Mer,industrielle_portuaire,seed_100,Provence-Alpes-Côte d'Azur,13
13056,Martigues,industrielle_portuaire,seed_100,Provence-Alpes-Côte d'Azur,13
69276,Feyzin,industrielle_portuaire,seed_100,Auvergne-Rhône-Alpes,69
69149,Oullins-Pierre-Benite,industrielle_portuaire,seed_100,Auvergne-Rhône-Alpes,69
69199,Saint-Fons,industrielle_portuaire,seed_100,Auvergne-Rhône-Alpes,69
44052,Donges,industrielle_portuaire,seed_100,Pays de la Loire,44
59183,Dunkerque,industrielle_portuaire,seed_100,Hauts-de-France,59
62193,Calais,industrielle_portuaire,seed_100,Hauts-de-France,62
64445,Pau,industrielle_portuaire,seed_100,Nouvelle-Aquitaine,64
64300,Lacq,industrielle_portuaire,seed_100,Nouvelle-Aquitaine,64
76305,Gonfreville-l'Orcher,industrielle_portuaire,seed_100,Normandie,76
57672,Thionville,industrielle_portuaire,seed_100,Grand Est,57
57221,Florange,industrielle_portuaire,seed_100,Grand Est,57
57306,Hayange,industrielle_portuaire,seed_100,Grand Est,57
38185,Grenoble,industrielle_portuaire,seed_100,Auvergne-Rhône-Alpes,38
38544,Vienne,industrielle_portuaire,seed_100,Auvergne-Rhône-Alpes,38
69266,Villeurbanne,industrielle_portuaire,seed_100,Auvergne-Rhône-Alpes,69
93066,Saint-Denis,industrielle_portuaire,seed_100,Île-de-France,93
17300,La Rochelle,littorale,seed_100,Nouvelle-Aquitaine,17
56121,Lorient,littorale,seed_100,Bretagne,56
29019,Brest,littorale,seed_100,Bretagne,29
35288,Saint-Malo,littorale,seed_100,Bretagne,35
44184,Saint-Nazaire,littorale,seed_100,Pays de la Loire,44
85194,Les Sables-d'Olonne,littorale,seed_100,Pays de la Loire,85
34301,Sete,littorale,seed_100,Occitanie,34
66136,Perpignan,littorale,seed_100,Occitanie,66
83069,Hyeres,littorale,seed_100,Provence-Alpes-Côte d'Azur,83
83137,Toulon,littorale,seed_100,Provence-Alpes-Côte d'Azur,83
06029,Cannes,littorale,seed_100,Provence-Alpes-Côte d'Azur,06
06004,Antibes,littorale,seed_100,Provence-Alpes-Côte d'Azur,06
2A004,Ajaccio,littorale,seed_100,Corse,2A
2B033,Bastia,littorale,seed_100,Corse,2B
97411,Saint-Denis,littorale,seed_100,,97
97105,Baie-Mahault,littorale,seed_100,,97
97209,Fort-de-France,littorale,seed_100,,97
21231,Dijon,ville_moyenne,seed_100,Bourgogne-Franche-Comté,21
25056,Besancon,ville_moyenne,seed_100,Bourgogne-Franche-Comté,25
30189,Nimes,ville_moyenne,seed_100,Occitanie,30
37261,Tours,ville_moyenne,seed_100,Centre-Val de Loire,37
45234,Orleans,ville_moyenne,seed_100,Centre-Val de Loire,45
49007,Angers,ville_moyenne,seed_100,Pays de la Loire,49
57463,Metz,ville_moyenne,seed_100,Grand Est,57
54395,Nancy,ville_moyenne,seed_100,Grand Est,54
59512,Roubaix,ville_moyenne,seed_100,Hauts-de-France,59
59599,Tourcoing,ville_moyenne,seed_100,Hauts-de-France,59
63113,Clermont-Ferrand,ville_moyenne,seed_100,Auvergne-Rhône-Alpes,63
68066,Colmar,ville_moyenne,seed_100,Grand Est,68
68224,Mulhouse,ville_moyenne,seed_100,Grand Est,68
72181,Le Mans,ville_moyenne,seed_100,Pays de la Loire,72
76217,Dieppe,littorale,seed_100,Normandie,76
80021,Amiens,ville_moyenne,seed_100,Hauts-de-France,80
86194,Poitiers,ville_moyenne,seed_100,Nouvelle-Aquitaine,86
87085,Limoges,ville_moyenne,seed_100,Nouvelle-Aquitaine,87
92012,Boulogne-Billancourt,grande_ville,seed_100,Île-de-France,92
92050,Nanterre,grande_ville,seed_100,Île-de-France,92
93008,Bobigny,grande_ville,seed_100,Île-de-France,93
01053,Bourg-en-Bresse,ville_moyenne,seed_100,Auvergne-Rhône-Alpes,01
03190,Moulins,rurale_calme,seed_100,Auvergne-Rhône-Alpes,03
05061,Gap,ville_moyenne,seed_100,Provence-Alpes-Côte d'Azur,05
07010,Annonay,ville_moyenne,seed_100,Auvergne-Rhône-Alpes,07
08105,Charleville-Mezieres,ville_moyenne,seed_100,Grand Est,08
11069,Carcassonne,ville_moyenne,seed_100,Occitanie,11
12202,Rodez,ville_moyenne,seed_100,Occitanie,12
14118,Caen,ville_moyenne,seed_100,Normandie,14
18033,Bourges,ville_moyenne,seed_100,Centre-Val de Loire,18
19031,Brive-la-Gaillarde,ville_moyenne,seed_100,Nouvelle-Aquitaine,19
23096,Gueret,rurale_calme,seed_100,Nouvelle-Aquitaine,23
24037,Bergerac,ville_moyenne,seed_100,Nouvelle-Aquitaine,24
27229,Evreux,ville_moyenne,seed_100,Normandie,27
28085,Chartres,ville_moyenne,seed_100,Centre-Val de Loire,28
32013,Auch,rurale_calme,seed_100,Occitanie,32
36044,Chateauroux,ville_moyenne,seed_100,Centre-Val de Loire,36
41018,Blois,ville_moyenne,seed_100,Centre-Val de Loire,41
48095,Mende,rurale_calme,seed_100,Occitanie,48
53130,Laval,ville_moyenne,seed_100,Pays de la Loire,53
55029,Bar-le-Duc,rurale_calme,seed_100,Grand Est,55
58194,Nevers,ville_moyenne,seed_100,Bourgogne-Franche-Comté,58
61001,Alencon,ville_moyenne,seed_100,Normandie,61
70550,Vesoul,rurale_calme,seed_100,Bourgogne-Franche-Comté,70
71270,Macon,ville_moyenne,seed_100,Bourgogne-Franche-Comté,71
74010,Annecy,ville_moyenne,seed_100,Auvergne-Rhône-Alpes,74
81004,Albi,ville_moyenne,seed_100,Occitanie,81
82121,Montauban,ville_moyenne,seed_100,Occitanie,82
84007,Avignon,ville_moyenne,seed_100,Provence-Alpes-Côte d'Azur,84
89024,Auxerre,ville_moyenne,seed_100,Bourgogne-Franche-Comté,89
75115,Paris 15e Arrondissement,grande_ville,population,Île-de-France,75
75120,Paris 20e Arrondissement,grande_ville,population,Île-de-France,75
75118,Paris 18e Arrondissement,grande_ville,population,Île-de-France,75
75119,Paris 19e Arrondissement,grande_ville,population,Île-de-France,75
75113,Paris 13e Arrondissement,grande_ville,population,Île-de-France,75
75117,Paris 17e Arrondissement,grande_ville,population,Île-de-France,75
75116,Paris 16e Arrondissement,grande_ville,population,Île-de-France,75
13001,Aix-en-Provence,grande_ville,population,Provence-Alpes-Côte d'Azur,13
75111,Paris 11e Arrondissement,grande_ville,population,Île-de-France,75
75112,Paris 12e Arrondissement,grande_ville,population,Île-de-France,75
75114,Paris 14e Arrondissement,grande_ville,population,Île-de-France,75
93048,Montreuil,grande_ville,population,Île-de-France,93
95018,Argenteuil,grande_ville,population,Île-de-France,95
69383,Lyon 3e Arrondissement,grande_ville,population,Auvergne-Rhône-Alpes,69
94081,Vitry-sur-Seine,ville_moyenne,population,Île-de-France,94
94028,Créteil,ville_moyenne,population,Île-de-France,94
13213,Marseille 13e Arrondissement,ville_moyenne,population,Provence-Alpes-Côte d'Azur,13
93001,Aubervilliers,ville_moyenne,population,Île-de-France,93
92004,Asnières-sur-Seine,ville_moyenne,population,Île-de-France,92
92025,Colombes,ville_moyenne,population,Île-de-France,92
69388,Lyon 8e Arrondissement,ville_moyenne,population,Auvergne-Rhône-Alpes,69
93005,Aulnay-sous-Bois,ville_moyenne,population,Île-de-France,93
69387,Lyon 7e Arrondissement,ville_moyenne,population,Auvergne-Rhône-Alpes,69
78646,Versailles,ville_moyenne,population,Île-de-France,78
75110,Paris 10e Arrondissement,ville_moyenne,population,Île-de-France,75
13208,Marseille 8e Arrondissement,ville_moyenne,population,Provence-Alpes-Côte d'Azur,13
92026,Courbevoie,ville_moyenne,population,Île-de-France,92
34032,Béziers,ville_moyenne,population,Occitanie,34
13215,Marseille 15e Arrondissement,ville_moyenne,population,Provence-Alpes-Côte d'Azur,13
92063,Rueil-Malmaison,ville_moyenne,population,Île-de-France,92
50129,Cherbourg-en-Cotentin,ville_moyenne,population,Normandie,50
94017,Champigny-sur-Marne,ville_moyenne,population,Île-de-France,94
13209,Marseille 9e Arrondissement,ville_moyenne,population,Provence-Alpes-Côte d'Azur,13
33281,Mérignac,ville_moyenne,population,Nouvelle-Aquitaine,33
94068,Saint-Maur-des-Fossés,ville_moyenne,population,Île-de-France,94
93029,Drancy,ville_moyenne,population,Île-de-France,93
93051,Noisy-le-Grand,ville_moyenne,population,Île-de-France,93
92040,Issy-les-Moulineaux,ville_moyenne,population,Île-de-France,92
95127,Cergy,ville_moyenne,population,Île-de-France,95
92044,Levallois-Perret,ville_moyenne,population,Île-de-France,92
33318,Pessac,ville_moyenne,population,Nouvelle-Aquitaine,33
69259,Vénissieux,ville_moyenne,population,Auvergne-Rhône-Alpes,69
91228,Évry-Courcouronnes,ville_moyenne,population,Île-de-France,91
92024,Clichy,ville_moyenne,population,Île-de-France,92
26362,Valence,ville_moyenne,population,Auvergne-Rhône-Alpes,26
94041,Ivry-sur-Seine,ville_moyenne,population,Île-de-France,94
29232,Quimper,ville_moyenne,population,Bretagne,29
92002,Antony,ville_moyenne,population,Île-de-France,92
13212,Marseille 12e Arrondissement,ville_moyenne,population,Provence-Alpes-Côte d'Azur,13
10387,Troyes,ville_moyenne,population,Grand Est,10
83126,La Seyne-sur-Mer,ville_moyenne,population,Provence-Alpes-Côte d'Azur,83
59009,Villeneuve-d'Ascq,ville_moyenne,population,Hauts-de-France,59
93055,Pantin,ville_moyenne,population,Île-de-France,93
13214,Marseille 14e Arrondissement,ville_moyenne,population,Provence-Alpes-Côte d'Azur,13
73065,Chambéry,ville_moyenne,population,Auvergne-Rhône-Alpes,73
79191,Niort,ville_moyenne,population,Nouvelle-Aquitaine,79
92051,Neuilly-sur-Seine,ville_moyenne,population,Île-de-France,92
13210,Marseille 10e Arrondissement,ville_moyenne,population,Provence-Alpes-Côte d'Azur,13
75109,Paris 9e Arrondissement,ville_moyenne,population,Île-de-France,75
95585,Sarcelles,ville_moyenne,population,Île-de-France,95
93007,Le Blanc-Mesnil,ville_moyenne,population,Île-de-France,93
94046,Maisons-Alfort,ville_moyenne,population,Île-de-France,94
13211,Marseille 11e Arrondissement,ville_moyenne,population,Provence-Alpes-Côte d'Azur,13
94076,Villejuif,ville_moyenne,population,Île-de-France,94
83061,Fréjus,ville_moyenne,population,Provence-Alpes-Côte d'Azur,83
75105,Paris 5e Arrondissement,ville_moyenne,population,Île-de-France,75
60057,Beauvais,ville_moyenne,population,Hauts-de-France,60
11262,Narbonne,ville_moyenne,population,Occitanie,11
77284,Meaux,ville_moyenne,population,Île-de-France,77
85191,La Roche-sur-Yon,ville_moyenne,population,Pays de la Loire,85
92023,Clamart,ville_moyenne,population,Île-de-France,92
56260,Vannes,ville_moyenne,population,Bretagne,56
77108,Chelles,ville_moyenne,population,Île-de-France,77
49099,Cholet,ville_moyenne,population,Pays de la Loire,49
93031,Épinay-sur-Seine,ville_moyenne,population,Île-de-France,93
93070,Saint-Ouen-sur-Seine,ville_moyenne,population,Île-de-France,93
13203,Marseille 3e Arrondissement,ville_moyenne,population,Provence-Alpes-Côte d'Azur,13
02691,Saint-Quentin,ville_moyenne,population,Hauts-de-France,02
93010,Bondy,ville_moyenne,population,Île-de-France,93
69389,Lyon 9e Arrondissement,ville_moyenne,population,Auvergne-Rhône-Alpes,69
64102,Bayonne,ville_moyenne,population,Nouvelle-Aquitaine,64
91174,Corbeil-Essonnes,ville_moyenne,population,Île-de-France,91
06027,Cagnes-sur-Mer,ville_moyenne,population,Provence-Alpes-Côte d'Azur,06
69256,Vaulx-en-Velin,ville_moyenne,population,Auvergne-Rhône-Alpes,69
69386,Lyon 6e Arrondissement,ville_moyenne,population,Auvergne-Rhône-Alpes,69
93071,Sevran,ville_moyenne,population,Île-de-France,93
94033,Fontenay-sous-Bois,ville_moyenne,population,Île-de-France,94
78586,Sartrouville,ville_moyenne,population,Île-de-France,78
91377,Massy,ville_moyenne,population,Île-de-France,91
13004,Arles,ville_moyenne,population,Provence-Alpes-Côte d'Azur,13
13204,Marseille 4e Arrondissement,ville_moyenne,population,Provence-Alpes-Côte d'Azur,13
44162,Saint-Herblain,ville_moyenne,population,Pays de la Loire,44
92036,Gennevilliers,ville_moyenne,population,Île-de-France,92
92073,Suresnes,ville_moyenne,population,Île-de-France,92
69290,Saint-Priest,ville_moyenne,population,Auvergne-Rhône-Alpes,69
94080,Vincennes,ville_moyenne,population,Île-de-France,94
69385,Lyon 5e Arrondissement,ville_moyenne,population,Auvergne-Rhône-Alpes,69
06069,Grasse,ville_moyenne,population,Provence-Alpes-Côte d'Azur,06
75107,Paris 7e Arrondissement,ville_moyenne,population,Île-de-France,75
92049,Montrouge,ville_moyenne,population,Île-de-France,92
13005,Aubagne,ville_moyenne,population,Provence-Alpes-Côte d'Azur,13
93027,La Courneuve,ville_moyenne,population,Île-de-France,93
92048,Meudon,ville_moyenne,population,Île-de-France,92
94022,Choisy-le-Roi,ville_moyenne,population,Île-de-France,94
93053,Noisy-le-Sec,ville_moyenne,population,Île-de-France,93
93046,Livry-Gargan,ville_moyenne,population,Île-de-France,93
93064,Rosny-sous-Bois,ville_moyenne,population,Île-de-France,93
13205,Marseille 5e Arrondissement,ville_moyenne,population,Provence-Alpes-Côte d'Azur,13
33522,Talence,ville_moyenne,population,Nouvelle-Aquitaine,33
90010,Belfort,ville_moyenne,population,Bourgogne-Franche-Comté,90
94002,Alfortville,ville_moyenne,population,Île-de-France,94
71076,Chalon-sur-Saône,ville_moyenne,population,Bourgogne-Franche-Comté,71
13103,Salon-de-Provence,ville_moyenne,population,Provence-Alpes-Côte d'Azur,13
13047,Istres,ville_moyenne,population,Provence-Alpes-Côte d'Azur,13
78361,Mantes-la-Jolie,ville_moyenne,population,Île-de-France,78
78551,Saint-Germain-en-Laye,ville_moyenne,population,Île-de-France,78
22278,Saint-Brieuc,ville_moyenne,population,Bretagne,22
65440,Tarbes,ville_moyenne,population,Occitanie,65
30007,Alès,ville_moyenne,population,Occitanie,30
51108,Châlons-en-Champagne,ville_moyenne,population,Grand Est,51
92007,Bagneux,ville_moyenne,population,Île-de-France,92
92062,Puteaux,ville_moyenne,population,Île-de-France,92
69034,Caluire-et-Cuire,ville_moyenne,population,Auvergne-Rhône-Alpes,69
69029,Bron,ville_moyenne,population,Auvergne-Rhône-Alpes,69
44143,Rezé,ville_moyenne,population,Pays de la Loire,44
59606,Valenciennes,ville_moyenne,population,Hauts-de-France,59
95268,Garges-lès-Gonesse,ville_moyenne,population,Île-de-France,95
81065,Castres,ville_moyenne,population,Occitanie,81
62041,Arras,ville_moyenne,population,Hauts-de-France,62
77288,Melun,ville_moyenne,population,Île-de-France,77
06030,Le Cannet,ville_moyenne,population,Provence-Alpes-Côte d'Azur,06
64024,Anglet,ville_moyenne,population,Nouvelle-Aquitaine,64
16015,Angoulême,ville_moyenne,population,Nouvelle-Aquitaine,16
62160,Boulogne-sur-Mer,ville_moyenne,population,Hauts-de-France,62
59650,Wattrelos,ville_moyenne,population,Hauts-de-France,59
33550,Villenave-d'Ornon,ville_moyenne,population,Nouvelle-Aquitaine,33
26198,Montélimar,ville_moyenne,population,Auvergne-Rhône-Alpes,26
60159,Compiègne,ville_moyenne,population,Hauts-de-France,60
93072,Stains,ville_moyenne,population,Île-de-France,93
75106,Paris 6e Arrondissement,ville_moyenne,population,Île-de-France,75
93032,Gagny,ville_moyenne,population,Île-de-France,93
31149,Colomiers,ville_moyenne,population,Occitanie,31
78498,Poissy,ville_moyenne,population,Île-de-France,78
83050,Draguignan,ville_moyenne,population,Provence-Alpes-Côte d'Azur,83
59178,Douai,ville_moyenne,population,Hauts-de-France,59
13206,Marseille 6e Arrondissement,ville_moyenne,population,Provence-Alpes-Côte d'Azur,13
13201,Marseille 1er Arrondissement,ville_moyenne,population,Provence-Alpes-Côte d'Azur,13
93006,Bagnolet,ville_moyenne,population,Île-de-France,93
59378,Marcq-en-Barœul,ville_moyenne,population,Hauts-de-France,59
93078,Villepinte,ville_moyenne,population,Île-de-France,93
38421,Saint-Martin-d'Hères,ville_moyenne,population,Auvergne-Rhône-Alpes,38
77373,Pontault-Combault,ville_moyenne,population,Île-de-France,77
37122,Joué-lès-Tours,ville_moyenne,population,Centre-Val de Loire,37
74012,Annemasse,ville_moyenne,population,Auvergne-Rhône-Alpes,74
93050,Neuilly-sur-Marne,ville_moyenne,population,Île-de-France,93
95252,Franconville,ville_moyenne,population,Île-de-France,95
91589,Savigny-sur-Orge,ville_moyenne,population,Île-de-France,91
93073,Tremblay-en-France,ville_moyenne,population,Île-de-France,93
74281,Thonon-les-Bains,ville_moyenne,population,Auvergne-Rhône-Alpes,74
13028,La Ciotat,ville_moyenne,population,Provence-Alpes-Côte d'Azur,13
38151,Échirolles,ville_moyenne,population,Auvergne-Rhône-Alpes,38
92020,Châtillon,ville_moyenne,population,Île-de-France,92
91027,Athis-Mons,ville_moyenne,population,Île-de-France,91
83129,Six-Fours-les-Plages,ville_moyenne,population,Provence-Alpes-Côte d'Azur,83
60175,Creil,ville_moyenne,population,Hauts-de-France,60
83118,Saint-Raphaël,ville_moyenne,population,Provence-Alpes-Côte d'Azur,83
78172,Conflans-Sainte-Honorine,ville_moyenne,population,Île-de-France,78
69264,Villefranche-sur-Saône,ville_moyenne,population,Auvergne-Rhône-Alpes,69
69282,Meyzieu,ville_moyenne,population,Auvergne-Rhône-Alpes,69
91549,Sainte-Geneviève-des-Bois,ville_moyenne,population,Île-de-France,91
67180,Haguenau,ville_moyenne,population,Grand Est,67
69384,Lyon 4e Arrondissement,ville_moyenne,population,Auvergne-Rhône-Alpes,69
13117,Vitrolles,ville_moyenne,population,Provence-Alpes-Côte d'Azur,13
94078,Villeneuve-Saint-Georges,ville_moyenne,population,Île-de-France,94
75108,Paris 8e Arrondissement,ville_moyenne,population,Île-de-France,75
42207,Saint-Chamond,ville_moyenne,population,Auvergne-Rhône-Alpes,42
92019,Châtenay-Malabry,ville_moyenne,population,Île-de-France,92
91477,Palaiseau,ville_moyenne,population,Île-de-France,91
42187,Roanne,ville_moyenne,population,Auvergne-Rhône-Alpes,42
13207,Marseille 7e Arrondissement,ville_moyenne,population,Provence-Alpes-Côte d'Azur,13
94058,Le Perreux-sur-Marne,ville_moyenne,population,Île-de-France,94
67447,Schiltigheim,ville_moyenne,population,Grand Est,67
78440,Les Mureaux,ville_moyenne,population,Île-de-France,78
78621,Trappes,ville_moyenne,population,Île-de-France,78
94052,Nogent-sur-Marne,ville_moyenne,population,Île-de-France,94
78311,Houilles,ville_moyenne,population,Île-de-France,78
03185,Montluçon,ville_moyenne,population,Auvergne-Rhône-Alpes,03
93063,Romainville,ville_moyenne,population,Île-de-France,93
13054,Marignane,ville_moyenne,population,Provence-Alpes-Côte d'Azur,13
26281,Romans-sur-Isère,ville_moyenne,population,Auvergne-Rhône-Alpes,26
75103,Paris 3e Arrondissement,ville_moyenne,population,Île-de-France,75
62498,Lens,ville_moyenne,population,Hauts-de-France,62
33449,Saint-Médard-en-Jalles,ville_moyenne,population,Nouvelle-Aquitaine,33
47001,Agen,ville_moyenne,population,Nouvelle-Aquitaine,47
88160,Épinal,ville_moyenne,population,Grand Est,88
95063,Bezons,ville_moyenne,population,Île-de-France,95
73008,Aix-les-Bains,ville_moyenne,population,Auvergne-Rhône-Alpes,73
78423,Montigny-le-Bretonneux,ville_moyenne,population,Île-de-France,78
95306,Herblay-sur-Seine,ville_moyenne,population,Île-de-France,95
59122,Cambrai,ville_moyenne,population,Hauts-de-France,59
94038,L'Haÿ-les-Roses,ville_moyenne,population,Île-de-France,94
78490,Plaisir,ville_moyenne,population,Île-de-France,78
95500,Pontoise,ville_moyenne,population,Île-de-France,95
86066,Châtellerault,ville_moyenne,population,Nouvelle-Aquitaine,86
69286,Rillieux-la-Pape,ville_moyenne,population,Auvergne-Rhône-Alpes,69
94073,Thiais,ville_moyenne,population,Île-de-France,94
91657,Vigneux-sur-Seine,ville_moyenne,population,Île-de-France,91
91687,Viry-Châtillon,ville_moyenne,population,Île-de-France,91
06123,Saint-Laurent-du-Var,ville_moyenne,population,Provence-Alpes-Côte d'Azur,06
78158,Le Chesnay-Rocquencourt,ville_moyenne,population,Île-de-France,78
28134,Dreux,ville_moyenne,population,Centre-Val de Loire,28
33039,Bègles,ville_moyenne,population,Nouvelle-Aquitaine,33
84031,Carpentras,ville_moyenne,population,Provence-Alpes-Côte d'Azur,84
95280,Goussainville,ville_moyenne,population,Île-de-France,95
40192,Mont-de-Marsan,ville_moyenne,population,Nouvelle-Aquitaine,40
94079,Villiers-sur-Marne,ville_moyenne,population,Île-de-France,94
94016,Cachan,ville_moyenne,population,Île-de-France,94
77445,Savigny-le-Temple,ville_moyenne,population,Île-de-France,77
69382,Lyon 2e Arrondissement,ville_moyenne,population,Auvergne-Rhône-Alpes,69
06083,Menton,ville_moyenne,population,Provence-Alpes-Côte d'Azur,06
93077,Villemomble,ville_moyenne,population,Île-de-France,93
92046,Malakoff,ville_moyenne,population,Île-de-France,92
62510,Liévin,ville_moyenne,population,Hauts-de-France,62
92035,La Garenne-Colombes,ville_moyenne,population,Île-de-France,92
91521,Ris-Orangis,ville_moyenne,population,Île-de-France,91
92009,Bois-Colombes,ville_moyenne,population,Île-de-France,92
93014,Clichy-sous-Bois,ville_moyenne,population,Île-de-France,93
69275,Décines-Charpieu,ville_moyenne,population,Auvergne-Rhône-Alpes,69
92064,Saint-Cloud,ville_moyenne,population,Île-de-France,92
78146,Chatou,ville_moyenne,population,Île-de-France,78
38053,Bourgoin-Jallieu,ville_moyenne,population,Auvergne-Rhône-Alpes,38
54547,Vandœuvre-lès-Nancy,ville_moyenne,population,Grand Est,54
24322,Périgueux,ville_moyenne,population,Nouvelle-Aquitaine,24
94018,Charenton-le-Pont,ville_moyenne,population,Île-de-France,94
31557,Tournefeuille,ville_moyenne,population,Occitanie,31
78297,Guyancourt,ville_moyenne,population,Île-de-France,78
92060,Le Plessis-Robinson,ville_moyenne,population,Île-de-France,92
91201,Draveil,ville_moyenne,population,Île-de-France,91
34003,Agde,ville_moyenne,population,Occitanie,34
59392,Maubeuge,ville_moyenne,population,Hauts-de-France,59
69381,Lyon 1er Arrondissement,ville_moyenne,population,Auvergne-Rhône-Alpes,69
95219,Ermont,ville_moyenne,population,Île-de-France,95
76681,Sotteville-lès-Rouen,ville_moyenne,population,Normandie,76
84087,Orange,ville_moyenne,population,Provence-Alpes-Côte d'Azur,84
95680,Villiers-le-Bel,ville_moyenne,population,Île-de-France,95
94034,Fresnes,ville_moyenne,population,Île-de-France,94
02722,Soissons,ville_moyenne,population,Hauts-de-France,02
91691,Yerres,ville_moyenne,population,Île-de-France,91
76575,Saint-Étienne-du-Rouvray,ville_moyenne,population,Normandie,76
75104,Paris 4e Arrondissement,ville_moyenne,population,Île-de-France,75
44190,Saint-Sébastien-sur-Loire,ville_moyenne,population,Pays de la Loire,44
06155,Vallauris,ville_moyenne,population,Provence-Alpes-Côte d'Azur,06
92075,Vanves,ville_moyenne,population,Île-de-France,92
94044,Limeil-Brévannes,ville_moyenne,population,Île-de-France,94
93047,Montfermeil,ville_moyenne,population,Île-de-France,93
44114,Orvault,ville_moyenne,population,Pays de la Loire,44
94071,Sucy-en-Brie,ville_moyenne,population,Île-de-France,94
91286,Grigny,ville_moyenne,population,Île-de-France,91
59328,Lambersart,ville_moyenne,population,Hauts-de-France,59
67218,Illkirch-Graffenstaden,ville_moyenne,population,Grand Est,67
91103,Brétigny-sur-Orge,ville_moyenne,population,Île-de-France,91
89387,Sens,ville_moyenne,population,Bourgogne-Franche-Comté,89
95607,Taverny,ville_moyenne,population,Île-de-France,95
77514,Villeparisis,ville_moyenne,population,Île-de-France,77
78517,Rambouillet,ville_moyenne,population,Île-de-France,78
33119,Cenon,ville_moyenne,population,Nouvelle-Aquitaine,33
95582,Sannois,ville_moyenne,population,Île-de-France,95
95176,Cormeilles-en-Parisis,ville_moyenne,population,Île-de-France,95
77058,Bussy-Saint-Georges,ville_moyenne,population,Île-de-France,77
33529,La Teste-de-Buch,ville_moyenne,population,Nouvelle-Aquitaine,33
91223,Étampes,ville_moyenne,population,Île-de-France,91
31069,Blagnac,ville_moyenne,population,Occitanie,31
13063,Miramas,ville_moyenne,population,Provence-Alpes-Côte d'Azur,13
49328,Saumur,ville_moyenne,population,Pays de la Loire,49
34145,Lunel,ville_moyenne,population,Occitanie,34
78208,Élancourt,ville_moyenne,population,Île-de-France,78
62427,Hénin-Beaumont,ville_moyenne,population,Hauts-de-France,62
44215,Vertou,ville_moyenne,population,Pays de la Loire,44
76322,Le Grand-Quevilly,ville_moyenne,population,Normandie,76
95277,Gonesse,ville_moyenne,population,Île-de-France,95
84035,Cavaillon,ville_moyenne,population,Provence-Alpes-Côte d'Azur,84
83062,La Garde,ville_moyenne,population,Provence-Alpes-Côte d'Azur,83
33192,Gradignan,ville_moyenne,population,Nouvelle-Aquitaine,33
15014,Aurillac,ville_moyenne,population,Auvergne-Rhône-Alpes,15
49301,Sèvremoine,ville_moyenne,population,Pays de la Loire,49
03310,Vichy,ville_moyenne,population,Auvergne-Rhône-Alpes,03
64122,Biarritz,ville_moyenne,population,Nouvelle-Aquitaine,64
77083,Champs-sur-Marne,ville_moyenne,population,Île-de-France,77
59017,Armentières,ville_moyenne,population,Hauts-de-France,59
25388,Montbéliard,ville_moyenne,population,Bourgogne-Franche-Comté,25
17415,Saintes,ville_moyenne,population,Nouvelle-Aquitaine,17
91114,Brunoy,ville_moyenne,population,Île-de-France,91
95203,Eaubonne,ville_moyenne,population,Île-de-France,95
92078,Villeneuve-la-Garenne,ville_moyenne,population,Île-de-France,92
18279,Vierzon,ville_moyenne,population,Centre-Val de Loire,18
91692,Les Ulis,ville_moyenne,population,Île-de-France,91
31395,Muret,ville_moyenne,population,Occitanie,31
95572,Saint-Ouen-l'Aumône,ville_moyenne,population,Île-de-France,95
62119,Béthune,ville_moyenne,population,Hauts-de-France,62
34057,Castelnau-le-Lez,ville_moyenne,population,Occitanie,34
92032,Fontenay-aux-Roses,ville_moyenne,population,Île-de-France,92
33243,Libourne,ville_moyenne,population,Nouvelle-Aquitaine,33
27681,Vernon,ville_moyenne,population,Normandie,27
94054,Orly,ville_moyenne,population,Île-de-France,94
94043,Le Kremlin-Bicêtre,ville_moyenne,population,Île-de-France,94
33162,Eysines,ville_moyenne,population,Nouvelle-Aquitaine,33
33069,Le Bouscat,ville_moyenne,population,Nouvelle-Aquitaine,33
93057,Les Pavillons-sous-Bois,ville_moyenne,population,Île-de-France,93
02408,Laon,ville_moyenne,population,Hauts-de-France,02
83144,La Valette-du-Var,ville_moyenne,population,Provence-Alpes-Côte d'Azur,83
34108,Frontignan,ville_moyenne,population,Occitanie,34
91421,Montgeron,ville_moyenne,population,Île-de-France,91
39198,Dole,ville_moyenne,population,Bourgogne-Franche-Comté,39
49023,Beaupréau-en-Mauges,ville_moyenne,population,Pays de la Loire,49
13202,Marseille 2e Arrondissement,ville_moyenne,population,Provence-Alpes-Côte d'Azur,13
93045,Les Lilas,ville_moyenne,population,Île-de-France,93
33249,Lormont,ville_moyenne,population,Nouvelle-Aquitaine,33
17299,Rochefort,ville_moyenne,population,Nouvelle-Aquitaine,17
78358,Maisons-Laffitte,ville_moyenne,population,Île-de-France,78
52448,Saint-Dizier,ville_moyenne,population,Grand Est,52
77390,Roissy-en-Brie,ville_moyenne,population,Île-de-France,77
44047,Couëron,ville_moyenne,population,Pays de la Loire,44
56098,Lanester,ville_moyenne,population,Bretagne,56
59360,Loos,ville_moyenne,population,Hauts-de-France,59
04112,Manosque,ville_moyenne,population,Provence-Alpes-Côte d'Azur,04
38169,Fontaine,ville_moyenne,population,Auvergne-Rhône-Alpes,38
45232,Olivet,ville_moyenne,population,Centre-Val de Loire,45
77152,Dammarie-les-Lys,ville_moyenne,population,Île-de-France,77
78640,Vélizy-Villacoublay,ville_moyenne,population,Île-de-France,78
68297,Saint-Louis,ville_moyenne,population,Grand Est,68
69244,Tassin-la-Demi-Lune,ville_moyenne,population,Auvergne-Rhône-Alpes,69
92072,Sèvres,ville_moyenne,population,Île-de-France,92
95424,Montigny-lès-Cormeilles,ville_moyenne,population,Île-de-France,95
80001,Abbeville,ville_moyenne,population,Hauts-de-France,80
95197,Deuil-la-Barre,ville_moyenne,population,Île-de-France,95
85047,Challans,ville_moyenne,population,Pays de la Loire,85
59368,La Madeleine,ville_moyenne,population,Hauts-de-France,59
77468,Torcy,ville_moyenne,population,Île-de-France,77
33199,Gujan-Mestras,ville_moyenne,population,Nouvelle-Aquitaine,33
91272,Gif-sur-Yvette,ville_moyenne,population,Île-de-France,91
01283,Oyonnax,ville_moyenne,population,Auvergne-Rhône-Alpes,01
77305,Montereau-Fault-Yonne,ville_moyenne,population,Île-de-France,77
77122,Combs-la-Ville,ville_moyenne,population,Île-de-France,77
14327,Hérouville-Saint-Clair,ville_moyenne,population,Normandie,14
13071,Les Pennes-Mirabeau,ville_moyenne,population,Provence-Alpes-Côte d'Azur,13
51230,Épernay,ville_moyenne,population,Grand Est,51
95428,Montmorency,ville_moyenne,population,Île-de-France,95
69202,Sainte-Foy-lès-Lyon,ville_moyenne,population,Auvergne-Rhône-Alpes,69
57480,Montigny-lès-Metz,ville_moyenne,population,Grand Est,57
62178,Bruay-la-Buissière,ville_moyenne,population,Hauts-de-France,62
76498,Le Petit-Quevilly,ville_moyenne,population,Normandie,76
12145,Millau,ville_moyenne,population,Occitanie,12
45284,Saint-Jean-de-Braye,ville_moyenne,population,Centre-Val de Loire,45
52121,Chaumont,ville_moyenne,population,Grand Est,52
47323,Villeneuve-sur-Lot,ville_moyenne,population,Nouvelle-Aquitaine,47
06079,Mandelieu-la-Napoule,ville_moyenne,population,Provence-Alpes-Côte d'Azur,06
94003,Arcueil,ville_moyenne,population,Île-de-France,94
59295,Hazebrouck,ville_moyenne,population,Hauts-de-France,59
13002,Allauch,ville_moyenne,population,Provence-Alpes-Côte d'Azur,13
59410,Mons-en-Barœul,ville_moyenne,population,Hauts-de-France,59
45147,Fleury-les-Aubrais,ville_moyenne,population,Centre-Val de Loire,45
91570,Saint-Michel-sur-Orge,ville_moyenne,population,Île-de-France,91
93049,Neuilly-Plaisance,ville_moyenne,population,Île-de-France,93
49092,Chemillé-en-Anjou,ville_moyenne,population,Pays de la Loire,49
60463,Nogent-sur-Oise,ville_moyenne,population,Hauts-de-France,60
78362,Mantes-la-Ville,ville_moyenne,population,Île-de-France,78
78005,Achères,ville_moyenne,population,Île-de-France,78
40088,Dax,ville_moyenne,population,Nouvelle-Aquitaine,40
94067,Saint-Mandé,ville_moyenne,population,Île-de-France,94
77243,Lagny-sur-Marne,ville_moyenne,population,Île-de-France,77
13041,Gardanne,ville_moyenne,population,Provence-Alpes-Côte d'Azur,13
57227,Forbach,ville_moyenne,population,Grand Est,57
94077,Villeneuve-le-Roi,ville_moyenne,population,Île-de-France,94
75102,Paris 2e Arrondissement,ville_moyenne,population,Île-de-France,75
78545,Saint-Cyr-l'École,ville_moyenne,population,Île-de-France,78
69204,Saint-Genis-Laval,ville_moyenne,population,Auvergne-Rhône-Alpes,69
38563,Voiron,ville_moyenne,population,Auvergne-Rhône-Alpes,38
95555,Saint-Gratien,ville_moyenne,population,Île-de-France,95
59646,Wasquehal,ville_moyenne,population,Hauts-de-France,59
59279,Halluin,ville_moyenne,population,Hauts-de-France,59
92014,Bourg-la-Reine,ville_moyenne,population,Île-de-France,92
91434,Morsang-sur-Orge,ville_moyenne,population,Île-de-France,91
59163,Croix,ville_moyenne,population,Hauts-de-France,59
59155,Coudekerque-Branche,ville_moyenne,population,Hauts-de-France,59
71153,Le Creusot,ville_moyenne,population,Bourgogne-Franche-Comté,71
77350,Ozoir-la-Ferrière,ville_moyenne,population,Île-de-France,77
69091,Givors,ville_moyenne,population,Auvergne-Rhône-Alpes,69
35115,Fougères,ville_moyenne,population,Bretagne,35
59172,Denain,ville_moyenne,population,Hauts-de-France,59
77294,Mitry-Mory,ville_moyenne,population,Île-de-France,77
57631,Sarreguemines,ville_moyenne,population,Grand Est,57
91345,Longjumeau,ville_moyenne,population,Île-de-France,91
29039,Concarneau,ville_moyenne,population,Bretagne,29
85146,Montaigu-Vendée,ville_moyenne,population,Pays de la Loire,85
44026,Carquefou,ville_moyenne,population,Pays de la Loire,44
92071,Sceaux,ville_moyenne,population,Île-de-France,92
78126,La Celle-Saint-Cloud,ville_moyenne,population,Île-de-France,78
94042,Joinville-le-Pont,ville_moyenne,population,Île-de-France,94
44020,Bouguenais,ville_moyenne,population,Pays de la Loire,44
22113,Lannion,ville_moyenne,population,Bretagne,22
31157,Cugnaux,ville_moyenne,population,Occitanie,31
44035,La Chapelle-sur-Erdre,ville_moyenne,population,Pays de la Loire,44
59271,Grande-Synthe,ville_moyenne,population,Hauts-de-France,59
94021,Chevilly-Larue,ville_moyenne,population,Île-de-France,94
67267,Lingolsheim,ville_moyenne,population,Grand Est,67
94059,Le Plessis-Trévise,ville_moyenne,population,Île-de-France,94
33075,Bruges,ville_moyenne,population,Nouvelle-Aquitaine,33
77285,Le Mée-sur-Seine,ville_moyenne,population,Île-de-France,77
63124,Cournon-d'Auvergne,ville_moyenne,population,Auvergne-Rhône-Alpes,63
46042,Cahors,ville_moyenne,population,Occitanie,46
76451,Mont-Saint-Aignan,ville_moyenne,population,Normandie,76
21054,Beaune,ville_moyenne,population,Bourgogne-Franche-Comté,21
84089,Pertuis,ville_moyenne,population,Provence-Alpes-Côte d'Azur,84
92022,Chaville,ville_moyenne,population,Île-de-France,92
84054,L'Isle-sur-la-Sorgue,ville_moyenne,population,Provence-Alpes-Côte d'Azur,84
31424,Plaisance-du-Touch,ville_moyenne,population,Occitanie,31
91161,Chilly-Mazarin,ville_moyenne,population,Île-de-France,91
79049,Bressuire,ville_moyenne,population,Nouvelle-Aquitaine,79
73011,Albertville,ville_moyenne,population,Auvergne-Rhône-Alpes,73
14366,Lisieux,ville_moyenne,population,Normandie,14
06085,Mougins,ville_moyenne,population,Provence-Alpes-Côte d'Azur,06
35047,Bruz,ville_moyenne,population,Bretagne,35
26058,Bourg-lès-Valence,ville_moyenne,population,Auvergne-Rhône-Alpes,26
59507,Ronchin,ville_moyenne,population,Hauts-de-France,59
06157,Vence,ville_moyenne,population,Provence-Alpes-Côte d'Azur,06
50502,Saint-Lô,ville_moyenne,population,Normandie,50
88413,Saint-Dié-des-Vosges,ville_moyenne,population,Grand Est,88
67462,Sélestat,ville_moyenne,population,Grand Est,67
77053,Brie-Comte-Robert,ville_moyenne,population,Île-de-France,77
83047,La Crau,ville_moyenne,population,Provence-Alpes-Côte d'Azur,83
84129,Sorgues,ville_moyenne,population,Provence-Alpes-Côte d'Azur,84
38553,Villefontaine,ville_moyenne,population,Auvergne-Rhône-Alpes,38
94037,Gentilly,ville_moyenne,population,Île-de-France,94
17306,Royan,ville_moyenne,population,Nouvelle-Aquitaine,17
35360,Vitré,ville_moyenne,population,Bretagne,35
94011,Bonneuil-sur-Marne,ville_moyenne,population,Île-de-France,94
63300,Riom,ville_moyenne,population,Auvergne-Rhône-Alpes,63
59299,Hem,ville_moyenne,population,Hauts-de-France,59
43157,Le Puy-en-Velay,ville_moyenne,population,Auvergne-Rhône-Alpes,43
78383,Maurepas,ville_moyenne,population,Île-de-France,78
56162,Ploemeur,ville_moyenne,population,Bretagne,56
38229,Meylan,ville_moyenne,population,Auvergne-Rhône-Alpes,38
95218,Éragny-sur-Oise,ville_moyenne,population,Île-de-France,95
16102,Cognac,ville_moyenne,population,Nouvelle-Aquitaine,16
91326,Juvisy-sur-Orge,ville_moyenne,population,Île-de-France,91
94019,Chennevières-sur-Marne,ville_moyenne,population,Île-de-France,94
69081,Écully,ville_moyenne,population,Auvergne-Rhône-Alpes,69
27375,Louviers,ville_moyenne,population,Normandie,27
49244,Mauges-sur-Loire,ville_moyenne,population,Pays de la Loire,49
78123,Carrières-sous-Poissy,ville_moyenne,population,Île-de-France,78
30028,Bagnols-sur-Cèze,ville_moyenne,population,Occitanie,30
77296,Moissy-Cramayel,ville_moyenne,population,Île-de-France,77
41194,Romorantin-Lanthenay,ville_moyenne,population,Centre-Val de Loire,41
59220,Faches-Thumesnil,ville_moyenne,population,Hauts-de-France,59
76259,Fécamp,ville_moyenne,population,Normandie,76
95598,Soisy-sous-Montmorency,ville_moyenne,population,Île-de-France,95
67043,Bischheim,ville_moyenne,population,Grand Est,67
44131,Pornic,ville_moyenne,population,Pays de la Loire,44
13026,Châteauneuf-les-Martigues,ville_moyenne,population,Provence-Alpes-Côte d'Azur,13
92033,Garches,ville_moyenne,population,Île-de-France,92
62215,Carvin,ville_moyenne,population,Hauts-de-France,62
25462,Pontarlier,ville_moyenne,population,Bourgogne-Franche-Comté,25
64260,Hendaye,ville_moyenne,population,Nouvelle-Aquitaine,64
54329,Lunéville,ville_moyenne,population,Grand Est,54
33167,Floirac,ville_moyenne,population,Nouvelle-Aquitaine,33
35051,Cesson-Sévigné,ville_moyenne,population,Bretagne,35
49331,Segré-en-Anjou Bleu,ville_moyenne,population,Pays de la Loire,49
62065,Avion,ville_moyenne,population,Hauts-de-France,62
83023,Brignoles,ville_moyenne,population,Provence-Alpes-Côte d'Azur,83
83116,Saint-Maximin-la-Sainte-Baume,ville_moyenne,population,Provence-Alpes-Côte d'Azur,83
78335,Limay,ville_moyenne,population,Île-de-France,78
94004,Boissy-Saint-Léger,ville_moyenne,population,Île-de-France,94
84092,Le Pontet,ville_moyenne,population,Provence-Alpes-Côte d'Azur,84
34129,Lattes,ville_moyenne,population,Occitanie,34
63075,Chamalières,ville_moyenne,population,Auvergne-Rhône-Alpes,63
57757,Yutz,ville_moyenne,population,Grand Est,57
94015,Bry-sur-Marne,ville_moyenne,population,Île-de-France,94
31044,Balma,ville_moyenne,population,Occitanie,31
95476,Osny,ville_moyenne,population,Île-de-France,95
83123,Sanary-sur-Mer,ville_moyenne,population,Provence-Alpes-Côte d'Azur,83
47157,Marmande,ville_moyenne,population,Nouvelle-Aquitaine,47
78165,Les Clayes-sous-Bois,ville_moyenne,population,Île-de-France,78
38193,L'Isle-d'Abeau,ville_moyenne,population,Auvergne-Rhône-Alpes,38
04070,Digne-les-Bains,ville_moyenne,population,Provence-Alpes-Côte d'Azur,04
95323,Jouy-le-Moutier,ville_moyenne,population,Île-de-France,95
74081,Cluses,ville_moyenne,population,Auvergne-Rhône-Alpes,74
42095,Firminy,ville_moyenne,population,Auvergne-Rhône-Alpes,42
14762,Vire Normandie,ville_moyenne,population,Normandie,14
74256,Sallanches,ville_moyenne,population,Auvergne-Rhône-Alpes,74
39300,Lons-le-Saunier,ville_moyenne,population,Bourgogne-Franche-Comté,39
37214,Saint-Cyr-sur-Loire,ville_moyenne,population,Centre-Val de Loire,37
38382,Saint-Égrève,ville_moyenne,population,Auvergne-Rhône-Alpes,38
78686,Viroflay,ville_moyenne,population,Île-de-France,78
93061,Le Pré-Saint-Gervais,ville_moyenne,population,Île-de-France,93
22093,Lamballe-Armor,ville_moyenne,population,Bretagne,22
71306,Montceau-les-Mines,ville_moyenne,population,Bourgogne-Franche-Comté,71
33003,Ambarès-et-Lagrave,ville_moyenne,population,Nouvelle-Aquitaine,33
33122,Cestas,ville_moyenne,population,Nouvelle-Aquitaine,33
06161,Villeneuve-Loubet,ville_moyenne,population,Provence-Alpes-Côte d'Azur,06
53062,Château-Gontier-sur-Mayenne,ville_moyenne,population,Pays de la Loire,53
55545,Verdun,ville_moyenne,population,Grand Est,55
45302,Saran,ville_moyenne,population,Centre-Val de Loire,45
13027,Châteaurenard,ville_moyenne,population,Provence-Alpes-Côte d'Azur,13
08409,Sedan,ville_moyenne,population,Grand Est,08
34154,Mauguio,ville_moyenne,population,Occitanie,34
45285,Saint-Jean-de-la-Ruelle,ville_moyenne,population,Centre-Val de Loire,45
78372,Marly-le-Roi,ville_moyenne,population,Île-de-France,78
44055,La Baule-Escoublac,ville_moyenne,population,Pays de la Loire,44
85109,Les Herbiers,ville_moyenne,population,Pays de la Loire,85
49307,Loire-Authion,ville_moyenne,population,Pays de la Loire,49
09225,Pamiers,ville_moyenne,population,Occitanie,09
01033,Valserhône,ville_moyenne,population,Auvergne-Rhône-Alpes,01
29103,Landerneau,ville_moyenne,population,Bretagne,29
44069,Guérande,ville_moyenne,population,Pays de la Loire,44
13077,Port-de-Bouc,ville_moyenne,population,Provence-Alpes-Côte d'Azur,13
95199,Domont,ville_moyenne,population,Île-de-France,95
42147,Montbrison,ville_moyenne,population,Auvergne-Rhône-Alpes,42
95637,Vauréal,ville_moyenne,population,Île-de-France,95
91471,Orsay,ville_moyenne,population,Île-de-France,91
33056,Blanquefort,ville_moyenne,population,Nouvelle-Aquitaine,33
74225,Rumilly,ville_moyenne,population,Auvergne-Rhône-Alpes,74
59526,Saint-Amand-les-Eaux,ville_moyenne,population,Hauts-de-France,59
95563,Saint-Leu-la-Forêt,ville_moyenne,population,Île-de-France,95
76231,Elbeuf,ville_moyenne,population,Normandie,76
77186,Fontainebleau,ville_moyenne,population,Île-de-France,77
75101,Paris 1er Arrondissement,ville_moyenne,population,Île-de-France,75
78642,Verneuil-sur-Seine,ville_moyenne,population,Île-de-France,78
37233,Saint-Pierre-des-Corps,ville_moyenne,population,Centre-Val de Loire,37
54528,Toul,ville_moyenne,population,Grand Est,54
74243,Saint-Julien-en-Genevois,ville_moyenne,population,Auvergne-Rhône-Alpes,74
78481,Le Pecq,ville_moyenne,population,Île-de-France,78
49218,Montrevault-sur-Èvre,ville_moyenne,population,Pays de la Loire,49
41269,Vendôme,ville_moyenne,population,Centre-Val de Loire,41
56083,Hennebont,ville_moyenne,population,Bretagne,56
91386,Mennecy,ville_moyenne,population,Île-de-France,91
30032,Beaucaire,ville_moyenne,population,Occitanie,30
81099,Gaillac,ville_moyenne,population,Occitanie,81
78650,Le Vésinet,ville_moyenne,population,Île-de-France,78
59569,Sin-le-Noble,ville_moyenne,population,Hauts-de-France,59
28218,Lucé,ville_moyenne,population,Centre-Val de Loire,28
59648,Wattignies,ville_moyenne,population,Hauts-de-France,59
44172,Sainte-Luce-sur-Loire,ville_moyenne,population,Pays de la Loire,44
13216,Marseille 16e Arrondissement,ville_moyenne,population,Provence-Alpes-Côte d'Azur,13
77337,Noisiel,ville_moyenne,population,Île-de-France,77
29075,Guipavas,ville_moyenne,population,Bretagne,29
76447,Montivilliers,ville_moyenne,population,Normandie,76
78073,Bois-d'Arcy,ville_moyenne,population,Île-de-France,78
13108,Tarascon,ville_moyenne,population,Provence-Alpes-Côte d'Azur,13
42279,Saint-Just-Saint-Rambert,ville_moyenne,population,Auvergne-Rhône-Alpes,42
49353,Trélazé,ville_moyenne,population,Pays de la Loire,49
68376,Wittenheim,ville_moyenne,population,Grand Est,68
60612,Senlis,ville_moyenne,population,Hauts-de-France,60
77131,Coulommiers,ville_moyenne,population,Île-de-France,77
13015,Bouc-Bel-Air,ville_moyenne,population,Provence-Alpes-Côte d'Azur,13
42186,Rive-de-Gier,ville_moyenne,population,Auvergne-Rhône-Alpes,42
95539,Saint-Brice-sous-Forêt,ville_moyenne,population,Île-de-France,95
02168,Château-Thierry,ville_moyenne,population,Hauts-de-France,02
69089,Francheville,ville_moyenne,population,Auvergne-Rhône-Alpes,69
54323,Longwy,ville_moyenne,population,Grand Est,54
45208,Montargis,ville_moyenne,population,Centre-Val de Loire,45
57606,Saint-Avold,ville_moyenne,population,Grand Est,57
78124,Carrières-sur-Seine,ville_moyenne,population,Île-de-France,78
63178,Issoire,ville_moyenne,population,Auvergne-Rhône-Alpes,63
37208,Saint-Avertin,ville_moyenne,population,Centre-Val de Loire,37
31446,Ramonville-Saint-Agne,ville_moyenne,population,Occitanie,31
49015,Avrillé,ville_moyenne,population,Pays de la Loire,49
72154,La Flèche,ville_moyenne,population,Pays de la Loire,72
29151,Morlaix,ville_moyenne,population,Bretagne,29
31113,Castanet-Tolosan,ville_moyenne,population,Occitanie,31
93062,Le Raincy,ville_moyenne,population,Île-de-France,93
59043,Bailleul,ville_moyenne,population,Hauts-de-France,59
01004,Ambérieu-en-Bugey,ville_moyenne,population,Auvergne-Rhône-Alpes,01
93013,Le Bourget,ville_moyenne,population,Île-de-France,93
68154,Illzach,ville_moyenne,population,Grand Est,68
57206,Fameck,ville_moyenne,population,Grand Est,57
95427,Montmagny,ville_moyenne,population,Île-de-France,95
56178,Pontivy,ville_moyenne,population,Bretagne,56
10323,Romilly-sur-Seine,ville_moyenne,population,Grand Est,10
54578,Villers-lès-Nancy,ville_moyenne,population,Grand Est,54
59286,Haubourdin,ville_moyenne,population,Hauts-de-France,59
22187,Plérin,ville_moyenne,population,Bretagne,22
22050,Dinan,ville_moyenne,population,Bretagne,22
54304,Laxou,ville_moyenne,population,Grand Est,54
62765,Saint-Omer,ville_moyenne,population,Hauts-de-France,62
77258,Lognes,ville_moyenne,population,Île-de-France,77
94069,Saint-Maurice,ville_moyenne,population,Île-de-France,94
64483,Saint-Jean-de-Luz,ville_moyenne,population,Nouvelle-Aquitaine,64
91645,Verrières-le-Buisson,ville_moyenne,population,Île-de-France,91
95019,Arnouville,ville_moyenne,population,Île-de-France,95
01354,Saint-Genis-Pouilly,ville_moyenne,population,Auvergne-Rhône-Alpes,01
40046,Biscarrosse,ville_moyenne,population,Nouvelle-Aquitaine,40
77407,Saint-Fargeau-Ponthierry,ville_moyenne,population,Île-de-France,77
78418,Montesson,ville_moyenne,population,Île-de-France,78
61169,Flers,ville_moyenne,population,Normandie,61
94074,Valenton,ville_moyenne,population,Île-de-France,94
83107,Roquebrune-sur-Argens,ville_moyenne,population,Provence-Alpes-Côte d'Azur,83
21166,Chenôve,ville_moyenne,population,Bourgogne-Franche-Comté,21
83115,Sainte-Maxime,ville_moyenne,population,Provence-Alpes-Côte d'Azur,83
44154,Saint-Brevin-les-Pins,ville_moyenne,population,Pays de la Loire,44
54431,Pont-à-Mousson,ville_moyenne,population,Grand Est,54
60395,Méru,ville_moyenne,population,Hauts-de-France,60
40279,Saint-Paul-lès-Dax,ville_moyenne,population,Nouvelle-Aquitaine,40
57751,Woippy,ville_moyenne,population,Grand Est,57
30258,Saint-Gilles,ville_moyenne,population,Occitanie,30
76108,Bois-Guillaume,ville_moyenne,population,Normandie,76
56007,Auray,ville_moyenne,population,Bretagne,56
60176,Crépy-en-Valois,ville_moyenne,population,Hauts-de-France,60
59291,Hautmont,ville_moyenne,population,Hauts-de-France,59
82033,Castelsarrasin,ville_moyenne,population,Occitanie,82
29046,Douarnenez,ville_moyenne,population,Bretagne,29
59139,Caudry,ville_moyenne,population,Hauts-de-France,59
83090,Ollioules,ville_moyenne,population,Provence-Alpes-Côte d'Azur,83
79329,Thouars,ville_moyenne,population,Nouvelle-Aquitaine,79
95487,Persan,ville_moyenne,population,Île-de-France,95
19272,Tulle,ville_moyenne,population,Nouvelle-Aquitaine,19
91235,Fleury-Mérogis,ville_moyenne,population,Île-de-France,91
76157,Canteleu,ville_moyenne,population,Normandie,76
25031,Audincourt,ville_moyenne,population,Bourgogne-Franche-Comté,25
77307,Montévrain,ville_moyenne,population,Île-de-France,77
64348,Lons,ville_moyenne,population,Nouvelle-Aquitaine,64
13014,Berre-l'Étang,ville_moyenne,population,Provence-Alpes-Côte d'Azur,13
64129,Billère,ville_moyenne,population,Nouvelle-Aquitaine,64
77251,Lieusaint,ville_moyenne,population,Île-de-France,77
26235,Pierrelatte,ville_moyenne,population,Auvergne-Rhône-Alpes,26
68278,Rixheim,ville_moyenne,population,Grand Est,68
59367,Lys-lez-Lannoy,ville_moyenne,population,Hauts-de-France,59
59508,Roncq,ville_moyenne,population,Hauts-de-France,59
31506,Saint-Orens-de-Gameville,ville_moyenne,population,Occitanie,31
82112,Moissac,ville_moyenne,population,Occitanie,82
13097,Saint-Martin-de-Crau,ville_moyenne,population,Provence-Alpes-Côte d'Azur,13
69283,Mions,ville_moyenne,population,Auvergne-Rhône-Alpes,69
60414,Montataire,ville_moyenne,population,Hauts-de-France,60
77014,Avon,ville_moyenne,population,Île-de-France,77
35281,Saint-Jacques-de-la-Lande,ville_moyenne,population,Bretagne,35
84019,Bollène,ville_moyenne,population,Provence-Alpes-Côte d'Azur,84
69019,Belleville-en-Beaujolais,ville_moyenne,population,Auvergne-Rhône-Alpes,69
77479,Vaires-sur-Marne,ville_moyenne,population,Île-de-France,77
65286,Lourdes,ville_moyenne,population,Occitanie,65
69277,Genas,ville_moyenne,population,Auvergne-Rhône-Alpes,69
29212,Plouzané,ville_moyenne,population,Bretagne,29
85092,Fontenay-le-Comte,ville_moyenne,population,Pays de la Loire,85
78242,Fontenay-le-Fleury,ville_moyenne,population,Île-de-France,78
29189,Plougastel-Daoulas,ville_moyenne,population,Bretagne,29
02738,Tergnier,ville_moyenne,population,Hauts-de-France,02
59014,Anzin,ville_moyenne,population,Hauts-de-France,59
45155,Gien,ville_moyenne,population,Centre-Val de Loire,45
67365,Ostwald,ville_moyenne,population,Grand Est,67
62108,Berck,ville_moyenne,population,Hauts-de-France,62
61006,Argentan,ville_moyenne,population,Normandie,61
06033,Carros,ville_moyenne,population,Provence-Alpes-Côte d'Azur,06
62643,Outreau,ville_moyenne,population,Hauts-de-France,62
45004,Amilly,ville_moyenne,population,Centre-Val de Loire,45
78015,Andrésy,ville_moyenne,population,Île-de-France,78
91432,Morangis,ville_moyenne,population,Île-de-France,91
77333,Nemours,ville_moyenne,population,Île-de-France,77
68166,Kingersheim,ville_moyenne,population,Grand Est,68
59421,Mouvaux,ville_moyenne,population,Hauts-de-France,59
81105,Graulhet,ville_moyenne,population,Occitanie,81
71014,Autun,ville_moyenne,population,Bourgogne-Franche-Comté,71
84080,Monteux,ville_moyenne,population,Provence-Alpes-Côte d'Azur,84
01173,Gex,ville_moyenne,population,Auvergne-Rhône-Alpes,01
57240,Freyming-Merlebach,ville_moyenne,population,Grand Est,57
60471,Noyon,ville_moyenne,population,Hauts-de-France,60
59527,Saint-André-lez-Lille,ville_moyenne,population,Hauts-de-France,59
37003,Amboise,ville_moyenne,population,Centre-Val de Loire,37
40312,Tarnos,ville_moyenne,population,Nouvelle-Aquitaine,40
03095,Cusset,ville_moyenne,population,Auvergne-Rhône-Alpes,03
28088,Châteaudun,ville_moyenne,population,Centre-Val de Loire,28
53147,Mayenne,ville_moyenne,population,Pays de la Loire,53
74042,Bonneville,ville_moyenne,population,Auvergne-Rhône-Alpes,74
33366,Saint-André-de-Cubzac,ville_moyenne,population,Nouvelle-Aquitaine,33
13007,Auriol,ville_moyenne,population,Provence-Alpes-Côte d'Azur,13
59560,Seclin,ville_moyenne,population,Hauts-de-France,59
34123,Juvignac,ville_moyenne,population,Occitanie,34
10333,Saint-André-les-Vergers,ville_moyenne,population,Grand Est,10
14047,Bayeux,ville_moyenne,population,Normandie,14
06152,Valbonne,ville_moyenne,population,Provence-Alpes-Côte d'Azur,06
45068,Châlette-sur-Loing,ville_moyenne,population,Centre-Val de Loire,45
49246,Les Ponts-de-Cé,ville_moyenne,population,Pays de la Loire,49
35024,Betton,ville_moyenne,population,Bretagne,35
85226,Saint-Hilaire-de-Riez,ville_moyenne,population,Pays de la Loire,85
06012,Beausoleil,ville_moyenne,population,Provence-Alpes-Côte d'Azur,06
59152,Comines,ville_moyenne,population,Hauts-de-France,59
34157,Mèze,ville_moyenne,population,Occitanie,34
93079,Villetaneuse,ville_moyenne,population,Île-de-France,93
27701,Val-de-Reuil,ville_moyenne,population,Normandie,27
30351,Villeneuve-lès-Avignon,ville_moyenne,population,Occitanie,30
03321,Yzeure,ville_moyenne,population,Auvergne-Rhône-Alpes,03
66037,Canet-en-Roussillon,ville_moyenne,population,Occitanie,66
50218,Granville,ville_moyenne,population,Normandie,50
77316,Moret-Loing-et-Orvanne,ville_moyenne,population,Île-de-France,77
83148,Vidauban,ville_moyenne,population,Provence-Alpes-Côte d'Azur,83
34270,Saint-Jean-de-Védas,ville_moyenne,population,Occitanie,34
83049,Cuers,ville_moyenne,population,Provence-Alpes-Côte d'Azur,83
31187,Fonsorbes,ville_moyenne,population,Occitanie,31
57160,Creutzwald,ville_moyenne,population,Grand Est,57
33005,Andernos-les-Bains,ville_moyenne,population,Nouvelle-Aquitaine,33
63284,Pont-du-Château,ville_moyenne,population,Auvergne-Rhône-Alpes,63
28404,Vernouillet,ville_moyenne,population,Centre-Val de Loire,28
11076,Castelnaudary,ville_moyenne,population,Occitanie,11
67046,Bischwiller,ville_moyenne,population,Grand Est,67
69027,Brignais,ville_moyenne,population,Auvergne-Rhône-Alpes,69
78624,Triel-sur-Seine,ville_moyenne,population,Île-de-France,78
06104,Roquebrune-Cap-Martin,ville_moyenne,population,Provence-Alpes-Côte d'Azur,06
76484,Oissel-sur-Seine,ville_moyenne,population,Normandie,76
07019,Aubenas,ville_moyenne,population,Auvergne-Rhône-Alpes,07
57630,Sarrebourg,ville_moyenne,population,Grand Est,57
31561,L'Union,ville_moyenne,population,Occitanie,31
62413,Harnes,ville_moyenne,population,Hauts-de-France,62
78029,Aubergenville,ville_moyenne,population,Île-de-France,78
29233,Quimperlé,ville_moyenne,population,Bretagne,29
10081,La Chapelle-Saint-Luc,ville_moyenne,population,Grand Est,10
73179,La Motte-Servolex,ville_moyenne,population,Auvergne-Rhône-Alpes,73
60509,Pont-Sainte-Maxence,ville_moyenne,population,Hauts-de-France,60
77118,Claye-Souilly,ville_moyenne,population,Île-de-France,77
62186,Bully-les-Mines,ville_moyenne,population,Hauts-de-France,62
67348,Obernai,ville_moyenne,population,Grand Est,67
44036,Châteaubriant,ville_moyenne,population,Pays de la Loire,44
13081,Rognac,ville_moyenne,population,Provence-Alpes-Côte d'Azur,13
68271,Riedisheim,ville_moyenne,population,Grand Est,68
76057,Barentin,ville_moyenne,population,Normandie,76
44132,Pornichet,ville_moyenne,population,Pays de la Loire,44
83112,Saint-Cyr-sur-Mer,ville_moyenne,population,Provence-Alpes-Côte d'Azur,83
72264,Sablé-sur-Sarthe,ville_moyenne,population,Pays de la Loire,72
95351,Louvres,ville_moyenne,population,Île-de-France,95
94060,La Queue-en-Brie,ville_moyenne,population,Île-de-France,94
83130,Solliès-Pont,ville_moyenne,population,Provence-Alpes-Côte d'Azur,83
42044,Le Chambon-Feugerolles,ville_moyenne,population,Auvergne-Rhône-Alpes,42
59491,Raismes,ville_moyenne,population,Hauts-de-France,59
59383,Marly,ville_moyenne,population,Hauts-de-France,59
14341,Ifs,ville_moyenne,population,Normandie,14
77379,Provins,ville_moyenne,population,Île-de-France,77
56078,Guidel,ville_moyenne,population,Bretagne,56
56206,Saint-Avé,ville_moyenne,population,Bretagne,56
27284,Gisors,ville_moyenne,population,Normandie,27
35210,Pacé,ville_moyenne,population,Bretagne,35
69069,Craponne,ville_moyenne,population,Auvergne-Rhône-Alpes,69
21617,Talant,ville_moyenne,population,Bourgogne-Franche-Comté,21
12176,Onet-le-Château,ville_moyenne,population,Occitanie,12
91215,Épinay-sous-Sénart,ville_moyenne,population,Île-de-France,91
95313,L'Isle-Adam,ville_moyenne,population,Île-de-France,95
57433,Maizières-lès-Metz,ville_moyenne,population,Grand Est,57
29235,Le Relecq-Kerhuon,ville_moyenne,population,Bretagne,29
59574,Somain,ville_moyenne,population,Hauts-de-France,59
30341,Vauvert,ville_moyenne,population,Occitanie,30
83042,Cogolin,ville_moyenne,population,Provence-Alpes-Côte d'Azur,83
49018,Baugé-en-Anjou,ville_moyenne,population,Pays de la Loire,49
38485,Seyssinet-Pariset,ville_moyenne,population,Auvergne-Rhône-Alpes,38
68063,Cernay,ville_moyenne,population,Grand Est,68
13106,Septèmes-les-Vallons,ville_moyenne,population,Provence-Alpes-Côte d'Azur,13
12300,Villefranche-de-Rouergue,ville_moyenne,population,Occitanie,12
91573,Saint-Pierre-du-Perray,ville_moyenne,population,Île-de-France,91
38474,Sassenage,ville_moyenne,population,Auvergne-Rhône-Alpes,38
94075,Villecresnes,ville_moyenne,population,Île-de-France,94
76114,Bolbec,ville_moyenne,population,Normandie,76
63430,Thiers,ville_moyenne,population,Auvergne-Rhône-Alpes,63
31483,Saint-Gaudens,ville_moyenne,population,Occitanie,31
37050,Chambray-lès-Tours,ville_moyenne,population,Centre-Val de Loire,37
33200,Le Haillan,ville_moyenne,population,Nouvelle-Aquitaine,33
66172,Saint-Estève,ville_moyenne,population,Occitanie,66
62617,Nœux-les-Mines,ville_moyenne,population,Hauts-de-France,62
02173,Chauny,ville_moyenne,population,Hauts-de-France,02
33284,Mios,ville_moyenne,population,Nouvelle-Aquitaine,33
67204,Hœnheim,ville_moyenne,population,Grand Est,67
84141,Vedène,ville_moyenne,population,Provence-Alpes-Côte d'Azur,84
59249,Fourmies,ville_moyenne,population,Hauts-de-France,59
51649,Vitry-le-François,ville_moyenne,population,Grand Est,51
83071,La Londe-les-Maures,ville_moyenne,population,Provence-Alpes-Côte d'Azur,83
95210,Enghien-les-Bains,ville_moyenne,population,Île-de-France,95
62570,Méricourt,ville_moyenne,population,Hauts-de-France,62
66171,Saint-Cyprien,ville_moyenne,population,Occitanie,66
13075,Plan-de-Cuques,ville_moyenne,population,Provence-Alpes-Côte d'Azur,13
67437,Saverne,ville_moyenne,population,Grand Est,67
87154,Saint-Junien,ville_moyenne,population,Nouvelle-Aquitaine,87
76758,Yvetot,ville_moyenne,population,Normandie,76
22215,Ploufragan,ville_moyenne,population,Bretagne,22
93030,Dugny,ville_moyenne,population,Île-de-France,93
59112,Bruay-sur-l'Escaut,ville_moyenne,population,Hauts-de-France,59
91552,Saint-Germain-lès-Arpajon,ville_moyenne,population,Île-de-France,91
91021,Arpajon,ville_moyenne,population,Île-de-France,91
91200,Dourdan,ville_moyenne,population,Île-de-France,91
77153,Dammartin-en-Goële,ville_moyenne,population,Île-de-France,77
74224,La Roche-sur-Foron,ville_moyenne,population,Auvergne-Rhône-Alpes,74
33009,Arcachon,ville_moyenne,population,Nouvelle-Aquitaine,33
31488,Saint-Jean,ville_moyenne,population,Occitanie,31
2A247,Porto-Vecchio,ville_moyenne,population,Corse,2A
49125,Doué-en-Anjou,ville_moyenne,population,Pays de la Loire,49
50041,La Hague,ville_moyenne,population,Normandie,50
59273,Gravelines,ville_moyenne,population,Hauts-de-France,59
59386,Marquette-lez-Lille,ville_moyenne,population,Hauts-de-France,59
07102,Guilherand-Granges,ville_moyenne,population,Auvergne-Rhône-Alpes,07
07324,Tournon-sur-Rhône,ville_moyenne,population,Auvergne-Rhône-Alpes,07
77487,Vaux-le-Pénil,ville_moyenne,population,Île-de-France,77
78674,Villepreux,ville_moyenne,population,Île-de-France,78
77067,Cesson,ville_moyenne,population,Île-de-France,77
68112,Guebwiller,ville_moyenne,population,Grand Est,68
59544,Saint-Saulve,ville_moyenne,population,Hauts-de-France,59
44003,Ancenis-Saint-Géréon,ville_moyenne,population,Pays de la Loire,44
33051,Biganos,ville_moyenne,population,Nouvelle-Aquitaine,33
69271,Chassieu,ville_moyenne,population,Auvergne-Rhône-Alpes,69
44129,Pontchâteau,ville_moyenne,population,Pays de la Loire,44
74208,Passy,ville_moyenne,population,Auvergne-Rhône-Alpes,74
57660,Stiring-Wendel,ville_moyenne,population,Grand Est,57
87114,Panazol,ville_moyenne,population,Nouvelle-Aquitaine,87
28229,Mainvilliers,ville_moyenne,population,Centre-Val de Loire,28
83073,Le Luc,ville_moyenne,population,Provence-Alpes-Côte d'Azur,83
37156,Montlouis-sur-Loire,ville_moyenne,population,Centre-Val de Loire,37
42184,Riorges,ville_moyenne,population,Auvergne-Rhône-Alpes,42
76410,Maromme,ville_moyenne,population,Normandie,76
72003,Allonnes,ville_moyenne,population,Pays de la Loire,72
62758,Saint-Martin-Boulogne,ville_moyenne,population,Hauts-de-France,62
36088,Issoudun,ville_moyenne,population,Centre-Val de Loire,36
11203,Lézignan-Corbières,ville_moyenne,population,Occitanie,11
21171,Chevigny-Saint-Sauveur,ville_moyenne,population,Bourgogne-Franche-Comté,21
69273,Corbas,ville_moyenne,population,Auvergne-Rhône-Alpes,69
62318,Étaples,ville_moyenne,population,Hauts-de-France,62
01160,Ferney-Voltaire,ville_moyenne,population,Auvergne-Rhône-Alpes,01
49050,Brissac Loire Aubance,ville_moyenne,population,Pays de la Loire,49
67130,Erstein,ville_moyenne,population,Grand Est,67
31116,Castelginest,ville_moyenne,population,Occitanie,31
91086,Bondoufle,ville_moyenne,population,Île-de-France,91
81140,Lavaur,ville_moyenne,population,Occitanie,81
57019,Amnéville,ville_moyenne,population,Grand Est,57
38317,Le Pont-de-Claix,ville_moyenne,population,Auvergne-Rhône-Alpes,38
59636,Wambrechies,ville_moyenne,population,Hauts-de-France,59
66008,Argelès-sur-Mer,ville_moyenne,population,Occitanie,66
44204,Thouaré-sur-Loire,ville_moyenne,population,Pays de la Loire,44
59011,Annœullin,ville_moyenne,population,Hauts-de-France,59
25580,Valentigney,ville_moyenne,population,Bourgogne-Franche-Comté,25
91216,Épinay-sur-Orge,ville_moyenne,population,Île-de-France,91
76216,Déville-lès-Rouen,ville_moyenne,population,Normandie,76
37109,Fondettes,ville_moyenne,population,Centre-Val de Loire,37
78138,Chanteloup-les-Vignes,ville_moyenne,population,Île-de-France,78
66141,Pia,ville_moyenne,population,Occitanie,66
83098,Le Pradet,ville_moyenne,population,Provence-Alpes-Côte d'Azur,83
33519,Le Taillan-Médoc,ville_moyenne,population,Nouvelle-Aquitaine,33
78688,Voisins-le-Bretonneux,ville_moyenne,population,Île-de-France,78
33238,Léognan,ville_moyenne,population,Nouvelle-Aquitaine,33
24053,Boulazac Isle Manoire,ville_moyenne,population,Nouvelle-Aquitaine,24
92077,Ville-d'Avray,ville_moyenne,population,Île-de-France,92
64430,Orthez,ville_moyenne,population,Nouvelle-Aquitaine,64
13110,Trets,ville_moyenne,population,Provence-Alpes-Côte d'Azur,13
60141,Chantilly,ville_moyenne,population,Hauts-de-France,60
63032,Beaumont,ville_moyenne,population,Auvergne-Rhône-Alpes,63
84088,Pernes-les-Fontaines,ville_moyenne,population,Provence-Alpes-Côte d'Azur,84
64422,Oloron-Sainte-Marie,ville_moyenne,population,Nouvelle-Aquitaine,64
30202,Pont-Saint-Esprit,ville_moyenne,population,Occitanie,30
62525,Longuenesse,ville_moyenne,population,Hauts-de-France,62
05023,Briançon,ville_moyenne,population,Provence-Alpes-Côte d'Azur,05
13069,Pélissanne,ville_moyenne,population,Provence-Alpes-Côte d'Azur,13
51573,Tinqueux,ville_moyenne,population,Grand Est,51
64545,Urrugne,ville_moyenne,population,Nouvelle-Aquitaine,64
94055,Ormesson-sur-Marne,ville_moyenne,population,Île-de-France,94
34255,Saint-Gély-du-Fesc,ville_moyenne,population,Occitanie,34
84003,Apt,ville_moyenne,population,Provence-Alpes-Côte d'Azur,84
06084,Mouans-Sartoux,ville_moyenne,population,Provence-Alpes-Côte d'Azur,06
35069,Châteaugiron,ville_moyenne,population,Bretagne,35
10362,Sainte-Savine,ville_moyenne,population,Grand Est,10
62548,Marck,ville_moyenne,population,Hauts-de-France,62
70285,Héricourt,ville_moyenne,population,Bourgogne-Franche-Comté,70
60157,Clermont,ville_moyenne,population,Hauts-de-France,60
02810,Villers-Cotterêts,ville_moyenne,population,Hauts-de-France,02
59616,Vieux-Condé,ville_moyenne,population,Hauts-de-France,59
69243,Tarare,ville_moyenne,population,Auvergne-Rhône-Alpes,69
26252,Portes-lès-Valence,ville_moyenne,population,Auvergne-Rhône-Alpes,26
34337,Villeneuve-lès-Maguelone,ville_moyenne,population,Occitanie,34
77464,Thorigny-sur-Marne,ville_moyenne,population,Île-de-France,77
78190,Croissy-sur-Seine,ville_moyenne,population,Île-de-France,78
76476,Port-Jérôme-sur-Seine,ville_moyenne,population,Normandie,76
31588,Villeneuve-Tolosane,ville_moyenne,population,Occitanie,31
59324,Jeumont,ville_moyenne,population,Hauts-de-France,59
66028,Cabestany,ville_moyenne,population,Occitanie,66
68375,Wittelsheim,ville_moyenne,population,Grand Est,68
37195,La Riche,ville_moyenne,population,Centre-Val de Loire,37
91661,Villebon-sur-Yvette,ville_moyenne,population,Île-de-France,91
11206,Limoux,ville_moyenne,population,Occitanie,11
38085,Charvieu-Chavagneux,ville_moyenne,population,Auvergne-Rhône-Alpes,38
06149,La Trinité,ville_moyenne,population,Provence-Alpes-Côte d'Azur,06
63164,Gerzat,ville_moyenne,population,Auvergne-Rhône-Alpes,63
50025,Avranches,ville_moyenne,population,Normandie,50
67067,Brumath,ville_moyenne,population,Grand Est,67
68256,Pfastatt,ville_moyenne,population,Grand Est,68
35055,Chantepie,ville_moyenne,population,Bretagne,35
44209,Treillières,ville_moyenne,population,Pays de la Loire,44
01249,Miribel,ville_moyenne,population,Auvergne-Rhône-Alpes,01
50099,Carentan-les-Marais,ville_moyenne,population,Normandie,50
35093,Dinard,ville_moyenne,population,Bretagne,35
45075,La Chapelle-Saint-Mesmin,ville_moyenne,population,Centre-Val de Loire,45
91312,Igny,ville_moyenne,population,Île-de-France,91
63014,Aubière,ville_moyenne,population,Auvergne-Rhône-Alpes,63
62637,Oignies,ville_moyenne,population,Hauts-de-France,62
59179,Douchy-les-Mines,ville_moyenne,population,Hauts-de-France,59
62250,Courrières,ville_moyenne,population,Hauts-de-France,62
42005,Andrézieux-Bouthéon,ville_moyenne,population,Auvergne-Rhône-Alpes,42
44015,Blain,ville_moyenne,population,Pays de la Loire,44
74133,Gaillard,ville_moyenne,population,Auvergne-Rhône-Alpes,74
59426,Neuville-en-Ferrain,ville_moyenne,population,Hauts-de-France,59
85003,Aizenay,ville_moyenne,population,Pays de la Loire,85
33312,Parempuyre,ville_moyenne,population,Nouvelle-Aquitaine,33
01143,Divonne-les-Bains,ville_moyenne,population,Auvergne-Rhône-Alpes,01
38468,Salaise-sur-Sanne,industrielle_portuaire,industrie_Auvergne-Rhône-Alpes,Auvergne-Rhône-Alpes,38
21355,Longvic,industrielle_portuaire,industrie_Bourgogne-Franche-Comté,Bourgogne-Franche-Comté,21
35352,Vern-sur-Seiche,industrielle_portuaire,industrie_Bretagne,Bretagne,35
18050,La Chapelle-Saint-Ursin,industrielle_portuaire,industrie_Centre-Val de Loire,Centre-Val de Loire,18
2B120,Furiani,industrielle_portuaire,industrie_Corse,Corse,2B
57336,L'Hôpital,industrielle_portuaire,industrie_Grand Est,Grand Est,57
59028,Auby,industrielle_portuaire,industrie_Hauts-de-France,Hauts-de-France,59
76533,Rogerville,industrielle_portuaire,industrie_Normandie,Normandie,76
64410,Mourenx,industrielle_portuaire,industrie_Nouvelle-Aquitaine,Nouvelle-Aquitaine,64
31433,Portet-sur-Garonne,industrielle_portuaire,industrie_Occitanie,Occitanie,31
72008,Arnage,industrielle_portuaire,industrie_Pays de la Loire,Pays de la Loire,72
13078,Port-Saint-Louis-du-Rhône,industrielle_portuaire,industrie_Provence-Alpes-Côte d'Azur,Provence-Alpes-Côte d'Azur,13
93039,L'Île-Saint-Denis,industrielle_portuaire,industrie_Île-de-France,Île-de-France,93
69100,Irigny,industrielle_portuaire,industrie_Auvergne-Rhône-Alpes,Auvergne-Rhône-Alpes,69
71154,Crissey,industrielle_portuaire,industrie_Bourgogne-Franche-Comté,Bourgogne-Franche-Comté,71
22136,Loudéac,industrielle_portuaire,industrie_Bretagne,Bretagne,22
45252,Pithiviers,industrielle_portuaire,industrie_Centre-Val de Loire,Centre-Val de Loire,45
2B220,Piedigriggio,industrielle_portuaire,industrie_Corse,Corse,2B
57123,Carling,industrielle_portuaire,industrie_Grand Est,Grand Est,57
59234,Flers-en-Escrebieux,industrielle_portuaire,industrie_Hauts-de-France,Hauts-de-France,59
76489,Oudalle,industrielle_portuaire,industrie_Normandie,Normandie,76
64418,Noguères,industrielle_portuaire,industrie_Nouvelle-Aquitaine,Nouvelle-Aquitaine,64
31293,Lespinasse,industrielle_portuaire,industrie_Occitanie,Occitanie,31
72189,Marolles-les-Braults,industrielle_portuaire,industrie_Pays de la Loire,Pays de la Loire,72
06010,Le Bar-sur-Loup,industrielle_portuaire,industrie_Provence-Alpes-Côte d'Azur,Provence-Alpes-Côte d'Azur,06
77123,Compans,industrielle_portuaire,industrie_Île-de-France,Île-de-France,77
69142,La Mulatière,industrielle_portuaire,industrie_Auvergne-Rhône-Alpes,Auvergne-Rhône-Alpes,69
21713,Vonges,industrielle_portuaire,industrie_Bourgogne-Franche-Comté,Bourgogne-Franche-Comté,21
35131,L'Hermitage,industrielle_portuaire,industrie_Bretagne,Bretagne,35
45308,Semoy,industrielle_portuaire,industrie_Centre-Val de Loire,Centre-Val de Loire,45
2A006,Alata,industrielle_portuaire,industrie_Corse,Corse,2A
57303,Hauconcourt,industrielle_portuaire,industrie_Grand Est,Grand Est,57
59359,Loon-Plage,industrielle_portuaire,industrie_Hauts-de-France,Hauts-de-France,59
76660,Sandouville,industrielle_portuaire,industrie_Normandie,Normandie,76
64431,Os-Marsillon,industrielle_portuaire,industrie_Nouvelle-Aquitaine,Nouvelle-Aquitaine,64
12305,Viviez,industrielle_portuaire,industrie_Occitanie,Occitanie,12
44103,Montoir-de-Bretagne,industrielle_portuaire,industrie_Pays de la Loire,Pays de la Loire,44
13102,Saint-Victoret,industrielle_portuaire,industrie_Provence-Alpes-Côte d'Azur,Provence-Alpes-Côte d'Azur,13
94001,Ablon-sur-Seine,industrielle_portuaire,industrie_Île-de-France,Île-de-France,94
38298,Le Péage-de-Roussillon,industrielle_portuaire,industrie_Auvergne-Rhône-Alpes,Auvergne-Rhône-Alpes,38
21261,Fauverney,industrielle_portuaire,industrie_Bourgogne-Franche-Comté,Bourgogne-Franche-Comté,21
29302,Pont-de-Buis-lès-Quimerch,industrielle_portuaire,industrie_Bretagne,Bretagne,29
37273,La Ville-aux-Dames,industrielle_portuaire,industrie_Centre-Val de Loire,Centre-Val de Loire,37
2B148,Lucciana,industrielle_portuaire,industrie_Corse,Corse,2B
57582,Richemont,industrielle_portuaire,industrie_Grand Est,Grand Est,57
59156,Courchelettes,industrielle_portuaire,industrie_Hauts-de-France,Hauts-de-France,59
76497,Petit-Couronne,industrielle_portuaire,industrie_Normandie,Normandie,76
64443,Pardies,industrielle_portuaire,industrie_Nouvelle-Aquitaine,Nouvelle-Aquitaine,64
30004,Aigues-Vives,industrielle_portuaire,industrie_Occitanie,Occitanie,30
72364,Vaas,industrielle_portuaire,industrie_Pays de la Loire,Pays de la Loire,72
04209,Sisteron,industrielle_portuaire,industrie_Provence-Alpes-Côte d'Azur,Provence-Alpes-Côte d'Azur,04
95154,Chennevières-lès-Louvres,industrielle_portuaire,industrie_Île-de-France,Île-de-France,95
38344,Roussillon,industrielle_portuaire,industrie_Auvergne-Rhône-Alpes,Auvergne-Rhône-Alpes,38
21452,Neuilly-Crimolois,industrielle_portuaire,industrie_Bourgogne-Franche-Comté,Bourgogne-Franche-Comté,21
22202,Plévin,industrielle_portuaire,industrie_Bretagne,Bretagne,22
41091,Fossé,industrielle_portuaire,industrie_Centre-Val de Loire,Centre-Val de Loire,41
2B059,Canavaggia,industrielle_portuaire,industrie_Corse,Corse,2B
57765,Diesen,industrielle_portuaire,industrie_Grand Est,Grand Est,57
59654,Waziers,industrielle_portuaire,industrie_Hauts-de-France,Hauts-de-France,59
76341,Harfleur,industrielle_portuaire,industrie_Normandie,Normandie,76
33032,Bassens,industrielle_portuaire,industrie_Nouvelle-Aquitaine,Nouvelle-Aquitaine,33
31084,Boussens,industrielle_portuaire,industrie_Occitanie,Occitanie,31
44074,Indre,industrielle_portuaire,industrie_Pays de la Loire,Pays de la Loire,44
04049,Château-Arnoux-Saint-Auban,industrielle_portuaire,industrie_Provence-Alpes-Côte d'Azur,Provence-Alpes-Côte d'Azur,04
95212,Épiais-lès-Louvres,industrielle_portuaire,industrie_Île-de-France,Île-de-France,95
01390,Saint-Vulbas,industrielle_portuaire,industrie_Auvergne-Rhône-Alpes,Auvergne-Rhône-Alpes,01
25197,Deluz,industrielle_portuaire,industrie_Bourgogne-Franche-Comté,Bourgogne-Franche-Comté,25
35065,La Chapelle-Thouarault,industrielle_portuaire,industrie_Bretagne,Bretagne,35
45030,Beaune-la-Rolande,industrielle_portuaire,industrie_Centre-Val de Loire,Centre-Val de Loire,45
2B346,Vescovato,industrielle_portuaire,industrie_Corse,Corse,2B
57550,Porcelette,industrielle_portuaire,industrie_Grand Est,Grand Est,57
59288,Haulchin,industrielle_portuaire,industrie_Hauts-de-France,Hauts-de-France,59
76282,Freneuse,industrielle_portuaire,industrie_Normandie,Normandie,76
64003,Abidos,industrielle_portuaire,industrie_Nouvelle-Aquitaine,Nouvelle-Aquitaine,64
31169,Escalquens,industrielle_portuaire,industrie_Occitanie,Occitanie,31
49215,Montreuil-Bellay,industrielle_portuaire,industrie_Pays de la Loire,Pays de la Loire,49
13070,La Penne-sur-Huveaune,industrielle_portuaire,industrie_Provence-Alpes-Côte d'Azur,Provence-Alpes-Côte d'Azur,13
78501,Porcheville,industrielle_portuaire,industrie_Île-de-France,Île-de-France,78
38349,Sablons,industrielle_portuaire,industrie_Auvergne-Rhône-Alpes,Auvergne-Rhône-Alpes,38
25267,Gennes,industrielle_portuaire,industrie_Bourgogne-Franche-Comté,Bourgogne-Franche-Comté,25
35241,La Richardais,industrielle_portuaire,industrie_Bretagne,Bretagne,35
41276,Villebarou,industrielle_portuaire,industrie_Centre-Val de Loire,Centre-Val de Loire,41
2B343,Venzolasca,industrielle_portuaire,industrie_Corse,Corse,2B
57647,Serémange-Erzange,industrielle_portuaire,industrie_Grand Est,Grand Est,57
59566,Sequedin,industrielle_portuaire,industrie_Hauts-de-France,Hauts-de-France,59
76486,Orival,industrielle_portuaire,industrie_Normandie,Normandie,76
64117,Bésingrand,industrielle_portuaire,industrie_Nouvelle-Aquitaine,Nouvelle-Aquitaine,64
46029,Biars-sur-Cère,industrielle_portuaire,industrie_Occitanie,Occitanie,46
49067,Chenillé-Champteussé,industrielle_portuaire,industrie_Pays de la Loire,Pays de la Loire,49
04190,Saint-Martin-les-Eaux,industrielle_portuaire,industrie_Provence-Alpes-Côte d'Azur,Provence-Alpes-Côte d'Azur,04
78314,Issou,industrielle_portuaire,industrie_Île-de-France,Île-de-France,78
38449,Saint-Quentin-Fallavier,industrielle_portuaire,industrie_Auvergne-Rhône-Alpes,Auvergne-Rhône-Alpes,38
21233,Drambon,industrielle_portuaire,industrie_Bourgogne-Franche-Comté,Bourgogne-Franche-Comté,21
56185,Quéven,industrielle_portuaire,industrie_Bretagne,Bretagne,56
45034,Boigny-sur-Bionne,industrielle_portuaire,industrie_Centre-Val de Loire,Centre-Val de Loire,45
2B169,Morosaglia,industrielle_portuaire,industrie_Corse,Corse,2B
67389,Reichstett,industrielle_portuaire,industrie_Grand Est,Grand Est,67
62033,Annay,industrielle_portuaire,industrie_Hauts-de-France,Hauts-de-France,62
76384,Lillebonne,industrielle_portuaire,industrie_Normandie,Normandie,76
64396,Mont,industrielle_portuaire,industrie_Nouvelle-Aquitaine,Nouvelle-Aquitaine,64
82123,Montbartier,industrielle_portuaire,industrie_Occitanie,Occitanie,82
44125,Piriac-sur-Mer,industrielle_portuaire,industrie_Pays de la Loire,Pays de la Loire,44
06034,Castagniers,industrielle_portuaire,industrie_Provence-Alpes-Côte d'Azur,Provence-Alpes-Côte d'Azur,06
91479,Paray-Vieille-Poste,industrielle_portuaire,industrie_Île-de-France,Île-de-France,91
69296,Solaize,industrielle_portuaire,industrie_Auvergne-Rhône-Alpes,Auvergne-Rhône-Alpes,69
39189,Damparis,industrielle_portuaire,industrie_Bourgogne-Franche-Comté,Bourgogne-Franche-Comté,39
22373,Tréogan,industrielle_portuaire,industrie_Bretagne,Bretagne,22
45197,Marigny-les-Usages,industrielle_portuaire,industrie_Centre-Val de Loire,Centre-Val de Loire,45
2B337,Valle-di-Rostino,industrielle_portuaire,industrie_Corse,Corse,2B
68348,Vieux-Thann,industrielle_portuaire,industrie_Grand Est,Grand Est,68
80024,Argœuves,industrielle_portuaire,industrie_Hauts-de-France,Hauts-de-France,80
76561,Saint-Aubin-lès-Elbeuf,industrielle_portuaire,industrie_Normandie,Normandie,76
33096,Carbon-Blanc,industrielle_portuaire,industrie_Nouvelle-Aquitaine,Nouvelle-Aquitaine,33
11266,Port-la-Nouvelle,industrielle_portuaire,industrie_Occitanie,Occitanie,11
53036,Bouère,industrielle_portuaire,industrie_Pays de la Loire,Pays de la Loire,53
06038,Châteauneuf-Grasse,industrielle_portuaire,industrie_Provence-Alpes-Côte d'Azur,Provence-Alpes-Côte d'Azur,06
95394,Méry-sur-Oise,industrielle_portuaire,industrie_Île-de-France,Île-de-France,95
01047,Blyes,industrielle_portuaire,industrie_Auvergne-Rhône-Alpes,Auvergne-Rhône-Alpes,01
21473,Ouges,industrielle_portuaire,industrie_Bourgogne-Franche-Comté,Bourgogne-Franche-Comté,21
35070,Châteauneuf-d'Ille-et-Vilaine,industrielle_portuaire,industrie_Bretagne,Bretagne,35
37152,Mettray,industrielle_portuaire,industrie_Centre-Val de Loire,Centre-Val de Loire,37
2A032,Bastelicaccia,industrielle_portuaire,industrie_Corse,Corse,2A
51474,Saint-Brice-Courcelles,industrielle_portuaire,industrie_Grand Est,Grand Est,51
59131,Cappelle-la-Grande,industrielle_portuaire,industrie_Hauts-de-France,Hauts-de-France,59
76178,Cléon,industrielle_portuaire,industrie_Normandie,Normandie,76
64061,Artix,industrielle_portuaire,industrie_Nouvelle-Aquitaine,Nouvelle-Aquitaine,64
30305,Salindres,industrielle_portuaire,industrie_Occitanie,Occitanie,30
72155,Laigné-Saint-Gervais,industrielle_portuaire,industrie_Pays de la Loire,Pays de la Loire,72
13043,Gignac-la-Nerthe,industrielle_portuaire,industrie_Provence-Alpes-Côte d'Azur,Provence-Alpes-Côte d'Azur,13
95580,Saint-Witz,industrielle_portuaire,industrie_Île-de-France,Île-de-France,95
38068,Champagnier,industrielle_portuaire,industrie_Auvergne-Rhône-Alpes,Auvergne-Rhône-Alpes,38
39526,Tavaux,industrielle_portuaire,industrie_Bourgogne-Franche-Comté,Bourgogne-Franche-Comté,39
29102,Landeleau,industrielle_portuaire,industrie_Bretagne,Bretagne,29
45053,Briare,industrielle_portuaire,industrie_Centre-Val de Loire,Centre-Val de Loire,45
2B037,Biguglia,industrielle_portuaire,industrie_Corse,Corse,2B
68149,Huningue,industrielle_portuaire,industrie_Grand Est,Grand Est,68
59193,Emmerin,industrielle_portuaire,industrie_Hauts-de-France,Hauts-de-France,59
76592,Saint-Jean-de-Folleville,industrielle_portuaire,industrie_Normandie,Normandie,76
64306,Lahourcade,industrielle_portuaire,industrie_Nouvelle-Aquitaine,Nouvelle-Aquitaine,64
34023,Balaruc-les-Bains,industrielle_portuaire,industrie_Occitanie,Occitanie,34
72344,Spay,industrielle_portuaire,industrie_Pays de la Loire,Pays de la Loire,72
83099,Puget-sur-Argens,industrielle_portuaire,industrie_Provence-Alpes-Côte d'Azur,Provence-Alpes-Côte d'Azur,83
77016,Bagneaux-sur-Loing,industrielle_portuaire,industrie_Île-de-France,Île-de-France,77
69115,Limas,industrielle_portuaire,industrie_Auvergne-Rhône-Alpes,Auvergne-Rhône-Alpes,69
58079,Clamecy,industrielle_portuaire,industrie_Bourgogne-Franche-Comté,Bourgogne-Franche-Comté,58
56118,Locmiquélic,industrielle_portuaire,industrie_Bretagne,Bretagne,56
18157,Morthomiers,industrielle_portuaire,industrie_Centre-Val de Loire,Centre-Val de Loire,18
2A349,Viggianello,industrielle_portuaire,industrie_Corse,Corse,2A
51504,Saint-Martin-sur-le-Pré,industrielle_portuaire,industrie_Grand Est,Grand Est,51
59329,Lambres-lez-Douai,industrielle_portuaire,industrie_Hauts-de-France,Hauts-de-France,59
76717,Val-de-la-Haye,industrielle_portuaire,industrie_Normandie,Normandie,76
33004,Ambès,industrielle_portuaire,industrie_Nouvelle-Aquitaine,Nouvelle-Aquitaine,33
30185,Mus,industrielle_portuaire,industrie_Occitanie,Occitanie,30
72167,Louailles,industrielle_portuaire,industrie_Pays de la Loire,Pays de la Loire,72
06126,Saint-Martin-du-Var,industrielle_portuaire,industrie_Provence-Alpes-Côte d'Azur,Provence-Alpes-Côte d'Azur,06
77282,Mauregard,industrielle_portuaire,industrie_Île-de-France,Île-de-France,77
69292,Sathonay-Camp,industrielle_portuaire,industrie_Auvergne-Rhône-Alpes,Auvergne-Rhône-Alpes,69
70428,Pusey,industrielle_portuaire,industrie_Bourgogne-Franche-Comté,Bourgogne-Franche-Comté,70
22155,La Motte,industrielle_portuaire,industrie_Bretagne,Bretagne,22
18255,Le Subdray,industrielle_portuaire,industrie_Centre-Val de Loire,Centre-Val de Loire,18
2A001,Afa,industrielle_portuaire,industrie_Corse,Corse,2A
51617,La Veuve,industrielle_portuaire,industrie_Grand Est,Grand Est,51
60684,Villers-Saint-Paul,industrielle_portuaire,industrie_Hauts-de-France,Hauts-de-France,60
76640,Saint-Pierre-lès-Elbeuf,industrielle_portuaire,industrie_Normandie,Normandie,76
33035,Bayon-sur-Gironde,industrielle_portuaire,industrie_Nouvelle-Aquitaine,Nouvelle-Aquitaine,33
32393,Saint-Maur,industrielle_portuaire,industrie_Occitanie,Occitanie,32
72200,Moncé-en-Belin,industrielle_portuaire,industrie_Pays de la Loire,Pays de la Loire,72
13019,Cabriès,industrielle_portuaire,industrie_Provence-Alpes-Côte d'Azur,Provence-Alpes-Côte d'Azur,13
77470,Tournan-en-Brie,industrielle_portuaire,industrie_Île-de-France,Île-de-France,77
07316,Soyons,industrielle_portuaire,industrie_Auvergne-Rhône-Alpes,Auvergne-Rhône-Alpes,07
71040,Blanzy,industrielle_portuaire,industrie_Bourgogne-Franche-Comté,Bourgogne-Franche-Comté,71
29263,Saint-Ségal,industrielle_portuaire,industrie_Bretagne,Bretagne,29
28317,Roinville,industrielle_portuaire,industrie_Centre-Val de Loire,Centre-Val de Loire,28
2A351,Villanova,industrielle_portuaire,industrie_Corse,Corse,2A
54079,Blénod-lès-Pont-à-Mousson,industrielle_portuaire,industrie_Grand Est,Grand Est,54
62311,Estevelles,industrielle_portuaire,industrie_Hauts-de-France,Hauts-de-France,62
27485,Quillebeuf-sur-Seine,industrielle_portuaire,industrie_Normandie,Normandie,27
16169,Javrezac,industrielle_portuaire,industrie_Nouvelle-Aquitaine,Nouvelle-Aquitaine,16
31457,Roquefort-sur-Garonne,industrielle_portuaire,industrie_Occitanie,Occitanie,31
49214,Montreuil-Juigné,industrielle_portuaire,industrie_Pays de la Loire,Pays de la Loire,49
06117,Saint-Blaise,industrielle_portuaire,industrie_Provence-Alpes-Côte d'Azur,Provence-Alpes-Côte d'Azur,06
91129,Cerny,industrielle_portuaire,industrie_Île-de-France,Île-de-France,91
69207,Saint-Germain-au-Mont-d'Or,industrielle_portuaire,industrie_Auvergne-Rhône-Alpes,Auvergne-Rhône-Alpes,69
21496,Pontailler-sur-Saône,industrielle_portuaire,industrie_Bourgogne-Franche-Comté,Bourgogne-Franche-Comté,21
35068,Châteaubourg,industrielle_portuaire,industrie_Bretagne,Bretagne,35
37206,Saint-Antoine-du-Rocher,industrielle_portuaire,industrie_Centre-Val de Loire,Centre-Val de Loire,37
2B077,Castellare-di-Casinca,industrielle_portuaire,industrie_Corse,Corse,2B
57683,Uckange,industrielle_portuaire,industrie_Grand Est,Grand Est,57
62351,Fouquières-lès-Lens,industrielle_portuaire,industrie_Hauts-de-France,Hauts-de-France,62
27697,Vironvay,industrielle_portuaire,industrie_Normandie,Normandie,27
16217,Merpins,industrielle_portuaire,industrie_Nouvelle-Aquitaine,Nouvelle-Aquitaine,16
34336,Villeneuve-lès-Béziers,industrielle_portuaire,industrie_Occitanie,Occitanie,34
53110,Grez-en-Bouère,industrielle_portuaire,industrie_Pays de la Loire,Pays de la Loire,53
13112,Velaux,industrielle_portuaire,industrie_Provence-Alpes-Côte d'Azur,Provence-Alpes-Côte d'Azur,13
91198,D'Huison-Longueville,industrielle_portuaire,industrie_Île-de-France,Île-de-France,91
38087,Chasse-sur-Rhône,industrielle_portuaire,industrie_Auvergne-Rhône-Alpes,Auvergne-Rhône-Alpes,38
70513,Vaivre-et-Montoille,industrielle_portuaire,industrie_Bourgogne-Franche-Comté,Bourgogne-Franche-Comté,70
35287,Saint-Lunaire,industrielle_portuaire,industrie_Bretagne,Bretagne,35
45008,Artenay,industrielle_portuaire,industrie_Centre-Val de Loire,Centre-Val de Loire,45
2B162,Moltifao,industrielle_portuaire,industrie_Corse,Corse,2B
67106,Drusenheim,industrielle_portuaire,industrie_Grand Est,Grand Est,67
62473,Isbergues,industrielle_portuaire,industrie_Hauts-de-France,Hauts-de-France,62
27599,Saint-Pierre-la-Garenne,industrielle_portuaire,industrie_Normandie,Normandie,27
64126,Bidos,industrielle_portuaire,industrie_Nouvelle-Aquitaine,Nouvelle-Aquitaine,64
46038,Bretenoux,industrielle_portuaire,industrie_Occitanie,Occitanie,46
44101,La Montagne,industrielle_portuaire,industrie_Pays de la Loire,Pays de la Loire,44
84063,Lamotte-du-Rhône,industrielle_portuaire,industrie_Provence-Alpes-Côte d'Azur,Provence-Alpes-Côte d'Azur,84
91649,Vert-le-Petit,industrielle_portuaire,industrie_Île-de-France,Île-de-France,91
38184,Grenay,industrielle_portuaire,industrie_Auvergne-Rhône-Alpes,Auvergne-Rhône-Alpes,38
71445,Saint-Marcel,industrielle_portuaire,industrie_Bourgogne-Franche-Comté,Bourgogne-Franche-Comté,71
35294,Sainte-Marie,industrielle_portuaire,industrie_Bretagne,Bretagne,35
18015,Aubigny-sur-Nère,industrielle_portuaire,industrie_Centre-Val de Loire,Centre-Val de Loire,18
2B192,Olmo,industrielle_portuaire,industrie_Corse,Corse,2B
67261,Lauterbourg,industrielle_portuaire,industrie_Grand Est,Grand Est,67
62628,Noyelles-sous-Lens,industrielle_portuaire,industrie_Hauts-de-France,Hauts-de-France,62
76165,Caudebec-lès-Elbeuf,industrielle_portuaire,industrie_Normandie,Normandie,76
16058,Boutiers-Saint-Trojan,industrielle_portuaire,industrie_Nouvelle-Aquitaine,Nouvelle-Aquitaine,16
46123,Girac,industrielle_portuaire,industrie_Occitanie,Occitanie,46
53054,Changé,industrielle_portuaire,industrie_Pays de la Loire,Pays de la Loire,53
04068,Dauphin,industrielle_portuaire,industrie_Provence-Alpes-Côte d'Azur,Provence-Alpes-Côte d'Azur,04
77199,Fublaines,industrielle_portuaire,industrie_Île-de-France,Île-de-France,77
38378,Saint-Clair-du-Rhône,industrielle_portuaire,industrie_Auvergne-Rhône-Alpes,Auvergne-Rhône-Alpes,38
90051,Froidefontaine,industrielle_portuaire,industrie_Bourgogne-Franche-Comté,Bourgogne-Franche-Comté,90
56181,Port-Louis,industrielle_portuaire,industrie_Bretagne,Bretagne,56
28104,Coltainville,industrielle_portuaire,industrie_Centre-Val de Loire,Centre-Val de Loire,28
2B207,Penta-di-Casinca,industrielle_portuaire,industrie_Corse,Corse,2B
67506,Vendenheim,industrielle_portuaire,industrie_Grand Est,Grand Est,67
62666,Pont-à-Vendin,industrielle_portuaire,industrie_Hauts-de-France,Hauts-de-France,62
14437,Mondeville,industrielle_portuaire,industrie_Normandie,Normandie,14
16089,Châteaubernard,industrielle_portuaire,industrie_Nouvelle-Aquitaine,Nouvelle-Aquitaine,16
30012,Aramon,industrielle_portuaire,industrie_Occitanie,Occitanie,30
53224,Saint-Germain-le-Fouilloux,industrielle_portuaire,industrie_Pays de la Loire,Pays de la Loire,53
04079,L'Escale,industrielle_portuaire,industrie_Provence-Alpes-Côte d'Azur,Provence-Alpes-Côte d'Azur,04
93074,Vaujours,industrielle_portuaire,industrie_Île-de-France,Île-de-France,93
07143,Limony,industrielle_portuaire,industrie_Auvergne-Rhône-Alpes,Auvergne-Rhône-Alpes,07
21481,Perrigny-lès-Dijon,industrielle_portuaire,industrie_Bourgogne-Franche-Comté,Bourgogne-Franche-Comté,21
29241,Rosporden,industrielle_portuaire,industrie_Bretagne,Bretagne,29
45146,La Ferté-Saint-Aubin,industrielle_portuaire,industrie_Centre-Val de Loire,Centre-Val de Loire,45
2B350,Vignale,industrielle_portuaire,industrie_Corse,Corse,2B
68349,Village-Neuf,industrielle_portuaire,industrie_Grand Est,Grand Est,68
62895,Wingles,industrielle_portuaire,industrie_Hauts-de-France,Hauts-de-France,62
27332,Heudebouville,industrielle_portuaire,industrie_Normandie,Normandie,27
33262,Macau,industrielle_portuaire,industrie_Nouvelle-Aquitaine,Nouvelle-Aquitaine,33
31091,Bruguières,industrielle_portuaire,industrie_Occitanie,Occitanie,31
85237,Saint-Laurent-de-la-Salle,industrielle_portuaire,industrie_Pays de la Loire,Pays de la Loire,85
06006,Aspremont,industrielle_portuaire,industrie_Provence-Alpes-Côte d'Azur,Provence-Alpes-Côte d'Azur,06
77214,Gressy,industrielle_portuaire,industrie_Île-de-France,Île-de-France,77
07313,Serrières,industrielle_portuaire,industrie_Auvergne-Rhône-Alpes,Auvergne-Rhône-Alpes,07
21605,Sennecey-lès-Dijon,industrielle_portuaire,industrie_Bourgogne-Franche-Comté,Bourgogne-Franche-Comté,21
35179,Miniac-Morvan,industrielle_portuaire,industrie_Bretagne,Bretagne,35
36202,Saint-Maur,industrielle_portuaire,industrie_Centre-Val de Loire,Centre-Val de Loire,36
2B250,Prunelli-di-Casacconi,industrielle_portuaire,industrie_Corse,Corse,2B
88209,Golbey,industrielle_portuaire,industrie_Grand Est,Grand Est,88
59165,Cuincy,industrielle_portuaire,industrie_Hauts-de-France,Hauts-de-France,59
27394,Martot,industrielle_portuaire,industrie_Normandie,Normandie,27
40075,Castets,industrielle_portuaire,industrie_Nouvelle-Aquitaine,Nouvelle-Aquitaine,40
31205,Gagnac-sur-Garonne,industrielle_portuaire,industrie_Occitanie,Occitanie,31
44116,Paimbœuf,industrielle_portuaire,industrie_Pays de la Loire,Pays de la Loire,44
83141,Trans-en-Provence,industrielle_portuaire,industrie_Provence-Alpes-Côte d'Azur,Provence-Alpes-Côte d'Azur,83
78062,Beynes,industrielle_portuaire,industrie_Île-de-France,Île-de-France,78
07349,La Voulte-sur-Rhône,industrielle_portuaire,industrie_Auvergne-Rhône-Alpes,Auvergne-Rhône-Alpes,07
71204,Fragnes-La Loyère,industrielle_portuaire,industrie_Bourgogne-Franche-Comté,Bourgogne-Franche-Comté,71
56063,Gestel,industrielle_portuaire,industrie_Bretagne,Bretagne,56
37063,Château-Renault,industrielle_portuaire,industrie_Centre-Val de Loire,Centre-Val de Loire,37
2B248,Prato-di-Giovellina,industrielle_portuaire,industrie_Corse,Corse,2B
51054,Bétheniville,industrielle_portuaire,industrie_Grand Est,Grand Est,51
60106,Breuil-le-Sec,industrielle_portuaire,industrie_Hauts-de-France,Hauts-de-France,60
76296,Gainneville,industrielle_portuaire,industrie_Normandie,Normandie,76
16152,Gimeux,industrielle_portuaire,industrie_Nouvelle-Aquitaine,Nouvelle-Aquitaine,16
82028,Canals,industrielle_portuaire,industrie_Occitanie,Occitanie,82
44144,Riaillé,industrielle_portuaire,industrie_Pays de la Loire,Pays de la Loire,44
06064,Gattières,industrielle_portuaire,industrie_Provence-Alpes-Côte d'Azur,Provence-Alpes-Côte d'Azur,06
78168,Coignières,industrielle_portuaire,industrie_Île-de-France,Île-de-France,78
38252,Montchaboud,industrielle_portuaire,industrie_Auvergne-Rhône-Alpes,Auvergne-Rhône-Alpes,38
71230,Gueugnon,industrielle_portuaire,industrie_Bourgogne-Franche-Comté,Bourgogne-Franche-Comté,71
56107,Larmor-Plage,industrielle_portuaire,industrie_Bretagne,Bretagne,56
37075,Cigogné,industrielle_portuaire,industrie_Centre-Val de Loire,Centre-Val de Loire,37
2B353,Ville-di-Pietrabugno,industrielle_portuaire,industrie_Corse,Corse,2B
57607,Sainte-Barbe,industrielle_portuaire,industrie_Grand Est,Grand Est,57
62042,Athies,industrielle_portuaire,industrie_Hauts-de-France,Hauts-de-France,62
76319,Grand-Couronne,industrielle_portuaire,industrie_Normandie,Normandie,76
64140,Boucau,industrielle_portuaire,industrie_Nouvelle-Aquitaine,Nouvelle-Aquitaine,64
11233,Mirepeisset,industrielle_portuaire,industrie_Occitanie,Occitanie,11
53263,Thubœuf,industrielle_portuaire,industrie_Pays de la Loire,Pays de la Loire,53
06112,Le Rouret,industrielle_portuaire,industrie_Provence-Alpes-Côte d'Azur,Provence-Alpes-Côte d'Azur,06
95488,Pierrelaye,industrielle_portuaire,industrie_Île-de-France,Île-de-France,95
38565,Voreppe,industrielle_portuaire,industrie_Auvergne-Rhône-Alpes,Auvergne-Rhône-Alpes,38
71269,Lux,industrielle_portuaire,industrie_Bourgogne-Franche-Comté,Bourgogne-Franche-Comté,71
35240,Le Rheu,industrielle_portuaire,industrie_Bretagne,Bretagne,35
41128,Marolles,industrielle_portuaire,industrie_Centre-Val de Loire,Centre-Val de Loire,41
2B286,Sorbo-Ocagnano,industrielle_portuaire,industrie_Corse,Corse,2B
57332,Hombourg-Haut,industrielle_portuaire,industrie_Grand Est,Grand Est,57
62240,Corbehem,industrielle_portuaire,industrie_Hauts-de-France,Hauts-de-France,62
50468,Saint-Fromond,industrielle_portuaire,industrie_Normandie,Normandie,50
24182,Le Fleix,industrielle_portuaire,industrie_Nouvelle-Aquitaine,Nouvelle-Aquitaine,24
31314,Mancioux,industrielle_portuaire,industrie_Occitanie,Occitanie,31
85205,Saint-Cyr-des-Gâts,industrielle_portuaire,industrie_Pays de la Loire,Pays de la Loire,85
06025,Le Broc,industrielle_portuaire,industrie_Provence-Alpes-Côte d'Azur,Provence-Alpes-Côte d'Azur,06
77082,Champeaux,industrielle_portuaire,industrie_Île-de-France,Île-de-France,77
69013,Arnas,industrielle_portuaire,industrie_Auvergne-Rhône-Alpes,Auvergne-Rhône-Alpes,69
89255,Michery,industrielle_portuaire,industrie_Bourgogne-Franche-Comté,Bourgogne-Franche-Comté,89
35206,Noyal-Châtillon-sur-Seiche,industrielle_portuaire,industrie_Bretagne,Bretagne,35
41047,La Chaussée-Saint-Victor,industrielle_portuaire,industrie_Centre-Val de Loire,Centre-Val de Loire,41
2B244,Popolasca,industrielle_portuaire,industrie_Corse,Corse,2B
57484,Morsbach,industrielle_portuaire,industrie_Grand Est,Grand Est,57
62563,Mazingarbe,industrielle_portuaire,industrie_Hauts-de-France,Hauts-de-France,62
76245,Eslettes,industrielle_portuaire,industrie_Normandie,Normandie,76
33397,Sainte-Eulalie,industrielle_portuaire,industrie_Nouvelle-Aquitaine,Nouvelle-Aquitaine,33
31481,Sainte-Foy-de-Peyrolières,industrielle_portuaire,industrie_Occitanie,Occitanie,31
53230,Saint-Julien-du-Terroux,industrielle_portuaire,industrie_Pays de la Loire,Pays de la Loire,53
06046,Colomars,industrielle_portuaire,industrie_Provence-Alpes-Côte d'Azur,Provence-Alpes-Côte d'Azur,06
77462,Thieux,industrielle_portuaire,industrie_Île-de-France,Île-de-France,77
69143,Neuville-sur-Saône,industrielle_portuaire,industrie_Auvergne-Rhône-Alpes,Auvergne-Rhône-Alpes,69
90072,Morvillars,industrielle_portuaire,industrie_Bourgogne-Franche-Comté,Bourgogne-Franche-Comté,90
35358,La Ville-ès-Nonais,industrielle_portuaire,industrie_Bretagne,Bretagne,35
45137,Escrennes,industrielle_portuaire,industrie_Centre-Val de Loire,Centre-Val de Loire,45
2B318,Taglio-Isolaccio,industrielle_portuaire,industrie_Corse,Corse,2B
57521,Œting,industrielle_portuaire,industrie_Grand Est,Grand Est,57
02340,Gauchy,industrielle_portuaire,industrie_Hauts-de-France,Hauts-de-France,02
27473,Port-Mort,industrielle_portuaire,industrie_Normandie,Normandie,27
79165,Maisontiers,industrielle_portuaire,industrie_Nouvelle-Aquitaine,Nouvelle-Aquitaine,79
32202,Laujuzan,industrielle_portuaire,industrie_Occitanie,Occitanie,32
44096,Mésanger,industrielle_portuaire,industrie_Pays de la Loire,Pays de la Loire,44
13010,Barbentane,industrielle_portuaire,industrie_Provence-Alpes-Côte d'Azur,Provence-Alpes-Côte d'Azur,13
78291,Guerville,industrielle_portuaire,industrie_Île-de-France,Île-de-France,78
73121,Frontenex,industrielle_portuaire,industrie_Auvergne-Rhône-Alpes,Auvergne-Rhône-Alpes,73
21370,Magny-sur-Tille,industrielle_portuaire,industrie_Bourgogne-Franche-Comté,Bourgogne-Franche-Comté,21
29152,Motreff,industrielle_portuaire,industrie_Bretagne,Bretagne,29
45177,Laas,industrielle_portuaire,industrie_Centre-Val de Loire,Centre-Val de Loire,45
2B042,Borgo,industrielle_portuaire,industrie_Corse,Corse,2B
57746,Willerwald,industrielle_portuaire,industrie_Grand Est,Grand Est,57
59007,Anhiers,industrielle_portuaire,industrie_Hauts-de-France,Hauts-de-France,59
61462,Sarceaux,industrielle_portuaire,industrie_Normandie,Normandie,61
79174,Melle,industrielle_portuaire,industrie_Nouvelle-Aquitaine,Nouvelle-Aquitaine,79
11369,Sallèles-d'Aude,industrielle_portuaire,industrie_Occitanie,Occitanie,11
85285,Le Tablier,industrielle_portuaire,industrie_Pays de la Loire,Pays de la Loire,85
84078,Mondragon,industrielle_portuaire,industrie_Provence-Alpes-Côte d'Azur,Provence-Alpes-Côte d'Azur,84
91109,Brières-les-Scellés,industrielle_portuaire,industrie_Île-de-France,Île-de-France,91
38340,Les Roches-de-Condrieu,industrielle_portuaire,industrie_Auvergne-Rhône-Alpes,Auvergne-Rhône-Alpes,38
39001,Abergement-la-Ronce,industrielle_portuaire,industrie_Bourgogne-Franche-Comté,Bourgogne-Franche-Comté,39
35236,Redon,industrielle_portuaire,industrie_Bretagne,Bretagne,35
18158,Moulins-sur-Yèvre,industrielle_portuaire,industrie_Centre-Val de Loire,Centre-Val de Loire,18
2B166,Monte,industrielle_portuaire,industrie_Corse,Corse,2B
57320,Hertzing,industrielle_portuaire,industrie_Grand Est,Grand Est,57
59334,Lauwin-Planque,industrielle_portuaire,industrie_Hauts-de-France,Hauts-de-France,59
76350,Hautot-sur-Seine,industrielle_portuaire,industrie_Normandie,Normandie,76
17190,L'Houmeau,industrielle_portuaire,industrie_Nouvelle-Aquitaine,Nouvelle-Aquitaine,17
31420,Pinsaguel,industrielle_portuaire,industrie_Occitanie,Occitanie,31
49344,Thorigné-d'Anjou,industrielle_portuaire,industrie_Pays de la Loire,Pays de la Loire,49
04127,Montfort,industrielle_portuaire,industrie_Provence-Alpes-Côte d'Azur,Provence-Alpes-Côte d'Azur,04
95541,Saint-Clair-sur-Epte,industrielle_portuaire,industrie_Île-de-France,Île-de-France,95
38484,Serpaize,industrielle_portuaire,industrie_Auvergne-Rhône-Alpes,Auvergne-Rhône-Alpes,38
71512,Sennecey-le-Grand,industrielle_portuaire,industrie_Bourgogne-Franche-Comté,Bourgogne-Franche-Comté,71
35066,Chartres-de-Bretagne,industrielle_portuaire,industrie_Bretagne,Bretagne,35
28173,Gasville-Oisème,industrielle_portuaire,industrie_Centre-Val de Loire,Centre-Val de Loire,28
2A018,Arbellara,industrielle_portuaire,industrie_Corse,Corse,2A
57666,Terville,industrielle_portuaire,industrie_Grand Est,Grand Est,57
59429,Neuville-sur-Escaut,industrielle_portuaire,industrie_Hauts-de-France,Hauts-de-France,59
76752,Yerville,industrielle_portuaire,industrie_Normandie,Normandie,76
17218,Marans,industrielle_portuaire,industrie_Nouvelle-Aquitaine,Nouvelle-Aquitaine,17
31565,Valentine,industrielle_portuaire,industrie_Occitanie,Occitanie,31
53133,Lignières-Orgères,industrielle_portuaire,industrie_Pays de la Loire,Pays de la Loire,53
13017,Boulbon,industrielle_portuaire,industrie_Provence-Alpes-Côte d'Azur,Provence-Alpes-Côte d'Azur,13
95604,Survilliers,industrielle_portuaire,industrie_Île-de-France,Île-de-France,95
69260,Vernaison,industrielle_portuaire,industrie_Auvergne-Rhône-Alpes,Auvergne-Rhône-Alpes,69
89342,Saint-Denis-lès-Sens,industrielle_portuaire,industrie_Bourgogne-Franche-Comté,Bourgogne-Franche-Comté,89
35096,Domagné,industrielle_portuaire,industrie_Bretagne,Bretagne,35
45038,Bondaroy,industrielle_portuaire,industrie_Centre-Val de Loire,Centre-Val de Loire,45
2A271,Sarrola-Carcopino,industrielle_portuaire,industrie_Corse,Corse,2A
67194,Herrlisheim,industrielle_portuaire,industrie_Grand Est,Grand Est,67
59557,Saultain,industrielle_portuaire,industrie_Hauts-de-France,Hauts-de-France,59
14090,Boulon,industrielle_portuaire,industrie_Normandie,Normandie,14
33475,Saint-Seurin-de-Bourg,industrielle_portuaire,industrie_Nouvelle-Aquitaine,Nouvelle-Aquitaine,33
65047,Aureilhan,industrielle_portuaire,industrie_Occitanie,Occitanie,65
72244,Précigné,industrielle_portuaire,industrie_Pays de la Loire,Pays de la Loire,72
83004,Les Arcs,industrielle_portuaire,industrie_Provence-Alpes-Côte d'Azur,Provence-Alpes-Côte d'Azur,83
95675,Villeron,industrielle_portuaire,industrie_Île-de-France,Île-de-France,95
69278,Genay,industrielle_portuaire,industrie_Auvergne-Rhône-Alpes,Auvergne-Rhône-Alpes,69
89354,Saint-Martin-du-Tertre,industrielle_portuaire,industrie_Bourgogne-Franche-Comté,Bourgogne-Franche-Comté,89
35275,Saint-Gilles,industrielle_portuaire,industrie_Bretagne,Bretagne,35
28303,Poupry,industrielle_portuaire,industrie_Centre-Val de Loire,Centre-Val de Loire,28
2A249,Propriano,industrielle_portuaire,industrie_Corse,Corse,2A
68253,Ottmarsheim,industrielle_portuaire,industrie_Grand Est,Grand Est,68
59206,Escaudœuvres,industrielle_portuaire,industrie_Hauts-de-France,Hauts-de-France,59
27518,Saint-Aubin-sur-Quillebeuf,industrielle_portuaire,industrie_Normandie,Normandie,27
47293,Sauveterre-Saint-Denis,industrielle_portuaire,industrie_Nouvelle-Aquitaine,Nouvelle-Aquitaine,47
65069,La Barthe-de-Neste,industrielle_portuaire,industrie_Occitanie,Occitanie,65
44013,Besné,industrielle_portuaire,industrie_Pays de la Loire,Pays de la Loire,44
84043,Entraigues-sur-la-Sorgue,industrielle_portuaire,industrie_Provence-Alpes-Côte d'Azur,Provence-Alpes-Côte d'Azur,84
77330,Nanteuil-lès-Meaux,industrielle_portuaire,industrie_Île-de-France,Île-de-France,77
69298,Toussieu,industrielle_portuaire,industrie_Auvergne-Rhône-Alpes,Auvergne-Rhône-Alpes,69
71475,Saint-Rémy,industrielle_portuaire,industrie_Bourgogne-Franche-Comté,Bourgogne-Franche-Comté,71
35327,Servon-sur-Vilaine,industrielle_portuaire,industrie_Bretagne,Bretagne,35
37172,Notre-Dame-d'Oé,industrielle_portuaire,industrie_Centre-Val de Loire,Centre-Val de Loire,37
2B145,Loreto-di-Casinca,industrielle_portuaire,industrie_Corse,Corse,2B
68300,Sausheim,industrielle_portuaire,industrie_Grand Est,Grand Est,68
59452,Ostricourt,industrielle_portuaire,industrie_Hauts-de-France,Hauts-de-France,59
76705,Tourville-la-Rivière,industrielle_portuaire,industrie_Normandie,Normandie,76
86062,Chasseneuil-du-Poitou,industrielle_portuaire,industrie_Nouvelle-Aquitaine,Nouvelle-Aquitaine,86
30027,Bagard,industrielle_portuaire,industrie_Occitanie,Occitanie,30
72054,Champagné,industrielle_portuaire,industrie_Pays de la Loire,Pays de la Loire,72
06068,Gourdon,industrielle_portuaire,industrie_Provence-Alpes-Côte d'Azur,Provence-Alpes-Côte d'Azur,06
78267,Gargenville,industrielle_portuaire,industrie_Île-de-France,Île-de-France,78
73067,La Chambre,industrielle_portuaire,industrie_Auvergne-Rhône-Alpes,Auvergne-Rhône-Alpes,73
89201,Héry,industrielle_portuaire,industrie_Bourgogne-Franche-Comté,Bourgogne-Franche-Comté,89
29175,Plonévez-du-Faou,industrielle_portuaire,industrie_Bretagne,Bretagne,29
18174,Osmoy,industrielle_portuaire,industrie_Centre-Val de Loire,Centre-Val de Loire,18
2B245,Porri,industrielle_portuaire,industrie_Corse,Corse,2B
54110,Cerville,industrielle_portuaire,industrie_Grand Est,Grand Est,54
59543,Saint-Remy-du-Nord,industrielle_portuaire,industrie_Hauts-de-France,Hauts-de-France,59
27180,Courcelles-sur-Seine,industrielle_portuaire,industrie_Normandie,Normandie,27
16286,Rouillac,industrielle_portuaire,industrie_Nouvelle-Aquitaine,Nouvelle-Aquitaine,16
30123,Gallargues-le-Montueux,industrielle_portuaire,industrie_Occitanie,Occitanie,30
72213,Mulsanne,industrielle_portuaire,industrie_Pays de la Loire,Pays de la Loire,72
13033,Ensuès-la-Redonne,industrielle_portuaire,industrie_Provence-Alpes-Côte d'Azur,Provence-Alpes-Côte d'Azur,13
78558,Saint-Illiers-la-Ville,industrielle_portuaire,industrie_Île-de-France,Île-de-France,78
38072,Chanas,industrielle_portuaire,industrie_Auvergne-Rhône-Alpes,Auvergne-Rhône-Alpes,38
21263,Fénay,industrielle_portuaire,industrie_Bourgogne-Franche-Comté,Bourgogne-Franche-Comté,21
35353,Vezin-le-Coquet,industrielle_portuaire,industrie_Bretagne,Bretagne,35
41247,Soings-en-Sologne,industrielle_portuaire,industrie_Centre-Val de Loire,Centre-Val de Loire,41
2B029,Barbaggio,industrielle_portuaire,industrie_Corse,Corse,2B
54328,Ludres,industrielle_portuaire,industrie_Grand Est,Grand Est,54
59589,Thiant,industrielle_portuaire,industrie_Hauts-de-France,Hauts-de-France,59
27456,Pinterville,industrielle_portuaire,industrie_Normandie,Normandie,27
16326,Saint-Groux,industrielle_portuaire,industrie_Nouvelle-Aquitaine,Nouvelle-Aquitaine,16
31575,Vieille-Toulouse,industrielle_portuaire,industrie_Occitanie,Occitanie,31
72257,Rouillon,industrielle_portuaire,industrie_Pays de la Loire,Pays de la Loire,72
06109,La Roquette-sur-Var,industrielle_portuaire,industrie_Provence-Alpes-Côte d'Azur,Provence-Alpes-Côte d'Azur,06
91191,Crosne,industrielle_portuaire,industrie_Île-de-France,Île-de-France,91
38200,Jarrie,industrielle_portuaire,industrie_Auvergne-Rhône-Alpes,Auvergne-Rhône-Alpes,38
21398,Maxilly-sur-Saône,industrielle_portuaire,industrie_Bourgogne-Franche-Comté,Bourgogne-Franche-Comté,21
35013,Bains-sur-Oust,industrielle_portuaire,industrie_Bretagne,Bretagne,35
37054,Chanceaux-sur-Choisille,industrielle_portuaire,industrie_Centre-Val de Loire,Centre-Val de Loire,37
2B319,Talasani,industrielle_portuaire,industrie_Corse,Corse,2B
54391,Moutiers,industrielle_portuaire,industrie_Grand Est,Grand Est,54
60102,Brenouille,industrielle_portuaire,industrie_Hauts-de-France,Hauts-de-France,60
27562,Saint-Marcel,industrielle_portuaire,industrie_Normandie,Normandie,27
24191,Fraisse,industrielle_portuaire,industrie_Nouvelle-Aquitaine,Nouvelle-Aquitaine,24
46124,Glanes,industrielle_portuaire,industrie_Occitanie,Occitanie,46
85292,Rives-du-Fougerais,industrielle_portuaire,industrie_Pays de la Loire,Pays de la Loire,85
04188,Saint-Maime,industrielle_portuaire,industrie_Provence-Alpes-Côte d'Azur,Provence-Alpes-Côte d'Azur,04
91293,Guigneville-sur-Essonne,industrielle_portuaire,industrie_Île-de-France,Île-de-France,91
38558,Villette-de-Vienne,industrielle_portuaire,industrie_Auvergne-Rhône-Alpes,Auvergne-Rhône-Alpes,38
25418,Nancray,industrielle_portuaire,industrie_Bourgogne-Franche-Comté,Bourgogne-Franche-Comté,25
35124,Grand-Fougeray,industrielle_portuaire,industrie_Bretagne,Bretagne,35
45100,Combleux,industrielle_portuaire,industrie_Centre-Val de Loire,Centre-Val de Loire,45
2A017,Appietto,industrielle_portuaire,industrie_Corse,Corse,2A
54462,Rosières-aux-Salines,industrielle_portuaire,industrie_Grand Est,Grand Est,54
60533,Ressons-sur-Matz,industrielle_portuaire,industrie_Hauts-de-France,Hauts-de-France,60
76402,Malaunay,industrielle_portuaire,industrie_Normandie,Normandie,76
64153,Burosse-Mendousse,industrielle_portuaire,industrie_Nouvelle-Aquitaine,Nouvelle-Aquitaine,64
81174,Montdragon,industrielle_portuaire,industrie_Occitanie,Occitanie,81
44137,Prinquiau,industrielle_portuaire,industrie_Pays de la Loire,Pays de la Loire,44
06089,Opio,industrielle_portuaire,industrie_Provence-Alpes-Côte d'Azur,Provence-Alpes-Côte d'Azur,06
77139,Courtry,industrielle_portuaire,industrie_Île-de-France,Île-de-France,77
69096,Grigny-sur-Rhône,industrielle_portuaire,industrie_Auvergne-Rhône-Alpes,Auvergne-Rhône-Alpes,69
25437,Osse,industrielle_portuaire,industrie_Bourgogne-Franche-Comté,Bourgogne-Franche-Comté,25
35196,Mordelles,industrielle_portuaire,industrie_Bretagne,Bretagne,35
45333,Vennecy,industrielle_portuaire,industrie_Centre-Val de Loire,Centre-Val de Loire,45
2A038,Bilia,industrielle_portuaire,industrie_Corse,Corse,2A
57028,Argancy,industrielle_portuaire,industrie_Grand Est,Grand Est,57
60539,Rieux,industrielle_portuaire,industrie_Hauts-de-France,Hauts-de-France,60
76452,Montville,industrielle_portuaire,industrie_Normandie,Normandie,76
64486,Saint-Jean-Poudge,industrielle_portuaire,industrie_Nouvelle-Aquitaine,Nouvelle-Aquitaine,64
81271,Saint-Sulpice-la-Pointe,industrielle_portuaire,industrie_Occitanie,Occitanie,81
72018,Avesnes-en-Saosnois,industrielle_portuaire,industrie_Pays de la Loire,Pays de la Loire,72
13087,Rousset,industrielle_portuaire,industrie_Provence-Alpes-Côte d'Azur,Provence-Alpes-Côte d'Azur,13
77204,Germigny-sous-Coulombs,industrielle_portuaire,industrie_Île-de-France,Île-de-France,77
73253,Saint-Marcel,industrielle_portuaire,industrie_Auvergne-Rhône-Alpes,Auvergne-Rhône-Alpes,73
89127,Courtois-sur-Yonne,industrielle_portuaire,industrie_Bourgogne-Franche-Comté,Bourgogne-Franche-Comté,89
35228,Pleurtuit,industrielle_portuaire,industrie_Bretagne,Bretagne,35
18267,Trouy,industrielle_portuaire,industrie_Centre-Val de Loire,Centre-Val de Loire,18
2B238,Poggio-di-Venaco,industrielle_portuaire,industrie_Corse,Corse,2B
57058,Behren-lès-Forbach,industrielle_portuaire,industrie_Grand Est,Grand Est,57
60665,Venette,industrielle_portuaire,industrie_Hauts-de-France,Hauts-de-France,60
61275,Merlerault-le-Pin,industrielle_portuaire,industrie_Normandie,Normandie,61
17143,Le Douhet,industrielle_portuaire,industrie_Nouvelle-Aquitaine,Nouvelle-Aquitaine,17
82075,Grisolles,industrielle_portuaire,industrie_Occitanie,Occitanie,82
72233,Peray,industrielle_portuaire,industrie_Pays de la Loire,Pays de la Loire,72
83108,La Roquebrussanne,industrielle_portuaire,industrie_Provence-Alpes-Côte d'Azur,Provence-Alpes-Côte d'Azur,83
78334,Lévis-Saint-Nom,industrielle_portuaire,industrie_Île-de-France,Île-de-France,78
73283,Saint-Vital,industrielle_portuaire,industrie_Auvergne-Rhône-Alpes,Auvergne-Rhône-Alpes,73
90017,Bourogne,industrielle_portuaire,industrie_Bourgogne-Franche-Comté,Bourgogne-Franche-Comté,90
22046,Le Mené,industrielle_portuaire,industrie_Bretagne,Bretagne,22
37253,Sublaines,industrielle_portuaire,industrie_Centre-Val de Loire,Centre-Val de Loire,37
2B355,Volpajola,industrielle_portuaire,industrie_Corse,Corse,2B
57242,Gandrange,industrielle_portuaire,industrie_Grand Est,Grand Est,57
62132,Billy-Berclau,industrielle_portuaire,industrie_Hauts-de-France,Hauts-de-France,62
14167,Colombelles,industrielle_portuaire,industrie_Normandie,Normandie,14
33434,Saint-Louis-de-Montferrand,industrielle_portuaire,industrie_Nouvelle-Aquitaine,Nouvelle-Aquitaine,33
82079,Labastide-Saint-Pierre,industrielle_portuaire,industrie_Occitanie,Occitanie,82
44210,Trignac,industrielle_portuaire,industrie_Pays de la Loire,Pays de la Loire,44
84028,Cairanne,industrielle_portuaire,industrie_Provence-Alpes-Côte d'Azur,Provence-Alpes-Côte d'Azur,84
77369,Poincy,industrielle_portuaire,industrie_Île-de-France,Île-de-France,77
01030,Beauregard,industrielle_portuaire,industrie_Auvergne-Rhône-Alpes,Auvergne-Rhône-Alpes,01
90021,Charmois,industrielle_portuaire,industrie_Bourgogne-Franche-Comté,Bourgogne-Franche-Comté,90
22137,Maël-Carhaix,industrielle_portuaire,industrie_Bretagne,Bretagne,22
41230,Saint-Sulpice-de-Pommeray,industrielle_portuaire,industrie_Centre-Val de Loire,Centre-Val de Loire,41
2A139,Lecci,industrielle_portuaire,industrie_Corse,Corse,2A
57314,Héming,industrielle_portuaire,industrie_Grand Est,Grand Est,57
62276,Douvrin,industrielle_portuaire,industrie_Hauts-de-France,Hauts-de-France,62
14301,Giberville,industrielle_portuaire,industrie_Normandie,Normandie,14
40166,Lussagnet,industrielle_portuaire,industrie_Nouvelle-Aquitaine,Nouvelle-Aquitaine,40
09185,Mazères,industrielle_portuaire,industrie_Occitanie,Occitanie,09
53103,Le Genest-Saint-Isle,industrielle_portuaire,industrie_Pays de la Loire,Pays de la Loire,53
06007,Auribeau-sur-Siagne,industrielle_portuaire,industrie_Provence-Alpes-Côte d'Azur,Provence-Alpes-Côte d'Azur,06
91473,Orveau,industrielle_portuaire,industrie_Île-de-France,Île-de-France,91
01238,Massieux,industrielle_portuaire,industrie_Auvergne-Rhône-Alpes,Auvergne-Rhône-Alpes,01
39150,Choisey,industrielle_portuaire,industrie_Bourgogne-Franche-Comté,Bourgogne-Franche-Comté,39
22197,Pleudihen-sur-Rance,industrielle_portuaire,industrie_Bretagne,Bretagne,22
45195,Mareau-aux-Bois,industrielle_portuaire,industrie_Centre-Val de Loire,Centre-Val de Loire,45
2B093,Corbara,industrielle_portuaire,industrie_Corse,Corse,2B
57474,Mondelange,industrielle_portuaire,industrie_Grand Est,Grand Est,57
62277,Drocourt,industrielle_portuaire,industrie_Hauts-de-France,Hauts-de-France,62
27249,Fontaine-Bellenger,industrielle_portuaire,industrie_Normandie,Normandie,27
47095,Fauillet,industrielle_portuaire,industrie_Nouvelle-Aquitaine,Nouvelle-Aquitaine,47
11258,Moussan,industrielle_portuaire,industrie_Occitanie,Occitanie,11
72112,Dangeul,industrielle_portuaire,industrie_Pays de la Loire,Pays de la Loire,72
83085,La Motte,industrielle_portuaire,industrie_Provence-Alpes-Côte d'Azur,Provence-Alpes-Côte d'Azur,83
91540,Saint-Chéron,industrielle_portuaire,industrie_Île-de-France,Île-de-France,91
38039,Bernin,industrielle_portuaire,industrie_Auvergne-Rhône-Alpes,Auvergne-Rhône-Alpes,38
58122,Garchy,industrielle_portuaire,industrie_Bourgogne-Franche-Comté,Bourgogne-Franche-Comté,58
29045,Dirinon,industrielle_portuaire,industrie_Bretagne,Bretagne,29
45235,Ormes,industrielle_portuaire,industrie_Centre-Val de Loire,Centre-Val de Loire,45
2B251,Prunelli-di-Fiumorbo,industrielle_portuaire,industrie_Corse,Corse,2B
57628,Sarralbe,industrielle_portuaire,industrie_Grand Est,Grand Est,57
62479,Labeuvrière,industrielle_portuaire,industrie_Hauts-de-France,Hauts-de-France,62
76627,Saint-Nicolas-de-la-Taille,industrielle_portuaire,industrie_Normandie,Normandie,76
64005,Abos,industrielle_portuaire,industrie_Nouvelle-Aquitaine,Nouvelle-Aquitaine,64
30039,Bezouce,industrielle_portuaire,industrie_Occitanie,Occitanie,30
72146,Guécélard,industrielle_portuaire,industrie_Pays de la Loire,Pays de la Loire,72
13044,Grans,industrielle_portuaire,industrie_Provence-Alpes-Côte d'Azur,Provence-Alpes-Côte d'Azur,13
95119,Buhy,industrielle_portuaire,industrie_Île-de-France,Île-de-France,95
38048,Bonnefamille,industrielle_portuaire,industrie_Auvergne-Rhône-Alpes,Auvergne-Rhône-Alpes,38
70136,Charmoille,industrielle_portuaire,industrie_Bourgogne-Franche-Comté,Bourgogne-Franche-Comté,70
35324,La Selle-en-Luitré,industrielle_portuaire,industrie_Bretagne,Bretagne,35
45025,Bazoches-les-Gallerandes,industrielle_portuaire,industrie_Centre-Val de Loire,Centre-Val de Loire,45
2A027,Azzana,industrielle_portuaire,industrie_Corse,Corse,2A
67300,Molsheim,industrielle_portuaire,industrie_Grand Est,Grand Est,67
62573,Meurchin,industrielle_portuaire,industrie_Hauts-de-France,Hauts-de-France,62
76737,Vibeuf,industrielle_portuaire,industrie_Normandie,Normandie,76
64288,Labastide-Cézéracq,industrielle_portuaire,industrie_Nouvelle-Aquitaine,Nouvelle-Aquitaine,64
30166,Meynes,industrielle_portuaire,industrie_Occitanie,Occitanie,30
44063,Gétigné,industrielle_portuaire,industrie_Pays de la Loire,Pays de la Loire,44
84064,Lapalud,industrielle_portuaire,industrie_Provence-Alpes-Côte d'Azur,Provence-Alpes-Côte d'Azur,84
95257,La Frette-sur-Seine,industrielle_portuaire,industrie_Île-de-France,Île-de-France,95
38140,Crolles,industrielle_portuaire,industrie_Auvergne-Rhône-Alpes,Auvergne-Rhône-Alpes,38
70363,Montigny-lès-Vesoul,industrielle_portuaire,industrie_Bourgogne-Franche-Comté,Bourgogne-Franche-Comté,70
35039,Brécé,industrielle_portuaire,industrie_Bretagne,Bretagne,35
45253,Pithiviers-le-Vieil,industrielle_portuaire,industrie_Centre-Val de Loire,Centre-Val de Loire,45
2A041,Bonifacio,industrielle_portuaire,industrie_Corse,Corse,2A
67407,Rohrwiller,industrielle_portuaire,industrie_Grand Est,Grand Est,67
62753,Saint-Laurent-Blangy,industrielle_portuaire,industrie_Hauts-de-France,Hauts-de-France,62
14181,Cormelles-le-Royal,industrielle_portuaire,industrie_Normandie,Normandie,14
79298,Saint-Symphorien,industrielle_portuaire,industrie_Nouvelle-Aquitaine,Nouvelle-Aquitaine,79
30223,Rousson,industrielle_portuaire,industrie_Occitanie,Occitanie,30
49055,Cantenay-Épinard,industrielle_portuaire,industrie_Pays de la Loire,Pays de la Loire,49
04241,Villemus,industrielle_portuaire,industrie_Provence-Alpes-Côte d'Azur,Provence-Alpes-Côte d'Azur,04
95641,Vémars,industrielle_portuaire,industrie_Île-de-France,Île-de-France,95
69043,Chaponost,industrielle_portuaire,industrie_Auvergne-Rhône-Alpes,Auvergne-Rhône-Alpes,69
71081,Champforgeuil,industrielle_portuaire,industrie_Bourgogne-Franche-Comté,Bourgogne-Franche-Comté,71
35080,Cintré,industrielle_portuaire,industrie_Bretagne,Bretagne,35
28379,Soulaires,industrielle_portuaire,industrie_Centre-Val de Loire,Centre-Val de Loire,28
2A062,Carbuccia,industrielle_portuaire,industrie_Corse,Corse,2A
67471,Souffelweyersheim,industrielle_portuaire,industrie_Grand Est,Grand Est,67
59079,Beuvrages,industrielle_portuaire,industrie_Hauts-de-France,Hauts-de-France,59
14538,Castine-en-Plaine,industrielle_portuaire,industrie_Normandie,Normandie,14
24023,Baneuil,industrielle_portuaire,industrie_Nouvelle-Aquitaine,Nouvelle-Aquitaine,24
31022,Aucamville,industrielle_portuaire,industrie_Occitanie,Occitanie,31
53243,Saint-Ouën-des-Toits,industrielle_portuaire,industrie_Pays de la Loire,Pays de la Loire,53
83054,La Farlède,industrielle_portuaire,industrie_Provence-Alpes-Côte d'Azur,Provence-Alpes-Côte d'Azur,83
91232,La Ferté-Alais,industrielle_portuaire,industrie_Île-de-France,Île-de-France,91
69088,Fontaines-sur-Saône,industrielle_portuaire,industrie_Auvergne-Rhône-Alpes,Auvergne-Rhône-Alpes,69
71585,Virey-le-Grand,industrielle_portuaire,industrie_Bourgogne-Franche-Comté,Bourgogne-Franche-Comté,71
35207,Noyal-sur-Vilaine,industrielle_portuaire,industrie_Bretagne,Bretagne,35
41237,Sassay,industrielle_portuaire,industrie_Centre-Val de Loire,Centre-Val de Loire,41
2A103,Cuttoli-Corticchiato,industrielle_portuaire,industrie_Corse,Corse,2A
68004,Altkirch,industrielle_portuaire,industrie_Grand Est,Grand Est,68
59215,Estreux,industrielle_portuaire,industrie_Hauts-de-France,Hauts-de-France,59
27275,Gaillon,industrielle_portuaire,industrie_Normandie,Normandie,27
47050,Cassignas,industrielle_portuaire,industrie_Nouvelle-Aquitaine,Nouvelle-Aquitaine,47
31057,Belberaud,industrielle_portuaire,industrie_Occitanie,Occitanie,31
72265,Saint-Aignan,industrielle_portuaire,industrie_Pays de la Loire,Pays de la Loire,72
83037,La Celle,industrielle_portuaire,industrie_Provence-Alpes-Côte d'Azur,Provence-Alpes-Côte d'Azur,83
91579,Saint-Vrain,industrielle_portuaire,industrie_Île-de-France,Île-de-France,91
69291,Saint-Symphorien-d'Ozon,industrielle_portuaire,industrie_Auvergne-Rhône-Alpes,Auvergne-Rhône-Alpes,69
89348,Saint-Julien-du-Sault,industrielle_portuaire,industrie_Bourgogne-Franche-Comté,Bourgogne-Franche-Comté,89
35328,Sixt-sur-Aff,industrielle_portuaire,industrie_Bretagne,Bretagne,35
28121,Dambron,industrielle_portuaire,industrie_Centre-Val de Loire,Centre-Val de Loire,28
2A288,Sotta,industrielle_portuaire,industrie_Corse,Corse,2A
68180,Leimbach,industrielle_portuaire,industrie_Grand Est,Grand Est,68
59343,Lesquin,industrielle_portuaire,industrie_Hauts-de-France,Hauts-de-France,59
50004,Airel,industrielle_portuaire,industrie_Normandie,Normandie,50
64301,Lagor,industrielle_portuaire,industrie_Nouvelle-Aquitaine,Nouvelle-Aquitaine,64
31503,Saint-Martory,industrielle_portuaire,industrie_Occitanie,Occitanie,31
44002,Aigrefeuille-sur-Maine,industrielle_portuaire,industrie_Pays de la Loire,Pays de la Loire,44
06031,Cantaron,industrielle_portuaire,industrie_Provence-Alpes-Côte d'Azur,Provence-Alpes-Côte d'Azur,06
91593,Sermaise,industrielle_portuaire,industrie_Île-de-France,Île-de-France,91
73084,Chignin,industrielle_portuaire,industrie_Auvergne-Rhône-Alpes,Auvergne-Rhône-Alpes,73
90069,Méziré,industrielle_portuaire,industrie_Bourgogne-Franche-Comté,Bourgogne-Franche-Comté,90
56146,Neulliac,industrielle_portuaire,industrie_Bretagne,Bretagne,56
28201,Jouy,industrielle_portuaire,industrie_Centre-Val de Loire,Centre-Val de Loire,28
2A330,Ucciani,industrielle_portuaire,industrie_Corse,Corse,2A
10067,Buchères,industrielle_portuaire,industrie_Grand Est,Grand Est,10
59346,Lezennes,industrielle_portuaire,industrie_Hauts-de-France,Hauts-de-France,59
76164,Rives-en-Seine,industrielle_portuaire,industrie_Normandie,Normandie,76
16206,Mansle-les-Fontaines,industrielle_portuaire,industrie_Nouvelle-Aquitaine,Nouvelle-Aquitaine,16
65108,Bours,industrielle_portuaire,industrie_Occitanie,Occitanie,65
44046,Corsept,industrielle_portuaire,industrie_Pays de la Loire,Pays de la Loire,44
84132,Le Thor,industrielle_portuaire,industrie_Provence-Alpes-Côte d'Azur,Provence-Alpes-Côte d'Azur,84
95371,Marly-la-Ville,industrielle_portuaire,industrie_Île-de-France,Île-de-France,95
74090,Cornier,industrielle_portuaire,industrie_Auvergne-Rhône-Alpes,Auvergne-Rhône-Alpes,74
21556,Saint-Léger-Triey,industrielle_portuaire,industrie_Bourgogne-Franche-Comté,Bourgogne-Franche-Comté,21
22206,Châtelaudren-Plouagat,industrielle_portuaire,industrie_Bretagne,Bretagne,22
41049,Chémery,industrielle_portuaire,industrie_Centre-Val de Loire,Centre-Val de Loire,41
2B123,Ghisonaccia,industrielle_portuaire,industrie_Corse,Corse,2B
10406,Verrières,industrielle_portuaire,industrie_Grand Est,Grand Est,10
59523,Sainghin-en-Mélantois,industrielle_portuaire,industrie_Hauts-de-France,Hauts-de-France,59
76499,Petiville,industrielle_portuaire,industrie_Normandie,Normandie,76
17003,Aigrefeuille-d'Aunis,industrielle_portuaire,industrie_Nouvelle-Aquitaine,Nouvelle-Aquitaine,17
81164,Mézens,industrielle_portuaire,industrie_Occitanie,Occitanie,81
49064,Chambellay,industrielle_portuaire,industrie_Pays de la Loire,Pays de la Loire,49
04108,Malijai,industrielle_portuaire,industrie_Provence-Alpes-Côte d'Azur,Provence-Alpes-Côte d'Azur,04
77381,Quiers,industrielle_portuaire,industrie_Île-de-France,Île-de-France,77
38071,Champ-sur-Drac,industrielle_portuaire,industrie_Auvergne-Rhône-Alpes,Auvergne-Rhône-Alpes,38
25575,Vaire,industrielle_portuaire,industrie_Bourgogne-Franche-Comté,Bourgogne-Franche-Comté,25
22255,La Prénessaye,industrielle_portuaire,industrie_Bretagne,Bretagne,22
37027,Bléré,industrielle_portuaire,industrie_Centre-Val de Loire,Centre-Val de Loire,37
2B165,Moncale,industrielle_portuaire,industrie_Corse,Corse,2B
51453,Recy,industrielle_portuaire,industrie_Grand Est,Grand Est,51
60103,Bresles,industrielle_portuaire,industrie_Hauts-de-France,Hauts-de-France,60
76657,Saint-Vigor-d'Ymonville,industrielle_portuaire,industrie_Normandie,Normandie,76
40151,Lesgor,industrielle_portuaire,industrie_Nouvelle-Aquitaine,Nouvelle-Aquitaine,40
82027,Campsas,industrielle_portuaire,industrie_Occitanie,Occitanie,82
53108,La Gravelle,industrielle_portuaire,industrie_Pays de la Loire,Pays de la Loire,53
06019,Blausasc,industrielle_portuaire,industrie_Provence-Alpes-Côte d'Azur,Provence-Alpes-Côte d'Azur,06
77486,Vaudoy-en-Brie,industrielle_portuaire,industrie_Île-de-France,Île-de-France,77
38425,Saint-Maurice-l'Exil,industrielle_portuaire,industrie_Auvergne-Rhône-Alpes,Auvergne-Rhône-Alpes,38
70278,Grattery,industrielle_portuaire,industrie_Bourgogne-Franche-Comté,Bourgogne-Franche-Comté,70
29222,Port-Launay,industrielle_portuaire,industrie_Bretagne,Bretagne,29
45132,Égry,industrielle_portuaire,industrie_Centre-Val de Loire,Centre-Val de Loire,45
2B210,Pero-Casevecchie,industrielle_portuaire,industrie_Corse,Corse,2B
54470,Saint-Baussant,industrielle_portuaire,industrie_Grand Est,Grand Est,54
02187,Chierry,industrielle_portuaire,industrie_Hauts-de-France,Hauts-de-France,02
76682,Sotteville-sous-le-Val,industrielle_portuaire,industrie_Normandie,Normandie,76
40217,Parentis-en-Born,industrielle_portuaire,industrie_Nouvelle-Aquitaine,Nouvelle-Aquitaine,40
30145,Lédenon,industrielle_portuaire,industrie_Occitanie,Occitanie,30
72013,Aubigné-Racan,industrielle_portuaire,industrie_Pays de la Loire,Pays de la Loire,72
13104,Sausset-les-Pins,industrielle_portuaire,industrie_Provence-Alpes-Côte d'Azur,Provence-Alpes-Côte d'Azur,13
78550,Saint-Germain-de-la-Grange,industrielle_portuaire,industrie_Île-de-France,Île-de-France,78
42206,Saint-Bonnet-les-Oules,industrielle_portuaire,industrie_Auvergne-Rhône-Alpes,Auvergne-Rhône-Alpes,42
71052,Boyer,industrielle_portuaire,industrie_Bourgogne-Franche-Comté,Bourgogne-Franche-Comté,71
35137,Javené,industrielle_portuaire,industrie_Bretagne,Bretagne,35
45154,Gidy,industrielle_portuaire,industrie_Centre-Val de Loire,Centre-Val de Loire,45
2B252,Pruno,industrielle_portuaire,industrie_Corse,Corse,2B
57413,Longeville-lès-Saint-Avold,industrielle_portuaire,industrie_Grand Est,Grand Est,57
59228,Férin,industrielle_portuaire,industrie_Hauts-de-France,Hauts-de-France,59
27529,Saint-Cyr-la-Campagne,industrielle_portuaire,industrie_Normandie,Normandie,27
40326,Vielle-Saint-Girons,industrielle_portuaire,industrie_Nouvelle-Aquitaine,Nouvelle-Aquitaine,40
31101,Cambernard,industrielle_portuaire,industrie_Occitanie,Occitanie,31
72061,La Chapelle-d'Aligné,industrielle_portuaire,industrie_Pays de la Loire,Pays de la Loire,72
04192,Saint-Michel-l'Observatoire,industrielle_portuaire,industrie_Provence-Alpes-Côte d'Azur,Provence-Alpes-Côte d'Azur,04
91045,Ballancourt-sur-Essonne,industrielle_portuaire,industrie_Île-de-France,Île-de-France,91
63338,Saint-Éloy-les-Mines,industrielle_portuaire,industrie_Auvergne-Rhône-Alpes,Auvergne-Rhône-Alpes,63
89018,Armeau,industrielle_portuaire,industrie_Bourgogne-Franche-Comté,Bourgogne-Franche-Comté,89
35250,Saint-Armel,industrielle_portuaire,industrie_Bretagne,Bretagne,35
45288,Saint-Loup-des-Vignes,industrielle_portuaire,industrie_Centre-Val de Loire,Centre-Val de Loire,45
2B274,Scolca,industrielle_portuaire,industrie_Corse,Corse,2B
57500,Neufmoulins,industrielle_portuaire,industrie_Grand Est,Grand Est,57
59239,Flines-lez-Raches,industrielle_portuaire,industrie_Hauts-de-France,Hauts-de-France,59
14277,Fontenay-le-Marmion,industrielle_portuaire,industrie_Normandie,Normandie,14
86016,Avanton,industrielle_portuaire,industrie_Nouvelle-Aquitaine,Nouvelle-Aquitaine,86
31182,Fenouillet,industrielle_portuaire,industrie_Occitanie,Occitanie,31
85050,Le Champ-Saint-Père,industrielle_portuaire,industrie_Pays de la Loire,Pays de la Loire,85
04197,Sainte-Tulle,industrielle_portuaire,industrie_Provence-Alpes-Côte d'Azur,Provence-Alpes-Côte d'Azur,04
91080,Boissy-le-Cutté,industrielle_portuaire,industrie_Île-de-France,Île-de-France,91
69003,Albigny-sur-Saône,industrielle_portuaire,industrie_Auvergne-Rhône-Alpes,Auvergne-Rhône-Alpes,69
89338,Saint-Clément,industrielle_portuaire,industrie_Bourgogne-Franche-Comté,Bourgogne-Franche-Comté,89
35264,Saint-Didier,industrielle_portuaire,industrie_Bretagne,Bretagne,35
37204,Rouziers-de-Touraine,industrielle_portuaire,industrie_Centre-Val de Loire,Centre-Val de Loire,37
2B307,Santa-Lucia-di-Moriani,industrielle_portuaire,industrie_Corse,Corse,2B
57508,Nilvange,industrielle_portuaire,industrie_Grand Est,Grand Est,57
59278,Hallennes-lez-Haubourdin,industrielle_portuaire,industrie_Hauts-de-France,Hauts-de-France,59
27477,Pressagny-l'Orgueilleux,industrielle_portuaire,industrie_Normandie,Normandie,27
17297,Rivedoux-Plage,industrielle_portuaire,industrie_Nouvelle-Aquitaine,Nouvelle-Aquitaine,17
31467,Saint-Alban,industrielle_portuaire,industrie_Occitanie,Occitanie,31
49020,Beaucouzé,industrielle_portuaire,industrie_Pays de la Loire,Pays de la Loire,49
06054,Drap,industrielle_portuaire,industrie_Provence-Alpes-Côte d'Azur,Provence-Alpes-Côte d'Azur,06
91244,Fontenay-le-Vicomte,industrielle_portuaire,industrie_Île-de-France,Île-de-France,91
69071,Curis-au-Mont-d'Or,industrielle_portuaire,industrie_Auvergne-Rhône-Alpes,Auvergne-Rhône-Alpes,69
21337,Lamarche-sur-Saône,industrielle_portuaire,industrie_Bourgogne-Franche-Comté,Bourgogne-Franche-Comté,21
35266,Saint-Erblon,industrielle_portuaire,industrie_Bretagne,Bretagne,35
45198,Marsainvilliers,industrielle_portuaire,industrie_Centre-Val de Loire,Centre-Val de Loire,45
2B313,San-Nicolao,industrielle_portuaire,industrie_Corse,Corse,2B
57663,Talange,industrielle_portuaire,industrie_Grand Est,Grand Est,57
59348,Lieu-Saint-Amand,industrielle_portuaire,industrie_Hauts-de-France,Hauts-de-France,59
61482,Tessé-Froulay,industrielle_portuaire,industrie_Normandie,Normandie,61
64252,Gurmençon,industrielle_portuaire,industrie_Nouvelle-Aquitaine,Nouvelle-Aquitaine,64
32323,Ponsampère,industrielle_portuaire,industrie_Occitanie,Occitanie,32
49323,Verrières-en-Anjou,industrielle_portuaire,industrie_Pays de la Loire,Pays de la Loire,49
06066,Gilette,industrielle_portuaire,industrie_Provence-Alpes-Côte d'Azur,Provence-Alpes-Côte d'Azur,06
91689,Wissous,industrielle_portuaire,industrie_Île-de-France,Île-de-France,91
69279,Jonage,industrielle_portuaire,industrie_Auvergne-Rhône-Alpes,Auvergne-Rhône-Alpes,69
25228,Étupes,industrielle_portuaire,industrie_Bourgogne-Franche-Comté,Bourgogne-Franche-Comté,25
35279,Saint-Guinoux,industrielle_portuaire,industrie_Bretagne,Bretagne,35
45286,Saint-Jean-le-Blanc,industrielle_portuaire,industrie_Centre-Val de Loire,Centre-Val de Loire,45
2A118,Fozzano,industrielle_portuaire,industrie_Corse,Corse,2A
08078,Bourg-Fidèle,industrielle_portuaire,industrie_Grand Est,Grand Est,08
59509,Roost-Warendin,industrielle_portuaire,industrie_Hauts-de-France,Hauts-de-France,59
76281,La Frénaye,industrielle_portuaire,industrie_Normandie,Normandie,76
87178,Saint-Priest-Taurion,industrielle_portuaire,industrie_Nouvelle-Aquitaine,Nouvelle-Aquitaine,87
82017,Bessens,industrielle_portuaire,industrie_Occitanie,Occitanie,82
72202,Monhoudou,industrielle_portuaire,industrie_Pays de la Loire,Pays de la Loire,72
13073,Peypin,industrielle_portuaire,industrie_Provence-Alpes-Côte d'Azur,Provence-Alpes-Côte d'Azur,13
94065,Rungis,industrielle_portuaire,industrie_Île-de-France,Île-de-France,94
38057,Bresson,industrielle_portuaire,industrie_Auvergne-Rhône-Alpes,Auvergne-Rhône-Alpes,38
58011,Armes,industrielle_portuaire,industrie_Bourgogne-Franche-Comté,Bourgogne-Franche-Comté,58
56193,Riantec,industrielle_portuaire,industrie_Bretagne,Bretagne,56
28013,Aunay-sous-Auneau,industrielle_portuaire,industrie_Centre-Val de Loire,Centre-Val de Loire,28
2A128,Granace,industrielle_portuaire,industrie_Corse,Corse,2A
54197,Fléville-devant-Nancy,industrielle_portuaire,industrie_Grand Est,Grand Est,54
60056,Beaurepaire,industrielle_portuaire,industrie_Hauts-de-France,Hauts-de-France,60
14554,Le Castelet,industrielle_portuaire,industrie_Normandie,Normandie,14
16069,Cellettes,industrielle_portuaire,industrie_Nouvelle-Aquitaine,Nouvelle-Aquitaine,16
82048,Dieupentale,industrielle_portuaire,industrie_Occitanie,Occitanie,82
85108,L'Herbergement,industrielle_portuaire,industrie_Pays de la Loire,Pays de la Loire,85
84016,Bédarrides,industrielle_portuaire,industrie_Provence-Alpes-Côte d'Azur,Provence-Alpes-Côte d'Azur,84
77267,La Madeleine-sur-Loing,industrielle_portuaire,industrie_Île-de-France,Île-de-France,77
38149,Domarin,industrielle_portuaire,industrie_Auvergne-Rhône-Alpes,Auvergne-Rhône-Alpes,38
21390,Marsannay-la-Côte,industrielle_portuaire,industrie_Bourgogne-Franche-Comté,Bourgogne-Franche-Comté,21
22279,Saint-Caradec,industrielle_portuaire,industrie_Bretagne,Bretagne,22
45119,Dadonville,industrielle_portuaire,industrie_Centre-Val de Loire,Centre-Val de Loire,45
2B002,Aghione,industrielle_portuaire,industrie_Corse,Corse,2B
54459,Richardménil,industrielle_portuaire,industrie_Grand Est,Grand Est,54
60492,Pimprez,industrielle_portuaire,industrie_Hauts-de-France,Hauts-de-France,60
27052,Le Bec-Hellouin,industrielle_portuaire,industrie_Normandie,Normandie,27
17136,Croix-Chapeau,industrielle_portuaire,industrie_Nouvelle-Aquitaine,Nouvelle-Aquitaine,17
11079,Caudebronde,industrielle_portuaire,industrie_Occitanie,Occitanie,11
44043,Clisson,industrielle_portuaire,industrie_Pays de la Loire,Pays de la Loire,44
84119,Saint-Saturnin-lès-Avignon,industrielle_portuaire,industrie_Provence-Alpes-Côte d'Azur,Provence-Alpes-Côte d'Azur,84
77363,Le Pin,industrielle_portuaire,industrie_Île-de-France,Île-de-France,77
38547,Villard-Bonnot,industrielle_portuaire,industrie_Auvergne-Rhône-Alpes,Auvergne-Rhône-Alpes,38
39252,Gevry,industrielle_portuaire,industrie_Bourgogne-Franche-Comté,Bourgogne-Franche-Comté,39
35099,Domloup,industrielle_portuaire,industrie_Bretagne,Bretagne,35
45176,Juranville,industrielle_portuaire,industrie_Centre-Val de Loire,Centre-Val de Loire,45
2B043,Brando,industrielle_portuaire,industrie_Corse,Corse,2B
55054,Bislée,industrielle_portuaire,industrie_Grand Est,Grand Est,55
60537,Ribécourt-Dreslincourt,industrielle_portuaire,industrie_Hauts-de-France,Hauts-de-France,60
27188,Criquebeuf-sur-Seine,industrielle_portuaire,industrie_Normandie,Normandie,27
24140,Cours-de-Pile,industrielle_portuaire,industrie_Nouvelle-Aquitaine,Nouvelle-Aquitaine,24
30083,Codognan,industrielle_portuaire,industrie_Occitanie,Occitanie,30
53201,Saint-Berthevin,industrielle_portuaire,industrie_Pays de la Loire,Pays de la Loire,53
13025,Châteauneuf-le-Rouge,industrielle_portuaire,industrie_Provence-Alpes-Côte d'Azur,Provence-Alpes-Côte d'Azur,13
93015,Coubron,industrielle_portuaire,industrie_Île-de-France,Île-de-France,93
43032,Blavozy,industrielle_portuaire,industrie_Auvergne-Rhône-Alpes,Auvergne-Rhône-Alpes,43
89189,Gisy-les-Nobles,industrielle_portuaire,industrie_Bourgogne-Franche-Comté,Bourgogne-Franche-Comté,89
35204,Nouvoitou,industrielle_portuaire,industrie_Bretagne,Bretagne,35
45209,Montbarrois,industrielle_portuaire,industrie_Centre-Val de Loire,Centre-Val de Loire,45
2B112,Feliceto,industrielle_portuaire,industrie_Corse,Corse,2B
57139,Chérisey,industrielle_portuaire,industrie_Grand Est,Grand Est,57
62523,Loison-sous-Lens,industrielle_portuaire,industrie_Hauts-de-France,Hauts-de-France,62
27534,Saint-Didier-des-Bois,industrielle_portuaire,industrie_Normandie,Normandie,27
24277,Monfaucon,industrielle_portuaire,industrie_Nouvelle-Aquitaine,Nouvelle-Aquitaine,24
30129,Générargues,industrielle_portuaire,industrie_Occitanie,Occitanie,30
72049,La Bruère-sur-Loir,industrielle_portuaire,industrie_Pays de la Loire,Pays de la Loire,72
13037,La Fare-les-Oliviers,industrielle_portuaire,industrie_Provence-Alpes-Côte d'Azur,Provence-Alpes-Côte d'Azur,13
95088,Bonneuil-en-France,industrielle_portuaire,industrie_Île-de-France,Île-de-France,95
69289,Saint-Pierre-de-Chandieu,industrielle_portuaire,industrie_Auvergne-Rhône-Alpes,Auvergne-Rhône-Alpes,69
89200,Hauterive,industrielle_portuaire,industrie_Bourgogne-Franche-Comté,Bourgogne-Franche-Comté,89
56223,Saint-Jean-la-Poterie,industrielle_portuaire,industrie_Bretagne,Bretagne,56
28208,Levainville,industrielle_portuaire,industrie_Centre-Val de Loire,Centre-Val de Loire,28
2B231,Pigna,industrielle_portuaire,industrie_Corse,Corse,2B
57177,Dieuze,industrielle_portuaire,industrie_Grand Est,Grand Est,57
62724,Rouvroy,industrielle_portuaire,industrie_Hauts-de-France,Hauts-de-France,62
27598,Saint-Pierre-du-Vauvray,industrielle_portuaire,industrie_Normandie,Normandie,27
24566,Varennes,industrielle_portuaire,industrie_Nouvelle-Aquitaine,Nouvelle-Aquitaine,24
31254,Labège,industrielle_portuaire,industrie_Occitanie,Occitanie,31
72378,Vion,industrielle_portuaire,industrie_Pays de la Loire,Pays de la Loire,72
13088,Le Rove,industrielle_portuaire,industrie_Provence-Alpes-Côte d'Azur,Provence-Alpes-Côte d'Azur,13
77211,Grandpuits-Bailly-Carrois,industrielle_portuaire,industrie_Île-de-France,Île-de-France,77
69293,Sathonay-Village,industrielle_portuaire,industrie_Auvergne-Rhône-Alpes,Auvergne-Rhône-Alpes,69
89287,Paron,industrielle_portuaire,industrie_Bourgogne-Franche-Comté,Bourgogne-Franche-Comté,89
22163,Paule,industrielle_portuaire,industrie_Bretagne,Bretagne,22
28358,Saint-Prest,industrielle_portuaire,industrie_Centre-Val de Loire,Centre-Val de Loire,28
2B239,Poggio-d'Oletta,industrielle_portuaire,industrie_Corse,Corse,2B
57222,Folkling,industrielle_portuaire,industrie_Grand Est,Grand Est,57
80585,Nesle,industrielle_portuaire,industrie_Hauts-de-France,Hauts-de-France,80
76132,Bourdainville,industrielle_portuaire,industrie_Normandie,Normandie,76
40243,Rion-des-Landes,industrielle_portuaire,industrie_Nouvelle-Aquitaine,Nouvelle-Aquitaine,40
31490,Saint-Jory,industrielle_portuaire,industrie_Occitanie,Occitanie,31
49217,Montreuil-sur-Maine,industrielle_portuaire,industrie_Pays de la Loire,Pays de la Loire,49
13101,Saint-Savournin,industrielle_portuaire,industrie_Provence-Alpes-Côte d'Azur,Provence-Alpes-Côte d'Azur,13
77291,Le Mesnil-Amelot,industrielle_portuaire,industrie_Île-de-France,Île-de-France,77
69297,Ternay,industrielle_portuaire,industrie_Auvergne-Rhône-Alpes,Auvergne-Rhône-Alpes,69
89452,Villecien,industrielle_portuaire,industrie_Bourgogne-Franche-Comté,Bourgogne-Franche-Comté,89
35090,Crevin,industrielle_portuaire,industrie_Bretagne,Bretagne,35
37010,Auzouer-en-Touraine,industrielle_portuaire,industrie_Centre-Val de Loire,Centre-Val de Loire,37
2B257,Rapale,industrielle_portuaire,industrie_Corse,Corse,2B
57481,Montois-la-Montagne,industrielle_portuaire,industrie_Grand Est,Grand Est,57
02292,Étampes-sur-Marne,industrielle_portuaire,industrie_Hauts-de-France,Hauts-de-France,02
76382,Lanquetot,industrielle_portuaire,industrie_Normandie,Normandie,76
64552,Vialer,industrielle_portuaire,industrie_Nouvelle-Aquitaine,Nouvelle-Aquitaine,64
31516,Saint-Sauveur,industrielle_portuaire,industrie_Occitanie,Occitanie,31
85196,Saint-André-Goule-d'Oie,industrielle_portuaire,industrie_Pays de la Loire,Pays de la Loire,85
83140,Tourves,industrielle_portuaire,industrie_Provence-Alpes-Côte d'Azur,Provence-Alpes-Côte d'Azur,83
77475,Trilport,industrielle_portuaire,industrie_Île-de-France,Île-de-France,77
73183,Myans,industrielle_portuaire,industrie_Auvergne-Rhône-Alpes,Auvergne-Rhône-Alpes,73
89468,Villevallier,industrielle_portuaire,industrie_Bourgogne-Franche-Comté,Bourgogne-Franche-Comté,89
22031,Carnoët,industrielle_portuaire,industrie_Bretagne,Bretagne,22
37124,Larçay,industrielle_portuaire,industrie_Centre-Val de Loire,Centre-Val de Loire,37
2B260,Riventosa,industrielle_portuaire,industrie_Corse,Corse,2B
67101,Dorlisheim,industrielle_portuaire,industrie_Grand Est,Grand Est,67
02549,Neuville-Saint-Amand,industrielle_portuaire,industrie_Hauts-de-France,Hauts-de-France,02
76468,Nointot,industrielle_portuaire,industrie_Normandie,Normandie,76
19012,Astaillac,industrielle_portuaire,industrie_Nouvelle-Aquitaine,Nouvelle-Aquitaine,19
34024,Balaruc-le-Vieux,industrielle_portuaire,industrie_Occitanie,Occitanie,34
49241,Le Plessis-Grammoire,industrielle_portuaire,industrie_Pays de la Loire,Pays de la Loire,49
06026,Cabris,industrielle_portuaire,industrie_Provence-Alpes-Côte d'Azur,Provence-Alpes-Côte d'Azur,06
78402,Mézières-sur-Seine,industrielle_portuaire,industrie_Île-de-France,Île-de-France,78
73248,Saint-Jean-de-Maurienne,industrielle_portuaire,industrie_Auvergne-Rhône-Alpes,Auvergne-Rhône-Alpes,73
90083,Recouvrance,industrielle_portuaire,industrie_Bourgogne-Franche-Comté,Bourgogne-Franche-Comté,90
22077,Hénansal,industrielle_portuaire,industrie_Bretagne,Bretagne,22
37151,La Membrolle-sur-Choisille,industrielle_portuaire,industrie_Centre-Val de Loire,Centre-Val de Loire,37
2A031,Bastelica,industrielle_portuaire,industrie_Corse,Corse,2A
68010,Aspach,industrielle_portuaire,industrie_Grand Est,Grand Est,68
02805,Villeneuve-Saint-Germain,industrielle_portuaire,industrie_Hauts-de-France,Hauts-de-France,02
14290,Fresney-le-Puceux,industrielle_portuaire,industrie_Normandie,Normandie,14
33067,Bourg,industrielle_portuaire,industrie_Nouvelle-Aquitaine,Nouvelle-Aquitaine,33
81195,Navès,industrielle_portuaire,industrie_Occitanie,Occitanie,81
49267,Saint-Barthélemy-d'Anjou,industrielle_portuaire,industrie_Pays de la Loire,Pays de la Loire,49
06092,Peillon,industrielle_portuaire,industrie_Provence-Alpes-Côte d'Azur,Provence-Alpes-Côte d'Azur,06
95250,Fosses,industrielle_portuaire,industrie_Île-de-France,Île-de-France,95
73297,Tournon,industrielle_portuaire,industrie_Auvergne-Rhône-Alpes,Auvergne-Rhône-Alpes,73
25555,Taillecourt,industrielle_portuaire,industrie_Bourgogne-Franche-Comté,Bourgogne-Franche-Comté,25
29128,Loc-Eguiner,industrielle_portuaire,industrie_Bretagne,Bretagne,29
37245,Semblançay,industrielle_portuaire,industrie_Centre-Val de Loire,Centre-Val de Loire,37
2A070,Casaglione,industrielle_portuaire,industrie_Corse,Corse,2A
68036,Biesheim,industrielle_portuaire,industrie_Grand Est,Grand Est,68
59092,Bouchain,industrielle_portuaire,industrie_Hauts-de-France,Hauts-de-France,59
14603,Saint-Laurent-de-Condel,industrielle_portuaire,industrie_Normandie,Normandie,14
47105,Frespech,industrielle_portuaire,industrie_Nouvelle-Aquitaine,Nouvelle-Aquitaine,47
11012,Argeliers,industrielle_portuaire,industrie_Occitanie,Occitanie,11
85277,Saint-Vincent-sur-Graon,industrielle_portuaire,industrie_Pays de la Loire,Pays de la Loire,85
06122,Saint-Jeannet,industrielle_portuaire,industrie_Provence-Alpes-Côte d'Azur,Provence-Alpes-Côte d'Azur,06
77384,Réau,industrielle_portuaire,industrie_Île-de-France,Île-de-France,77
01142,Dagneux,industrielle_portuaire,industrie_Auvergne-Rhône-Alpes,Auvergne-Rhône-Alpes,01
39233,Foucherans,industrielle_portuaire,industrie_Bourgogne-Franche-Comté,Bourgogne-Franche-Comté,39
35076,Chavagne,industrielle_portuaire,industrie_Bretagne,Bretagne,35
41203,Saint-Bohaire,industrielle_portuaire,industrie_Centre-Val de Loire,Centre-Val de Loire,41
2A259,Rezza,industrielle_portuaire,industrie_Corse,Corse,2A
68144,Hombourg,industrielle_portuaire,industrie_Grand Est,Grand Est,68
59159,Craywick,industrielle_portuaire,industrie_Hauts-de-France,Hauts-de-France,59
27028,Authou,industrielle_portuaire,industrie_Normandie,Normandie,27
87079,La Jonchère-Saint-Maurice,industrielle_portuaire,industrie_Nouvelle-Aquitaine,Nouvelle-Aquitaine,87
12043,Calmont,industrielle_portuaire,industrie_Occitanie,Occitanie,12
44108,Mouzillon,industrielle_portuaire,industrie_Pays de la Loire,Pays de la Loire,44
13020,Cadolive,industrielle_portuaire,industrie_Provence-Alpes-Côte d'Azur,Provence-Alpes-Côte d'Azur,13
78396,Le Mesnil-le-Roi,industrielle_portuaire,industrie_Île-de-France,Île-de-France,78
01194,Jassans-Riottier,industrielle_portuaire,industrie_Auvergne-Rhône-Alpes,Auvergne-Rhône-Alpes,01
58073,Chevroches,industrielle_portuaire,industrie_Bourgogne-Franche-Comté,Bourgogne-Franche-Comté,58
35256,Saint-Briac-sur-Mer,industrielle_portuaire,industrie_Bretagne,Bretagne,35
45072,Chanteau,industrielle_portuaire,industrie_Centre-Val de Loire,Centre-Val de Loire,45
2A266,Salice,industrielle_portuaire,industrie_Corse,Corse,2A
68322,Steinbach,industrielle_portuaire,industrie_Grand Est,Grand Est,68
59553,Santes,industrielle_portuaire,industrie_Hauts-de-France,Hauts-de-France,59
27072,Bois-Jérôme-Saint-Ouen,industrielle_portuaire,industrie_Normandie,Normandie,27
24143,Couze-et-Saint-Front,industrielle_portuaire,industrie_Nouvelle-Aquitaine,Nouvelle-Aquitaine,24
31021,Aspret-Sarrat,industrielle_portuaire,industrie_Occitanie,Occitanie,31
49009,Antoigné,industrielle_portuaire,industrie_Pays de la Loire,Pays de la Loire,49
13021,Carry-le-Rouet,industrielle_portuaire,industrie_Provence-Alpes-Côte d'Azur,Provence-Alpes-Côte d'Azur,13
78644,La Verrière,industrielle_portuaire,industrie_Île-de-France,Île-de-France,78
01362,Saint-Jean-de-Thurigneux,industrielle_portuaire,industrie_Auvergne-Rhône-Alpes,Auvergne-Rhône-Alpes,01
70483,Scye,industrielle_portuaire,industrie_Bourgogne-Franche-Comté,Bourgogne-Franche-Comté,70
35306,Saint-Père-Marc-en-Poulet,industrielle_portuaire,industrie_Bretagne,Bretagne,35
45169,Ingré,industrielle_portuaire,industrie_Centre-Val de Loire,Centre-Val de Loire,45
2A300,San-Gavino-di-Carbini,industrielle_portuaire,industrie_Corse,Corse,2A
88039,Baudricourt,industrielle_portuaire,industrie_Grand Est,Grand Est,88
60130,Catenoy,industrielle_portuaire,industrie_Hauts-de-France,Hauts-de-France,60
27644,Tilly,industrielle_portuaire,industrie_Normandie,Normandie,27
33256,Ludon-Médoc,industrielle_portuaire,industrie_Nouvelle-Aquitaine,Nouvelle-Aquitaine,33
31336,Mazères-sur-Salat,industrielle_portuaire,industrie_Occitanie,Occitanie,31
53204,Saint-Calais-du-Désert,industrielle_portuaire,industrie_Pays de la Loire,Pays de la Loire,53
13098,Saint-Mitre-les-Remparts,industrielle_portuaire,industrie_Provence-Alpes-Côte d'Azur,Provence-Alpes-Côte d'Azur,13
91332,Leudeville,industrielle_portuaire,industrie_Île-de-France,Île-de-France,91
03082,Commentry,industrielle_portuaire,industrie_Auvergne-Rhône-Alpes,Auvergne-Rhône-Alpes,03
71118,Châtenoy-le-Royal,industrielle_portuaire,industrie_Bourgogne-Franche-Comté,Bourgogne-Franche-Comté,71
22275,Saint-Barnabé,industrielle_portuaire,industrie_Bretagne,Bretagne,22
41002,Angé,industrielle_portuaire,industrie_Centre-Val de Loire,Centre-Val de Loire,41
2A323,Tavaco,industrielle_portuaire,industrie_Corse,Corse,2A
88257,Juvaincourt,industrielle_portuaire,industrie_Grand Est,Grand Est,88
62133,Billy-Montigny,industrielle_portuaire,industrie_Hauts-de-France,Hauts-de-France,62
76199,Criquiers,industrielle_portuaire,industrie_Normandie,Normandie,76
47032,Bon-Encontre,industrielle_portuaire,industrie_Nouvelle-Aquitaine,Nouvelle-Aquitaine,47
31344,Miramont-de-Comminges,industrielle_portuaire,industrie_Occitanie,Occitanie,31
72106,Courtillers,industrielle_portuaire,industrie_Pays de la Loire,Pays de la Loire,72
84001,Althen-des-Paluds,industrielle_portuaire,industrie_Provence-Alpes-Côte d'Azur,Provence-Alpes-Côte d'Azur,84
91648,Vert-le-Grand,industrielle_portuaire,industrie_Île-de-France,Île-de-France,91
03098,Désertines,industrielle_portuaire,industrie_Auvergne-Rhône-Alpes,Auvergne-Rhône-Alpes,03
71502,Sassenay,industrielle_portuaire,industrie_Bourgogne-Franche-Comté,Bourgogne-Franche-Comté,71
29036,Collorec,industrielle_portuaire,industrie_Bretagne,Bretagne,29
28061,Brou,industrielle_portuaire,industrie_Centre-Val de Loire,Centre-Val de Loire,28
2B009,Aléria,industrielle_portuaire,industrie_Corse,Corse,2B
51439,Pomacle,industrielle_portuaire,industrie_Grand Est,Grand Est,51
62173,Brebières,industrielle_portuaire,industrie_Hauts-de-France,Hauts-de-France,62
76473,Notre-Dame-de-Bliquetuit,industrielle_portuaire,industrie_Normandie,Normandie,76
64366,Mascaraàs-Haron,industrielle_portuaire,industrie_Nouvelle-Aquitaine,Nouvelle-Aquitaine,64
31409,Péchabou,industrielle_portuaire,industrie_Occitanie,Occitanie,31
85093,Fougeré,industrielle_portuaire,industrie_Pays de la Loire,Pays de la Loire,85
04245,Volx,industrielle_portuaire,industrie_Provence-Alpes-Côte d'Azur,Provence-Alpes-Côte d'Azur,04
95060,Bessancourt,industrielle_portuaire,industrie_Île-de-France,Île-de-France,95
26314,Saint-Martin-d'Août,industrielle_portuaire,industrie_Auvergne-Rhône-Alpes,Auvergne-Rhône-Alpes,26
89328,Rouvray,industrielle_portuaire,industrie_Bourgogne-Franche-Comté,Bourgogne-Franche-Comté,89
56062,Gâvres,industrielle_portuaire,industrie_Bretagne,Bretagne,56
28070,Champhol,industrielle_portuaire,industrie_Centre-Val de Loire,Centre-Val de Loire,28
2B025,Avapessa,industrielle_portuaire,industrie_Corse,Corse,2B
54276,Jeandelaincourt,industrielle_portuaire,industrie_Grand Est,Grand Est,54
62224,Chocques,industrielle_portuaire,industrie_Hauts-de-France,Hauts-de-France,62
76513,Quevillon,industrielle_portuaire,industrie_Normandie,Normandie,76
86158,Migné-Auxances,industrielle_portuaire,industrie_Nouvelle-Aquitaine,Nouvelle-Aquitaine,86
31429,Pompertuzat,industrielle_portuaire,industrie_Occitanie,Occitanie,31
85215,Saint-Fulgent,industrielle_portuaire,industrie_Pays de la Loire,Pays de la Loire,85
06095,Peymeinade,industrielle_portuaire,industrie_Provence-Alpes-Côte d'Azur,Provence-Alpes-Côte d'Azur,06
95211,Ennery,industrielle_portuaire,industrie_Île-de-France,Île-de-France,95
26323,Saint-Paul-lès-Romans,industrielle_portuaire,industrie_Auvergne-Rhône-Alpes,Auvergne-Rhône-Alpes,26
21437,Montmançon,industrielle_portuaire,industrie_Bourgogne-Franche-Comté,Bourgogne-Franche-Comté,21
56117,Locminé,industrielle_portuaire,industrie_Bretagne,Bretagne,56
37169,Neuville-sur-Brenne,industrielle_portuaire,industrie_Centre-Val de Loire,Centre-Val de Loire,37
2B082,Castineta,industrielle_portuaire,industrie_Corse,Corse,2B
54372,Moivrons,industrielle_portuaire,industrie_Grand Est,Grand Est,54
62310,Essars,industrielle_portuaire,industrie_Hauts-de-France,Hauts-de-France,62
76595,Saint-Jouin-Bruneval,industrielle_portuaire,industrie_Normandie,Normandie,76
17194,La Jarrie,industrielle_portuaire,industrie_Nouvelle-Aquitaine,Nouvelle-Aquitaine,17
31458,Roques,industrielle_portuaire,industrie_Occitanie,Occitanie,31
72138,Fresnay-sur-Sarthe,industrielle_portuaire,industrie_Pays de la Loire,Pays de la Loire,72
13046,Gréasque,industrielle_portuaire,industrie_Provence-Alpes-Côte d'Azur,Provence-Alpes-Côte d'Azur,13
95288,Groslay,industrielle_portuaire,industrie_Île-de-France,Île-de-France,95
38279,Notre-Dame-de-Mésage,industrielle_portuaire,industrie_Auvergne-Rhône-Alpes,Auvergne-Rhône-Alpes,38
21532,Rouvres-en-Plaine,industrielle_portuaire,industrie_Bourgogne-Franche-Comté,Bourgogne-Franche-Comté,21
22250,Pontrieux,industrielle_portuaire,industrie_Bretagne,Bretagne,22
37203,Rochecorbon,industrielle_portuaire,industrie_Centre-Val de Loire,Centre-Val de Loire,37
2B084,Cateri,industrielle_portuaire,industrie_Corse,Corse,2B
57596,Rosbruck,industrielle_portuaire,industrie_Grand Est,Grand Est,57
62331,Feuchy,industrielle_portuaire,industrie_Hauts-de-France,Hauts-de-France,62
76611,Saint-Martin-aux-Arbres,industrielle_portuaire,industrie_Normandie,Normandie,76
19116,Liourdres,industrielle_portuaire,industrie_Nouvelle-Aquitaine,Nouvelle-Aquitaine,19
32155,Le Houga,industrielle_portuaire,industrie_Occitanie,Occitanie,32
72385,Yvré-le-Pôlin,industrielle_portuaire,industrie_Pays de la Loire,Pays de la Loire,72
06114,Saint-André-de-la-Roche,industrielle_portuaire,industrie_Provence-Alpes-Côte d'Azur,Provence-Alpes-Côte d'Azur,06
78683,Villiers-Saint-Frédéric,industrielle_portuaire,industrie_Île-de-France,Île-de-France,78
69063,Collonges-au-Mont-d'Or,industrielle_portuaire,industrie_Auvergne-Rhône-Alpes,Auvergne-Rhône-Alpes,69
25097,Brognard,industrielle_portuaire,industrie_Bourgogne-Franche-Comté,Bourgogne-Franche-Comté,25
22376,Trévé,industrielle_portuaire,industrie_Bretagne,Bretagne,22
45240,Outarville,industrielle_portuaire,industrie_Centre-Val de Loire,Centre-Val de Loire,45
2B122,Gavignano,industrielle_portuaire,industrie_Corse,Corse,2B
68334,Thann,industrielle_portuaire,industrie_Grand Est,Grand Est,68
62497,Leforest,industrielle_portuaire,industrie_Hauts-de-France,Hauts-de-France,62
14100,Bretteville-sur-Laize,industrielle_portuaire,industrie_Normandie,Normandie,14
33132,Comps,industrielle_portuaire,industrie_Nouvelle-Aquitaine,Nouvelle-Aquitaine,33
32310,Perchède,industrielle_portuaire,industrie_Occitanie,Occitanie,32
85193,Rosnay,industrielle_portuaire,industrie_Pays de la Loire,Pays de la Loire,85
13013,Belcodène,industrielle_portuaire,industrie_Provence-Alpes-Côte d'Azur,Provence-Alpes-Côte d'Azur,13
77157,Dhuisy,industrielle_portuaire,industrie_Île-de-France,Île-de-France,77
69287,Saint-Bonnet-de-Mure,industrielle_portuaire,industrie_Auvergne-Rhône-Alpes,Auvergne-Rhône-Alpes,69
25230,Exincourt,industrielle_portuaire,industrie_Bourgogne-Franche-Comté,Bourgogne-Franche-Comté,25
29026,Châteaulin,industrielle_portuaire,industrie_Bretagne,Bretagne,29
28278,Nogent-le-Phaye,industrielle_portuaire,industrie_Centre-Val de Loire,Centre-Val de Loire,28
2B173,Muro,industrielle_portuaire,industrie_Corse,Corse,2B
88099,Chavelot,industrielle_portuaire,industrie_Grand Est,Grand Est,88
62559,Marquion,industrielle_portuaire,industrie_Hauts-de-France,Hauts-de-France,62
76227,Ectot-l'Auber,industrielle_portuaire,industrie_Normandie,Normandie,76
33182,Gauriac,industrielle_portuaire,industrie_Nouvelle-Aquitaine,Nouvelle-Aquitaine,33
46117,Gagnac-sur-Cère,industrielle_portuaire,industrie_Occitanie,Occitanie,46
44211,La Turballe,industrielle_portuaire,industrie_Pays de la Loire,Pays de la Loire,44
84036,Châteauneuf-de-Gadagne,industrielle_portuaire,industrie_Provence-Alpes-Côte d'Azur,Provence-Alpes-Côte d'Azur,84
77408,Saint-Fiacre,industrielle_portuaire,industrie_Île-de-France,Île-de-France,77
03159,Malicorne,industrielle_portuaire,industrie_Auvergne-Rhône-Alpes,Auvergne-Rhône-Alpes,03
25323,Laissey,industrielle_portuaire,industrie_Bourgogne-Franche-Comté,Bourgogne-Franche-Comté,25
29097,Lampaul-Guimiliau,industrielle_portuaire,industrie_Bretagne,Bretagne,29
28285,Oinville-sous-Auneau,industrielle_portuaire,industrie_Centre-Val de Loire,Centre-Val de Loire,28
2B175,Nessa,industrielle_portuaire,industrie_Corse,Corse,2B
10153,Fontaine-Mâcon,industrielle_portuaire,industrie_Grand Est,Grand Est,10
62587,Montigny-en-Gohelle,industrielle_portuaire,industrie_Hauts-de-France,Hauts-de-France,62
76329,Gruchet-le-Valasse,industrielle_portuaire,industrie_Normandie,Normandie,76
40031,Bégaar,industrielle_portuaire,industrie_Nouvelle-Aquitaine,Nouvelle-Aquitaine,40
81117,Labessière-Candeil,industrielle_portuaire,industrie_Occitanie,Occitanie,81
49228,Noyant-Villages,industrielle_portuaire,industrie_Pays de la Loire,Pays de la Loire,49
06147,Tourrette-Levens,industrielle_portuaire,industrie_Provence-Alpes-Côte d'Azur,Provence-Alpes-Côte d'Azur,06
77426,Saint-Méry,industrielle_portuaire,industrie_Île-de-France,Île-de-France,77
26148,Hauterives,industrielle_portuaire,industrie_Auvergne-Rhône-Alpes,Auvergne-Rhône-Alpes,26
71245,Jugy,industrielle_portuaire,industrie_Bourgogne-Franche-Comté,Bourgogne-Franche-Comté,71
29264,Saint-Servais,industrielle_portuaire,industrie_Bretagne,Bretagne,29
37030,Le Boulay,industrielle_portuaire,industrie_Centre-Val de Loire,Centre-Val de Loire,37
2B242,Poggio-Mezzana,industrielle_portuaire,industrie_Corse,Corse,2B
51518,Saint-Thierry,industrielle_portuaire,industrie_Grand Est,Grand Est,51
62809,Ternas,industrielle_portuaire,industrie_Hauts-de-France,Hauts-de-France,62
27116,Brionne,industrielle_portuaire,industrie_Normandie,Normandie,27
47060,Caudecoste,industrielle_portuaire,industrie_Nouvelle-Aquitaine,Nouvelle-Aquitaine,47
11164,Ginestas,industrielle_portuaire,industrie_Occitanie,Occitanie,11
53219,Saint-Georges-Buttavent,industrielle_portuaire,industrie_Pays de la Loire,Pays de la Loire,53
13040,Fuveau,industrielle_portuaire,industrie_Provence-Alpes-Côte d'Azur,Provence-Alpes-Côte d'Azur,13
77428,Saint-Ouen-en-Brie,industrielle_portuaire,industrie_Île-de-France,Île-de-France,77
26293,Saint-Avit,industrielle_portuaire,industrie_Auvergne-Rhône-Alpes,Auvergne-Rhône-Alpes,26
90018,Brebotte,industrielle_portuaire,industrie_Bourgogne-Franche-Comté,Bourgogne-Franche-Comté,90
35217,Le Pertre,industrielle_portuaire,industrie_Bretagne,Bretagne,35
37059,Charentilly,industrielle_portuaire,industrie_Centre-Val de Loire,Centre-Val de Loire,37
2B296,Sant'Antonino,industrielle_portuaire,industrie_Corse,Corse,2B
54330,Lupcourt,industrielle_portuaire,industrie_Grand Est,Grand Est,54
59080,Beuvry-la-Forêt,industrielle_portuaire,industrie_Hauts-de-France,Hauts-de-France,59
27304,Guerny,industrielle_portuaire,industrie_Normandie,Normandie,27
64521,Serres-Sainte-Marie,industrielle_portuaire,industrie_Nouvelle-Aquitaine,Nouvelle-Aquitaine,64
30344,Vergèze,industrielle_portuaire,industrie_Occitanie,Occitanie,30
72306,Saint-Ouen-en-Belin,industrielle_portuaire,industrie_Pays de la Loire,Pays de la Loire,72
13072,Peynier,industrielle_portuaire,industrie_Provence-Alpes-Côte d'Azur,Provence-Alpes-Côte d'Azur,13
78296,Guitrancourt,industrielle_portuaire,industrie_Île-de-France,Île-de-France,78
38026,La Balme-les-Grottes,industrielle_portuaire,industrie_Auvergne-Rhône-Alpes,Auvergne-Rhône-Alpes,38
90053,Grandvillars,industrielle_portuaire,industrie_Bourgogne-Franche-Comté,Bourgogne-Franche-Comté,90
56165,Ploërmel,industrielle_portuaire,industrie_Bretagne,Bretagne,56
37179,Parçay-Meslay,industrielle_portuaire,industrie_Centre-Val de Loire,Centre-Val de Loire,37
2B316,Santa-Reparata-di-Balagna,industrielle_portuaire,industrie_Corse,Corse,2B
54518,Thiaucourt-Regniéville,industrielle_portuaire,industrie_Grand Est,Grand Est,54
59592,Thumeries,industrielle_portuaire,industrie_Hauts-de-France,Hauts-de-France,59
27589,Saint-Pierre-de-Bailleul,industrielle_portuaire,industrie_Normandie,Normandie,27
64532,Tadousse-Ussau,industrielle_portuaire,industrie_Nouvelle-Aquitaine,Nouvelle-Aquitaine,64
31452,Rieucazé,industrielle_portuaire,industrie_Occitanie,Occitanie,31
85301,Vendrennes,industrielle_portuaire,industrie_Pays de la Loire,Pays de la Loire,85
04027,Bevons,industrielle_portuaire,industrie_Provence-Alpes-Côte d'Azur,Provence-Alpes-Côte d'Azur,04
78397,Le Mesnil-Saint-Denis,industrielle_portuaire,industrie_Île-de-France,Île-de-France,78
38110,Chuzelles,industrielle_portuaire,industrie_Auvergne-Rhône-Alpes,Auvergne-Rhône-Alpes,38
25011,Allenjoie,industrielle_portuaire,industrie_Bourgogne-Franche-Comté,Bourgogne-Franche-Comté,25
56232,Saint-Perreux,industrielle_portuaire,industrie_Bretagne,Bretagne,56
37276,Villedômer,industrielle_portuaire,industrie_Centre-Val de Loire,Centre-Val de Loire,37
2A061,Carbini,industrielle_portuaire,industrie_Corse,Corse,2A
55181,Étain,industrielle_portuaire,industrie_Grand Est,Grand Est,55
59651,Wavrechain-sous-Denain,industrielle_portuaire,industrie_Hauts-de-France,Hauts-de-France,59
76446,Montigny,industrielle_portuaire,industrie_Normandie,Normandie,76
86076,Cissé,industrielle_portuaire,industrie_Nouvelle-Aquitaine,Nouvelle-Aquitaine,86
31541,Seilh,industrielle_portuaire,industrie_Occitanie,Occitanie,31
44185,Saint-Nicolas-de-Redon,industrielle_portuaire,industrie_Pays de la Loire,Pays de la Loire,44
13119,Carnoux-en-Provence,industrielle_portuaire,industrie_Provence-Alpes-Côte d'Azur,Provence-Alpes-Côte d'Azur,13
91204,Écharcon,industrielle_portuaire,industrie_Île-de-France,Île-de-France,91
38353,Saint-Alban-du-Rhône,industrielle_portuaire,industrie_Auvergne-Rhône-Alpes,Auvergne-Rhône-Alpes,38
25014,Amagney,industrielle_portuaire,industrie_Bourgogne-Franche-Comté,Bourgogne-Franche-Comté,25
22076,Hénanbihen,industrielle_portuaire,industrie_Bretagne,Bretagne,22
41080,Faverolles-sur-Cher,industrielle_portuaire,industrie_Centre-Val de Loire,Centre-Val de Loire,41
2A099,Cozzano,industrielle_portuaire,industrie_Corse,Corse,2A
57269,Guénange,industrielle_portuaire,industrie_Grand Est,Grand Est,57
60358,Lévignen,industrielle_portuaire,industrie_Hauts-de-France,Hauts-de-France,60
14092,Bourguébus,industrielle_portuaire,industrie_Normandie,Normandie,14
87183,Saint-Sylvestre,industrielle_portuaire,industrie_Nouvelle-Aquitaine,Nouvelle-Aquitaine,87
32034,Bazugues,industrielle_portuaire,industrie_Occitanie,Occitanie,32
49195,Mazières-en-Mauges,industrielle_portuaire,industrie_Pays de la Loire,Pays de la Loire,49
83076,Mazaugues,industrielle_portuaire,industrie_Provence-Alpes-Côte d'Azur,Provence-Alpes-Côte d'Azur,83
91315,Itteville,industrielle_portuaire,industrie_Île-de-France,Île-de-France,91
38537,La Verpillière,industrielle_portuaire,industrie_Auvergne-Rhône-Alpes,Auvergne-Rhône-Alpes,38
25111,Chalèze,industrielle_portuaire,industrie_Bourgogne-Franche-Comté,Bourgogne-Franche-Comté,25
22260,Le Quillio,industrielle_portuaire,industrie_Bretagne,Bretagne,22
41217,Saint-Julien-de-Chédon,industrielle_portuaire,industrie_Centre-Val de Loire,Centre-Val de Loire,41
2A209,Peri,industrielle_portuaire,industrie_Corse,Corse,2A
57543,Pierrevillers,industrielle_portuaire,industrie_Grand Est,Grand Est,57
62249,Courcelles-lès-Lens,industrielle_portuaire,industrie_Hauts-de-France,Hauts-de-France,62
27554,La Chapelle-Longueville,industrielle_portuaire,industrie_Normandie,Normandie,27
16244,Nersac,industrielle_portuaire,industrie_Nouvelle-Aquitaine,Nouvelle-Aquitaine,16
32222,Magnan,industrielle_portuaire,industrie_Occitanie,Occitanie,32
53203,Saint-Brice,industrielle_portuaire,industrie_Pays de la Loire,Pays de la Loire,53
84096,Rasteau,industrielle_portuaire,industrie_Provence-Alpes-Côte d'Azur,Provence-Alpes-Côte d'Azur,84
91340,Lisses,industrielle_portuaire,industrie_Île-de-France,Île-de-France,91
38540,Veurey-Voroize,industrielle_portuaire,industrie_Auvergne-Rhône-Alpes,Auvergne-Rhône-Alpes,38
25152,La Chevillotte,industrielle_portuaire,industrie_Bourgogne-Franche-Comté,Bourgogne-Franche-Comté,25
22322,Saint-Péver,industrielle_portuaire,industrie_Bretagne,Bretagne,22
45010,Ascoux,industrielle_portuaire,industrie_Centre-Val de Loire,Centre-Val de Loire,45
2A268,Sampolo,industrielle_portuaire,industrie_Corse,Corse,2A
57591,Rombas,industrielle_portuaire,industrie_Grand Est,Grand Est,57
62534,Lumbres,industrielle_portuaire,industrie_Hauts-de-France,Hauts-de-France,62
61096,Rives d'Andaine,industrielle_portuaire,industrie_Normandie,Normandie,61
17462,Vénérand,industrielle_portuaire,industrie_Nouvelle-Aquitaine,Nouvelle-Aquitaine,17
66190,Salses-le-Château,industrielle_portuaire,industrie_Occitanie,Occitanie,66
72050,Brûlon,industrielle_portuaire,industrie_Pays de la Loire,Pays de la Loire,72
04152,Pierrevert,industrielle_portuaire,industrie_Provence-Alpes-Côte d'Azur,Provence-Alpes-Côte d'Azur,04
95051,Beauchamp,industrielle_portuaire,industrie_Île-de-France,Île-de-France,95
69092,Gleizé,industrielle_portuaire,industrie_Auvergne-Rhône-Alpes,Auvergne-Rhône-Alpes,69
25116,Champlive,industrielle_portuaire,industrie_Bourgogne-Franche-Comté,Bourgogne-Franche-Comté,25
22335,Senven-Léhart,industrielle_portuaire,industrie_Bretagne,Bretagne,22
45274,Saint-Denis-en-Val,industrielle_portuaire,industrie_Centre-Val de Loire,Centre-Val de Loire,45
2A345,Vero,industrielle_portuaire,industrie_Corse,Corse,2A
68342,Uffholtz,industrielle_portuaire,industrie_Grand Est,Grand Est,68
62771,Sallaumines,industrielle_portuaire,industrie_Hauts-de-France,Hauts-de-France,62
61257,Méhoudin,industrielle_portuaire,industrie_Normandie,Normandie,61
47128,Lafox,industrielle_portuaire,industrie_Nouvelle-Aquitaine,Nouvelle-Aquitaine,47
81258,Saint-Julien-du-Puy,industrielle_portuaire,industrie_Occitanie,Occitanie,81
72336,Solesmes,industrielle_portuaire,industrie_Pays de la Loire,Pays de la Loire,72
06048,Contes,industrielle_portuaire,industrie_Provence-Alpes-Côte d'Azur,Provence-Alpes-Côte d'Azur,06
95256,Frépillon,industrielle_portuaire,industrie_Île-de-France,Île-de-France,95
69285,Pusignan,industrielle_portuaire,industrie_Auvergne-Rhône-Alpes,Auvergne-Rhône-Alpes,69
25547,Sochaux,industrielle_portuaire,industrie_Bourgogne-Franche-Comté,Bourgogne-Franche-Comté,25
29111,Lanhouarneau,industrielle_portuaire,industrie_Bretagne,Bretagne,29
45301,Santeau,industrielle_portuaire,industrie_Centre-Val de Loire,Centre-Val de Loire,45
2B020,Aregno,industrielle_portuaire,industrie_Corse,Corse,2B
54320,Loisy,industrielle_portuaire,industrie_Grand Est,Grand Est,54
62817,Tilloy-lès-Mofflaines,industrielle_portuaire,industrie_Hauts-de-France,Hauts-de-France,62
76007,Anceaumeville,industrielle_portuaire,industrie_Normandie,Normandie,76
47130,Lagruère,industrielle_portuaire,industrie_Nouvelle-Aquitaine,Nouvelle-Aquitaine,47
12003,Les Albres,industrielle_portuaire,industrie_Occitanie,Occitanie,12
85064,Chauché,industrielle_portuaire,industrie_Pays de la Loire,Pays de la Loire,85
84055,Jonquerettes,industrielle_portuaire,industrie_Provence-Alpes-Côte d'Azur,Provence-Alpes-Côte d'Azur,84
95527,Roissy-en-France,industrielle_portuaire,industrie_Île-de-France,Île-de-France,95
73249,Saint-Jeoire-Prieuré,industrielle_portuaire,industrie_Auvergne-Rhône-Alpes,Auvergne-Rhône-Alpes,73
25614,Vieux-Charmont,industrielle_portuaire,industrie_Bourgogne-Franche-Comté,Bourgogne-Franche-Comté,25
29131,Locmélar,industrielle_portuaire,industrie_Bretagne,Bretagne,29
45310,Sermaises,industrielle_portuaire,industrie_Centre-Val de Loire,Centre-Val de Loire,45
2B049,Calenzana,industrielle_portuaire,industrie_Corse,Corse,2B
55578,Warcq,industrielle_portuaire,industrie_Grand Est,Grand Est,55
62842,Vendin-le-Vieil,industrielle_portuaire,industrie_Hauts-de-France,Hauts-de-France,62
76518,Raffetot,industrielle_portuaire,industrie_Normandie,Normandie,76
47209,Pont-du-Casse,industrielle_portuaire,industrie_Nouvelle-Aquitaine,Nouvelle-Aquitaine,47
12013,Aubin,industrielle_portuaire,industrie_Occitanie,Occitanie,12
85144,Mesnard-la-Barotière,industrielle_portuaire,industrie_Pays de la Loire,Pays de la Loire,85
06021,Bonson,industrielle_portuaire,industrie_Provence-Alpes-Côte d'Azur,Provence-Alpes-Côte d'Azur,06
77326,Nandy,industrielle_portuaire,industrie_Île-de-France,Île-de-France,77
01027,Balan,industrielle_portuaire,industrie_Auvergne-Rhône-Alpes,Auvergne-Rhône-Alpes,01
89080,La Chapelle-sur-Oreuse,industrielle_portuaire,industrie_Bourgogne-Franche-Comté,Bourgogne-Franche-Comté,89
29205,Plounévézel,industrielle_portuaire,industrie_Bretagne,Bretagne,29
18166,Nohant-en-Goût,industrielle_portuaire,industrie_Centre-Val de Loire,Centre-Val de Loire,18
2B110,Favalello,industrielle_portuaire,industrie_Corse,Corse,2B
57067,Bertrange,industrielle_portuaire,industrie_Grand Est,Grand Est,57
62858,Villers-lès-Cagnicourt,industrielle_portuaire,industrie_Hauts-de-France,Hauts-de-France,62
76684,Tancarville,industrielle_portuaire,industrie_Normandie,Normandie,76
47248,Saint-Jean-de-Thurac,industrielle_portuaire,industrie_Nouvelle-Aquitaine,Nouvelle-Aquitaine,47
12028,Boisse-Penchot,industrielle_portuaire,industrie_Occitanie,Occitanie,12
85212,Sainte-Florence,industrielle_portuaire,industrie_Pays de la Loire,Pays de la Loire,85
06039,Châteauneuf-Villevieille,industrielle_portuaire,industrie_Provence-Alpes-Côte d'Azur,Provence-Alpes-Côte d'Azur,06
78031,Auffreville-Brasseuil,industrielle_portuaire,industrie_Île-de-France,Île-de-France,78
38158,Eybens,industrielle_portuaire,industrie_Auvergne-Rhône-Alpes,Auvergne-Rhône-Alpes,38
25495,Roche-lez-Beaupré,industrielle_portuaire,industrie_Bourgogne-Franche-Comté,Bourgogne-Franche-Comté,25
29210,Plouvorn,industrielle_portuaire,industrie_Bretagne,Bretagne,29
28015,Auneau-Bleury-Saint-Symphorien,industrielle_portuaire,industrie_Centre-Val de Loire,Centre-Val de Loire,28
2B134,L'Île-Rousse,industrielle_portuaire,industrie_Corse,Corse,2B
57756,Xouaxange,industrielle_portuaire,industrie_Grand Est,Grand Est,57
80785,Vecquemont,industrielle_portuaire,industrie_Hauts-de-France,Hauts-de-France,80
76366,Le Houlme,industrielle_portuaire,industrie_Normandie,Normandie,76
79137,Granzay-Gript,industrielle_portuaire,industrie_Nouvelle-Aquitaine,Nouvelle-Aquitaine,79
12089,Decazeville,industrielle_portuaire,industrie_Occitanie,Occitanie,12
85252,Saint-Maurice-le-Girard,industrielle_portuaire,industrie_Pays de la Loire,Pays de la Loire,85
06060,Falicon,industrielle_portuaire,industrie_Provence-Alpes-Côte d'Azur,Provence-Alpes-Côte d'Azur,06
78344,Lommoye,industrielle_portuaire,industrie_Île-de-France,Île-de-France,78
38189,Heyrieux,industrielle_portuaire,industrie_Auvergne-Rhône-Alpes,Auvergne-Rhône-Alpes,38
58217,Pousseaux,industrielle_portuaire,industrie_Bourgogne-Franche-Comté,Bourgogne-Franche-Comté,58
35224,Plerguer,industrielle_portuaire,industrie_Bretagne,Bretagne,35
45028,Beaugency,industrielle_portuaire,industrie_Centre-Val de Loire,Centre-Val de Loire,45
2B149,Lugo-di-Nazza,industrielle_portuaire,industrie_Corse,Corse,2B
67008,Altorf,industrielle_portuaire,industrie_Grand Est,Grand Est,67
59016,Armbouts-Cappel,industrielle_portuaire,industrie_Hauts-de-France,Hauts-de-France,59
27015,Andé,industrielle_portuaire,industrie_Normandie,Normandie,27
79251,Marcillé,industrielle_portuaire,industrie_Nouvelle-Aquitaine,Nouvelle-Aquitaine,79
30270,Saint-Jean-du-Pin,industrielle_portuaire,industrie_Occitanie,Occitanie,30
44166,Saint-Jean-de-Boiseau,industrielle_portuaire,industrie_Pays de la Loire,Pays de la Loire,44
83127,Signes,industrielle_portuaire,industrie_Provence-Alpes-Côte d'Azur,Provence-Alpes-Côte d'Azur,83
91639,Vayres-sur-Essonne,industrielle_portuaire,industrie_Île-de-France,Île-de-France,91
38486,Seyssins,industrielle_portuaire,industrie_Auvergne-Rhône-Alpes,Auvergne-Rhône-Alpes,38
71565,Vendenesse-sur-Arroux,industrielle_portuaire,industrie_Bourgogne-Franche-Comté,Bourgogne-Franche-Comté,71
56204,Saint-Allouestre,industrielle_portuaire,industrie_Bretagne,Bretagne,56
45047,Bouzonville-aux-Bois,industrielle_portuaire,industrie_Centre-Val de Loire,Centre-Val de Loire,45
2B167,Montegrosso,industrielle_portuaire,industrie_Corse,Corse,2B
51248,Fère-Champenoise,industrielle_portuaire,industrie_Grand Est,Grand Est,51
59449,Orchies,industrielle_portuaire,industrie_Hauts-de-France,Hauts-de-France,59
50488,Saint-Jean-de-Daye,industrielle_portuaire,industrie_Normandie,Normandie,50
87125,Rilhac-Rancon,industrielle_portuaire,industrie_Nouvelle-Aquitaine,Nouvelle-Aquitaine,87
30294,Saint-Privat-des-Vieux,industrielle_portuaire,industrie_Occitanie,Occitanie,30
53034,Bonchamp-lès-Laval,industrielle_portuaire,industrie_Pays de la Loire,Pays de la Loire,53
83132,Solliès-Ville,industrielle_portuaire,industrie_Provence-Alpes-Côte d'Azur,Provence-Alpes-Côte d'Azur,83
77049,Boutigny,industrielle_portuaire,industrie_Île-de-France,Île-de-France,77
26379,Granges-les-Beaumont,industrielle_portuaire,industrie_Auvergne-Rhône-Alpes,Auvergne-Rhône-Alpes,26
89382,Seignelay,industrielle_portuaire,industrie_Bourgogne-Franche-Comté,Bourgogne-Franche-Comté,89
22098,Landéhen,industrielle_portuaire,industrie_Bretagne,Bretagne,22
45086,Châtillon-le-Roi,industrielle_portuaire,industrie_Centre-Val de Loire,Centre-Val de Loire,45
2B185,Oletta,industrielle_portuaire,industrie_Corse,Corse,2B
54159,Dombasle-sur-Meurthe,industrielle_portuaire,industrie_Grand Est,Grand Est,54
59486,Râches,industrielle_portuaire,industrie_Hauts-de-France,Hauts-de-France,59
76491,Ouville-l'Abbaye,industrielle_portuaire,industrie_Normandie,Normandie,76
16150,Gensac-la-Pallue,industrielle_portuaire,industrie_Nouvelle-Aquitaine,Nouvelle-Aquitaine,16
30318,Servas,industrielle_portuaire,industrie_Occitanie,Occitanie,30
72102,Courcival,industrielle_portuaire,industrie_Pays de la Loire,Pays de la Loire,72
84081,Morières-lès-Avignon,industrielle_portuaire,industrie_Provence-Alpes-Côte d'Azur,Provence-Alpes-Côte d'Azur,84
77178,Faÿ-lès-Nemours,industrielle_portuaire,industrie_Île-de-France,Île-de-France,77
38190,Hières-sur-Amby,industrielle_portuaire,industrie_Auvergne-Rhône-Alpes,Auvergne-Rhône-Alpes,38
21571,Saint-Sauveur,industrielle_portuaire,industrie_Bourgogne-Franche-Comté,Bourgogne-Franche-Comté,21
22189,Plésidy,industrielle_portuaire,industrie_Bretagne,Bretagne,22
18247,Savigny-en-Septaine,industrielle_portuaire,industrie_Centre-Val de Loire,Centre-Val de Loire,18
2B188,Olmeta-di-Tuda,industrielle_portuaire,industrie_Corse,Corse,2B
54499,Seicheprey,industrielle_portuaire,industrie_Grand Est,Grand Est,54
59492,Ramillies,industrielle_portuaire,industrie_Hauts-de-France,Hauts-de-France,59
76508,La Poterie-Cap-d'Antifer,industrielle_portuaire,industrie_Normandie,Normandie,76
16151,Genté,industrielle_portuaire,industrie_Nouvelle-Aquitaine,Nouvelle-Aquitaine,16
31036,Auzielle,industrielle_portuaire,industrie_Occitanie,Occitanie,31
85038,Les Brouzils,industrielle_portuaire,industrie_Pays de la Loire,Pays de la Loire,85
84106,Sainte-Cécile-les-Vignes,industrielle_portuaire,industrie_Provence-Alpes-Côte d'Azur,Provence-Alpes-Côte d'Azur,84
77438,Saint-Thibault-des-Vignes,industrielle_portuaire,industrie_Île-de-France,Île-de-France,77
38431,Saint-Nazaire-les-Eymes,industrielle_portuaire,industrie_Auvergne-Rhône-Alpes,Auvergne-Rhône-Alpes,38
25395,Montfaucon,industrielle_portuaire,industrie_Bourgogne-Franche-Comté,Bourgogne-Franche-Comté,25
22284,Saint-Connan,industrielle_portuaire,industrie_Bretagne,Bretagne,22
28220,Luisant,industrielle_portuaire,industrie_Centre-Val de Loire,Centre-Val de Loire,28
2B281,Sisco,industrielle_portuaire,industrie_Corse,Corse,2B
57050,Barchain,industrielle_portuaire,industrie_Grand Est,Grand Est,57
60006,Les Ageux,industrielle_portuaire,industrie_Hauts-de-France,Hauts-de-France,60
76556,Saint-Antoine-la-Forêt,industrielle_portuaire,industrie_Normandie,Normandie,76
16167,Jarnac,industrielle_portuaire,industrie_Nouvelle-Aquitaine,Nouvelle-Aquitaine,16
32094,Caupenne-d'Armagnac,industrielle_portuaire,industrie_Occitanie,Occitanie,32
85084,Essarts-en-Bocage,industrielle_portuaire,industrie_Pays de la Loire,Pays de la Loire,85
13031,La Destrousse,industrielle_portuaire,industrie_Provence-Alpes-Côte d'Azur,Provence-Alpes-Côte d'Azur,13
78217,Épône,industrielle_portuaire,industrie_Île-de-France,Île-de-France,78
42305,La Talaudière,industrielle_portuaire,industrie_Auvergne-Rhône-Alpes,Auvergne-Rhône-Alpes,42
58307,Vielmanay,industrielle_portuaire,industrie_Bourgogne-Franche-Comté,Bourgogne-Franche-Comté,58
22330,Saint-Thélo,industrielle_portuaire,industrie_Bretagne,Bretagne,22
28394,Tréon,industrielle_portuaire,industrie_Centre-Val de Loire,Centre-Val de Loire,28
2B311,Santa-Maria-Poggio,industrielle_portuaire,industrie_Corse,Corse,2B
57101,Bousbach,industrielle_portuaire,industrie_Grand Est,Grand Est,57
60670,Verneuil-en-Halatte,industrielle_portuaire,industrie_Hauts-de-France,Hauts-de-France,60
14039,Barbery,industrielle_portuaire,industrie_Normandie,Normandie,14
17200,Lagord,industrielle_portuaire,industrie_Nouvelle-Aquitaine,Nouvelle-Aquitaine,17
34073,Cers,industrielle_portuaire,industrie_Occitanie,Occitanie,34
85154,Mouilleron-Saint-Germain,industrielle_portuaire,industrie_Pays de la Loire,Pays de la Loire,85
13061,Saint-Pierre-de-Mézoargues,industrielle_portuaire,industrie_Provence-Alpes-Côte d'Azur,Provence-Alpes-Côte d'Azur,13
78220,Les Essarts-le-Roi,industrielle_portuaire,industrie_Île-de-France,Île-de-France,78
42323,Veauche,industrielle_portuaire,industrie_Auvergne-Rhône-Alpes,Auvergne-Rhône-Alpes,42
71194,Farges-lès-Chalon,industrielle_portuaire,industrie_Bourgogne-Franche-Comté,Bourgogne-Franche-Comté,71
29105,Landivisiau,industrielle_portuaire,industrie_Bretagne,Bretagne,29
37046,Céré-la-Ronde,industrielle_portuaire,industrie_Centre-Val de Loire,Centre-Val de Loire,37
2B315,Santo-Pietro-di-Venaco,industrielle_portuaire,industrie_Corse,Corse,2B
57102,Bousse,industrielle_portuaire,industrie_Grand Est,Grand Est,57
62321,Évin-Malmaison,industrielle_portuaire,industrie_Hauts-de-France,Hauts-de-France,62
27440,Notre-Dame-de-l'Isle,industrielle_portuaire,industrie_Normandie,Normandie,27
24145,Creysse,industrielle_portuaire,industrie_Nouvelle-Aquitaine,Nouvelle-Aquitaine,24
12133,Luc-la-Primaube,industrielle_portuaire,industrie_Occitanie,Occitanie,12
85165,L'Oie,industrielle_portuaire,industrie_Pays de la Loire,Pays de la Loire,85
13076,Plan-d'Orgon,industrielle_portuaire,industrie_Provence-Alpes-Côte d'Azur,Provence-Alpes-Côte d'Azur,13
78576,Saint-Rémy-l'Honoré,industrielle_portuaire,industrie_Île-de-France,Île-de-France,78
43190,Saint-Germain-Laprade,industrielle_portuaire,industrie_Auvergne-Rhône-Alpes,Auvergne-Rhône-Alpes,43
89067,Cézy,industrielle_portuaire,industrie_Bourgogne-Franche-Comté,Bourgogne-Franche-Comté,89
29116,Lanneuffret,industrielle_portuaire,industrie_Bretagne,Bretagne,29
41003,Areines,industrielle_portuaire,industrie_Centre-Val de Loire,Centre-Val de Loire,41
2B333,Vallecalle,industrielle_portuaire,industrie_Corse,Corse,2B
57193,Ennery,industrielle_portuaire,industrie_Grand Est,Grand Est,57
62480,Labourse,industrielle_portuaire,industrie_Hauts-de-France,Hauts-de-France,62
27528,Le Vaudreuil,industrielle_portuaire,industrie_Normandie,Normandie,27
24228,Lanquais,industrielle_portuaire,industrie_Nouvelle-Aquitaine,Nouvelle-Aquitaine,24
30243,Saint-Christol-lez-Alès,industrielle_portuaire,industrie_Occitanie,Occitanie,30
85186,La Rabatelière,industrielle_portuaire,industrie_Pays de la Loire,Pays de la Loire,85
83033,Carnoules,industrielle_portuaire,industrie_Provence-Alpes-Côte d'Azur,Provence-Alpes-Côte d'Azur,83
78588,Saulx-Marchais,industrielle_portuaire,industrie_Île-de-France,Île-de-France,78
69118,Loire-sur-Rhône,industrielle_portuaire,industrie_Auvergne-Rhône-Alpes,Auvergne-Rhône-Alpes,69
71189,Épervans,industrielle_portuaire,industrie_Bourgogne-Franche-Comté,Bourgogne-Franche-Comté,71
29142,Lothey,industrielle_portuaire,industrie_Bretagne,Bretagne,29
41206,Saint-Denis-sur-Loire,industrielle_portuaire,industrie_Centre-Val de Loire,Centre-Val de Loire,41
2A014,Ambiegna,industrielle_portuaire,industrie_Corse,Corse,2A
57283,Hagondange,industrielle_portuaire,industrie_Grand Est,Grand Est,57
62782,Saudemont,industrielle_portuaire,industrie_Hauts-de-France,Hauts-de-France,62
76039,Les Authieux-sur-le-Port-Saint-Ouen,industrielle_portuaire,industrie_Normandie,Normandie,76
33104,Castelnau-de-Médoc,industrielle_portuaire,industrie_Nouvelle-Aquitaine,Nouvelle-Aquitaine,33
31259,Lacroix-Falgarde,industrielle_portuaire,industrie_Occitanie,Occitanie,31
85197,Montréverd,industrielle_portuaire,industrie_Pays de la Loire,Pays de la Loire,85
83086,Le Muy,industrielle_portuaire,industrie_Provence-Alpes-Côte d'Azur,Provence-Alpes-Côte d'Azur,83
95039,Auvers-sur-Oise,industrielle_portuaire,industrie_Île-de-France,Île-de-France,95
69294,Sérézin-du-Rhône,industrielle_portuaire,industrie_Auvergne-Rhône-Alpes,Auvergne-Rhône-Alpes,69
71520,Sevrey,industrielle_portuaire,industrie_Bourgogne-Franche-Comté,Bourgogne-Franche-Comté,71
29163,Pleyber-Christ,industrielle_portuaire,industrie_Bretagne,Bretagne,29
45018,Auxy,industrielle_portuaire,industrie_Centre-Val de Loire,Centre-Val de Loire,45
2A089,Ciamannacce,industrielle_portuaire,industrie_Corse,Corse,2A
57368,Knutange,industrielle_portuaire,industrie_Grand Est,Grand Est,57
80542,Mesnil-Saint-Nicaise,industrielle_portuaire,industrie_Hauts-de-France,Hauts-de-France,80
76274,La Fontelaye,industrielle_portuaire,industrie_Normandie,Normandie,76
33211,Labarde,industrielle_portuaire,industrie_Nouvelle-Aquitaine,Nouvelle-Aquitaine,33
31282,Launaguet,industrielle_portuaire,industrie_Occitanie,Occitanie,31
44095,La Meilleraye-de-Bretagne,industrielle_portuaire,industrie_Pays de la Loire,Pays de la Loire,44
04149,Peyruis,industrielle_portuaire,industrie_Provence-Alpes-Côte d'Azur,Provence-Alpes-Côte d'Azur,04
95139,La Chapelle-en-Vexin,industrielle_portuaire,industrie_Île-de-France,Île-de-France,95
73224,Saint-Avre,industrielle_portuaire,industrie_Auvergne-Rhône-Alpes,Auvergne-Rhône-Alpes,73
90082,Autrechêne,industrielle_portuaire,industrie_Bourgogne-Franche-Comté,Bourgogne-Franche-Comté,90
29275,Scrignac,industrielle_portuaire,industrie_Bretagne,Bretagne,29
45037,Boisseaux,industrielle_portuaire,industrie_Centre-Val de Loire,Centre-Val de Loire,45
2A189,Olmeto,industrielle_portuaire,industrie_Corse,Corse,2A
57491,Moyeuvre-Grande,industrielle_portuaire,industrie_Grand Est,Grand Est,57
02359,Grugies,industrielle_portuaire,industrie_Hauts-de-France,Hauts-de-France,02
27022,Le Val d'Hazey,industrielle_portuaire,industrie_Normandie,Normandie,27
33554,Yvrac,industrielle_portuaire,industrie_Nouvelle-Aquitaine,Nouvelle-Aquitaine,33
31460,Roquettes,industrielle_portuaire,industrie_Occitanie,Occitanie,31
44222,La Roche-Blanche,industrielle_portuaire,industrie_Pays de la Loire,Pays de la Loire,44
06090,Pégomas,industrielle_portuaire,industrie_Provence-Alpes-Côte d'Azur,Provence-Alpes-Côte d'Azur,06
77091,Les Chapelles-Bourbon,industrielle_portuaire,industrie_Île-de-France,Île-de-France,77
73320,Villargondran,industrielle_portuaire,industrie_Auvergne-Rhône-Alpes,Auvergne-Rhône-Alpes,73
25237,Fesches-le-Châtel,industrielle_portuaire,industrie_Bourgogne-Franche-Comté,Bourgogne-Franche-Comté,25
35018,La Bazouge-du-Désert,industrielle_portuaire,industrie_Bretagne,Bretagne,35
45089,Chécy,industrielle_portuaire,industrie_Centre-Val de Loire,Centre-Val de Loire,45
2B010,Algajola,industrielle_portuaire,industrie_Corse,Corse,2B
68020,Bantzenheim,industrielle_portuaire,industrie_Grand Est,Grand Est,68
02468,Marle,industrielle_portuaire,industrie_Hauts-de-France,Hauts-de-France,02
27113,Brétigny,industrielle_portuaire,industrie_Normandie,Normandie,27
40178,Mazerolles,industrielle_portuaire,industrie_Nouvelle-Aquitaine,Nouvelle-Aquitaine,40
65100,Bordères-sur-l'Échez,industrielle_portuaire,industrie_Occitanie,Occitanie,65
53209,Saint-Cyr-le-Gravelais,industrielle_portuaire,industrie_Pays de la Loire,Pays de la Loire,53
06108,La Roquette-sur-Siagne,industrielle_portuaire,industrie_Provence-Alpes-Côte d'Azur,Provence-Alpes-Côte d'Azur,06
77276,Mareuil-lès-Meaux,industrielle_portuaire,industrie_Île-de-France,Île-de-France,77
01285,Parcieux,industrielle_portuaire,industrie_Auvergne-Rhône-Alpes,Auvergne-Rhône-Alpes,01
25429,Novillars,industrielle_portuaire,industrie_Bourgogne-Franche-Comté,Bourgogne-Franche-Comté,25
35023,Bédée,industrielle_portuaire,industrie_Bretagne,Bretagne,35
45160,Greneville-en-Beauce,industrielle_portuaire,industrie_Centre-Val de Loire,Centre-Val de Loire,45
2B072,Casalta,industrielle_portuaire,industrie_Corse,Corse,2B
68064,Chalampé,industrielle_portuaire,industrie_Grand Est,Grand Est,68
02780,Venizel,industrielle_portuaire,industrie_Hauts-de-France,Hauts-de-France,02
27322,La Haye-Malherbe,industrielle_portuaire,industrie_Normandie,Normandie,27
47117,Hautefage-la-Tour,industrielle_portuaire,industrie_Nouvelle-Aquitaine,Nouvelle-Aquitaine,47
65127,Capvern,industrielle_portuaire,industrie_Occitanie,Occitanie,65
72129,Fatines,industrielle_portuaire,industrie_Pays de la Loire,Pays de la Loire,72
13060,Meyreuil,industrielle_portuaire,industrie_Provence-Alpes-Côte d'Azur,Provence-Alpes-Côte d'Azur,13
77332,Nantouillet,industrielle_portuaire,industrie_Île-de-France,Île-de-France,77
26143,Le Grand-Serre,industrielle_portuaire,industrie_Auvergne-Rhône-Alpes,Auvergne-Rhône-Alpes,26
39030,Authume,industrielle_portuaire,industrie_Bourgogne-Franche-Comté,Bourgogne-Franche-Comté,39
35314,Saint-Suliac,industrielle_portuaire,industrie_Bretagne,Bretagne,35
45258,Puiseaux,industrielle_portuaire,industrie_Centre-Val de Loire,Centre-Val de Loire,45
2B074,Casanova,industrielle_portuaire,industrie_Corse,Corse,2B
88155,Domvallier,industrielle_portuaire,industrie_Grand Est,Grand Est,88
59103,Boussières-sur-Sambre,industrielle_portuaire,industrie_Hauts-de-France,Hauts-de-France,59
27331,Heubécourt-Haricourt,industrielle_portuaire,industrie_Normandie,Normandie,27
47310,Tonneins,industrielle_portuaire,industrie_Nouvelle-Aquitaine,Nouvelle-Aquitaine,47
31230,Gratentour,industrielle_portuaire,industrie_Occitanie,Occitanie,31
72133,Fillé,industrielle_portuaire,industrie_Pays de la Loire,Pays de la Loire,72
06065,La Gaude,industrielle_portuaire,industrie_Provence-Alpes-Côte d'Azur,Provence-Alpes-Côte d'Azur,06
78443,Neauphle-le-Vieux,industrielle_portuaire,industrie_Île-de-France,Île-de-France,78
38114,Clonas-sur-Varèze,industrielle_portuaire,industrie_Auvergne-Rhône-Alpes,Auvergne-Rhône-Alpes,38
39078,Brevans,industrielle_portuaire,industrie_Bourgogne-Franche-Comté,Bourgogne-Franche-Comté,39
56184,Questembert,industrielle_portuaire,industrie_Bretagne,Bretagne,56
28219,Luigny,industrielle_portuaire,industrie_Centre-Val de Loire,Centre-Val de Loire,28
2B079,Castello-di-Rostino,industrielle_portuaire,industrie_Corse,Corse,2B
51118,Champigny,industrielle_portuaire,industrie_Grand Est,Grand Est,51
59475,Prouvy,industrielle_portuaire,industrie_Hauts-de-France,Hauts-de-France,59
27468,Pont-Authou,industrielle_portuaire,industrie_Normandie,Normandie,27
87076,Jabreilles-les-Bordes,industrielle_portuaire,industrie_Nouvelle-Aquitaine,Nouvelle-Aquitaine,87
34298,Sauvian,industrielle_portuaire,industrie_Occitanie,Occitanie,34
72196,Mézières-sur-Ponthouin,industrielle_portuaire,industrie_Pays de la Loire,Pays de la Loire,72
84029,Camaret-sur-Aigues,industrielle_portuaire,industrie_Provence-Alpes-Côte d'Azur,Provence-Alpes-Côte d'Azur,84
91468,Ormoy,industrielle_portuaire,industrie_Île-de-France,Île-de-France,91
42265,Saint-Michel-sur-Rhône,industrielle_portuaire,industrie_Auvergne-Rhône-Alpes,Auvergne-Rhône-Alpes,42
39462,Rochefort-sur-Nenon,industrielle_portuaire,industrie_Bourgogne-Franche-Comté,Bourgogne-Franche-Comté,39
56207,Saint-Barthélemy,industrielle_portuaire,industrie_Bretagne,Bretagne,56
28344,Saint-Léger-des-Aubées,industrielle_portuaire,industrie_Centre-Val de Loire,Centre-Val de Loire,28
2B105,Erbajolo,industrielle_portuaire,industrie_Corse,Corse,2B
54280,Jœuf,industrielle_portuaire,industrie_Grand Est,Grand Est,54
59532,Saint-Georges-sur-l'Aa,industrielle_portuaire,industrie_Hauts-de-France,Hauts-de-France,59
27539,Saint-Étienne-sous-Bailleul,industrielle_portuaire,industrie_Normandie,Normandie,27
16018,Ars,industrielle_portuaire,industrie_Nouvelle-Aquitaine,Nouvelle-Aquitaine,16
11353,Saint-Marcel-sur-Aude,industrielle_portuaire,industrie_Occitanie,Occitanie,11
85005,Antigny,industrielle_portuaire,industrie_Pays de la Loire,Pays de la Loire,85
84117,Saint-Roman-de-Malegarde,industrielle_portuaire,industrie_Provence-Alpes-Côte d'Azur,Provence-Alpes-Côte d'Azur,84
91659,Villabé,industrielle_portuaire,industrie_Île-de-France,Île-de-France,91
42327,Vérin,industrielle_portuaire,industrie_Auvergne-Rhône-Alpes,Auvergne-Rhône-Alpes,42
71117,Châtenoy-en-Bresse,industrielle_portuaire,industrie_Bourgogne-Franche-Comté,Bourgogne-Franche-Comté,71
22061,Glomel,industrielle_portuaire,industrie_Bretagne,Bretagne,22
45062,Cercottes,industrielle_portuaire,industrie_Centre-Val de Loire,Centre-Val de Loire,45
2B230,Piève,industrielle_portuaire,industrie_Corse,Corse,2B
54296,Laneuvelotte,industrielle_portuaire,industrie_Grand Est,Grand Est,54
60382,Margny-lès-Compiègne,industrielle_portuaire,industrie_Hauts-de-France,Hauts-de-France,60
27616,La Saussaye,industrielle_portuaire,industrie_Normandie,Normandie,27
16056,Bourg-Charente,industrielle_portuaire,industrie_Nouvelle-Aquitaine,Nouvelle-Aquitaine,16
11391,La Tourette-Cabardès,industrielle_portuaire,industrie_Occitanie,Occitanie,11
44065,Grand-Auverné,industrielle_portuaire,industrie_Pays de la Loire,Pays de la Loire,44
06022,Bouyon,industrielle_portuaire,industrie_Provence-Alpes-Côte d'Azur,Provence-Alpes-Côte d'Azur,06
77279,Marolles-sur-Seine,industrielle_portuaire,industrie_Île-de-France,Île-de-France,77
63229,Moissat,industrielle_portuaire,industrie_Auvergne-Rhône-Alpes,Auvergne-Rhône-Alpes,63
71412,Saint-Eusèbe,industrielle_portuaire,industrie_Bourgogne-Franche-Comté,Bourgogne-Franche-Comté,71
22075,Hémonstoir,industrielle_portuaire,industrie_Bretagne,Bretagne,22
28051,Bonneval,industrielle_portuaire,industrie_Centre-Val de Loire,Centre-Val de Loire,28
2B265,Rutali,industrielle_portuaire,industrie_Corse,Corse,2B
54439,Pulnoy,industrielle_portuaire,industrie_Grand Est,Grand Est,54
60464,Nointel,industrielle_portuaire,industrie_Hauts-de-France,Hauts-de-France,60
61264,Ménil-Froger,industrielle_portuaire,industrie_Normandie,Normandie,61
17147,Écoyeux,industrielle_portuaire,industrie_Nouvelle-Aquitaine,Nouvelle-Aquitaine,17
31186,Fonbeauzard,industrielle_portuaire,industrie_Occitanie,Occitanie,31
44180,Vallons-de-l'Erdre,industrielle_portuaire,industrie_Pays de la Loire,Pays de la Loire,44
06148,Tourrettes-sur-Loup,industrielle_portuaire,industrie_Provence-Alpes-Côte d'Azur,Provence-Alpes-Côte d'Azur,06
77511,Villeneuve-sous-Dammartin,industrielle_portuaire,industrie_Île-de-France,Île-de-France,77
69087,Fontaines-Saint-Martin,industrielle_portuaire,industrie_Auvergne-Rhône-Alpes,Auvergne-Rhône-Alpes,69
71540,Torcy,industrielle_portuaire,industrie_Bourgogne-Franche-Comté,Bourgogne-Franche-Comté,71
22157,Le Moustoir,industrielle_portuaire,industrie_Bretagne,Bretagne,22
28110,Le Coudray,industrielle_portuaire,industrie_Centre-Val de Loire,Centre-Val de Loire,28
2B267,Saliceto,industrielle_portuaire,industrie_Corse,Corse,2B
57265,Guébestroff,industrielle_portuaire,industrie_Grand Est,Grand Est,57
62126,Beuvry,industrielle_portuaire,industrie_Hauts-de-France,Hauts-de-France,62
76092,Beuzevillette,industrielle_portuaire,industrie_Normandie,Normandie,76
24335,Port-Sainte-Foy-et-Ponchapt,industrielle_portuaire,industrie_Nouvelle-Aquitaine,Nouvelle-Aquitaine,24
32291,Mormès,industrielle_portuaire,industrie_Occitanie,Occitanie,32
49129,Écouflant,industrielle_portuaire,industrie_Pays de la Loire,Pays de la Loire,49
13051,Lançon-Provence,industrielle_portuaire,industrie_Provence-Alpes-Côte d'Azur,Provence-Alpes-Côte d'Azur,13
91100,Bouville,industrielle_portuaire,industrie_Île-de-France,Île-de-France,91
73181,Moûtiers,industrielle_portuaire,industrie_Auvergne-Rhône-Alpes,Auvergne-Rhône-Alpes,73
89268,Mont-Saint-Sulpice,industrielle_portuaire,industrie_Bourgogne-Franche-Comté,Bourgogne-Franche-Comté,89
22227,Plounérin,industrielle_portuaire,industrie_Bretagne,Bretagne,22
28117,Crécy-Couvé,industrielle_portuaire,industrie_Centre-Val de Loire,Centre-Val de Loire,28
2B290,Speloncato,industrielle_portuaire,industrie_Corse,Corse,2B
57377,Landange,industrielle_portuaire,industrie_Grand Est,Grand Est,57
62391,Guarbecque,industrielle_portuaire,industrie_Hauts-de-France,Hauts-de-France,62
76343,Haucourt,industrielle_portuaire,industrie_Normandie,Normandie,76
64367,Maslacq,industrielle_portuaire,industrie_Nouvelle-Aquitaine,Nouvelle-Aquitaine,64
65159,Escala,industrielle_portuaire,industrie_Occitanie,Occitanie,65
53046,Le Buret,industrielle_portuaire,industrie_Pays de la Loire,Pays de la Loire,53
13090,Saint-Antonin-sur-Bayon,industrielle_portuaire,industrie_Provence-Alpes-Côte d'Azur,Provence-Alpes-Côte d'Azur,13
91667,Villemoisson-sur-Orge,industrielle_portuaire,industrie_Île-de-France,Île-de-France,91
73189,Notre-Dame-du-Cruet,industrielle_portuaire,industrie_Auvergne-Rhône-Alpes,Auvergne-Rhône-Alpes,73
21106,Bretenière,industrielle_portuaire,industrie_Bourgogne-Franche-Comté,Bourgogne-Franche-Comté,21
22351,Treffrin,industrielle_portuaire,industrie_Bretagne,Bretagne,22
45022,Batilly-en-Gâtinais,industrielle_portuaire,industrie_Centre-Val de Loire,Centre-Val de Loire,45
2B306,Santa-Lucia-di-Mercurio,industrielle_portuaire,industrie_Corse,Corse,2B
57554,Pournoy-la-Grasse,industrielle_portuaire,industrie_Grand Est,Grand Est,57
02041,Autreville,industrielle_portuaire,industrie_Hauts-de-France,Hauts-de-France,02
14160,Cintheaux,industrielle_portuaire,industrie_Normandie,Normandie,14
64460,Précilhon,industrielle_portuaire,industrie_Nouvelle-Aquitaine,Nouvelle-Aquitaine,64
65340,Orleix,industrielle_portuaire,industrie_Occitanie,Occitanie,65
53097,Évron,industrielle_portuaire,industrie_Pays de la Loire,Pays de la Loire,53
83008,Bagnols-en-Forêt,industrielle_portuaire,industrie_Provence-Alpes-Côte d'Azur,Provence-Alpes-Côte d'Azur,83
77004,Andrezel,industrielle_portuaire,industrie_Île-de-France,Île-de-France,77
74007,Amancy,industrielle_portuaire,industrie_Auvergne-Rhône-Alpes,Auvergne-Rhône-Alpes,74
21320,Izier,industrielle_portuaire,industrie_Bourgogne-Franche-Comté,Bourgogne-Franche-Comté,21
29018,Brennilis,industrielle_portuaire,industrie_Bretagne,Bretagne,29
45181,Léouville,industrielle_portuaire,industrie_Centre-Val de Loire,Centre-Val de Loire,45
2A048,Calcatoggio,industrielle_portuaire,industrie_Corse,Corse,2A
57708,Verny,industrielle_portuaire,industrie_Grand Est,Grand Est,57
02371,Harly,industrielle_portuaire,industrie_Hauts-de-France,Hauts-de-France,02
14408,Saint-Martin-de-May,industrielle_portuaire,industrie_Normandie,Normandie,14
16243,Nercillac,industrielle_portuaire,industrie_Nouvelle-Aquitaine,Nouvelle-Aquitaine,16
11150,Fontiers-Cabardès,industrielle_portuaire,industrie_Occitanie,Occitanie,11
72104,Courgains,industrielle_portuaire,industrie_Pays de la Loire,Pays de la Loire,72
84150,Visan,industrielle_portuaire,industrie_Provence-Alpes-Côte d'Azur,Provence-Alpes-Côte d'Azur,84
77055,Brou-sur-Chantereine,industrielle_portuaire,industrie_Île-de-France,Île-de-France,77
01062,Bressolles,industrielle_portuaire,industrie_Auvergne-Rhône-Alpes,Auvergne-Rhône-Alpes,01
21376,Marandeuil,industrielle_portuaire,industrie_Bourgogne-Franche-Comté,Bourgogne-Franche-Comté,21
29024,Carhaix-Plouguer,industrielle_portuaire,industrie_Bretagne,Bretagne,29
45202,Messas,industrielle_portuaire,industrie_Centre-Val de Loire,Centre-Val de Loire,45
2A090,Coggia,industrielle_portuaire,industrie_Corse,Corse,2A
67205,Hœrdt,industrielle_portuaire,industrie_Grand Est,Grand Est,67
59195,Englos,industrielle_portuaire,industrie_Hauts-de-France,Hauts-de-France,59
14456,Moult-Chicheboville,industrielle_portuaire,industrie_Normandie,Normandie,14
16304,Saint-Brice,industrielle_portuaire,industrie_Nouvelle-Aquitaine,Nouvelle-Aquitaine,16
12137,Manhac,industrielle_portuaire,industrie_Occitanie,Occitanie,12
72280,Saint-Georges-du-Bois,industrielle_portuaire,industrie_Pays de la Loire,Pays de la Loire,72
04216,Thèze,industrielle_portuaire,industrie_Provence-Alpes-Côte d'Azur,Provence-Alpes-Côte d'Azur,04
77104,Châtres,industrielle_portuaire,industrie_Île-de-France,Île-de-France,77
01339,Saint-Bernard,industrielle_portuaire,industrie_Auvergne-Rhône-Alpes,Auvergne-Rhône-Alpes,01
25020,Arbouans,industrielle_portuaire,industrie_Bourgogne-Franche-Comté,Bourgogne-Franche-Comté,25
29053,Le Faou,industrielle_portuaire,industrie_Bretagne,Bretagne,29
45203,Meung-sur-Loire,industrielle_portuaire,industrie_Centre-Val de Loire,Centre-Val de Loire,45
2A114,Figari,industrielle_portuaire,industrie_Corse,Corse,2A
67519,La Wantzenau,industrielle_portuaire,industrie_Grand Est,Grand Est,67
59327,Lallaing,industrielle_portuaire,industrie_Hauts-de-France,Hauts-de-France,59
27097,Bouafles,industrielle_portuaire,industrie_Normandie,Normandie,27
16330,Saint-Laurent-de-Cognac,industrielle_portuaire,industrie_Nouvelle-Aquitaine,Nouvelle-Aquitaine,16
30042,Boisset-et-Gaujac,industrielle_portuaire,industrie_Occitanie,Occitanie,30
72300,Saint-Mars-la-Brière,industrielle_portuaire,industrie_Pays de la Loire,Pays de la Loire,72
06018,Biot,industrielle_portuaire,industrie_Provence-Alpes-Côte d'Azur,Provence-Alpes-Côte d'Azur,06
77292,Messy,industrielle_portuaire,industrie_Île-de-France,Île-de-France,77
26042,Beauvallon,industrielle_portuaire,industrie_Auvergne-Rhône-Alpes,Auvergne-Rhône-Alpes,26
70134,Chariez,industrielle_portuaire,industrie_Bourgogne-Franche-Comté,Bourgogne-Franche-Comté,70
29106,Landrévarzec,industrielle_portuaire,industrie_Bretagne,Bretagne,29
45238,Ousson-sur-Loire,industrielle_portuaire,industrie_Centre-Val de Loire,Centre-Val de Loire,45
2A181,Ocana,industrielle_portuaire,industrie_Corse,Corse,2A
10173,Isle-Aumont,industrielle_portuaire,industrie_Grand Est,Grand Est,10
59515,Rouvignies,industrielle_portuaire,industrie_Hauts-de-France,Hauts-de-France,59
27152,Château-sur-Epte,industrielle_portuaire,industrie_Normandie,Normandie,27
17198,Juicq,industrielle_portuaire,industrie_Nouvelle-Aquitaine,Nouvelle-Aquitaine,17
31161,Deyme,industrielle_portuaire,industrie_Occitanie,Occitanie,31
85040,La Caillère-Saint-Hilaire,industrielle_portuaire,industrie_Pays de la Loire,Pays de la Loire,85
06075,Levens,industrielle_portuaire,industrie_Provence-Alpes-Côte d'Azur,Provence-Alpes-Côte d'Azur,06
77372,Pomponne,industrielle_portuaire,industrie_Île-de-France,Île-de-France,77
26096,Clérieux,industrielle_portuaire,industrie_Auvergne-Rhône-Alpes,Auvergne-Rhône-Alpes,26
89391,Sergines,industrielle_portuaire,industrie_Bourgogne-Franche-Comté,Bourgogne-Franche-Comté,89
29148,Mespaul,industrielle_portuaire,industrie_Bretagne,Bretagne,29
45281,Saint-Hilaire-les-Andrésis,industrielle_portuaire,industrie_Centre-Val de Loire,Centre-Val de Loire,45
2A254,Quenza,industrielle_portuaire,industrie_Corse,Corse,2A
10334,Saint-Aubin,industrielle_portuaire,industrie_Grand Est,Grand Est,10
60119,Cambronne-lès-Ribécourt,industrielle_portuaire,industrie_Hauts-de-France,Hauts-de-France,60
27351,Incarville,industrielle_portuaire,industrie_Normandie,Normandie,27
33314,Pauillac,industrielle_portuaire,industrie_Nouvelle-Aquitaine,Nouvelle-Aquitaine,33
31198,Le Fréchet,industrielle_portuaire,industrie_Occitanie,Occitanie,31
85059,La Châtaigneraie,industrielle_portuaire,industrie_Pays de la Loire,Pays de la Loire,85
13062,Mimet,industrielle_portuaire,industrie_Provence-Alpes-Côte d'Azur,Provence-Alpes-Côte d'Azur,13
77427,Saint-Mesmes,industrielle_portuaire,industrie_Île-de-France,Île-de-France,77
26139,Génissieux,industrielle_portuaire,industrie_Auvergne-Rhône-Alpes,Auvergne-Rhône-Alpes,26
90055,Grosne,industrielle_portuaire,industrie_Bourgogne-Franche-Comté,Bourgogne-Franche-Comté,90
29180,Ploudiry,industrielle_portuaire,industrie_Bretagne,Bretagne,29
45294,Saint-Michel,industrielle_portuaire,industrie_Centre-Val de Loire,Centre-Val de Loire,45
2B050,Calvi,industrielle_portuaire,industrie_Corse,Corse,2B
51268,Germinon,industrielle_portuaire,industrie_Grand Est,Grand Est,51
60245,Formerie,industrielle_portuaire,industrie_Hauts-de-France,Hauts-de-France,60
76005,Amfreville-la-Mi-Voie,industrielle_portuaire,industrie_Normandie,Normandie,76
47040,Brax,industrielle_portuaire,industrie_Nouvelle-Aquitaine,Nouvelle-Aquitaine,47
34039,Bouzigues,industrielle_portuaire,industrie_Occitanie,Occitanie,34
85182,Pouzauges,industrielle_portuaire,industrie_Pays de la Loire,Pays de la Loire,85
13099,Saint-Paul-lès-Durance,industrielle_portuaire,industrie_Provence-Alpes-Côte d'Azur,Provence-Alpes-Côte d'Azur,13
78082,Boissy-Mauvoisin,industrielle_portuaire,industrie_Île-de-France,Île-de-France,78
38215,Luzinay,industrielle_portuaire,industrie_Auvergne-Rhône-Alpes,Auvergne-Rhône-Alpes,38
21292,Genlis,industrielle_portuaire,industrie_Bourgogne-Franche-Comté,Bourgogne-Franche-Comté,21
29181,Plouédern,industrielle_portuaire,industrie_Bretagne,Bretagne,29
45313,Sougy,industrielle_portuaire,industrie_Centre-Val de Loire,Centre-Val de Loire,45
2B078,Castellare-di-Mercurio,industrielle_portuaire,industrie_Corse,Corse,2B
51359,Mécringes,industrielle_portuaire,industrie_Grand Est,Grand Est,51
62386,Grenay,industrielle_portuaire,industrie_Hauts-de-France,Hauts-de-France,62
76103,Bonsecours,industrielle_portuaire,industrie_Normandie,Normandie,76
64007,Agnos,industrielle_portuaire,industrie_Nouvelle-Aquitaine,Nouvelle-Aquitaine,64
65072,Bazet,industrielle_portuaire,industrie_Occitanie,Occitanie,65
85245,Saint-Martin-des-Fontaines,industrielle_portuaire,industrie_Pays de la Loire,Pays de la Loire,85
83100,Puget-Ville,industrielle_portuaire,industrie_Provence-Alpes-Côte d'Azur,Provence-Alpes-Côte d'Azur,83
78104,Breuil-Bois-Robert,industrielle_portuaire,industrie_Île-de-France,Île-de-France,78
69046,Charly,industrielle_portuaire,industrie_Auvergne-Rhône-Alpes,Auvergne-Rhône-Alpes,69
21684,Vignoles,industrielle_portuaire,industrie_Bourgogne-Franche-Comté,Bourgogne-Franche-Comté,21
29204,Plounéventer,industrielle_portuaire,industrie_Bretagne,Bretagne,29
28313,Réclainville,industrielle_portuaire,industrie_Centre-Val de Loire,Centre-Val de Loire,28
2B168,Monticello,industrielle_portuaire,industrie_Corse,Corse,2B
54269,Hudiviller,industrielle_portuaire,industrie_Grand Est,Grand Est,54
62781,Sauchy-Lestrée,industrielle_portuaire,industrie_Hauts-de-France,Hauts-de-France,62
14319,Grentheville,industrielle_portuaire,industrie_Normandie,Normandie,14
64535,Tarsacq,industrielle_portuaire,industrie_Nouvelle-Aquitaine,Nouvelle-Aquitaine,64
81119,Laboutarie,industrielle_portuaire,industrie_Occitanie,Occitanie,81
49269,Saint-Christophe-du-Bois,industrielle_portuaire,industrie_Pays de la Loire,Pays de la Loire,49
84027,Caderousse,industrielle_portuaire,industrie_Provence-Alpes-Côte d'Azur,Provence-Alpes-Côte d'Azur,84
78668,La Villeneuve-en-Chevrie,industrielle_portuaire,industrie_Île-de-France,Île-de-France,78
69156,Pommiers,industrielle_portuaire,industrie_Auvergne-Rhône-Alpes,Auvergne-Rhône-Alpes,69
25188,Dambenois,industrielle_portuaire,industrie_Bourgogne-Franche-Comté,Bourgogne-Franche-Comté,25
29244,Saint-Derrien,industrielle_portuaire,industrie_Bretagne,Bretagne,29
37099,Druye,industrielle_portuaire,industrie_Centre-Val de Loire,Centre-Val de Loire,37
2B280,Silvareccio,industrielle_portuaire,industrie_Corse,Corse,2B
54542,Valleroy,industrielle_portuaire,industrie_Grand Est,Grand Est,54
80036,Aubigny,industrielle_portuaire,industrie_Hauts-de-France,Hauts-de-France,80
27545,Saint-Germain-de-Pasquier,industrielle_portuaire,industrie_Normandie,Normandie,27
79003,Aiffres,industrielle_portuaire,industrie_Nouvelle-Aquitaine,Nouvelle-Aquitaine,79
11413,Villardonnel,industrielle_portuaire,industrie_Occitanie,Occitanie,11
72078,Chérancé,industrielle_portuaire,industrie_Pays de la Loire,Pays de la Loire,72
04053,Châteauneuf-Val-Saint-Donat,industrielle_portuaire,industrie_Provence-Alpes-Côte d'Azur,Provence-Alpes-Côte d'Azur,04
91047,Baulne,industrielle_portuaire,industrie_Île-de-France,Île-de-France,91
69284,Montanay,industrielle_portuaire,industrie_Auvergne-Rhône-Alpes,Auvergne-Rhône-Alpes,69
25428,Nommay,industrielle_portuaire,industrie_Bourgogne-Franche-Comté,Bourgogne-Franche-Comté,25
29247,Saint-Évarzec,industrielle_portuaire,industrie_Bretagne,Bretagne,29
37240,Saunay,industrielle_portuaire,industrie_Centre-Val de Loire,Centre-Val de Loire,37
2B292,Sant'Andréa-di-Bozio,industrielle_portuaire,industrie_Corse,Corse,2B
54558,Velaine-sous-Amance,industrielle_portuaire,industrie_Grand Est,Grand Est,54
80256,Dreuil-lès-Amiens,industrielle_portuaire,industrie_Hauts-de-France,Hauts-de-France,80
27582,Saint-Ouen-du-Tilleul,industrielle_portuaire,industrie_Normandie,Normandie,27
87016,Les Billanges,industrielle_portuaire,industrie_Nouvelle-Aquitaine,Nouvelle-Aquitaine,87
31247,Labarthe-Rivière,industrielle_portuaire,industrie_Occitanie,Occitanie,31
72149,Joué-en-Charnie,industrielle_portuaire,industrie_Pays de la Loire,Pays de la Loire,72
13118,Coudoux,industrielle_portuaire,industrie_Provence-Alpes-Côte d'Azur,Provence-Alpes-Côte d'Azur,13
91136,Champlan,industrielle_portuaire,industrie_Île-de-France,Île-de-France,91
69288,Saint-Laurent-de-Mure,industrielle_portuaire,industrie_Auvergne-Rhône-Alpes,Auvergne-Rhône-Alpes,69
25560,Thise,industrielle_portuaire,industrie_Bourgogne-Franche-Comté,Bourgogne-Franche-Comté,25
29260,Saint-Renan,industrielle_portuaire,industrie_Bretagne,Bretagne,29
41060,Cormenon,industrielle_portuaire,industrie_Centre-Val de Loire,Centre-Val de Loire,41
2B302,San-Giovanni-di-Moriani,industrielle_portuaire,industrie_Corse,Corse,2B
57270,Val-de-Bride,industrielle_portuaire,industrie_Grand Est,Grand Est,57
02089,Billy-sur-Aisne,industrielle_portuaire,industrie_Hauts-de-France,Hauts-de-France,02
76503,Pissy-Pôville,industrielle_portuaire,industrie_Normandie,Normandie,76
16200,Maine-de-Boixe,industrielle_portuaire,industrie_Nouvelle-Aquitaine,Nouvelle-Aquitaine,16
31411,Pechbusque,industrielle_portuaire,industrie_Occitanie,Occitanie,31
72201,Moncé-en-Saosnois,industrielle_portuaire,industrie_Pays de la Loire,Pays de la Loire,72
84134,Travaillan,industrielle_portuaire,industrie_Provence-Alpes-Côte d'Azur,Provence-Alpes-Côte d'Azur,84
95633,Vaudherland,industrielle_portuaire,industrie_Île-de-France,Île-de-France,95
74116,Eteaux,industrielle_portuaire,industrie_Auvergne-Rhône-Alpes,Auvergne-Rhône-Alpes,74
39043,Beaufort-Orbagna,industrielle_portuaire,industrie_Bourgogne-Franche-Comté,Bourgogne-Franche-Comté,39
29265,Sainte-Sève,industrielle_portuaire,industrie_Bretagne,Bretagne,29
41138,Meslay,industrielle_portuaire,industrie_Centre-Val de Loire,Centre-Val de Loire,41
2B305,San-Martino-di-Lota,industrielle_portuaire,industrie_Corse,Corse,2B
68012,Aspach-Michelbach,industrielle_portuaire,industrie_Grand Est,Grand Est,68
02114,Brasles,industrielle_portuaire,industrie_Hauts-de-France,Hauts-de-France,02
76550,Sahurs,industrielle_portuaire,industrie_Normandie,Normandie,76
16359,Salles-d'Angles,industrielle_portuaire,industrie_Nouvelle-Aquitaine,Nouvelle-Aquitaine,16
32045,Berdoues,industrielle_portuaire,industrie_Occitanie,Occitanie,32
72235,Piacé,industrielle_portuaire,industrie_Pays de la Loire,Pays de la Loire,72
06091,Peille,industrielle_portuaire,industrie_Provence-Alpes-Côte d'Azur,Provence-Alpes-Côte d'Azur,06
77059,Bussy-Saint-Martin,industrielle_portuaire,industrie_Île-de-France,Île-de-France,77
01130,Bresse Vallons,industrielle_portuaire,industrie_Auvergne-Rhône-Alpes,Auvergne-Rhône-Alpes,01
70245,Fougerolles-Saint-Valbert,industrielle_portuaire,industrie_Bourgogne-Franche-Comté,Bourgogne-Franche-Comté,70
29267,Saint-Thois,industrielle_portuaire,industrie_Bretagne,Bretagne,29
45020,Le Bardon,industrielle_portuaire,industrie_Centre-Val de Loire,Centre-Val de Loire,45
2B329,Tralonca,industrielle_portuaire,industrie_Corse,Corse,2B
68015,Baldersheim,industrielle_portuaire,industrie_Grand Est,Grand Est,68
02329,Fourdrain,industrielle_portuaire,industrie_Hauts-de-France,Hauts-de-France,02
76563,Saint-Aubin-Routot,industrielle_portuaire,industrie_Normandie,Normandie,76
17418,Salignac-sur-Charente,industrielle_portuaire,industrie_Nouvelle-Aquitaine,Nouvelle-Aquitaine,17
65245,Lagrange,industrielle_portuaire,industrie_Occitanie,Occitanie,65
85051,Chantonnay,industrielle_portuaire,industrie_Pays de la Loire,Pays de la Loire,85
06128,Saint-Paul-de-Vence,industrielle_portuaire,industrie_Provence-Alpes-Côte d'Azur,Provence-Alpes-Côte d'Azur,06
77143,Crégy-lès-Meaux,industrielle_portuaire,industrie_Île-de-France,Île-de-France,77
38111,Claix,industrielle_portuaire,industrie_Auvergne-Rhône-Alpes,Auvergne-Rhône-Alpes,38
70429,Pusy-et-Épenoux,industrielle_portuaire,industrie_Bourgogne-Franche-Comté,Bourgogne-Franche-Comté,70
29297,Tréméven,industrielle_portuaire,industrie_Bretagne,Bretagne,29
45024,Baule,industrielle_portuaire,industrie_Centre-Val de Loire,Centre-Val de Loire,45
2B335,Valle-di-Campoloro,industrielle_portuaire,industrie_Corse,Corse,2B
68032,Berrwiller,industrielle_portuaire,industrie_Grand Est,Grand Est,68
02756,Urvillers,industrielle_portuaire,industrie_Hauts-de-France,Hauts-de-France,02
76609,Sainte-Marie-au-Bosc,industrielle_portuaire,industrie_Normandie,Normandie,76
24382,Saint-Capraise-de-Lalinde,industrielle_portuaire,industrie_Nouvelle-Aquitaine,Nouvelle-Aquitaine,24
65417,Séméac,industrielle_portuaire,industrie_Occitanie,Occitanie,65
85065,Chavagnes-en-Paillers,industrielle_portuaire,industrie_Pays de la Loire,Pays de la Loire,85
06159,Villefranche-sur-Mer,industrielle_portuaire,industrie_Provence-Alpes-Côte d'Azur,Provence-Alpes-Côte d'Azur,06
77317,Mormant,industrielle_portuaire,industrie_Île-de-France,Île-de-France,77
38487,Seyssuel,industrielle_portuaire,industrie_Auvergne-Rhône-Alpes,Auvergne-Rhône-Alpes,38
71543,Tournus,industrielle_portuaire,industrie_Bourgogne-Franche-Comté,Bourgogne-Franche-Comté,71
35109,Étrelles,industrielle_portuaire,industrie_Bretagne,Bretagne,35
18213,Saint-Germain-du-Puy,industrielle_portuaire,industrie_Centre-Val de Loire,Centre-Val de Loire,18
2A129,Grossa,industrielle_portuaire,industrie_Corse,Corse,2A
68321,Staffelfelden,industrielle_portuaire,industrie_Grand Est,Grand Est,68
59013,Anstaing,industrielle_portuaire,industrie_Hauts-de-France,Hauts-de-France,59
14215,Cuverville,industrielle_portuaire,industrie_Normandie,Normandie,14
33065,Bouliac,industrielle_portuaire,industrie_Nouvelle-Aquitaine,Nouvelle-Aquitaine,33
66127,Opoul-Périllos,industrielle_portuaire,industrie_Occitanie,Occitanie,66
85125,Loge-Fougereuse,industrielle_portuaire,industrie_Pays de la Loire,Pays de la Loire,85
13023,Ceyreste,industrielle_portuaire,industrie_Provence-Alpes-Côte d'Azur,Provence-Alpes-Côte d'Azur,13
77389,La Rochette,industrielle_portuaire,industrie_Île-de-France,Île-de-France,77
42237,Saint-Jean-Bonnefonds,industrielle_portuaire,industrie_Auvergne-Rhône-Alpes,Auvergne-Rhône-Alpes,42
89274,Nailly,industrielle_portuaire,industrie_Bourgogne-Franche-Comté,Bourgogne-Franche-Comté,89
35153,Lillemer,industrielle_portuaire,industrie_Bretagne,Bretagne,35
28014,Aunay-sous-Crécy,industrielle_portuaire,industrie_Centre-Val de Loire,Centre-Val de Loire,28
2A191,Olmiccia,industrielle_portuaire,industrie_Corse,Corse,2A
88136,Dogneville,industrielle_portuaire,industrie_Grand Est,Grand Est,88
59216,Eswars,industrielle_portuaire,industrie_Hauts-de-France,Hauts-de-France,59
14221,Démouville,industrielle_portuaire,industrie_Normandie,Normandie,14
47092,Fals,industrielle_portuaire,industrie_Nouvelle-Aquitaine,Nouvelle-Aquitaine,47
82142,Pompignan,industrielle_portuaire,industrie_Occitanie,Occitanie,82
85130,Maché,industrielle_portuaire,industrie_Pays de la Loire,Pays de la Loire,85
83150,Vinon-sur-Verdon,industrielle_portuaire,industrie_Provence-Alpes-Côte d'Azur,Provence-Alpes-Côte d'Azur,83
78107,Bréval,industrielle_portuaire,industrie_Île-de-France,Île-de-France,78
63168,Glaine-Montaigut,industrielle_portuaire,industrie_Auvergne-Rhône-Alpes,Auvergne-Rhône-Alpes,63
89461,Villeneuve-l'Archevêque,industrielle_portuaire,industrie_Bourgogne-Franche-Comté,Bourgogne-Franche-Comté,89
56075,Guer,industrielle_portuaire,industrie_Bretagne,Bretagne,56
37047,Cerelles,industrielle_portuaire,industrie_Centre-Val de Loire,Centre-Val de Loire,37
2A240,Poggiolo,industrielle_portuaire,industrie_Corse,Corse,2A
52104,Chancenay,industrielle_portuaire,industrie_Grand Est,Grand Est,52
59256,Fretin,industrielle_portuaire,industrie_Hauts-de-France,Hauts-de-France,59
14242,Épron,industrielle_portuaire,industrie_Normandie,Normandie,14
33395,Saint-Estèphe,industrielle_portuaire,industrie_Nouvelle-Aquitaine,Nouvelle-Aquitaine,33
11115,Cuxac-Cabardès,industrielle_portuaire,industrie_Occitanie,Occitanie,11
85152,Les Achards,industrielle_portuaire,industrie_Pays de la Loire,Pays de la Loire,85
84034,Caumont-sur-Durance,industrielle_portuaire,industrie_Provence-Alpes-Côte d'Azur,Provence-Alpes-Côte d'Azur,84
78327,Juziers,industrielle_portuaire,industrie_Île-de-France,Île-de-France,78
07055,Charmes-sur-Rhône,industrielle_portuaire,industrie_Auvergne-Rhône-Alpes,Auvergne-Rhône-Alpes,07
90068,Meroux-Moval,industrielle_portuaire,industrie_Bourgogne-Franche-Comté,Bourgogne-Franche-Comté,90
56089,Inguiniel,industrielle_portuaire,industrie_Bretagne,Bretagne,56
41044,Châtres-sur-Cher,industrielle_portuaire,industrie_Centre-Val de Loire,Centre-Val de Loire,41
2A262,Rosazia,industrielle_portuaire,industrie_Corse,Corse,2A
54028,Auboué,industrielle_portuaire,industrie_Grand Est,Grand Est,54
59316,Houplin-Ancoisne,industrielle_portuaire,industrie_Hauts-de-France,Hauts-de-France,59
14309,Gouvix,industrielle_portuaire,industrie_Normandie,Normandie,14
47262,Saint-Nicolas-de-la-Balerme,industrielle_portuaire,industrie_Nouvelle-Aquitaine,Nouvelle-Aquitaine,47
30317,Sernhac,industrielle_portuaire,industrie_Occitanie,Occitanie,30
85199,Saint-Aubin-la-Plaine,industrielle_portuaire,industrie_Pays de la Loire,Pays de la Loire,85
04122,Mirabeau,industrielle_portuaire,industrie_Provence-Alpes-Côte d'Azur,Provence-Alpes-Côte d'Azur,04
91095,Bouray-sur-Juine,industrielle_portuaire,industrie_Île-de-France,Île-de-France,91
07056,Charnas,industrielle_portuaire,industrie_Auvergne-Rhône-Alpes,Auvergne-Rhône-Alpes,07
21416,Mirebeau-sur-Bèze,industrielle_portuaire,industrie_Bourgogne-Franche-Comté,Bourgogne-Franche-Comté,21
56103,Lantillac,industrielle_portuaire,industrie_Bretagne,Bretagne,56
41226,Saint-Ouen,industrielle_portuaire,industrie_Centre-Val de Loire,Centre-Val de Loire,41
2A278,Serra-di-Scopamène,industrielle_portuaire,industrie_Corse,Corse,2A
54498,Seichamps,industrielle_portuaire,industrie_Grand Est,Grand Est,54
59361,Lourches,industrielle_portuaire,industrie_Hauts-de-France,Hauts-de-France,59
14367,Lison,industrielle_portuaire,industrie_Normandie,Normandie,14
64220,Estos,industrielle_portuaire,industrie_Nouvelle-Aquitaine,Nouvelle-Aquitaine,64
31035,Auzeville-Tolosane,industrielle_portuaire,industrie_Occitanie,Occitanie,31
85240,Saint-Malô-du-Bois,industrielle_portuaire,industrie_Pays de la Loire,Pays de la Loire,85
13083,Rognonas,industrielle_portuaire,industrie_Provence-Alpes-Côte d'Azur,Provence-Alpes-Côte d'Azur,13
91494,Le Plessis-Pâté,industrielle_portuaire,industrie_Île-de-France,Île-de-France,91
26218,Mours-Saint-Eusèbe,industrielle_portuaire,industrie_Auvergne-Rhône-Alpes,Auvergne-Rhône-Alpes,26
25532,Saône,industrielle_portuaire,industrie_Bourgogne-Franche-Comté,Bourgogne-Franche-Comté,25
56144,Évellys,industrielle_portuaire,industrie_Bretagne,Bretagne,56
45021,Barville-en-Gâtinais,industrielle_portuaire,industrie_Centre-Val de Loire,Centre-Val de Loire,45
2A285,Sorbollano,industrielle_portuaire,industrie_Corse,Corse,2A
54564,Viéville-en-Haye,industrielle_portuaire,industrie_Grand Est,Grand Est,54
59437,Noyelles-lès-Seclin,industrielle_portuaire,industrie_Hauts-de-France,Hauts-de-France,59
27008,Alizay,industrielle_portuaire,industrie_Normandie,Normandie,27
79120,La Ferrière-en-Parthenay,industrielle_portuaire,industrie_Nouvelle-Aquitaine,Nouvelle-Aquitaine,79
31056,Beauzelle,industrielle_portuaire,industrie_Occitanie,Occitanie,31
85302,Chanverrie,industrielle_portuaire,industrie_Pays de la Loire,Pays de la Loire,85
13107,Simiane-Collongue,industrielle_portuaire,industrie_Provence-Alpes-Côte d'Azur,Provence-Alpes-Côte d'Azur,13
91568,Saint-Maurice-Montcouronne,industrielle_portuaire,industrie_Île-de-France,Île-de-France,91
26324,Saint-Paul-Trois-Châteaux,industrielle_portuaire,industrie_Auvergne-Rhône-Alpes,Auvergne-Rhône-Alpes,26
39042,Baverans,industrielle_portuaire,industrie_Bourgogne-Franche-Comté,Bourgogne-Franche-Comté,39
56216,Saint-Gorgon,industrielle_portuaire,industrie_Bretagne,Bretagne,56
45058,Bucy-le-Roi,industrielle_portuaire,industrie_Centre-Val de Loire,Centre-Val de Loire,45
2A322,Tasso,industrielle_portuaire,industrie_Corse,Corse,2A
55031,Baudonvilliers,industrielle_portuaire,industrie_Grand Est,Grand Est,55
59550,Salomé,industrielle_portuaire,industrie_Hauts-de-France,Hauts-de-France,59
27196,Les Damps,industrielle_portuaire,industrie_Normandie,Normandie,27
87122,Razès,industrielle_portuaire,industrie_Nouvelle-Aquitaine,Nouvelle-Aquitaine,87
31402,Odars,industrielle_portuaire,industrie_Occitanie,Occitanie,31
44041,La Chevrolière,industrielle_portuaire,industrie_Pays de la Loire,Pays de la Loire,44
83034,Carqueiranne,industrielle_portuaire,industrie_Provence-Alpes-Côte d'Azur,Provence-Alpes-Côte d'Azur,83
91630,Le Val-Saint-Germain,industrielle_portuaire,industrie_Île-de-France,Île-de-France,91
26349,Tersanne,industrielle_portuaire,industrie_Auvergne-Rhône-Alpes,Auvergne-Rhône-Alpes,26
39182,Crissey,industrielle_portuaire,industrie_Bourgogne-Franche-Comté,Bourgogne-Franche-Comté,39
22001,Allineuc,industrielle_portuaire,industrie_Bretagne,Bretagne,22
45315,Sully-sur-Loire,industrielle_portuaire,industrie_Centre-Val de Loire,Centre-Val de Loire,45
2A324,Tavera,industrielle_portuaire,industrie_Corse,Corse,2A
55270,Lahayville,industrielle_portuaire,industrie_Grand Est,Grand Est,55
59585,Templemars,industrielle_portuaire,industrie_Hauts-de-France,Hauts-de-France,59
61298,Moulins-sur-Orne,industrielle_portuaire,industrie_Normandie,Normandie,61
16141,Fontenille,industrielle_portuaire,industrie_Nouvelle-Aquitaine,Nouvelle-Aquitaine,16
32238,Marseillan,industrielle_portuaire,industrie_Occitanie,Occitanie,32
49332,La Séguinière,industrielle_portuaire,industrie_Pays de la Loire,Pays de la Loire,49
84097,Richerenches,industrielle_portuaire,industrie_Provence-Alpes-Côte d'Azur,Provence-Alpes-Côte d'Azur,84
93033,Gournay-sur-Marne,industrielle_portuaire,industrie_Île-de-France,Île-de-France,93
38175,Froges,industrielle_portuaire,industrie_Auvergne-Rhône-Alpes,Auvergne-Rhône-Alpes,38
39338,Molay,industrielle_portuaire,industrie_Bourgogne-Franche-Comté,Bourgogne-Franche-Comté,39
22116,Lanrodec,industrielle_portuaire,industrie_Bretagne,Bretagne,22
28074,La Chapelle-d'Aunainville,industrielle_portuaire,industrie_Centre-Val de Loire,Centre-Val de Loire,28
2A336,Valle-di-Mezzana,industrielle_portuaire,industrie_Corse,Corse,2A
57043,Ay-sur-Moselle,industrielle_portuaire,industrie_Grand Est,Grand Est,57
60191,Cuvilly,industrielle_portuaire,industrie_Hauts-de-France,Hauts-de-France,60
76198,Criquetot-sur-Ouville,industrielle_portuaire,industrie_Normandie,Normandie,76
16196,Luxé,industrielle_portuaire,industrie_Nouvelle-Aquitaine,Nouvelle-Aquitaine,16
34327,Vendargues,industrielle_portuaire,industrie_Occitanie,Occitanie,34
53064,Châtillon-sur-Colmont,industrielle_portuaire,industrie_Pays de la Loire,Pays de la Loire,53
84127,Sérignan-du-Comtat,industrielle_portuaire,industrie_Provence-Alpes-Côte d'Azur,Provence-Alpes-Côte d'Azur,84
95509,Puiseux-en-France,industrielle_portuaire,industrie_Île-de-France,Île-de-France,95
38352,Saint-Alban-de-Roche,industrielle_portuaire,industrie_Auvergne-Rhône-Alpes,Auvergne-Rhône-Alpes,38
70321,Magny-Vernois,industrielle_portuaire,industrie_Bourgogne-Franche-Comté,Bourgogne-Franche-Comté,70
22158,Guerlédan,industrielle_portuaire,industrie_Bretagne,Bretagne,22
28169,Garancières-en-Beauce,industrielle_portuaire,industrie_Centre-Val de Loire,Centre-Val de Loire,28
2B003,Aiti,industrielle_portuaire,industrie_Corse,Corse,2B
57202,Etzling,industrielle_portuaire,industrie_Grand Est,Grand Est,57
60406,Monceaux,industrielle_portuaire,industrie_Hauts-de-France,Hauts-de-France,60
76287,Fresquiennes,industrielle_portuaire,industrie_Normandie,Normandie,76
16312,Saint-Cybardeaux,industrielle_portuaire,industrie_Nouvelle-Aquitaine,Nouvelle-Aquitaine,16
34340,Villetelle,industrielle_portuaire,industrie_Occitanie,Occitanie,34
53084,Craon,industrielle_portuaire,industrie_Pays de la Loire,Pays de la Loire,53
04231,Valernes,industrielle_portuaire,industrie_Provence-Alpes-Côte d'Azur,Provence-Alpes-Côte d'Azur,04
77034,Blandy,industrielle_portuaire,industrie_Île-de-France,Île-de-France,77
38448,Saint-Prim,industrielle_portuaire,industrie_Auvergne-Rhône-Alpes,Auvergne-Rhône-Alpes,38
71308,Montceaux-Ragny,industrielle_portuaire,industrie_Bourgogne-Franche-Comté,Bourgogne-Franche-Comté,71
22160,Noyal,industrielle_portuaire,industrie_Bretagne,Bretagne,22
28177,Gellainville,industrielle_portuaire,industrie_Centre-Val de Loire,Centre-Val de Loire,28
2B080,Castifao,industrielle_portuaire,industrie_Corse,Corse,2B
57527,Orny,industrielle_portuaire,industrie_Grand Est,Grand Est,57
60409,Monchy-Saint-Éloi,industrielle_portuaire,industrie_Hauts-de-France,Hauts-de-France,60
76457,Moulineaux,industrielle_portuaire,industrie_Normandie,Normandie,76
16388,Trois-Palis,industrielle_portuaire,industrie_Nouvelle-Aquitaine,Nouvelle-Aquitaine,16
65258,Lannemezan,industrielle_portuaire,industrie_Occitanie,Occitanie,65
72065,La Chapelle-Saint-Aubin,industrielle_portuaire,industrie_Pays de la Loire,Pays de la Loire,72
05046,Embrun,industrielle_portuaire,industrie_Provence-Alpes-Côte d'Azur,Provence-Alpes-Côte d'Azur,05
77209,Gouvernes,industrielle_portuaire,industrie_Île-de-France,Île-de-France,77
42211,Saint-Cyprien,industrielle_portuaire,industrie_Auvergne-Rhône-Alpes,Auvergne-Rhône-Alpes,42
89437,Venouse,industrielle_portuaire,industrie_Bourgogne-Franche-Comté,Bourgogne-Franche-Comté,89
22170,Plaine-Haute,industrielle_portuaire,industrie_Bretagne,Bretagne,22
28291,Ouarville,industrielle_portuaire,industrie_Centre-Val de Loire,Centre-Val de Loire,28
2B138,Lavatoggio,industrielle_portuaire,industrie_Corse,Corse,2B
68279,Roderen,industrielle_portuaire,industrie_Grand Est,Grand Est,68
62274,Dourges,industrielle_portuaire,industrie_Hauts-de-France,Hauts-de-France,62
76634,Saint-Pierre-de-Manneville,industrielle_portuaire,industrie_Normandie,Normandie,76
24437,Saint-Laurent-des-Vignes,industrielle_portuaire,industrie_Nouvelle-Aquitaine,Nouvelle-Aquitaine,24
82025,Bressols,industrielle_portuaire,industrie_Occitanie,Occitanie,82
72194,Meurcé,industrielle_portuaire,industrie_Pays de la Loire,Pays de la Loire,72
06011,Beaulieu-sur-Mer,industrielle_portuaire,industrie_Provence-Alpes-Côte d'Azur,Provence-Alpes-Côte d'Azur,06
77495,Vert-Saint-Denis,industrielle_portuaire,industrie_Île-de-France,Île-de-France,77
69270,Chaponnay,industrielle_portuaire,industrie_Auvergne-Rhône-Alpes,Auvergne-Rhône-Alpes,69
89458,Villenavotte,industrielle_portuaire,industrie_Bourgogne-Franche-Comté,Bourgogne-Franche-Comté,89
22262,Quintin,industrielle_portuaire,industrie_Bretagne,Bretagne,22
41143,Mondoubleau,industrielle_portuaire,industrie_Centre-Val de Loire,Centre-Val de Loire,41
2B150,Lumio,industrielle_portuaire,industrie_Corse,Corse,2B
68352,Volgelsheim,industrielle_portuaire,industrie_Grand Est,Grand Est,68
62292,Elnes,industrielle_portuaire,industrie_Hauts-de-France,Hauts-de-France,62
14020,Argences,industrielle_portuaire,industrie_Normandie,Normandie,14
47017,Auradou,industrielle_portuaire,industrie_Nouvelle-Aquitaine,Nouvelle-Aquitaine,47
82062,Finhan,industrielle_portuaire,industrie_Occitanie,Occitanie,82
72222,Nouans,industrielle_portuaire,industrie_Pays de la Loire,Pays de la Loire,72
83030,Camps-la-Source,industrielle_portuaire,industrie_Provence-Alpes-Côte d'Azur,Provence-Alpes-Côte d'Azur,83
78089,Bonnières-sur-Seine,industrielle_portuaire,industrie_Île-de-France,Île-de-France,78
69281,Marennes,industrielle_portuaire,industrie_Auvergne-Rhône-Alpes,Auvergne-Rhône-Alpes,69
21278,Fontaine-lès-Dijon,industrielle_portuaire,industrie_Bourgogne-Franche-Comté,Bourgogne-Franche-Comté,21
22289,Saint-Fiacre,industrielle_portuaire,industrie_Bretagne,Bretagne,22
45134,Épieds-en-Beauce,industrielle_portuaire,industrie_Centre-Val de Loire,Centre-Val de Loire,45
2B205,Patrimonio,industrielle_portuaire,industrie_Corse,Corse,2B
68356,Walheim,industrielle_portuaire,industrie_Grand Est,Grand Est,68
62349,Fouquereuil,industrielle_portuaire,industrie_Hauts-de-France,Hauts-de-France,62
14675,Soliers,industrielle_portuaire,industrie_Normandie,Normandie,14
64534,Taron-Sadirac-Viellenave,industrielle_portuaire,industrie_Nouvelle-Aquitaine,Nouvelle-Aquitaine,64
82114,Monbéqui,industrielle_portuaire,industrie_Occitanie,Occitanie,82
72230,Parigné-le-Pôlin,industrielle_portuaire,industrie_Pays de la Loire,Pays de la Loire,72
83031,Le Cannet-des-Maures,industrielle_portuaire,industrie_Provence-Alpes-Côte d'Azur,Provence-Alpes-Côte d'Azur,83
78354,Magnanville,industrielle_portuaire,industrie_Île-de-France,Île-de-France,78
73083,Les Chavannes-en-Maurienne,industrielle_portuaire,industrie_Auvergne-Rhône-Alpes,Auvergne-Rhône-Alpes,73
25170,Courcelles-lès-Montbéliard,industrielle_portuaire,industrie_Bourgogne-Franche-Comté,Bourgogne-Franche-Comté,25
22295,Saint-Gilles-Vieux-Marché,industrielle_portuaire,industrie_Bretagne,Bretagne,22
28039,Béville-le-Comte,industrielle_portuaire,industrie_Centre-Val de Loire,Centre-Val de Loire,28
2B223,Pietralba,industrielle_portuaire,industrie_Corse,Corse,2B
68377,Wittersdorf,industrielle_portuaire,industrie_Grand Est,Grand Est,68
62381,Gouy-en-Ternois,industrielle_portuaire,industrie_Hauts-de-France,Hauts-de-France,62
27095,Bosrobert,industrielle_portuaire,industrie_Normandie,Normandie,27
79145,Lageon,industrielle_portuaire,industrie_Nouvelle-Aquitaine,Nouvelle-Aquitaine,79
12030,Bouillac,industrielle_portuaire,industrie_Occitanie,Occitanie,12
72254,Rouessé-Fontaine,industrielle_portuaire,industrie_Pays de la Loire,Pays de la Loire,72
83153,Saint-Mandrier-sur-Mer,industrielle_portuaire,industrie_Provence-Alpes-Côte d'Azur,Provence-Alpes-Côte d'Azur,83
78442,Neauphle-le-Château,industrielle_portuaire,industrie_Île-de-France,Île-de-France,78
73153,Marthod,industrielle_portuaire,industrie_Auvergne-Rhône-Alpes,Auvergne-Rhône-Alpes,73
71111,Chassy,industrielle_portuaire,industrie_Bourgogne-Franche-Comté,Bourgogne-Franche-Comté,71
29015,Bourg-Blanc,industrielle_portuaire,industrie_Bretagne,Bretagne,29
36063,Déols,industrielle_portuaire,industrie_Centre-Val de Loire,Centre-Val de Loire,36
2B235,Pioggiola,industrielle_portuaire,industrie_Corse,Corse,2B
10260,Moussey,industrielle_portuaire,industrie_Grand Est,Grand Est,10
80234,Daours,industrielle_portuaire,industrie_Hauts-de-France,Hauts-de-France,80
27125,Calleville,industrielle_portuaire,industrie_Normandie,Normandie,27
86177,Neuville-de-Poitou,industrielle_portuaire,industrie_Nouvelle-Aquitaine,Nouvelle-Aquitaine,86
31533,Saubens,industrielle_portuaire,industrie_Occitanie,Occitanie,31
72260,Ruaudin,industrielle_portuaire,industrie_Pays de la Loire,Pays de la Loire,72
04244,Volonne,industrielle_portuaire,industrie_Provence-Alpes-Côte d'Azur,Provence-Alpes-Côte d'Azur,04
78615,Thiverval-Grignon,industrielle_portuaire,industrie_Île-de-France,Île-de-France,78
73259,Saint-Martin-sur-la-Chambre,industrielle_portuaire,industrie_Auvergne-Rhône-Alpes,Auvergne-Rhône-Alpes,73
71219,Gigny-sur-Saône,industrielle_portuaire,industrie_Bourgogne-Franche-Comté,Bourgogne-Franche-Comté,71
29029,Cléden-Poher,industrielle_portuaire,industrie_Bretagne,Bretagne,29
41212,Saint-Gervais-la-Forêt,industrielle_portuaire,industrie_Centre-Val de Loire,Centre-Val de Loire,41
2B236,Poggio-di-Nazza,industrielle_portuaire,industrie_Corse,Corse,2B
51583,Trois-Fontaines-l'Abbaye,industrielle_portuaire,industrie_Grand Est,Grand Est,51
02131,Bucy-le-Long,industrielle_portuaire,industrie_Hauts-de-France,Hauts-de-France,02
27348,Igoville,industrielle_portuaire,industrie_Normandie,Normandie,27
16174,Julienne,industrielle_portuaire,industrie_Nouvelle-Aquitaine,Nouvelle-Aquitaine,16
81273,Saïx,industrielle_portuaire,industrie_Occitanie,Occitanie,81
72369,Verneil-le-Chétif,industrielle_portuaire,industrie_Pays de la Loire,Pays de la Loire,72
13016,La Bouilladisse,industrielle_portuaire,industrie_Provence-Alpes-Côte d'Azur,Provence-Alpes-Côte d'Azur,13
91376,Marolles-en-Hurepoix,industrielle_portuaire,industrie_Île-de-France,Île-de-France,91
01157,Fareins,industrielle_portuaire,industrie_Auvergne-Rhône-Alpes,Auvergne-Rhône-Alpes,01
21515,Quetigny,industrielle_portuaire,industrie_Bourgogne-Franche-Comté,Bourgogne-Franche-Comté,21
29062,Gouézec,industrielle_portuaire,industrie_Bretagne,Bretagne,29
45011,Attray,industrielle_portuaire,industrie_Centre-Val de Loire,Centre-Val de Loire,45
2B277,Serra-di-Fiumorbo,industrielle_portuaire,industrie_Corse,Corse,2B
54366,Messein,industrielle_portuaire,industrie_Grand Est,Grand Est,54
59052,Bauvin,industrielle_portuaire,industrie_Hauts-de-France,Hauts-de-France,59
27537,Saint-Étienne-du-Vauvray,industrielle_portuaire,industrie_Normandie,Normandie,27
16220,Les Métairies,industrielle_portuaire,industrie_Nouvelle-Aquitaine,Nouvelle-Aquitaine,16
81287,Sieurac,industrielle_portuaire,industrie_Occitanie,Occitanie,81
85017,Beaurepaire,industrielle_portuaire,industrie_Pays de la Loire,Pays de la Loire,85
13067,Orgon,industrielle_portuaire,industrie_Provence-Alpes-Côte d'Azur,Provence-Alpes-Côte d'Azur,13
91600,Soisy-sur-Seine,industrielle_portuaire,industrie_Île-de-France,Île-de-France,91
01232,Marboz,industrielle_portuaire,industrie_Auvergne-Rhône-Alpes,Auvergne-Rhône-Alpes,01
21540,Saint-Apollinaire,industrielle_portuaire,industrie_Bourgogne-Franche-Comté,Bourgogne-Franche-Comté,21
29089,Kergloff,industrielle_portuaire,industrie_Bretagne,Bretagne,29
18263,Thénioux,industrielle_portuaire,industrie_Centre-Val de Loire,Centre-Val de Loire,18
2B289,Soveria,industrielle_portuaire,industrie_Corse,Corse,2B
57343,Illange,industrielle_portuaire,industrie_Grand Est,Grand Est,57
59166,Curgies,industrielle_portuaire,industrie_Hauts-de-France,Hauts-de-France,59
50356,Moon-sur-Elle,industrielle_portuaire,industrie_Normandie,Normandie,50
24415,Saint-Géraud-de-Corps,industrielle_portuaire,industrie_Nouvelle-Aquitaine,Nouvelle-Aquitaine,24
82057,Fabas,industrielle_portuaire,industrie_Occitanie,Occitanie,82
85067,Cheffois,industrielle_portuaire,industrie_Pays de la Loire,Pays de la Loire,85
83066,Ginasservis,industrielle_portuaire,industrie_Provence-Alpes-Côte d'Azur,Provence-Alpes-Côte d'Azur,83
91602,Souzy-la-Briche,industrielle_portuaire,industrie_Île-de-France,Île-de-France,91
01275,Neyron,industrielle_portuaire,industrie_Auvergne-Rhône-Alpes,Auvergne-Rhône-Alpes,01
21581,Samerey,industrielle_portuaire,industrie_Bourgogne-Franche-Comté,Bourgogne-Franche-Comté,21
29146,Melgven,industrielle_portuaire,industrie_Bretagne,Bretagne,29
28171,Garnay,industrielle_portuaire,industrie_Centre-Val de Loire,Centre-Val de Loire,28
2B309,Santa-Maria-di-Lota,industrielle_portuaire,industrie_Corse,Corse,2B
57443,Marange-Silvange,industrielle_portuaire,industrie_Grand Est,Grand Est,57
59211,Esquerchin,industrielle_portuaire,industrie_Hauts-de-France,Hauts-de-France,59
76035,Aumale,industrielle_portuaire,industrie_Normandie,Normandie,76
33013,Artigues-près-Bordeaux,industrielle_portuaire,industrie_Nouvelle-Aquitaine,Nouvelle-Aquitaine,33
09199,Montaut,industrielle_portuaire,industrie_Occitanie,Occitanie,09
85119,Les Landes-Genusson,industrielle_portuaire,industrie_Pays de la Loire,Pays de la Loire,85
84142,Velleron,industrielle_portuaire,industrie_Provence-Alpes-Côte d'Azur,Provence-Alpes-Côte d'Azur,84
91617,Tigery,industrielle_portuaire,industrie_Île-de-France,Île-de-France,91
01366,Sainte-Julie,industrielle_portuaire,industrie_Auvergne-Rhône-Alpes,Auvergne-Rhône-Alpes,01
25132,Châtillon-Guyotte,industrielle_portuaire,industrie_Bourgogne-Franche-Comté,Bourgogne-Franche-Comté,25
29193,Plougourvest,industrielle_portuaire,industrie_Bretagne,Bretagne,29
41232,Salbris,industrielle_portuaire,industrie_Centre-Val de Loire,Centre-Val de Loire,41
2B340,Velone-Orneto,industrielle_portuaire,industrie_Corse,Corse,2B
57537,Petite-Rosselle,industrielle_portuaire,industrie_Grand Est,Grand Est,57
59281,Hantay,industrielle_portuaire,industrie_Hauts-de-France,Hauts-de-France,59
76313,Gouy,industrielle_portuaire,industrie_Normandie,Normandie,76
79034,Bessines,industrielle_portuaire,industrie_Nouvelle-Aquitaine,Nouvelle-Aquitaine,79
11156,Fraisse-Cabardès,industrielle_portuaire,industrie_Occitanie,Occitanie,11
85151,Mortagne-sur-Sèvre,industrielle_portuaire,industrie_Pays de la Loire,Pays de la Loire,85
06057,L'Escarène,industrielle_portuaire,industrie_Provence-Alpes-Côte d'Azur,Provence-Alpes-Côte d'Azur,06
77044,Bombon,industrielle_portuaire,industrie_Île-de-France,Île-de-France,77
07174,Peyraud,industrielle_portuaire,industrie_Auvergne-Rhône-Alpes,Auvergne-Rhône-Alpes,07
25196,Dasle,industrielle_portuaire,industrie_Bourgogne-Franche-Comté,Bourgogne-Franche-Comté,25
29196,Plouguin,industrielle_portuaire,industrie_Bretagne,Bretagne,29
41295,Vineuil,industrielle_portuaire,industrie_Centre-Val de Loire,Centre-Val de Loire,41
2B361,Zilia,industrielle_portuaire,industrie_Corse,Corse,2B
67356,Offendorf,industrielle_portuaire,industrie_Grand Est,Grand Est,67
59313,Hordain,industrielle_portuaire,industrie_Hauts-de-France,Hauts-de-France,59
76474,Notre-Dame-de-Bondeville,industrielle_portuaire,industrie_Normandie,Normandie,76
16272,Puyréaux,industrielle_portuaire,industrie_Nouvelle-Aquitaine,Nouvelle-Aquitaine,16
11269,Ouveillan,industrielle_portuaire,industrie_Occitanie,Occitanie,11
85208,Saint-Denis-la-Chevasse,industrielle_portuaire,industrie_Pays de la Loire,Pays de la Loire,85
06059,Èze,industrielle_portuaire,industrie_Provence-Alpes-Côte d'Azur,Provence-Alpes-Côte d'Azur,06
77322,Moussy-le-Neuf,industrielle_portuaire,industrie_Île-de-France,Île-de-France,77
26071,Chanos-Curson,industrielle_portuaire,industrie_Auvergne-Rhône-Alpes,Auvergne-Rhône-Alpes,26
25508,Roulans,industrielle_portuaire,industrie_Bourgogne-Franche-Comté,Bourgogne-Franche-Comté,25
29213,Plouzévédé,industrielle_portuaire,industrie_Bretagne,Bretagne,29
45115,Courtenay,industrielle_portuaire,industrie_Centre-Val de Loire,Centre-Val de Loire,45
2A133,Guitera-les-Bains,industrielle_portuaire,industrie_Corse,Corse,2A
68254,Petit-Landau,industrielle_portuaire,industrie_Grand Est,Grand Est,68
59609,Vendeville,industrielle_portuaire,industrie_Hauts-de-France,Hauts-de-France,59
76616,Saint-Martin-du-Manoir,industrielle_portuaire,industrie_Normandie,Normandie,76
16341,Saint-Michel,industrielle_portuaire,industrie_Nouvelle-Aquitaine,Nouvelle-Aquitaine,16
11411,Villanière,industrielle_portuaire,industrie_Occitanie,Occitanie,11
85213,Rives de l'Yon,industrielle_portuaire,industrie_Pays de la Loire,Pays de la Loire,85
13022,Cassis,industrielle_portuaire,industrie_Provence-Alpes-Côte d'Azur,Provence-Alpes-Côte d'Azur,13
91106,Breux-Jouy,industrielle_portuaire,industrie_Île-de-France,Île-de-France,91
38003,Agnin,industrielle_portuaire,industrie_Auvergne-Rhône-Alpes,Auvergne-Rhône-Alpes,38
25539,Seloncourt,industrielle_portuaire,industrie_Bourgogne-Franche-Comté,Bourgogne-Franche-Comté,25
29243,Saint-Coulitz,industrielle_portuaire,industrie_Bretagne,Bretagne,29
45261,Rebréchien,industrielle_portuaire,industrie_Centre-Val de Loire,Centre-Val de Loire,45
2A295,Sant'Andréa-d'Orcino,industrielle_portuaire,industrie_Corse,Corse,2A
68359,Wattwiller,industrielle_portuaire,industrie_Grand Est,Grand Est,68
60279,Gondreville,industrielle_portuaire,industrie_Hauts-de-France,Hauts-de-France,60
76668,Saussay,industrielle_portuaire,industrie_Normandie,Normandie,76
17315,Saint-Christophe,industrielle_portuaire,industrie_Nouvelle-Aquitaine,Nouvelle-Aquitaine,17
12056,Baraqueville,industrielle_portuaire,industrie_Occitanie,Occitanie,12
85242,Saint-Mars-la-Réorthe,industrielle_portuaire,industrie_Pays de la Loire,Pays de la Loire,85
13094,Saint-Étienne-du-Grès,industrielle_portuaire,industrie_Provence-Alpes-Côte d'Azur,Provence-Alpes-Côte d'Azur,13
95491,Le Plessis-Bouchard,industrielle_portuaire,industrie_Île-de-France,Île-de-France,95
38144,Diémoz,industrielle_portuaire,industrie_Auvergne-Rhône-Alpes,Auvergne-Rhône-Alpes,38
39101,Champvans,industrielle_portuaire,industrie_Bourgogne-Franche-Comté,Bourgogne-Franche-Comté,39
29254,Saint-Martin-des-Champs,industrielle_portuaire,industrie_Bretagne,Bretagne,29
45272,Saint-Cyr-en-Val,industrielle_portuaire,industrie_Centre-Val de Loire,Centre-Val de Loire,45
2A359,Zicavo,industrielle_portuaire,industrie_Corse,Corse,2A
88142,Domèvre-sur-Avière,industrielle_portuaire,industrie_Grand Est,Grand Est,88
60351,Lataule,industrielle_portuaire,industrie_Hauts-de-France,Hauts-de-France,60
14060,Bénouville,industrielle_portuaire,industrie_Normandie,Normandie,14
33500,Samonac,industrielle_portuaire,industrie_Nouvelle-Aquitaine,Nouvelle-Aquitaine,33
32389,Saint-Martin,industrielle_portuaire,industrie_Occitanie,Occitanie,32
44142,Remouillé,industrielle_portuaire,industrie_Pays de la Loire,Pays de la Loire,44
83134,Taradeau,industrielle_portuaire,industrie_Provence-Alpes-Côte d'Azur,Provence-Alpes-Côte d'Azur,83
95612,Le Thillay,industrielle_portuaire,industrie_Île-de-France,Île-de-France,95
38223,Maubec,industrielle_portuaire,industrie_Auvergne-Rhône-Alpes,Auvergne-Rhône-Alpes,38
71556,Varennes-lès-Mâcon,industrielle_portuaire,industrie_Bourgogne-Franche-Comté,Bourgogne-Franche-Comté,71
29277,Sizun,industrielle_portuaire,industrie_Bretagne,Bretagne,29
45297,Saint-Père-sur-Loire,industrielle_portuaire,industrie_Centre-Val de Loire,Centre-Val de Loire,45
2B039,Bisinchi,industrielle_portuaire,industrie_Corse,Corse,2B
88368,Ramecourt,industrielle_portuaire,industrie_Grand Est,Grand Est,88
60369,Longueil-Sainte-Marie,industrielle_portuaire,industrie_Hauts-de-France,Hauts-de-France,60
14076,Blainville-sur-Orne,industrielle_portuaire,industrie_Normandie,Normandie,14
47100,Foulayronnes,industrielle_portuaire,industrie_Nouvelle-Aquitaine,Nouvelle-Aquitaine,47
65104,Boulin,industrielle_portuaire,industrie_Occitanie,Occitanie,65
44165,Saint-Hilaire-de-Clisson,industrielle_portuaire,industrie_Pays de la Loire,Pays de la Loire,44
84149,Violès,industrielle_portuaire,industrie_Provence-Alpes-Côte d'Azur,Provence-Alpes-Côte d'Azur,84
77215,Gretz-Armainvilliers,industrielle_portuaire,industrie_Île-de-France,Île-de-France,77
42272,Saint-Pierre-de-Bœuf,industrielle_portuaire,industrie_Auvergne-Rhône-Alpes,Auvergne-Rhône-Alpes,42
89162,Évry,industrielle_portuaire,industrie_Bourgogne-Franche-Comté,Bourgogne-Franche-Comté,89
35021,Beaucé,industrielle_portuaire,industrie_Bretagne,Bretagne,35
18100,Genouilly,industrielle_portuaire,industrie_Centre-Val de Loire,Centre-Val de Loire,18
2B087,Cervione,industrielle_portuaire,industrie_Corse,Corse,2B
51362,Merfy,industrielle_portuaire,industrie_Grand Est,Grand Est,51
60386,Marquéglise,industrielle_portuaire,industrie_Hauts-de-France,Hauts-de-France,60
27005,Ailly,industrielle_portuaire,industrie_Normandie,Normandie,27
47171,Monbalen,industrielle_portuaire,industrie_Nouvelle-Aquitaine,Nouvelle-Aquitaine,47
65445,Tilhouse,industrielle_portuaire,industrie_Occitanie,Occitanie,65
44173,Saint-Lumine-de-Clisson,industrielle_portuaire,industrie_Pays de la Loire,Pays de la Loire,44
04094,Gréoux-les-Bains,industrielle_portuaire,industrie_Provence-Alpes-Côte d'Azur,Provence-Alpes-Côte d'Azur,04
77237,Jossigny,industrielle_portuaire,industrie_Île-de-France,Île-de-France,77
63296,Ravel,industrielle_portuaire,industrie_Auvergne-Rhône-Alpes,Auvergne-Rhône-Alpes,63
90096,Thiancourt,industrielle_portuaire,industrie_Bourgogne-Franche-Comté,Bourgogne-Franche-Comté,90
35091,Le Crouais,industrielle_portuaire,industrie_Bretagne,Bretagne,35
18138,Marmagne,industrielle_portuaire,industrie_Centre-Val de Loire,Centre-Val de Loire,18
2B097,Costa,industrielle_portuaire,industrie_Corse,Corse,2B
51483,Saint-Gibrien,industrielle_portuaire,industrie_Grand Est,Grand Est,51
60536,Rhuis,industrielle_portuaire,industrie_Hauts-de-France,Hauts-de-France,60
27285,Giverny,industrielle_portuaire,industrie_Normandie,Normandie,27
64042,Argagnon,industrielle_portuaire,industrie_Nouvelle-Aquitaine,Nouvelle-Aquitaine,64
30019,Aubais,industrielle_portuaire,industrie_Occitanie,Occitanie,30
44212,Vallet,industrielle_portuaire,industrie_Pays de la Loire,Pays de la Loire,44
05173,Upaix,industrielle_portuaire,industrie_Provence-Alpes-Côte d'Azur,Provence-Alpes-Côte d'Azur,05
77449,Serris,industrielle_portuaire,industrie_Île-de-France,Île-de-France,77
63297,Reignat,industrielle_portuaire,industrie_Auvergne-Rhône-Alpes,Auvergne-Rhône-Alpes,63
25112,Chalezeule,industrielle_portuaire,industrie_Bourgogne-Franche-Comté,Bourgogne-Franche-Comté,25
35162,Louvigné-du-Désert,industrielle_portuaire,industrie_Bretagne,Bretagne,35
28140,Épernon,industrielle_portuaire,industrie_Centre-Val de Loire,Centre-Val de Loire,28
2B116,Focicchia,industrielle_portuaire,industrie_Corse,Corse,2B
54126,Chenicourt,industrielle_portuaire,industrie_Grand Est,Grand Est,54
62073,Bailleul-Sir-Berthoult,industrielle_portuaire,industrie_Hauts-de-France,Hauts-de-France,62
27365,Léry,industrielle_portuaire,industrie_Normandie,Normandie,27
64159,Cadillon,industrielle_portuaire,industrie_Nouvelle-Aquitaine,Nouvelle-Aquitaine,64
31150,Cornebarrieu,industrielle_portuaire,industrie_Occitanie,Occitanie,31
49080,Les Hauts-d'Anjou,industrielle_portuaire,industrie_Pays de la Loire,Pays de la Loire,49
06015,Berre-les-Alpes,industrielle_portuaire,industrie_Provence-Alpes-Côte d'Azur,Provence-Alpes-Côte d'Azur,06
77450,Servon,industrielle_portuaire,industrie_Île-de-France,Île-de-France,77
69133,Millery,industrielle_portuaire,industrie_Auvergne-Rhône-Alpes,Auvergne-Rhône-Alpes,69
25284,Grand-Charmont,industrielle_portuaire,industrie_Bourgogne-Franche-Comté,Bourgogne-Franche-Comté,25
35184,Montauban-de-Bretagne,industrielle_portuaire,industrie_Bretagne,Bretagne,35
37281,Vouvray,industrielle_portuaire,industrie_Centre-Val de Loire,Centre-Val de Loire,37
2B172,Murato,industrielle_portuaire,industrie_Corse,Corse,2B
54265,Houdemont,industrielle_portuaire,industrie_Grand Est,Grand Est,54
62107,Bénifontaine,industrielle_portuaire,industrie_Hauts-de-France,Hauts-de-France,62
27386,Le Manoir,industrielle_portuaire,industrie_Normandie,Normandie,27
64192,Conchez-de-Béarn,industrielle_portuaire,industrie_Nouvelle-Aquitaine,Nouvelle-Aquitaine,64
31324,Martres-Tolosane,industrielle_portuaire,industrie_Occitanie,Occitanie,31
49299,Saint-Léger-sous-Cholet,industrielle_portuaire,industrie_Pays de la Loire,Pays de la Loire,49
06037,Caussols,industrielle_portuaire,industrie_Provence-Alpes-Côte d'Azur,Provence-Alpes-Côte d'Azur,06
77517,Villevaudé,industrielle_portuaire,industrie_Île-de-France,Île-de-France,77
69168,Rochetaillée-sur-Saône,industrielle_portuaire,industrie_Auvergne-Rhône-Alpes,Auvergne-Rhône-Alpes,69
25526,Sainte-Suzanne,industrielle_portuaire,industrie_Bourgogne-Franche-Comté,Bourgogne-Franche-Comté,25
56027,Buléon,industrielle_portuaire,industrie_Bretagne,Bretagne,56
28006,Amilly,industrielle_portuaire,industrie_Centre-Val de Loire,Centre-Val de Loire,28
2B224,Pietracorbara,industrielle_portuaire,industrie_Corse,Corse,2B
57405,Lindre-Haute,industrielle_portuaire,industrie_Grand Est,Grand Est,57
62244,Coulogne,industrielle_portuaire,industrie_Hauts-de-France,Hauts-de-France,62
27469,Pont-de-l'Arche,industrielle_portuaire,industrie_Normandie,Normandie,27
64290,Labastide-Monréjeau,industrielle_portuaire,industrie_Nouvelle-Aquitaine,Nouvelle-Aquitaine,64
31327,Mauran,industrielle_portuaire,industrie_Occitanie,Occitanie,31
49330,Sceaux-d'Anjou,industrielle_portuaire,industrie_Pays de la Loire,Pays de la Loire,49
06137,Spéracèdes,industrielle_portuaire,industrie_Provence-Alpes-Côte d'Azur,Provence-Alpes-Côte d'Azur,06
78118,Buchelay,industrielle_portuaire,industrie_Île-de-France,Île-de-France,78
69272,Communay,industrielle_portuaire,industrie_Auvergne-Rhône-Alpes,Auvergne-Rhône-Alpes,69
25632,Voujeaucourt,industrielle_portuaire,industrie_Bourgogne-Franche-Comté,Bourgogne-Franche-Comté,25
56028,Caden,industrielle_portuaire,industrie_Bretagne,Bretagne,56
28019,Baigneaux,industrielle_portuaire,industrie_Centre-Val de Loire,Centre-Val de Loire,28
2B275,Sermano,industrielle_portuaire,industrie_Corse,Corse,2B
57706,Vergaville,industrielle_portuaire,industrie_Grand Est,Grand Est,57
62323,Fampoux,industrielle_portuaire,industrie_Hauts-de-France,Hauts-de-France,62
50106,Cavigny,industrielle_portuaire,industrie_Normandie,Normandie,50
79197,Oroux,industrielle_portuaire,industrie_Nouvelle-Aquitaine,Nouvelle-Aquitaine,79
31475,Saint-Clar-de-Rivière,industrielle_portuaire,industrie_Occitanie,Occitanie,31
53164,Neuilly-le-Vendin,industrielle_portuaire,industrie_Pays de la Loire,Pays de la Loire,53
13009,La Barben,industrielle_portuaire,industrie_Provence-Alpes-Côte d'Azur,Provence-Alpes-Côte d'Azur,13
78531,Rosny-sur-Seine,industrielle_portuaire,industrie_Île-de-France,Île-de-France,78
01261,Monthieux,industrielle_portuaire,industrie_Auvergne-Rhône-Alpes,Auvergne-Rhône-Alpes,01
70079,Bougnon,industrielle_portuaire,industrie_Bourgogne-Franche-Comté,Bourgogne-Franche-Comté,70
56048,Le Croisty,industrielle_portuaire,industrie_Bretagne,Bretagne,56
28024,Barjouville,industrielle_portuaire,industrie_Centre-Val de Loire,Centre-Val de Loire,28
2B317,Santa-Reparata-di-Moriani,industrielle_portuaire,industrie_Corse,Corse,2B
67016,Avolsheim,industrielle_portuaire,industrie_Grand Est,Grand Est,67
62348,Foufflin-Ricametz,industrielle_portuaire,industrie_Hauts-de-France,Hauts-de-France,62
61088,Champ-Haut,industrielle_portuaire,industrie_Normandie,Normandie,61
87157,Saint-Laurent-les-Églises,industrielle_portuaire,industrie_Nouvelle-Aquitaine,Nouvelle-Aquitaine,87
31578,Vigoulet-Auzil,industrielle_portuaire,industrie_Occitanie,Occitanie,31
53181,Pontmain,industrielle_portuaire,industrie_Pays de la Loire,Pays de la Loire,53
83016,Le Beausset,industrielle_portuaire,industrie_Provence-Alpes-Côte d'Azur,Provence-Alpes-Côte d'Azur,83
78559,Saint-Illiers-le-Bois,industrielle_portuaire,industrie_Île-de-France,Île-de-France,78
01263,Montmerle-sur-Saône,industrielle_portuaire,industrie_Auvergne-Rhône-Alpes,Auvergne-Rhône-Alpes,01
70388,Noidans-lès-Vesoul,industrielle_portuaire,industrie_Bourgogne-Franche-Comté,Bourgogne-Franche-Comté,70
56182,Priziac,industrielle_portuaire,industrie_Bretagne,Bretagne,56
28284,Oinville-Saint-Liphard,industrielle_portuaire,industrie_Centre-Val de Loire,Centre-Val de Loire,28
2B352,Ville-di-Paraso,industrielle_portuaire,industrie_Corse,Corse,2B
67172,Griesheim-près-Molsheim,industrielle_portuaire,industrie_Grand Est,Grand Est,67
62377,Gosnay,industrielle_portuaire,industrie_Hauts-de-France,Hauts-de-France,62
61107,Ciral,industrielle_portuaire,industrie_Normandie,Normandie,61
16012,Angeac-Champagne,industrielle_portuaire,industrie_Nouvelle-Aquitaine,Nouvelle-Aquitaine,16
46284,Saint-Michel-Loubéjou,industrielle_portuaire,industrie_Occitanie,Occitanie,46
53247,Saint-Pierre-la-Cour,industrielle_portuaire,industrie_Pays de la Loire,Pays de la Loire,53
84104,Sablet,industrielle_portuaire,industrie_Provence-Alpes-Côte d'Azur,Provence-Alpes-Côte d'Azur,84
91435,Morsang-sur-Seine,industrielle_portuaire,industrie_Île-de-France,Île-de-France,91
01276,Niévroz,industrielle_portuaire,industrie_Auvergne-Rhône-Alpes,Auvergne-Rhône-Alpes,01
71310,Montchanin,industrielle_portuaire,industrie_Bourgogne-Franche-Comté,Bourgogne-Franche-Comté,71
56189,Radenac,industrielle_portuaire,industrie_Bretagne,Bretagne,56
41084,La Ferté-Imbault,industrielle_portuaire,industrie_Centre-Val de Loire,Centre-Val de Loire,41
2A022,Arro,industrielle_portuaire,industrie_Corse,Corse,2A
67313,Mutzig,industrielle_portuaire,industrie_Grand Est,Grand Est,67
62383,Gouy-sous-Bellonne,industrielle_portuaire,industrie_Hauts-de-France,Hauts-de-France,62
76367,Houppeville,industrielle_portuaire,industrie_Normandie,Normandie,76
16187,Linars,industrielle_portuaire,industrie_Nouvelle-Aquitaine,Nouvelle-Aquitaine,16
65054,Avezac-Prat-Lahitte,industrielle_portuaire,industrie_Occitanie,Occitanie,65
53253,Saint-Saturnin-du-Limet,industrielle_portuaire,industrie_Pays de la Loire,Pays de la Loire,53
04013,Aubignosc,industrielle_portuaire,industrie_Provence-Alpes-Côte d'Azur,Provence-Alpes-Côte d'Azur,04
91577,Saintry-sur-Seine,industrielle_portuaire,industrie_Île-de-France,Île-de-France,91
26165,Livron-sur-Drôme,industrielle_portuaire,industrie_Auvergne-Rhône-Alpes,Auvergne-Rhône-Alpes,26
89302,Plessis-Saint-Jean,industrielle_portuaire,industrie_Bourgogne-Franche-Comté,Bourgogne-Franche-Comté,89
56190,Réguiny,industrielle_portuaire,industrie_Bretagne,Bretagne,56
41181,Pouillé,industrielle_portuaire,industrie_Centre-Val de Loire,Centre-Val de Loire,41
2A035,Belvédère-Campomoro,industrielle_portuaire,industrie_Corse,Corse,2A
51043,Bazancourt,industrielle_portuaire,industrie_Grand Est,Grand Est,51
62407,Ham-en-Artois,industrielle_portuaire,industrie_Hauts-de-France,Hauts-de-France,62
76614,Saint-Martin-de-Boscherville,industrielle_portuaire,industrie_Normandie,Normandie,76
17364,Saint-Martial-sur-Né,industrielle_portuaire,industrie_Nouvelle-Aquitaine,Nouvelle-Aquitaine,17
65125,Campistrous,industrielle_portuaire,industrie_Occitanie,Occitanie,65
72214,Nauvay,industrielle_portuaire,industrie_Pays de la Loire,Pays de la Loire,72
04058,Claret,industrielle_portuaire,industrie_Provence-Alpes-Côte d'Azur,Provence-Alpes-Côte d'Azur,04
95489,Piscop,industrielle_portuaire,industrie_Île-de-France,Île-de-France,95
38475,Satolas-et-Bonce,industrielle_portuaire,industrie_Auvergne-Rhône-Alpes,Auvergne-Rhône-Alpes,38
25190,Dampierre-les-Bois,industrielle_portuaire,industrie_Bourgogne-Franche-Comté,Bourgogne-Franche-Comté,25
56264,Kernascléden,industrielle_portuaire,industrie_Bretagne,Bretagne,56
41195,Rougeou,industrielle_portuaire,industrie_Centre-Val de Loire,Centre-Val de Loire,41
2A144,Lopigna,industrielle_portuaire,industrie_Corse,Corse,2A
51087,Breuvery-sur-Coole,industrielle_portuaire,industrie_Grand Est,Grand Est,51
62626,Noyelles-lès-Vermelles,industrielle_portuaire,industrie_Hauts-de-France,Hauts-de-France,62
14558,Saint-Aubin-d'Arquenay,industrielle_portuaire,industrie_Normandie,Normandie,14
33433,Saint-Loubès,industrielle_portuaire,industrie_Nouvelle-Aquitaine,Nouvelle-Aquitaine,33
65231,Izaux,industrielle_portuaire,industrie_Occitanie,Occitanie,65
85013,Bazoges-en-Paillers,industrielle_portuaire,industrie_Pays de la Loire,Pays de la Loire,85
04063,Corbières-en-Provence,industrielle_portuaire,industrie_Provence-Alpes-Côte d'Azur,Provence-Alpes-Côte d'Azur,04
77370,Poligny,industrielle_portuaire,industrie_Île-de-France,Île-de-France,77
43132,Mazeyrat-d'Allier,industrielle_portuaire,industrie_Auvergne-Rhône-Alpes,Auvergne-Rhône-Alpes,43
39171,Courlaoux,industrielle_portuaire,industrie_Bourgogne-Franche-Comté,Bourgogne-Franche-Comté,39
22002,Andel,industrielle_portuaire,industrie_Bretagne,Bretagne,22
45012,Audeville,industrielle_portuaire,industrie_Centre-Val de Loire,Centre-Val de Loire,45
2A200,Palneca,industrielle_portuaire,industrie_Corse,Corse,2A
51146,Cheniers,industrielle_portuaire,industrie_Grand Est,Grand Est,51
62764,Saint-Nicolas,industrielle_portuaire,industrie_Hauts-de-France,Hauts-de-France,62
27398,Menneval,industrielle_portuaire,industrie_Normandie,Normandie,27
47145,Layrac,industrielle_portuaire,industrie_Nouvelle-Aquitaine,Nouvelle-Aquitaine,47
11232,Miraval-Cabardès,industrielle_portuaire,industrie_Occitanie,Occitanie,11
85072,La Copechagnière,industrielle_portuaire,industrie_Pays de la Loire,Pays de la Loire,85
05178,Ventavon,industrielle_portuaire,industrie_Provence-Alpes-Côte d'Azur,Provence-Alpes-Côte d'Azur,05
77377,Presles-en-Brie,industrielle_portuaire,industrie_Île-de-France,Île-de-France,77
69085,Fleurieu-sur-Saône,industrielle_portuaire,industrie_Auvergne-Rhône-Alpes,Auvergne-Rhône-Alpes,69
39199,Domblans,industrielle_portuaire,industrie_Bourgogne-Franche-Comté,Bourgogne-Franche-Comté,39
22068,Grâce-Uzel,industrielle_portuaire,industrie_Bretagne,Bretagne,22
18150,Méry-sur-Cher,industrielle_portuaire,industrie_Centre-Val de Loire,Centre-Val de Loire,18
2A362,Zonza,industrielle_portuaire,industrie_Corse,Corse,2A
51164,Connantray-Vaurefroy,industrielle_portuaire,industrie_Grand Est,Grand Est,51
80751,Thennes,industrielle_portuaire,industrie_Hauts-de-France,Hauts-de-France,80
27502,Rugles,industrielle_portuaire,industrie_Normandie,Normandie,27
47201,Le Passage,industrielle_portuaire,industrie_Nouvelle-Aquitaine,Nouvelle-Aquitaine,47
11360,Saint-Nazaire-d'Aude,industrielle_portuaire,industrie_Occitanie,Occitanie,11
85223,Saint-Jean-d'Hermine,industrielle_portuaire,industrie_Pays de la Loire,Pays de la Loire,85
83018,Besse-sur-Issole,industrielle_portuaire,industrie_Provence-Alpes-Côte d'Azur,Provence-Alpes-Côte d'Azur,83
91433,Morigny-Champigny,industrielle_portuaire,industrie_Île-de-France,Île-de-France,91
69163,Quincieux,industrielle_portuaire,industrie_Auvergne-Rhône-Alpes,Auvergne-Rhône-Alpes,69
39457,Les Repôts,industrielle_portuaire,industrie_Bourgogne-Franche-Comté,Bourgogne-Franche-Comté,39
22070,Guingamp,industrielle_portuaire,industrie_Bretagne,Bretagne,22
28073,Champseru,industrielle_portuaire,industrie_Centre-Val de Loire,Centre-Val de Loire,28
2B005,Alando,industrielle_portuaire,industrie_Corse,Corse,2B
51242,Fagnières,industrielle_portuaire,industrie_Grand Est,Grand Est,51
02142,Castres,industrielle_portuaire,industrie_Hauts-de-France,Hauts-de-France,02
27592,Saint-Pierre-de-Salerne,industrielle_portuaire,industrie_Normandie,Normandie,27
64442,Parbayse,industrielle_portuaire,industrie_Nouvelle-Aquitaine,Nouvelle-Aquitaine,64
30235,Saint-Bonnet-du-Gard,industrielle_portuaire,industrie_Occitanie,Occitanie,30
85229,Saint-Hilaire-de-Voust,industrielle_portuaire,industrie_Pays de la Loire,Pays de la Loire,85
83035,Le Castellet,industrielle_portuaire,industrie_Provence-Alpes-Côte d'Azur,Provence-Alpes-Côte d'Azur,83
91553,Saint-Germain-lès-Corbeil,industrielle_portuaire,industrie_Île-de-France,Île-de-France,91
69242,Taponas,industrielle_portuaire,industrie_Auvergne-Rhône-Alpes,Auvergne-Rhône-Alpes,69
89023,Augy,industrielle_portuaire,industrie_Bourgogne-Franche-Comté,Bourgogne-Franche-Comté,89
22074,Le Haut-Corlay,industrielle_portuaire,industrie_Bretagne,Bretagne,22
28188,Le Gué-de-Longroi,industrielle_portuaire,industrie_Centre-Val de Loire,Centre-Val de Loire,28
2B075,Casevecchie,industrielle_portuaire,industrie_Corse,Corse,2B
51299,Isles-sur-Suippe,industrielle_portuaire,industrie_Grand Est,Grand Est,51
02287,Essigny-le-Grand,industrielle_portuaire,industrie_Hauts-de-France,Hauts-de-France,02
61170,Fleuré,industrielle_portuaire,industrie_Normandie,Normandie,61
86050,Chalandray,industrielle_portuaire,industrie_Nouvelle-Aquitaine,Nouvelle-Aquitaine,86
30274,Saint-Julien-les-Rosiers,industrielle_portuaire,industrie_Occitanie,Occitanie,30
85306,Xanton-Chassenon,industrielle_portuaire,industrie_Pays de la Loire,Pays de la Loire,85
83151,Vins-sur-Caramy,industrielle_portuaire,industrie_Provence-Alpes-Côte d'Azur,Provence-Alpes-Côte d'Azur,83
94056,Périgny,industrielle_portuaire,industrie_Île-de-France,Île-de-France,94
73113,Feissons-sur-Salins,industrielle_portuaire,industrie_Auvergne-Rhône-Alpes,Auvergne-Rhône-Alpes,73
89327,Rousson,industrielle_portuaire,industrie_Bourgogne-Franche-Comté,Bourgogne-Franche-Comté,89
22092,Kerpert,industrielle_portuaire,industrie_Bretagne,Bretagne,22
28215,Louville-la-Chenard,industrielle_portuaire,industrie_Centre-Val de Loire,Centre-Val de Loire,28
2B125,Giocatojo,industrielle_portuaire,industrie_Corse,Corse,2B
51409,Nuisement-sur-Coole,industrielle_portuaire,industrie_Grand Est,Grand Est,51
02297,Étrépilly,industrielle_portuaire,industrie_Hauts-de-France,Hauts-de-France,02
61225,Lignères,industrielle_portuaire,industrie_Normandie,Normandie,61
87131,Saillat-sur-Vienne,industrielle_portuaire,industrie_Nouvelle-Aquitaine,Nouvelle-Aquitaine,87
31104,Capens,industrielle_portuaire,industrie_Occitanie,Occitanie,31
44018,Bouaye,industrielle_portuaire,industrie_Pays de la Loire,Pays de la Loire,44
04207,Sigoyer,industrielle_portuaire,industrie_Provence-Alpes-Côte d'Azur,Provence-Alpes-Côte d'Azur,04
95058,Bernes-sur-Oise,industrielle_portuaire,industrie_Île-de-France,Île-de-France,95
74267,Sevrier,industrielle_portuaire,industrie_Auvergne-Rhône-Alpes,Auvergne-Rhône-Alpes,74
89380,Savigny-sur-Clairis,industrielle_portuaire,industrie_Bourgogne-Franche-Comté,Bourgogne-Franche-Comté,89
22139,Magoar,industrielle_portuaire,industrie_Bretagne,Bretagne,22
28280,Nogent-le-Rotrou,industrielle_portuaire,industrie_Centre-Val de Loire,Centre-Val de Loire,28
2B184,Olcani,industrielle_portuaire,industrie_Corse,Corse,2B
51460,Rieux,industrielle_portuaire,industrie_Grand Est,Grand Est,51
02742,Thiernu,industrielle_portuaire,industrie_Hauts-de-France,Hauts-de-France,02
76064,Beaurepaire,industrielle_portuaire,industrie_Normandie,Normandie,76
24194,Gardonne,industrielle_portuaire,industrie_Nouvelle-Aquitaine,Nouvelle-Aquitaine,24
31260,Laffite-Toupière,industrielle_portuaire,industrie_Occitanie,Occitanie,31
44045,Cordemais,industrielle_portuaire,industrie_Pays de la Loire,Pays de la Loire,44
05078,Monêtier-Allemont,industrielle_portuaire,industrie_Provence-Alpes-Côte d'Azur,Provence-Alpes-Côte d'Azur,05
77061,Cannes-Écluse,industrielle_portuaire,industrie_Île-de-France,Île-de-France,77
01024,Attignat,industrielle_portuaire,industrie_Auvergne-Rhône-Alpes,Auvergne-Rhône-Alpes,01
89390,Serbonnes,industrielle_portuaire,industrie_Bourgogne-Franche-Comté,Bourgogne-Franche-Comté,89
22140,La Malhoure,industrielle_portuaire,industrie_Bretagne,Bretagne,22
28369,Saulnières,industrielle_portuaire,industrie_Centre-Val de Loire,Centre-Val de Loire,28
2B229,Pietroso,industrielle_portuaire,industrie_Corse,Corse,2B
51574,Togny-aux-Bœufs,industrielle_portuaire,industrie_Grand Est,Grand Est,51
59170,Dechy,industrielle_portuaire,industrie_Hauts-de-France,Hauts-de-France,59
76387,Lindebeuf,industrielle_portuaire,industrie_Normandie,Normandie,76
33049,Beychac-et-Caillau,industrielle_portuaire,industrie_Nouvelle-Aquitaine,Nouvelle-Aquitaine,33
34090,Le Crès,industrielle_portuaire,industrie_Occitanie,Occitanie,34
44067,Guémené-Penfao,industrielle_portuaire,industrie_Pays de la Loire,Pays de la Loire,44
06044,La Colle-sur-Loup,industrielle_portuaire,industrie_Provence-Alpes-Côte d'Azur,Provence-Alpes-Côte d'Azur,06
77192,Fontenay-Trésigny,industrielle_portuaire,industrie_Île-de-France,Île-de-France,77
07027,Beauchastel,industrielle_portuaire,industrie_Auvergne-Rhône-Alpes,Auvergne-Rhône-Alpes,07
90097,Trévenans,industrielle_portuaire,industrie_Bourgogne-Franche-Comté,Bourgogne-Franche-Comté,90
22165,Penguily,industrielle_portuaire,industrie_Bretagne,Bretagne,22
45104,Corquilleroy,industrielle_portuaire,industrie_Centre-Val de Loire,Centre-Val de Loire,45
2B304,San-Lorenzo,industrielle_portuaire,industrie_Corse,Corse,2B
51595,Vatry,industrielle_portuaire,industrie_Grand Est,Grand Est,51
59408,Moncheaux,industrielle_portuaire,industrie_Hauts-de-France,Hauts-de-France,59
76576,Saint-Eustache-la-Forêt,industrielle_portuaire,industrie_Normandie,Normandie,76
33378,Saint-Avit-Saint-Nazaire,industrielle_portuaire,industrie_Nouvelle-Aquitaine,Nouvelle-Aquitaine,33
34113,Gigean,industrielle_portuaire,industrie_Occitanie,Occitanie,34
44081,Legé,industrielle_portuaire,industrie_Pays de la Loire,Pays de la Loire,44
06100,Revest-les-Roches,industrielle_portuaire,industrie_Provence-Alpes-Côte d'Azur,Provence-Alpes-Côte d'Azur,06
77254,Liverdy-en-Brie,industrielle_portuaire,industrie_Île-de-France,Île-de-France,77
26028,Bathernay,industrielle_portuaire,industrie_Auvergne-Rhône-Alpes,Auvergne-Rhône-Alpes,26
21057,Beire-le-Fort,industrielle_portuaire,industrie_Bourgogne-Franche-Comté,Bourgogne-Franche-Comté,21
22286,Saint-Denoual,industrielle_portuaire,industrie_Bretagne,Bretagne,22
45133,Engenville,industrielle_portuaire,industrie_Centre-Val de Loire,Centre-Val de Loire,45
2A085,Cauro,industrielle_portuaire,industrie_Corse,Corse,2A
51648,Vitry-la-Ville,industrielle_portuaire,industrie_Grand Est,Grand Est,51
59459,Petite-Forêt,industrielle_portuaire,industrie_Hauts-de-France,Hauts-de-France,59
76596,Saint-Laurent-de-Brèvedent,industrielle_portuaire,industrie_Normandie,Normandie,76
33380,Val-de-Livenne,industrielle_portuaire,industrie_Nouvelle-Aquitaine,Nouvelle-Aquitaine,33
46228,Prudhomat,industrielle_portuaire,industrie_Occitanie,Occitanie,46
44113,Nozay,industrielle_portuaire,industrie_Pays de la Loire,Pays de la Loire,44
13079,Puyloubier,industrielle_portuaire,industrie_Provence-Alpes-Côte d'Azur,Provence-Alpes-Côte d'Azur,13
91099,Boutigny-sur-Essonne,industrielle_portuaire,industrie_Île-de-France,Île-de-France,91
26083,Châteauneuf-de-Galaure,industrielle_portuaire,industrie_Auvergne-Rhône-Alpes,Auvergne-Rhône-Alpes,26
21240,Échevannes,industrielle_portuaire,industrie_Bourgogne-Franche-Comté,Bourgogne-Franche-Comté,21
22300,Saint-Hervé,industrielle_portuaire,industrie_Bretagne,Bretagne,22
29058,Fouesnant,littorale,littoral_Bretagne,Bretagne,29
2A130,Grosseto-Prugna,littorale,littoral_Corse,Corse,2A
62667,Le Portel,littorale,littoral_Hauts-de-France,Hauts-de-France,62
76618,Petit-Caux,littorale,littoral_Normandie,Normandie,76
17028,Aytré,littorale,littoral_Nouvelle-Aquitaine,Nouvelle-Aquitaine,17
66180,Saint-Laurent-de-la-Salanque,littorale,littoral_Occitanie,Occitanie,66
85288,Talmont-Saint-Hilaire,littorale,littoral_Pays de la Loire,Pays de la Loire,85
83131,Solliès-Toucas,littorale,littoral_Provence-Alpes-Côte d'Azur,Provence-Alpes-Côte d'Azur,83
56243,Séné,littorale,littoral_Bretagne,Bretagne,56
2B109,Farinole,littorale,littoral_Corse,Corse,2B
59588,Téteghem-Coudekerque-Village,littorale,littoral_Hauts-de-France,Hauts-de-France,59
14488,Ouistreham,littorale,littoral_Normandie,Normandie,14
40065,Capbreton,littorale,littoral_Nouvelle-Aquitaine,Nouvelle-Aquitaine,40
34198,Pérols,littorale,littoral_Occitanie,Occitanie,34
44151,Saint-André-des-Eaux,littorale,littoral_Pays de la Loire,Pays de la Loire,44
83068,Grimaud,littorale,littoral_Provence-Alpes-Côte d'Azur,Provence-Alpes-Côte d'Azur,83
29051,Ergué-Gabéric,littorale,littoral_Bretagne,Bretagne,29
2B187,Olmeta-di-Capocorso,littorale,littoral_Corse,Corse,2B
62893,Wimereux,littorale,littoral_Hauts-de-France,Hauts-de-France,62
76552,Sainte-Adresse,littorale,littoral_Normandie,Normandie,76
17274,Périgny,littorale,littoral_Nouvelle-Aquitaine,Nouvelle-Aquitaine,17
66065,Elne,littorale,littoral_Occitanie,Occitanie,66
44187,Saint-Père-en-Retz,littorale,littoral_Pays de la Loire,Pays de la Loire,44
06032,Cap-d'Ail,littorale,littoral_Provence-Alpes-Côte d'Azur,Provence-Alpes-Côte d'Azur,06
22360,Trégueux,littorale,littoral_Bretagne,Bretagne,22
2B178,Nonza,littorale,littoral_Corse,Corse,2B
62397,Guînes,littorale,littoral_Hauts-de-France,Hauts-de-France,62
14098,Thue et Mue,littorale,littoral_Normandie,Normandie,14
40310,Soustons,littorale,littoral_Nouvelle-Aquitaine,Nouvelle-Aquitaine,40
30003,Aigues-Mortes,littorale,littoral_Occitanie,Occitanie,30
44168,Saint-Joachim,littorale,littoral_Pays de la Loire,Pays de la Loire,44
83103,Le Revest-les-Eaux,littorale,littoral_Provence-Alpes-Côte d'Azur,Provence-Alpes-Côte d'Azur,83
56251,Theix-Noyalo,littorale,littoral_Bretagne,Bretagne,56
62560,Marquise,littorale,littoral_Hauts-de-France,Hauts-de-France,62
76481,Octeville-sur-Mer,littorale,littoral_Normandie,Normandie,76
33236,Lège-Cap-Ferret,littorale,littoral_Nouvelle-Aquitaine,Nouvelle-Aquitaine,33
34344,La Grande-Motte,littorale,littoral_Occitanie,Occitanie,34
44176,Saint-Malo-de-Guersac,littorale,littoral_Pays de la Loire,Pays de la Loire,44
83048,La Croix-Valmer,littorale,littoral_Provence-Alpes-Côte d'Azur,Provence-Alpes-Côte d'Azur,83
29069,Guilers,littorale,littoral_Bretagne,Bretagne,29
62746,Saint-Étienne-au-Mont,littorale,littoral_Hauts-de-France,Hauts-de-France,62
14271,Fleury-sur-Orne,littorale,littoral_Normandie,Normandie,14
40284,Saint-Vincent-de-Tyrosse,littorale,littoral_Nouvelle-Aquitaine,Nouvelle-Aquitaine,40
30133,Le Grau-du-Roi,littorale,littoral_Occitanie,Occitanie,30
85243,Brem-sur-Mer,littorale,littoral_Pays de la Loire,Pays de la Loire,85
83119,Saint-Tropez,littorale,littoral_Provence-Alpes-Côte d'Azur,Provence-Alpes-Côte d'Azur,83
22106,Langueux,littorale,littoral_Bretagne,Bretagne,22
62774,Sangatte,littorale,littoral_Hauts-de-France,Hauts-de-France,62
14225,Dives-sur-Mer,littorale,littoral_Normandie,Normandie,14
64547,Ustaritz,littorale,littoral_Nouvelle-Aquitaine,Nouvelle-Aquitaine,64
34022,Baillargues,littorale,littoral_Occitanie,Occitanie,34
85112,L'Île-d'Olonne,littorale,littoral_Pays de la Loire,Pays de la Loire,85
83094,Le Plan-de-la-Tour,littorale,littoral_Provence-Alpes-Côte d'Azur,Provence-Alpes-Côte d'Azur,83
22251,Pordic,littorale,littoral_Bretagne,Bretagne,22
62038,Ardres,littorale,littoral_Hauts-de-France,Hauts-de-France,62
14228,Douvres-la-Délivrande,littorale,littoral_Normandie,Normandie,14
64125,Bidart,littorale,littoral_Nouvelle-Aquitaine,Nouvelle-Aquitaine,64
34150,Marseillan,littorale,littoral_Occitanie,Occitanie,34
85214,Sainte-Foy,littorale,littoral_Pays de la Loire,Pays de la Loire,85
06150,La Turbie,littorale,littoral_Provence-Alpes-Côte d'Azur,Provence-Alpes-Côte d'Azur,06
56036,Caudan,littorale,littoral_Bretagne,Bretagne,56
59107,Bray-Dunes,littorale,littoral_Hauts-de-France,Hauts-de-France,59
50532,Saint-Pair-sur-Mer,littorale,littoral_Normandie,Normandie,50
17421,Saujon,littorale,littoral_Nouvelle-Aquitaine,Nouvelle-Aquitaine,17
66021,Bompas,littorale,littoral_Occitanie,Occitanie,66
85250,Saint-Mathurin,littorale,littoral_Pays de la Loire,Pays de la Loire,85
83065,Gassin,littorale,littoral_Provence-Alpes-Côte d'Azur,Provence-Alpes-Côte d'Azur,83
29293,Trégunc,littorale,littoral_Bretagne,Bretagne,29
59340,Leffrinckoucke,littorale,littoral_Hauts-de-France,Hauts-de-France,59
14101,Bretteville-sur-Odon,littorale,littoral_Normandie,Normandie,14
40133,Labenne,littorale,littoral_Nouvelle-Aquitaine,Nouvelle-Aquitaine,40
34151,Marsillargues,littorale,littoral_Occitanie,Occitanie,34
85298,Vairé,littorale,littoral_Pays de la Loire,Pays de la Loire,85
83053,Évenos,littorale,littoral_Provence-Alpes-Côte d'Azur,Provence-Alpes-Côte d'Azur,83
56094,Kervignac,littorale,littoral_Bretagne,Bretagne,56
59260,Ghyvelde,littorale,littoral_Hauts-de-France,Hauts-de-France,59
14738,Verson,littorale,littoral_Normandie,Normandie,14
17291,Puilboreau,littorale,littoral_Nouvelle-Aquitaine,Nouvelle-Aquitaine,17
34213,Poussan,littorale,littoral_Occitanie,Occitanie,34
83101,Ramatuelle,littorale,littoral_Provence-Alpes-Côte d'Azur,Provence-Alpes-Côte d'Azur,83
22176,Plédran,littorale,littoral_Bretagne,Bretagne,22
62894,Wimille,littorale,littoral_Hauts-de-France,Hauts-de-France,62
14068,Biéville-Beuville,littorale,littoral_Normandie,Normandie,14
17094,Châtelaillon-Plage,littorale,littoral_Nouvelle-Aquitaine,Nouvelle-Aquitaine,17
66017,Le Barcarès,littorale,littoral_Occitanie,Occitanie,66
06067,Gorbio,littorale,littoral_Provence-Alpes-Côte d'Azur,Provence-Alpes-Côte d'Azur,06
56164,Ploeren,littorale,littoral_Bretagne,Bretagne,56
59067,Bergues,littorale,littoral_Hauts-de-France,Hauts-de-France,59
14117,Cabourg,littorale,littoral_Normandie,Normandie,14
64189,Ciboure,littorale,littoral_Nouvelle-Aquitaine,Nouvelle-Aquitaine,64
34332,Vias,littorale,littoral_Occitanie,Occitanie,34
06121,Saint-Jean-Cap-Ferrat,littorale,littoral_Provence-Alpes-Côte d'Azur,Provence-Alpes-Côte d'Azur,06
29061,Gouesnou,littorale,littoral_Bretagne,Bretagne,29
62755,Saint-Léonard,littorale,littoral_Hauts-de-France,Hauts-de-France,62
50076,Bréhal,littorale,littoral_Normandie,Normandie,50
17142,Dompierre-sur-Mer,littorale,littoral_Nouvelle-Aquitaine,Nouvelle-Aquitaine,17
34192,Palavas-les-Flots,littorale,littoral_Occitanie,Occitanie,34
06138,Théoule-sur-Mer,littorale,littoral_Provence-Alpes-Côte d'Azur,Provence-Alpes-Côte d'Azur,06
56158,Plescop,littorale,littoral_Bretagne,Bretagne,56
59319,Hoymille,littorale,littoral_Hauts-de-France,Hauts-de-France,59
14712,Troarn,littorale,littoral_Normandie,Normandie,14
40209,Ondres,littorale,littoral_Nouvelle-Aquitaine,Nouvelle-Aquitaine,40
11106,Coursan,littorale,littoral_Occitanie,Occitanie,11
06113,Sainte-Agnès,littorale,littoral_Provence-Alpes-Côte d'Azur,Provence-Alpes-Côte d'Azur,06
56003,Arradon,littorale,littoral_Bretagne,Bretagne,56
62239,Coquelles,littorale,littoral_Hauts-de-France,Hauts-de-France,62
14384,Luc-sur-Mer,littorale,littoral_Normandie,Normandie,14
64496,Saint-Pierre-d'Irube,littorale,littoral_Nouvelle-Aquitaine,Nouvelle-Aquitaine,64
66189,Saleilles,littorale,littoral_Occitanie,Occitanie,66
06035,Castellar,littorale,littoral_Provence-Alpes-Côte d'Azur,Provence-Alpes-Côte d'Azur,06
35049,Cancale,littorale,littoral_Bretagne,Bretagne,35
62300,Équihen-Plage,littorale,littoral_Hauts-de-France,Hauts-de-France,62
14325,Hermanville-sur-Mer,littorale,littoral_Normandie,Normandie,14
17264,Nieul-sur-Mer,littorale,littoral_Nouvelle-Aquitaine,Nouvelle-Aquitaine,17
11379,Sigean,littorale,littoral_Occitanie,Occitanie,11
06036,Castillon,littorale,littoral_Provence-Alpes-Côte d'Azur,Provence-Alpes-Côte d'Azur,06
56169,Plouhinec,littorale,littoral_Bretagne,Bretagne,56
62235,Condette,littorale,littoral_Hauts-de-France,Hauts-de-France,62
76482,Offranville,littorale,littoral_Normandie,Normandie,76
17414,Saint-Xandre,littorale,littoral_Nouvelle-Aquitaine,Nouvelle-Aquitaine,17
34031,Bessan,littorale,littoral_Occitanie,Occitanie,34
06142,Touët-de-l'Escarène,littorale,littoral_Provence-Alpes-Côte d'Azur,Provence-Alpes-Côte d'Azur,06
29130,Locmaria-Plouzané,littorale,littoral_Bretagne,Bretagne,29
62043,Les Attaques,littorale,littoral_Hauts-de-France,Hauts-de-France,62
14137,Carpiquet,littorale,littoral_Normandie,Normandie,14
17333,Saint-Georges-de-Didonne,littorale,littoral_Nouvelle-Aquitaine,Nouvelle-Aquitaine,17
11170,Gruissan,littorale,littoral_Occitanie,Occitanie,11
22389,Yffiniac,littorale,littoral_Bretagne,Bretagne,22
59641,Warhem,littorale,littoral_Hauts-de-France,Hauts-de-France,59
50165,Donville-les-Bains,littorale,littoral_Normandie,Normandie,50
17407,Sainte-Soulle,littorale,littoral_Nouvelle-Aquitaine,Nouvelle-Aquitaine,17
34101,Florensac,littorale,littoral_Occitanie,Occitanie,34
29076,Milizac-Guipronvel,littorale,littoral_Bretagne,Bretagne,29
62025,Ambleteuse,littorale,littoral_Hauts-de-France,Hauts-de-France,62
14274,Fontaine-Étoupefour,littorale,littoral_Normandie,Normandie,14
17010,Angoulins,littorale,littoral_Nouvelle-Aquitaine,Nouvelle-Aquitaine,17
66182,Sainte-Marie-la-Mer,littorale,littoral_Occitanie,Occitanie,66
56008,Baden,littorale,littoral_Bretagne,Bretagne,56
62448,Hesdin-l'Abbé,littorale,littoral_Hauts-de-France,Hauts-de-France,62
14383,Louvigny,littorale,littoral_Normandie,Normandie,14
17461,Vaux-sur-Mer,littorale,littoral_Nouvelle-Aquitaine,Nouvelle-Aquitaine,17
66050,Claira,littorale,littoral_Occitanie,Occitanie,66
35299,Saint-Méloir-des-Ondes,littorale,littoral_Bretagne,Bretagne,35
59082,Bierne,littorale,littoral_Hauts-de-France,Hauts-de-France,59
76238,Épouville,littorale,littoral_Normandie,Normandie,76
17380,Saint-Palais-sur-Mer,littorale,littoral_Nouvelle-Aquitaine,Nouvelle-Aquitaine,17
66016,Banyuls-sur-Mer,littorale,littoral_Occitanie,Occitanie,66
22171,Plaintel,littorale,littoral_Bretagne,Bretagne,22
59576,Spycker,littorale,littoral_Hauts-de-France,Hauts-de-France,59
76270,Fontaine-la-Mallet,littorale,littoral_Normandie,Normandie,76
40296,Seignosse,littorale,littoral_Nouvelle-Aquitaine,Nouvelle-Aquitaine,40
66227,Villeneuve-de-la-Raho,littorale,littoral_Occitanie,Occitanie,66
22081,Hillion,littorale,littoral_Bretagne,Bretagne,22
62908,La Capelle-lès-Boulogne,littorale,littoral_Hauts-de-France,Hauts-de-France,62
14166,Colleville-Montgomery,littorale,littoral_Normandie,Normandie,14
40036,Bénesse-Maremne,littorale,littoral_Nouvelle-Aquitaine,Nouvelle-Aquitaine,40
34324,Valras-Plage,littorale,littoral_Occitanie,Occitanie,34
29037,Combrit,littorale,littoral_Bretagne,Bretagne,29
59668,Zuydcoote,littorale,littoral_Hauts-de-France,Hauts-de-France,59
14365,Lion-sur-Mer,littorale,littoral_Normandie,Normandie,14
40304,Soorts-Hossegor,littorale,littoral_Nouvelle-Aquitaine,Nouvelle-Aquitaine,40
34240,Saint-Aunès,littorale,littoral_Occitanie,Occitanie,34
29216,Pluguffan,littorale,littoral_Bretagne,Bretagne,29
62031,Andres,littorale,littoral_Hauts-de-France,Hauts-de-France,62
14543,Rots,littorale,littoral_Normandie,Normandie,14
64038,Arcangues,littorale,littoral_Nouvelle-Aquitaine,Nouvelle-Aquitaine,64
66148,Port-Vendres,littorale,littoral_Occitanie,Occitanie,66
29170,Plomelin,littorale,littoral_Bretagne,Bretagne,29
59605,Uxem,littorale,littoral_Hauts-de-France,Hauts-de-France,59
14566,Saint-Contest,littorale,littoral_Normandie,Normandie,14
17409,Saint-Sulpice-de-Royan,littorale,littoral_Nouvelle-Aquitaine,Nouvelle-Aquitaine,17
11145,Fleury,littorale,littoral_Occitanie,Occitanie,11
56179,Pont-Scorff,littorale,littoral_Bretagne,Bretagne,56
80635,Pont-Remy,littorale,littoral_Hauts-de-France,Hauts-de-France,80
76026,Arques-la-Bataille,littorale,littoral_Normandie,Normandie,76
40317,Tosse,littorale,littoral_Nouvelle-Aquitaine,Nouvelle-Aquitaine,40
66212,Torreilles,littorale,littoral_Occitanie,Occitanie,66
56231,Saint-Nolff,littorale,littoral_Bretagne,Bretagne,56
62408,Hames-Boucres,littorale,littoral_Hauts-de-France,Hauts-de-France,62
14587,Saint-Germain-la-Blanche-Herbe,littorale,littoral_Normandie,Normandie,14
64100,Bassussarry,littorale,littoral_Nouvelle-Aquitaine,Nouvelle-Aquitaine,64
66002,Alénya,littorale,littoral_Occitanie,Occitanie,66
22258,Quessoy,littorale,littoral_Bretagne,Bretagne,22
59110,Brouckerque,littorale,littoral_Hauts-de-France,Hauts-de-France,59
14066,Bernières-sur-Mer,littorale,littoral_Normandie,Normandie,14
17222,Marsilly,littorale,littoral_Nouvelle-Aquitaine,Nouvelle-Aquitaine,17
34244,Saint-Brès,littorale,littoral_Occitanie,Occitanie,34
29006,Bénodet,littorale,littoral_Bretagne,Bretagne,29
62360,Fréthun,littorale,littoral_Hauts-de-France,Hauts-de-France,62
50066,Jullouville,littorale,littoral_Normandie,Normandie,50
17230,Meschers-sur-Gironde,littorale,littoral_Nouvelle-Aquitaine,Nouvelle-Aquitaine,17
34135,Lespignan,littorale,littoral_Occitanie,Occitanie,34
29011,Bohars,littorale,littoral_Bretagne,Bretagne,29
59579,Steene,littorale,littoral_Hauts-de-France,Hauts-de-France,59
14407,Mathieu,littorale,littoral_Normandie,Normandie,14
17064,Breuillet,littorale,littoral_Nouvelle-Aquitaine,Nouvelle-Aquitaine,17
66224,Villelongue-de-la-Salanque,littorale,littoral_Occitanie,Occitanie,66
29057,La Forêt-Fouesnant,littorale,littoral_Bretagne,Bretagne,29
62075,Baincthun,littorale,littoral_Hauts-de-France,Hauts-de-France,62
14409,Merville-Franceville-Plage,littorale,littoral_Normandie,Normandie,14
17228,Médis,littorale,littoral_Nouvelle-Aquitaine,Nouvelle-Aquitaine,17
34272,Saint-Just,littorale,littoral_Occitanie,Occitanie,34
29272,Saint-Yvi,littorale,littoral_Bretagne,Bretagne,29
80406,Hallencourt,littorale,littoral_Hauts-de-France,Hauts-de-France,80
50087,Brix,littorale,littoral_Normandie,Normandie,50
64558,Villefranque,littorale,littoral_Nouvelle-Aquitaine,Nouvelle-Aquitaine,64
11370,Salles-d'Aude,littorale,littoral_Occitanie,Occitanie,11
56137,Monterblanc,littorale,littoral_Bretagne,Bretagne,56
80716,Saint-Riquier,littorale,littoral_Hauts-de-France,Hauts-de-France,80
14349,Laize-Clinchamps,littorale,littoral_Normandie,Normandie,14
17193,La Jarne,littorale,littoral_Nouvelle-Aquitaine,Nouvelle-Aquitaine,17
34209,Portiragnes,littorale,littoral_Occitanie,Occitanie,34
29161,Pleuven,littorale,littoral_Bretagne,Bretagne,29
62634,Offekerque,littorale,littoral_Hauts-de-France,Hauts-de-France,62
14562,Saint-Aubin-sur-Mer,littorale,littoral_Normandie,Normandie,14
17425,Semussac,littorale,littoral_Nouvelle-Aquitaine,Nouvelle-Aquitaine,17
66094,Latour-Bas-Elne,littorale,littoral_Occitanie,Occitanie,66
22182,Plélo,littorale,littoral_Bretagne,Bretagne,22
62078,Balinghem,littorale,littoral_Hauts-de-France,Hauts-de-France,62
14610,Saint-Manvieu-Norrey,littorale,littoral_Normandie,Normandie,14
17391,Saint-Rogatien,littorale,littoral_Nouvelle-Aquitaine,Nouvelle-Aquitaine,17
34127,Lansargues,littorale,littoral_Occitanie,Occitanie,34
29169,Plogonnec,littorale,littoral_Bretagne,Bretagne,29
62474,Isques,littorale,littoral_Hauts-de-France,Hauts-de-France,62
14119,Cagny,littorale,littoral_Normandie,Normandie,14
17420,Salles-sur-Mer,littorale,littoral_Nouvelle-Aquitaine,Nouvelle-Aquitaine,17
34176,Mudaison,littorale,littoral_Occitanie,Occitanie,34
56130,Merlevenez,littorale,littoral_Bretagne,Bretagne,56
59478,Quaëdypre,littorale,littoral_Hauts-de-France,Hauts-de-France,59
14123,Cairon,littorale,littoral_Normandie,Normandie,14
64035,Arbonne,littorale,littoral_Nouvelle-Aquitaine,Nouvelle-Aquitaine,64
66186,Saint-Nazaire,littorale,littoral_Occitanie,Occitanie,66
35263,Saint-Coulomb,littorale,littoral_Bretagne,Bretagne,35
62393,Guemps,littorale,littoral_Hauts-de-France,Hauts-de-France,62
14287,Frénouville,littorale,littoral_Normandie,Normandie,14
17472,Villedoux,littorale,littoral_Nouvelle-Aquitaine,Nouvelle-Aquitaine,17
34329,Vendres,littorale,littoral_Occitanie,Occitanie,34
29217,Pont-Aven,littorale,littoral_Bretagne,Bretagne,29
80692,Sailly-Flibeaucourt,littorale,littoral_Hauts-de-France,Hauts-de-France,80
14530,Ranville,littorale,littoral_Normandie,Normandie,14
40004,Angresse,littorale,littoral_Nouvelle-Aquitaine,Nouvelle-Aquitaine,40
11441,Vinassan,littorale,littoral_Occitanie,Occitanie,11
35284,Saint-Jouan-des-Guérets,littorale,littoral_Bretagne,Bretagne,35
80009,Ailly-le-Haut-Clocher,littorale,littoral_Hauts-de-France,Hauts-de-France,80
14046,Bavent,littorale,littoral_Normandie,Normandie,14
17153,Esnandes,littorale,littoral_Nouvelle-Aquitaine,Nouvelle-Aquitaine,17
66059,Corneilla-del-Vercol,littorale,littoral_Occitanie,Occitanie,66
29060,Gouesnach,littorale,littoral_Bretagne,Bretagne,29
59463,Pitgam,littorale,littoral_Hauts-de-France,Hauts-de-France,59
14354,Langrune-sur-Mer,littorale,littoral_Normandie,Normandie,14
17376,Saint-Ouen-d'Aunis,littorale,littoral_Nouvelle-Aquitaine,Nouvelle-Aquitaine,17
66053,Collioure,littorale,littoral_Occitanie,Occitanie,66
56167,Plougoumelen,littorale,littoral_Bretagne,Bretagne,56
80260,Drucat,littorale,littoral_Hauts-de-France,Hauts-de-France,80
14666,Sannerville,littorale,littoral_Normandie,Normandie,14
64009,Ahetze,littorale,littoral_Nouvelle-Aquitaine,Nouvelle-Aquitaine,64
34143,Loupian,littorale,littoral_Occitanie,Occitanie,34
56255,Treffléan,littorale,littoral_Bretagne,Bretagne,56
59570,Socx,littorale,littoral_Hauts-de-France,Hauts-de-France,59
76349,Hautot-sur-Mer,littorale,littoral_Normandie,Normandie,76
40291,Saubion,littorale,littoral_Nouvelle-Aquitaine,Nouvelle-Aquitaine,40
66208,Théza,littorale,littoral_Occitanie,Occitanie,66
29173,Plonéis,littorale,littoral_Bretagne,Bretagne,29
62889,Wierre-Effroy,littorale,littoral_Hauts-de-France,Hauts-de-France,62
76545,Rouxmesnil-Bouteilles,littorale,littoral_Normandie,Normandie,76
40157,Lit-et-Mixe,littorale,littoral_Nouvelle-Aquitaine,Nouvelle-Aquitaine,40
34207,Pomérols,littorale,littoral_Occitanie,Occitanie,34
56132,Meucon,littorale,littoral_Bretagne,Bretagne,56
80512,Mareuil-Caubert,littorale,littoral_Hauts-de-France,Hauts-de-France,80
14685,Thaon,littorale,littoral_Normandie,Normandie,14
40266,Saint-Julien-en-Born,littorale,littoral_Nouvelle-Aquitaine,Nouvelle-Aquitaine,40
34050,Candillargues,littorale,littoral_Occitanie,Occitanie,34
22372,Trémuson,littorale,littoral_Bretagne,Bretagne,22
80779,Vauchelles-les-Quesnoy,littorale,littoral_Hauts-de-France,Hauts-de-France,80
14125,Cambes-en-Plaine,littorale,littoral_Normandie,Normandie,14
40328,Vieux-Boucau-les-Bains,littorale,littoral_Nouvelle-Aquitaine,Nouvelle-Aquitaine,40
11188,La Palme,littorale,littoral_Occitanie,Occitanie,11
29032,Clohars-Fouesnant,littorale,littoral_Bretagne,Bretagne,29
62446,Hesdigneul-lès-Boulogne,littorale,littoral_Hauts-de-France,Hauts-de-France,62
14556,Saint-André-sur-Orne,littorale,littoral_Normandie,Normandie,14
40155,Linxe,littorale,littoral_Nouvelle-Aquitaine,Nouvelle-Aquitaine,40
11014,Armissan,littorale,littoral_Occitanie,Occitanie,11
22246,Pommeret,littorale,littoral_Bretagne,Bretagne,22
62751,Saint-Inglevert,littorale,littoral_Hauts-de-France,Hauts-de-France,62
76275,Fontenay,littorale,littoral_Normandie,Normandie,76
17311,Saint-Augustin,littorale,littoral_Nouvelle-Aquitaine,Nouvelle-Aquitaine,17
11295,Portel-des-Corbières,littorale,littoral_Occitanie,Occitanie,11
22307,Saint-Julien,littorale,littoral_Bretagne,Bretagne,22
62654,Peuplingues,littorale,littoral_Hauts-de-France,Hauts-de-France,62
14454,Mouen,littorale,littoral_Normandie,Normandie,14
17109,Clavette,littorale,littoral_Nouvelle-Aquitaine,Nouvelle-Aquitaine,17
66048,Cerbère,littorale,littoral_Occitanie,Occitanie,66
35122,La Gouesnière,littorale,littoral_Bretagne,Bretagne,35
62769,Saint-Tricat,littorale,littoral_Hauts-de-France,Hauts-de-France,62
14030,Authie,littorale,littoral_Normandie,Normandie,14
17059,Bourgneuf,littorale,littoral_Nouvelle-Aquitaine,Nouvelle-Aquitaine,17
11285,Peyriac-de-Mer,littorale,littoral_Occitanie,Occitanie,11
56120,Locqueltas,littorale,littoral_Bretagne,Bretagne,56
80163,Cambron,littorale,littoral_Hauts-de-France,Hauts-de-France,80
50162,Digosville,littorale,littoral_Normandie,Normandie,50
17413,Saint-Vivien,littorale,littoral_Nouvelle-Aquitaine,Nouvelle-Aquitaine,17
11322,Roquefort-des-Corbières,littorale,littoral_Occitanie,Occitanie,11
29066,Guengat,littorale,littoral_Bretagne,Bretagne,29
62896,Wirwignes,littorale,littoral_Hauts-de-France,Hauts-de-France,62
50599,Tollevast,littorale,littoral_Normandie,Normandie,50
33544,Le Verdon-sur-Mer,littorale,littoral_Nouvelle-Aquitaine,Nouvelle-Aquitaine,33
11086,Caves,littorale,littoral_Occitanie,Occitanie,11
56115,Locmaria-Grand-Champ,littorale,littoral_Bretagne,Bretagne,56
80446,Huppy,littorale,littoral_Hauts-de-France,Hauts-de-France,80
76167,Cauville-sur-Mer,littorale,littoral_Normandie,Normandie,76
64249,Guéthary,littorale,littoral_Nouvelle-Aquitaine,Nouvelle-Aquitaine,64
11024,Bages,littorale,littoral_Occitanie,Occitanie,11
22094,Lancieux,littorale,littoral_Bretagne,Bretagne,22
62191,Caffiers,littorale,littoral_Hauts-de-France,Hauts-de-France,62
14254,Éterville,littorale,littoral_Normandie,Normandie,14
64130,Biriatou,littorale,littoral_Nouvelle-Aquitaine,Nouvelle-Aquitaine,64
34280,Saint-Nazaire-de-Pézan,littorale,littoral_Occitanie,Occitanie,34
22281,Saint-Carreuc,littorale,littoral_Bretagne,Bretagne,22
80578,Moyenneville,littorale,littoral_Hauts-de-France,Hauts-de-France,80
76414,Martin-Église,littorale,littoral_Normandie,Normandie,76
17245,Montroy,littorale,littoral_Nouvelle-Aquitaine,Nouvelle-Aquitaine,17
35181,Le Minihic-sur-Rance,littorale,littoral_Bretagne,Bretagne,35
80444,Huchenneville,littorale,littoral_Hauts-de-France,Hauts-de-France,80
14243,Équemauville,littorale,littoral_Normandie,Normandie,14
17151,L'Éguille,littorale,littoral_Nouvelle-Aquitaine,Nouvelle-Aquitaine,17
22287,Saint-Donan,littorale,littoral_Bretagne,Bretagne,22
59162,Crochte,littorale,littoral_Hauts-de-France,Hauts-de-France,59
14266,Feuguerolles-Bully,littorale,littoral_Normandie,Normandie,14
40108,Gastes,littorale,littoral_Nouvelle-Aquitaine,Nouvelle-Aquitaine,40
29296,Tréméoc,littorale,littoral_Bretagne,Bretagne,29
62056,Audresselles,littorale,littoral_Hauts-de-France,Hauts-de-France,62
50209,Gonneville-Le Theil,littorale,littoral_Normandie,Normandie,50
17247,Mornac-sur-Seudre,littorale,littoral_Nouvelle-Aquitaine,Nouvelle-Aquitaine,17
22144,La Méaugon,littorale,littoral_Bretagne,Bretagne,22
62214,Carly,littorale,littoral_Hauts-de-France,Hauts-de-France,62
50493,Saint-Jean-des-Champs,littorale,littoral_Normandie,Normandie,50
17097,Le Chay,littorale,littoral_Nouvelle-Aquitaine,Nouvelle-Aquitaine,17
22234,Plouvara,littorale,littoral_Bretagne,Bretagne,22
80486,Long,littorale,littoral_Hauts-de-France,Hauts-de-France,80
14057,Bellengreville,littorale,littoral_Normandie,Normandie,14
40213,Orx,littorale,littoral_Nouvelle-Aquitaine,Nouvelle-Aquitaine,40
22188,Plerneuf,littorale,littoral_Bretagne,Bretagne,22
80546,Miannay,littorale,littoral_Hauts-de-France,Hauts-de-France,80
14249,Esquay-Notre-Dame,littorale,littoral_Normandie,Normandie,14
40322,Uza,littorale,littoral_Nouvelle-Aquitaine,Nouvelle-Aquitaine,40
22103,Langrolay-sur-Rance,littorale,littoral_Bretagne,Bretagne,22
62156,Bonningues-lès-Calais,littorale,littoral_Hauts-de-France,Hauts-de-France,62
50541,Saint-Planchers,littorale,littoral_Normandie,Normandie,50
35255,Saint-Benoît-des-Ondes,littorale,littoral_Bretagne,Bretagne,35
80171,Caours,littorale,littoral_Hauts-de-France,Hauts-de-France,80
14009,Amfreville,littorale,littoral_Normandie,Normandie,14
22356,Trégomeur,littorale,littoral_Bretagne,Bretagne,22
80422,Hautvillers-Ouville,littorale,littoral_Hauts-de-France,Hauts-de-France,80
14328,Hérouvillette,littorale,littoral_Normandie,Normandie,14
56205,Saint-Armel,littorale,littoral_Bretagne,Bretagne,56
62105,Belle-et-Houllefort,littorale,littoral_Hauts-de-France,Hauts-de-France,62
50294,Martinvast,littorale,littoral_Normandie,Normandie,50
56084,Le Hézo,littorale,littoral_Bretagne,Bretagne,56
80654,Quesnoy-le-Montant,littorale,littoral_Hauts-de-France,Hauts-de-France,80
14014,Colomby-Anguerny,littorale,littoral_Normandie,Normandie,14
29238,Roscanvel,littorale,littoral_Bretagne,Bretagne,29
80149,Buigny-Saint-Maclou,littorale,littoral_Hauts-de-France,Hauts-de-France,80
50085,Bricqueville-sur-Mer,littorale,littoral_Normandie,Normandie,50
22368,Tréméreuc,littorale,littoral_Bretagne,Bretagne,22
62237,Conteville-lès-Boulogne,littorale,littoral_Hauts-de-France,Hauts-de-France,62
50149,Couville,littorale,littoral_Normandie,Normandie,50
56087,Île-aux-Moines,littorale,littoral_Bretagne,Bretagne,56
80268,Épagne-Épagnette,littorale,littoral_Hauts-de-France,Hauts-de-France,80
76534,Rolleville,littorale,littoral_Normandie,Normandie,76
56088,Île-d'Arz,littorale,littoral_Bretagne,Bretagne,56
80078,Bellancourt,littorale,littoral_Hauts-de-France,Hauts-de-France,80
76565,Saint-Aubin-sur-Scie,littorale,littoral_Normandie,Normandie,76
62657,Pihen-lès-Guînes,littorale,littoral_Hauts-de-France,Hauts-de-France,62
76707,Tourville-sur-Arques,littorale,littoral_Normandie,Normandie,76
80076,Béhen,littorale,littoral_Hauts-de-France,Hauts-de-France,80
50647,Yquelon,littorale,littoral_Normandie,Normandie,50
80328,Fontaine-sur-Somme,littorale,littoral_Hauts-de-France,Hauts-de-France,80
14707,Tourville-sur-Odon,littorale,littoral_Normandie,Normandie,14
80282,Érondelle,littorale,littoral_Hauts-de-France,Hauts-de-France,80
14197,Cresserons,littorale,littoral_Normandie,Normandie,14
80385,Grand-Laviers,littorale,littoral_Hauts-de-France,Hauts-de-France,80
14006,Amayé-sur-Orne,littorale,littoral_Normandie,Normandie,14
62125,Beuvrequen,littorale,littoral_Hauts-de-France,Hauts-de-France,62
14044,Basly,littorale,littoral_Normandie,Normandie,14
62104,Bellebrune,littorale,littoral_Hauts-de-France,Hauts-de-France,62
14042,Baron-sur-Odon,littorale,littoral_Normandie,Normandie,14
80609,Oneux,littorale,littoral_Hauts-de-France,Hauts-de-France,80
50594,Teurthéville-Hague,littorale,littoral_Normandie,Normandie,50
62653,Pernes-lès-Boulogne,littorale,littoral_Hauts-de-France,Hauts-de-France,62
14396,Maltot,littorale,littoral_Normandie,Normandie,14
62089,Bazinghen,littorale,littoral_Hauts-de-France,Hauts-de-France,62
50077,Bretteville,littorale,littoral_Normandie,Normandie,50
62281,Echinghen,littorale,littoral_Hauts-de-France,Hauts-de-France,62
14724,Varaville,littorale,littoral_Normandie,Normandie,14
80262,Eaucourt-sur-Somme,littorale,littoral_Hauts-de-France,Hauts-de-France,80
76720,Varengeville-sur-Mer,littorale,littoral_Normandie,Normandie,76
80251,Doudelainville,littorale,littoral_Hauts-de-France,Hauts-de-France,80
14288,Le Fresne-Camilly,littorale,littoral_Normandie,Normandie,14
80588,Neufmoulin,littorale,littoral_Hauts-de-France,Hauts-de-France,80
50252,Hudimesnil,littorale,littoral_Normandie,Normandie,50
80548,Millencourt-en-Ponthieu,littorale,littoral_Hauts-de-France,Hauts-de-France,80
50230,Hardinvast,littorale,littoral_Normandie,Normandie,50
80250,Domvast,littorale,littoral_Hauts-de-France,Hauts-de-France,80
50567,Saussemesnil,littorale,littoral_Normandie,Normandie,50
80476,Liercourt,littorale,littoral_Hauts-de-France,Hauts-de-France,80
50143,Coudeville-sur-Mer,littorale,littoral_Normandie,Normandie,50
80763,Le Titre,littorale,littoral_Hauts-de-France,Hauts-de-France,80
76324,Grèges,littorale,littoral_Normandie,Normandie,76
80691,Saigneville,littorale,littoral_Hauts-de-France,Hauts-de-France,80
76562,Saint-Aubin-le-Cauf,littorale,littoral_Normandie,Normandie,76
80462,Lamotte-Buleux,littorale,littoral_Hauts-de-France,Hauts-de-France,80
50575,Sideville,littorale,littoral_Normandie,Normandie,50
80167,Canchy,littorale,littoral_Hauts-de-France,Hauts-de-France,80
14758,Villons-les-Buissons,littorale,littoral_Normandie,Normandie,14
80147,Buigny-l'Abbé,littorale,littoral_Hauts-de-France,Hauts-de-France,80
14246,Escoville,littorale,littoral_Normandie,Normandie,14
62679,Questrecques,littorale,littoral_Hauts-de-France,Hauts-de-France,62
14015,Anisy,littorale,littoral_Normandie,Normandie,14
80590,Neuilly-l'Hôpital,littorale,littoral_Hauts-de-France,Hauts-de-France,80
50081,Bréville-sur-Mer,littorale,littoral_Normandie,Normandie,50
62546,Maninghen-Henne,littorale,littoral_Hauts-de-France,Hauts-de-France,62
50643,Virandeville,littorale,littoral_Normandie,Normandie,50
80331,Forest-l'Abbaye,littorale,littoral_Hauts-de-France,Hauts-de-France,80
50102,Carolles,littorale,littoral_Normandie,Normandie,50
80155,Bussus-lès-Yaucourt,littorale,littoral_Hauts-de-France,Hauts-de-France,80
50305,Le Mesnil-au-Val,littorale,littoral_Normandie,Normandie,50
80764,Tœufles,littorale,littoral_Hauts-de-France,Hauts-de-France,80
14747,Vieux,littorale,littoral_Normandie,Normandie,14
62615,Nielles-lès-Calais,littorale,littoral_Hauts-de-France,Hauts-de-France,62
76036,Auppegard,littorale,littoral_Normandie,Normandie,76
80637,Port-le-Grand,littorale,littoral_Hauts-de-France,Hauts-de-France,80
76690,Thil-Manneville,littorale,littoral_Normandie,Normandie,76
80374,Gapennes,littorale,littoral_Hauts-de-France,Hauts-de-France,80
14106,Bréville-les-Monts,littorale,littoral_Normandie,Normandie,14
62636,Offrethun,littorale,littoral_Hauts-de-France,Hauts-de-France,62
50382,Nouainville,littorale,littoral_Normandie,Normandie,50
62867,Wacquinghen,littorale,littoral_Hauts-de-France,Hauts-de-France,62
14237,Émiéville,littorale,littoral_Normandie,Normandie,14
80051,Bailleul,littorale,littoral_Hauts-de-France,Hauts-de-France,80
50540,Saint-Pierre-Langers,littorale,littoral_Normandie,Normandie,50
80135,Bray-lès-Mareuil,littorale,littoral_Hauts-de-France,Hauts-de-France,80
76008,Ancourt,littorale,littoral_Normandie,Normandie,76
80006,Agenvillers,littorale,littoral_Hauts-de-France,Hauts-de-France,80
14297,Gavrus,littorale,littoral_Normandie,Normandie,14
80836,Yonval,littorale,littoral_Hauts-de-France,Hauts-de-France,80
50519,Saint-Martin-le-Gréard,littorale,littoral_Normandie,Normandie,50
80736,Sorel-en-Vimeu,littorale,littoral_Hauts-de-France,Hauts-de-France,80
14755,Villerville,littorale,littoral_Normandie,Normandie,14
62444,Hervelinghen,littorale,littoral_Hauts-de-France,Hauts-de-France,62
14542,Rosel,littorale,littoral_Normandie,Normandie,14
80200,Cocquerel,littorale,littoral_Hauts-de-France,Hauts-de-France,80
50277,Longueville,littorale,littoral_Normandie,Normandie,50
62307,Escalles,littorale,littoral_Hauts-de-France,Hauts-de-France,62
14495,Périers-sur-le-Dan,littorale,littoral_Normandie,Normandie,14
80161,Cahon,littorale,littoral_Hauts-de-France,Hauts-de-France,80
14438,Mondrainville,littorale,littoral_Normandie,Normandie,14
80388,Grébault-Mesnil,littorale,littoral_Hauts-de-France,Hauts-de-France,80
14034,Avenay,littorale,littoral_Normandie,Normandie,14
80344,Francières,littorale,littoral_Hauts-de-France,Hauts-de-France,80
14499,Petiville,littorale,littoral_Normandie,Normandie,14
80482,Limeux,littorale,littoral_Hauts-de-France,Hauts-de-France,80
76173,La Chaussée,littorale,littoral_Normandie,Normandie,76
80280,Ercourt,littorale,littoral_Hauts-de-France,Hauts-de-France,80
76515,Quiberville-sur-Mer,littorale,littoral_Normandie,Normandie,76
80372,Frucourt,littorale,littoral_Hauts-de-France,Hauts-de-France,80
76395,Longueil,littorale,littoral_Normandie,Normandie,76
62658,Pittefaux,littorale,littoral_Hauts-de-France,Hauts-de-France,62
76030,Aubermesnil-Beaumais,littorale,littoral_Normandie,Normandie,76
76004,Ambrumesnil,littorale,littoral_Normandie,Normandie,76
76071,Bellengreville,littorale,littoral_Normandie,Normandie,76
76605,Sainte-Marguerite-sur-Mer,littorale,littoral_Normandie,Normandie,76
50447,Saint-Aubin-des-Préaux,littorale,littoral_Normandie,Normandie,50
76492,Ouville-la-Rivière,littorale,littoral_Normandie,Normandie,76
76210,Dampierre-Saint-Nicolas,littorale,littoral_Normandie,Normandie,76
76665,Sauchay,littorale,littoral_Normandie,Normandie,76
50008,Anctoville-sur-Boscq,littorale,littoral_Normandie,Normandie,50
76019,Anneville-sur-Scie,littorale,littoral_Normandie,Normandie,76
76413,Martigny,littorale,littoral_Normandie,Normandie,76
50454,Saint-Christophe-du-Foc,littorale,littoral_Normandie,Normandie,50
50549,Saint-Sauveur-la-Pommeraye,littorale,littoral_Normandie,Normandie,50
50079,Breuville,littorale,littoral_Normandie,Normandie,50
14698,Touffréville,littorale,littoral_Normandie,Normandie,14
14306,Gonneville-en-Auge,littorale,littoral_Normandie,Normandie,14
76112,Le Bois-Robert,littorale,littoral_Normandie,Normandie,76
50120,Chanteloup,littorale,littoral_Normandie,Normandie,50
76667,Sauqueville,littorale,littoral_Normandie,Normandie,76
50117,Champeaux,littorale,littoral_Normandie,Normandie,50
76085,Bertreville-Saint-Ouen,littorale,littoral_Normandie,Normandie,76
14492,Pennedepie,littorale,littoral_Normandie,Normandie,14
14665,Sallenelles,littorale,littoral_Normandie,Normandie,14
76214,Dénestanville,littorale,littoral_Normandie,Normandie,76
14202,Cricquebœuf,littorale,littoral_Normandie,Normandie,14
14045,Basseneville,littorale,littoral_Normandie,Normandie,14
76205,Crosville-sur-Scie,littorale,littoral_Normandie,Normandie,76
76582,Saint-Germain-d'Étables,littorale,littoral_Normandie,Normandie,76
50101,Carneville,littorale,littoral_Normandie,Normandie,50
50296,Maupertus-sur-Mer,littorale,littoral_Normandie,Normandie,50
76405,Manéhouville,littorale,littoral_Normandie,Normandie,76
14509,Plumetot,littorale,littoral_Normandie,Normandie,14
14036,Banneville-la-Campagne,littorale,littoral_Normandie,Normandie,14
14110,Brucourt,littorale,littoral_Normandie,Normandie,14
76572,Saint-Denis-d'Aclon,littorale,littoral_Normandie,Normandie,76
14041,Barneville-la-Bertran,littorale,littoral_Normandie,Normandie,14
14494,Périers-en-Auge,littorale,littoral_Normandie,Normandie,14
76170,La Chapelle-du-Bourgay,littorale,littoral_Normandie,Normandie,76
76184,Colmesnil-Manneville,littorale,littoral_Normandie,Normandie,76
01043,Beynost,periurbain,periurbain_Auvergne-Rhône-Alpes,Auvergne-Rhône-Alpes,01
25048,Bavans,periurbain,periurbain_Bourgogne-Franche-Comté,Bourgogne-Franche-Comté,25
35059,La Chapelle-des-Fougeretz,periurbain,periurbain_Bretagne,Bretagne,35
37018,Ballan-Miré,periurbain,periurbain_Centre-Val de Loire,Centre-Val de Loire,37
2B096,Corte,periurbain,periurbain_Corse,Corse,2B
67118,Eckbolsheim,periurbain,periurbain_Grand Est,Grand Est,67
59044,Baisieux,periurbain,periurbain_Hauts-de-France,Hauts-de-France,59
27090,Bosroumois,periurbain,periurbain_Normandie,Normandie,27
33018,Val de Virvée,periurbain,periurbain_Nouvelle-Aquitaine,Nouvelle-Aquitaine,33
31032,Aussonne,periurbain,periurbain_Occitanie,Occitanie,31
44009,Basse-Goulaine,periurbain,periurbain_Pays de la Loire,Pays de la Loire,44
13032,Éguilles,periurbain,periurbain_Provence-Alpes-Côte d'Azur,Provence-Alpes-Côte d'Azur,13
77040,Boissise-le-Roi,periurbain,periurbain_Île-de-France,Île-de-France,77
01049,La Boisse,periurbain,periurbain_Auvergne-Rhône-Alpes,Auvergne-Rhône-Alpes,01
25057,Bethoncourt,periurbain,periurbain_Bourgogne-Franche-Comté,Bourgogne-Franche-Comté,25
35173,Melesse,periurbain,periurbain_Bretagne,Bretagne,35
37139,Luynes,periurbain,periurbain_Centre-Val de Loire,Centre-Val de Loire,37
2A272,Sartène,periurbain,periurbain_Corse,Corse,2A
67131,Eschau,periurbain,periurbain_Grand Est,Grand Est,67
59090,Bondues,periurbain,periurbain_Hauts-de-France,Hauts-de-France,59
27105,Grand Bourgtheroulde,periurbain,periurbain_Normandie,Normandie,27
33080,Cadaujac,periurbain,periurbain_Nouvelle-Aquitaine,Nouvelle-Aquitaine,33
31079,Bouloc,periurbain,periurbain_Occitanie,Occitanie,31
44071,Haute-Goulaine,periurbain,periurbain_Pays de la Loire,Pays de la Loire,44
13042,Gémenos,periurbain,periurbain_Provence-Alpes-Côte d'Azur,Provence-Alpes-Côte d'Azur,13
77085,Chanteloup-en-Brie,periurbain,periurbain_Île-de-France,Île-de-France,77
01262,Montluel,periurbain,periurbain_Auvergne-Rhône-Alpes,Auvergne-Rhône-Alpes,01
25304,Hérimoncourt,periurbain,periurbain_Bourgogne-Franche-Comté,Bourgogne-Franche-Comté,25
35189,Montgermont,periurbain,periurbain_Bretagne,Bretagne,35
37154,Montbazon,periurbain,periurbain_Centre-Val de Loire,Centre-Val de Loire,37
67137,Fegersheim,periurbain,periurbain_Grand Est,Grand Est,67
59098,Bousbecque,periurbain,periurbain_Hauts-de-France,Hauts-de-France,59
76095,Bihorel,periurbain,periurbain_Normandie,Normandie,76
33085,Camblanes-et-Meynac,periurbain,periurbain_Nouvelle-Aquitaine,Nouvelle-Aquitaine,33
31117,Castelmaurou,periurbain,periurbain_Occitanie,Occitanie,31
44130,Pont-Saint-Martin,periurbain,periurbain_Pays de la Loire,Pays de la Loire,44
13086,Roquevaire,periurbain,periurbain_Provence-Alpes-Côte d'Azur,Provence-Alpes-Côte d'Azur,13
77111,Chessy,periurbain,periurbain_Île-de-France,Île-de-France,77
01322,Reyrieux,periurbain,periurbain_Auvergne-Rhône-Alpes,Auvergne-Rhône-Alpes,01
25367,Mandeure,periurbain,periurbain_Bourgogne-Franche-Comté,Bourgogne-Franche-Comté,25
35278,Saint-Grégoire,periurbain,periurbain_Bretagne,Bretagne,35
37163,Nazelles-Négron,periurbain,periurbain_Centre-Val de Loire,Centre-Val de Loire,37
67256,Lampertheim,periurbain,periurbain_Grand Est,Grand Est,67
59146,Chéreng,periurbain,periurbain_Hauts-de-France,Hauts-de-France,59
76116,Boos,periurbain,periurbain_Normandie,Normandie,76
33090,Canéjan,periurbain,periurbain_Nouvelle-Aquitaine,Nouvelle-Aquitaine,33
31118,Castelnau-d'Estrétefonds,periurbain,periurbain_Occitanie,Occitanie,31
44150,Saint-Aignan-Grandlieu,periurbain,periurbain_Pays de la Loire,Pays de la Loire,44
13092,Saint-Chamas,periurbain,periurbain_Provence-Alpes-Côte d'Azur,Provence-Alpes-Côte d'Azur,13
77121,Collégien,periurbain,periurbain_Île-de-France,Île-de-France,77
01376,Saint-Maurice-de-Beynost,periurbain,periurbain_Auvergne-Rhône-Alpes,Auvergne-Rhône-Alpes,01
90008,Bavilliers,periurbain,periurbain_Bourgogne-Franche-Comté,Bourgogne-Franche-Comté,90
35334,Thorigné-Fouillard,periurbain,periurbain_Bretagne,Bretagne,35
37225,Saint-Martin-le-Beau,periurbain,periurbain_Centre-Val de Loire,Centre-Val de Loire,37
67309,Mundolsheim,periurbain,periurbain_Grand Est,Grand Est,67
59339,Leers,periurbain,periurbain_Hauts-de-France,Hauts-de-France,59
76212,Darnétal,periurbain,periurbain_Normandie,Normandie,76
33099,Carignan-de-Bordeaux,periurbain,periurbain_Nouvelle-Aquitaine,Nouvelle-Aquitaine,33
31165,Eaunes,periurbain,periurbain_Occitanie,Occitanie,31
44194,Sautron,periurbain,periurbain_Pays de la Loire,Pays de la Loire,44
13113,Venelles,periurbain,periurbain_Provence-Alpes-Côte d'Azur,Provence-Alpes-Côte d'Azur,13
77155,Dampmart,periurbain,periurbain_Île-de-France,Île-de-France,77
01427,Trévoux,periurbain,periurbain_Auvergne-Rhône-Alpes,Auvergne-Rhône-Alpes,01
90032,Danjoutin,periurbain,periurbain_Bourgogne-Franche-Comté,Bourgogne-Franche-Comté,90
35363,Pont-Péan,periurbain,periurbain_Bretagne,Bretagne,35
37243,Savonnières,periurbain,periurbain_Centre-Val de Loire,Centre-Val de Loire,37
67343,Oberhausbergen,periurbain,periurbain_Grand Est,Grand Est,67
59352,Linselles,periurbain,periurbain_Hauts-de-France,Hauts-de-France,59
76377,Isneauville,periurbain,periurbain_Normandie,Normandie,76
33165,Fargues-Saint-Hilaire,periurbain,periurbain_Nouvelle-Aquitaine,Nouvelle-Aquitaine,33
31188,Fontenilles,periurbain,periurbain_Occitanie,Occitanie,31
44198,Les Sorinières,periurbain,periurbain_Pays de la Loire,Pays de la Loire,44
13114,Ventabren,periurbain,periurbain_Provence-Alpes-Côte d'Azur,Provence-Alpes-Côte d'Azur,13
77169,Émerainville,periurbain,periurbain_Île-de-France,Île-de-France,77
69009,Anse,periurbain,periurbain_Auvergne-Rhône-Alpes,Auvergne-Rhône-Alpes,69
90039,Essert,periurbain,periurbain_Bourgogne-Franche-Comté,Bourgogne-Franche-Comté,90
22134,Louannec,periurbain,periurbain_Bretagne,Bretagne,22
37266,Veigné,periurbain,periurbain_Centre-Val de Loire,Centre-Val de Loire,37
67378,Plobsheim,periurbain,periurbain_Grand Est,Grand Est,67
59457,Pérenchies,periurbain,periurbain_Hauts-de-France,Hauts-de-France,59
76429,Le Mesnil-Esnard,periurbain,periurbain_Normandie,Normandie,76
33207,Izon,periurbain,periurbain_Nouvelle-Aquitaine,Nouvelle-Aquitaine,33
31203,Frouzins,periurbain,periurbain_Occitanie,Occitanie,31
49035,Bouchemaine,periurbain,periurbain_Pays de la Loire,Pays de la Loire,49
83120,Saint-Zacharie,periurbain,periurbain_Provence-Alpes-Côte d'Azur,Provence-Alpes-Côte d'Azur,83
77181,Ferrières-en-Brie,periurbain,periurbain_Île-de-France,Île-de-France,77
69028,Brindas,periurbain,periurbain_Auvergne-Rhône-Alpes,Auvergne-Rhône-Alpes,69
90075,Offemont,periurbain,periurbain_Bourgogne-Franche-Comté,Bourgogne-Franche-Comté,90
22168,Perros-Guirec,periurbain,periurbain_Bretagne,Bretagne,22
45194,Mardié,periurbain,periurbain_Centre-Val de Loire,Centre-Val de Loire,45
67551,Wolfisheim,periurbain,periurbain_Grand Est,Grand Est,67
59482,Quesnoy-sur-Deûle,periurbain,periurbain_Hauts-de-France,Hauts-de-France,59
76475,Franqueville-Saint-Pierre,periurbain,periurbain_Normandie,Normandie,76
33234,Latresne,periurbain,periurbain_Nouvelle-Aquitaine,Nouvelle-Aquitaine,33
31248,Labarthe-sur-Lèze,periurbain,periurbain_Occitanie,Occitanie,31
49167,Les Garennes sur Loire,periurbain,periurbain_Pays de la Loire,Pays de la Loire,49
06105,Roquefort-les-Pins,periurbain,periurbain_Provence-Alpes-Côte d'Azur,Provence-Alpes-Côte d'Azur,06
77249,Lésigny,periurbain,periurbain_Île-de-France,Île-de-France,77
69040,Champagne-au-Mont-d'Or,periurbain,periurbain_Auvergne-Rhône-Alpes,Auvergne-Rhône-Alpes,69
90099,Valdoie,periurbain,periurbain_Bourgogne-Franche-Comté,Bourgogne-Franche-Comté,90
22198,Pleumeur-Bodou,periurbain,periurbain_Bretagne,Bretagne,22
45282,Saint-Hilaire-Saint-Mesmin,periurbain,periurbain_Centre-Val de Loire,Centre-Val de Loire,45
57032,Ars-sur-Moselle,periurbain,periurbain_Grand Est,Grand Est,57
59598,Toufflers,periurbain,periurbain_Hauts-de-France,Hauts-de-France,59
76517,Quincampoix,periurbain,periurbain_Normandie,Normandie,76
33273,Martignas-sur-Jalle,periurbain,periurbain_Nouvelle-Aquitaine,Nouvelle-Aquitaine,33
31291,Léguevin,periurbain,periurbain_Occitanie,Occitanie,31
49223,Mûrs-Erigné,periurbain,periurbain_Pays de la Loire,Pays de la Loire,49
06140,Le Tignet,periurbain,periurbain_Provence-Alpes-Côte d'Azur,Provence-Alpes-Côte d'Azur,06
77378,Pringy,periurbain,periurbain_Île-de-France,Île-de-France,77
69044,Charbonnières-les-Bains,periurbain,periurbain_Auvergne-Rhône-Alpes,Auvergne-Rhône-Alpes,69
71090,La Chapelle-de-Guinchay,periurbain,periurbain_Bourgogne-Franche-Comté,Bourgogne-Franche-Comté,71
22211,Ploubezre,periurbain,periurbain_Bretagne,Bretagne,22
45298,Saint-Pryvé-Saint-Mesmin,periurbain,periurbain_Centre-Val de Loire,Centre-Val de Loire,45
57049,Le Ban-Saint-Martin,periurbain,periurbain_Grand Est,Grand Est,57
59656,Wervicq-Sud,periurbain,periurbain_Hauts-de-France,Hauts-de-France,59
76599,Saint-Léger-du-Bourg-Denis,periurbain,periurbain_Normandie,Normandie,76
33274,Martillac,periurbain,periurbain_Nouvelle-Aquitaine,Nouvelle-Aquitaine,33
31351,Mondonville,periurbain,periurbain_Occitanie,Occitanie,31
49278,Sainte-Gemmes-sur-Loire,periurbain,periurbain_Pays de la Loire,Pays de la Loire,49
83009,Bandol,periurbain,periurbain_Provence-Alpes-Côte d'Azur,Provence-Alpes-Côte d'Azur,83
77394,Rubelles,periurbain,periurbain_Île-de-France,Île-de-France,77
69052,Chazay-d'Azergues,periurbain,periurbain_Auvergne-Rhône-Alpes,Auvergne-Rhône-Alpes,69
71105,Charnay-lès-Mâcon,periurbain,periurbain_Bourgogne-Franche-Comté,Bourgogne-Franche-Comté,71
22190,Pleslin-Trigavou,periurbain,periurbain_Bretagne,Bretagne,22
28209,Lèves,periurbain,periurbain_Centre-Val de Loire,Centre-Val de Loire,28
57143,Clouange,periurbain,periurbain_Grand Est,Grand Est,57
59276,Guesnain,periurbain,periurbain_Hauts-de-France,Hauts-de-France,59
27299,Gravigny,periurbain,periurbain_Normandie,Normandie,27
33293,Montussan,periurbain,periurbain_Nouvelle-Aquitaine,Nouvelle-Aquitaine,33
31364,Montberon,periurbain,periurbain_Occitanie,Occitanie,31
72058,Changé,periurbain,periurbain_Pays de la Loire,Pays de la Loire,72
83027,La Cadière-d'Azur,periurbain,periurbain_Provence-Alpes-Côte d'Azur,Provence-Alpes-Côte d'Azur,83
78092,Bougival,periurbain,periurbain_Île-de-France,Île-de-France,78
69072,Dardilly,periurbain,periurbain_Auvergne-Rhône-Alpes,Auvergne-Rhône-Alpes,69
71150,Crêches-sur-Saône,periurbain,periurbain_Bourgogne-Franche-Comté,Bourgogne-Franche-Comté,71
22209,Beaussais-sur-Mer,periurbain,periurbain_Bretagne,Bretagne,22
18205,Saint-Doulchard,periurbain,periurbain_Centre-Val de Loire,Centre-Val de Loire,18
57412,Longeville-lès-Metz,periurbain,periurbain_Grand Est,Grand Est,57
59414,Montigny-en-Ostrevent,periurbain,periurbain_Hauts-de-France,Hauts-de-France,59
27602,Saint-Sébastien-de-Morsent,periurbain,periurbain_Normandie,Normandie,27
33322,Le Pian-Médoc,periurbain,periurbain_Nouvelle-Aquitaine,Nouvelle-Aquitaine,33
31389,Montrabé,periurbain,periurbain_Occitanie,Occitanie,31
72095,Coulaines,periurbain,periurbain_Pays de la Loire,Pays de la Loire,72
13018,Cabannes,periurbain,periurbain_Provence-Alpes-Côte d'Azur,Provence-Alpes-Côte d'Azur,13
78117,Buc,periurbain,periurbain_Île-de-France,Île-de-France,78
69094,Grézieu-la-Varenne,periurbain,periurbain_Auvergne-Rhône-Alpes,Auvergne-Rhône-Alpes,69
58088,Coulanges-lès-Nevers,periurbain,periurbain_Bourgogne-Franche-Comté,Bourgogne-Franche-Comté,58
22118,Lanvallay,periurbain,periurbain_Bretagne,Bretagne,22
36159,Le Poinçonnet,periurbain,periurbain_Centre-Val de Loire,Centre-Val de Loire,36
57447,Marly,periurbain,periurbain_Grand Est,Grand Est,57
59456,Pecquencourt,periurbain,periurbain_Hauts-de-France,Hauts-de-France,59
61397,Saint-Germain-du-Corbéis,periurbain,periurbain_Normandie,Normandie,61
33330,Pompignac,periurbain,periurbain_Nouvelle-Aquitaine,Nouvelle-Aquitaine,33
31410,Pechbonnieu,periurbain,periurbain_Occitanie,Occitanie,31
72328,Sargé-lès-le-Mans,periurbain,periurbain_Pays de la Loire,Pays de la Loire,72
13036,Eyragues,periurbain,periurbain_Provence-Alpes-Côte d'Azur,Provence-Alpes-Côte d'Azur,13
78133,Chambourcy,periurbain,periurbain_Île-de-France,Île-de-France,78
69112,Lentilly,periurbain,periurbain_Auvergne-Rhône-Alpes,Auvergne-Rhône-Alpes,69
58117,Fourchambault,periurbain,periurbain_Bourgogne-Franche-Comté,Bourgogne-Franche-Comté,58
22259,Quévert,periurbain,periurbain_Bretagne,Bretagne,22
45247,Pannes,periurbain,periurbain_Centre-Val de Loire,Centre-Val de Loire,45
57487,Moulins-lès-Metz,periurbain,periurbain_Grand Est,Grand Est,57
59489,Raimbeaucourt,periurbain,periurbain_Hauts-de-France,Hauts-de-France,59
14220,Deauville,periurbain,periurbain_Normandie,Normandie,14
33363,Sadirac,periurbain,periurbain_Nouvelle-Aquitaine,Nouvelle-Aquitaine,33
31417,Pibrac,periurbain,periurbain_Occitanie,Occitanie,31
72329,Savigné-l'Évêque,periurbain,periurbain_Pays de la Loire,Pays de la Loire,72
13045,Graveson,periurbain,periurbain_Provence-Alpes-Côte d'Azur,Provence-Alpes-Côte d'Azur,13
78160,Chevreuse,periurbain,periurbain_Île-de-France,Île-de-France,78
69116,Limonest,periurbain,periurbain_Auvergne-Rhône-Alpes,Auvergne-Rhône-Alpes,69
58121,Garchizy,periurbain,periurbain_Bourgogne-Franche-Comté,Bourgogne-Franche-Comté,58
35150,Lécousse,periurbain,periurbain_Bretagne,Bretagne,35
45338,Villemandeur,periurbain,periurbain_Centre-Val de Loire,Centre-Val de Loire,45
57616,Saint-Julien-lès-Metz,periurbain,periurbain_Grand Est,Grand Est,57
62019,Aix-Noulette,periurbain,periurbain_Hauts-de-France,Hauts-de-France,62
14699,Touques,periurbain,periurbain_Normandie,Normandie,14
33376,Saint-Aubin-de-Médoc,periurbain,periurbain_Nouvelle-Aquitaine,Nouvelle-Aquitaine,33
31421,Pins-Justaret,periurbain,periurbain_Occitanie,Occitanie,31
72350,Teloché,periurbain,periurbain_Pays de la Loire,Pays de la Loire,72
13066,Noves,periurbain,periurbain_Provence-Alpes-Côte d'Azur,Provence-Alpes-Côte d'Azur,13
78224,L'Étang-la-Ville,periurbain,periurbain_Île-de-France,Île-de-France,78
69117,Lissieu,periurbain,periurbain_Auvergne-Rhône-Alpes,Auvergne-Rhône-Alpes,69
58303,Varennes-Vauzelles,periurbain,periurbain_Bourgogne-Franche-Comté,Bourgogne-Franche-Comté,58
56023,Brech,periurbain,periurbain_Bretagne,Bretagne,56
37159,Monts,periurbain,periurbain_Centre-Val de Loire,Centre-Val de Loire,37
54090,Bouxières-aux-Dames,periurbain,periurbain_Grand Est,Grand Est,54
62032,Angres,periurbain,periurbain_Hauts-de-France,Hauts-de-France,62
14715,Trouville-sur-Mer,periurbain,periurbain_Normandie,Normandie,14
33381,Saint-Caprais-de-Bordeaux,periurbain,periurbain_Nouvelle-Aquitaine,Nouvelle-Aquitaine,33
31445,Quint-Fonsegrives,periurbain,periurbain_Occitanie,Occitanie,31
72386,Yvré-l'Évêque,periurbain,periurbain_Pays de la Loire,Pays de la Loire,72
13089,Saint-Andiol,periurbain,periurbain_Provence-Alpes-Côte d'Azur,Provence-Alpes-Côte d'Azur,13
78321,Jouars-Pontchartrain,periurbain,periurbain_Île-de-France,Île-de-France,78
69121,Lozanne,periurbain,periurbain_Auvergne-Rhône-Alpes,Auvergne-Rhône-Alpes,69
89263,Monéteau,periurbain,periurbain_Bourgogne-Franche-Comté,Bourgogne-Franche-Comté,89
56176,Pluneret,periurbain,periurbain_Bretagne,Bretagne,56
28348,Saint-Lubin-des-Joncherets,periurbain,periurbain_Centre-Val de Loire,Centre-Val de Loire,28
54115,Champigneulles,periurbain,periurbain_Grand Est,Grand Est,54
62528,Loos-en-Gohelle,periurbain,periurbain_Hauts-de-France,Hauts-de-France,62
50002,Agneaux,periurbain,periurbain_Normandie,Normandie,50
33422,Saint-Jean-d'Illac,periurbain,periurbain_Nouvelle-Aquitaine,Nouvelle-Aquitaine,33
31526,La Salvetat-Saint-Gilles,periurbain,periurbain_Occitanie,Occitanie,31
44049,Le Croisic,periurbain,periurbain_Pays de la Loire,Pays de la Loire,44
84004,Aubignan,periurbain,periurbain_Provence-Alpes-Côte d'Azur,Provence-Alpes-Côte d'Azur,84
78322,Jouy-en-Josas,periurbain,periurbain_Île-de-France,Île-de-France,78
69127,Marcy-l'Étoile,periurbain,periurbain_Auvergne-Rhône-Alpes,Auvergne-Rhône-Alpes,69
89346,Saint-Georges-sur-Baulche,periurbain,periurbain_Bourgogne-Franche-Comté,Bourgogne-Franche-Comté,89
29207,Plourin-lès-Morlaix,periurbain,periurbain_Bretagne,Bretagne,29
28359,Saint-Rémy-sur-Avre,periurbain,periurbain_Centre-Val de Loire,Centre-Val de Loire,28
54150,Custines,periurbain,periurbain_Grand Est,Grand Est,54
62624,Noyelles-Godault,periurbain,periurbain_Hauts-de-France,Hauts-de-France,62
61391,Saint-Georges-des-Groseillers,periurbain,periurbain_Normandie,Normandie,61
33448,Saint-Médard-d'Eyrans,periurbain,periurbain_Nouvelle-Aquitaine,Nouvelle-Aquitaine,33
31547,Seysses,periurbain,periurbain_Occitanie,Occitanie,31
44126,La Plaine-sur-Mer,periurbain,periurbain_Pays de la Loire,Pays de la Loire,44
84030,Caromb,periurbain,periurbain_Provence-Alpes-Côte d'Azur,Provence-Alpes-Côte d'Azur,84
78350,Louveciennes,periurbain,periurbain_Île-de-France,Île-de-France,78
69131,Messimy,periurbain,periurbain_Auvergne-Rhône-Alpes,Auvergne-Rhône-Alpes,69
71486,Saint-Vallier,periurbain,periurbain_Bourgogne-Franche-Comté,Bourgogne-Franche-Comté,71
56001,Allaire,periurbain,periurbain_Bretagne,Bretagne,56
18197,Saint-Amand-Montrond,periurbain,periurbain_Centre-Val de Loire,Centre-Val de Loire,18
54184,Essey-lès-Nancy,periurbain,periurbain_Grand Est,Grand Est,54
62846,Vermelles,periurbain,periurbain_Hauts-de-France,Hauts-de-France,62
14333,Honfleur,periurbain,periurbain_Normandie,Normandie,14
33483,Saint-Sulpice-et-Cameyrac,periurbain,periurbain_Nouvelle-Aquitaine,Nouvelle-Aquitaine,33
34077,Clapiers,periurbain,periurbain_Occitanie,Occitanie,34
44135,Le Pouliguen,periurbain,periurbain_Pays de la Loire,Pays de la Loire,44
84038,Cheval-Blanc,periurbain,periurbain_Provence-Alpes-Côte d'Azur,Provence-Alpes-Côte d'Azur,84
78356,Magny-les-Hameaux,periurbain,periurbain_Île-de-France,Île-de-France,78
69136,Montagny,periurbain,periurbain_Auvergne-Rhône-Alpes,Auvergne-Rhône-Alpes,69
71499,Sanvignes-les-Mines,periurbain,periurbain_Bourgogne-Franche-Comté,Bourgogne-Franche-Comté,71
29135,Loctudy,periurbain,periurbain_Bretagne,Bretagne,29
45082,Châteauneuf-sur-Loire,periurbain,periurbain_Centre-Val de Loire,Centre-Val de Loire,45
54215,Frouard,periurbain,periurbain_Grand Est,Grand Est,54
62865,Vitry-en-Artois,periurbain,periurbain_Hauts-de-France,Hauts-de-France,62
27065,Beuzeville,periurbain,periurbain_Normandie,Normandie,27
33535,Tresses,periurbain,periurbain_Nouvelle-Aquitaine,Nouvelle-Aquitaine,33
34095,Fabrègues,periurbain,periurbain_Occitanie,Occitanie,34
44182,Saint-Michel-Chef-Chef,periurbain,periurbain_Pays de la Loire,Pays de la Loire,44
84039,Courthézon,periurbain,periurbain_Provence-Alpes-Côte d'Azur,Provence-Alpes-Côte d'Azur,84
78367,Mareil-Marly,periurbain,periurbain_Île-de-France,Île-de-France,78
69191,Saint-Cyr-au-Mont-d'Or,periurbain,periurbain_Auvergne-Rhône-Alpes,Auvergne-Rhône-Alpes,69
71059,Le Breuil,periurbain,periurbain_Bourgogne-Franche-Comté,Bourgogne-Franche-Comté,71
29158,Penmarch,periurbain,periurbain_Bretagne,Bretagne,29
37132,Loches,periurbain,periurbain_Centre-Val de Loire,Centre-Val de Loire,37
54257,Heillecourt,periurbain,periurbain_Grand Est,Grand Est,54
62907,Libercourt,periurbain,periurbain_Hauts-de-France,Hauts-de-France,62
76495,Pavilly,periurbain,periurbain_Normandie,Normandie,76
33539,Vayres,periurbain,periurbain_Nouvelle-Aquitaine,Nouvelle-Aquitaine,33
34116,Grabels,periurbain,periurbain_Occitanie,Occitanie,34
85088,Le Fenouiller,periurbain,periurbain_Pays de la Loire,Pays de la Loire,85
84056,Jonquières,periurbain,periurbain_Provence-Alpes-Côte d'Azur,Provence-Alpes-Côte d'Azur,84
78382,Maurecourt,periurbain,periurbain_Île-de-France,Île-de-France,78
69194,Saint-Didier-au-Mont-d'Or,periurbain,periurbain_Auvergne-Rhône-Alpes,Auvergne-Rhône-Alpes,69
70207,Échenoz-la-Méline,periurbain,periurbain_Bourgogne-Franche-Comté,Bourgogne-Franche-Comté,70
29165,Plobannalec-Lesconil,periurbain,periurbain_Bretagne,Bretagne,29
37072,Chinon,periurbain,periurbain_Centre-Val de Loire,Centre-Val de Loire,37
54274,Jarville-la-Malgrange,periurbain,periurbain_Grand Est,Grand Est,54
59051,La Bassée,periurbain,periurbain_Hauts-de-France,Hauts-de-France,59
27467,Pont-Audemer,periurbain,periurbain_Normandie,Normandie,27
64065,Ascain,periurbain,periurbain_Nouvelle-Aquitaine,Nouvelle-Aquitaine,64
34120,Jacou,periurbain,periurbain_Occitanie,Occitanie,34
85222,Saint-Gilles-Croix-de-Vie,periurbain,periurbain_Pays de la Loire,Pays de la Loire,85
84072,Mazan,periurbain,periurbain_Provence-Alpes-Côte d'Azur,Provence-Alpes-Côte d'Azur,84
78401,Meulan-en-Yvelines,periurbain,periurbain_Île-de-France,Île-de-France,78
69205,Saint-Genis-les-Ollières,periurbain,periurbain_Auvergne-Rhône-Alpes,Auvergne-Rhône-Alpes,69
39362,Montmorot,periurbain,periurbain_Bourgogne-Franche-Comté,Bourgogne-Franche-Comté,39
29171,Plomeur,periurbain,periurbain_Bretagne,Bretagne,29
45173,Jargeau,periurbain,periurbain_Centre-Val de Loire,Centre-Val de Loire,45
54300,Laneuveville-devant-Nancy,periurbain,periurbain_Grand Est,Grand Est,54
59212,Estaires,periurbain,periurbain_Hauts-de-France,Hauts-de-France,59
76255,Eu,periurbain,periurbain_Normandie,Normandie,76
64160,Cambo-les-Bains,periurbain,periurbain_Nouvelle-Aquitaine,Nouvelle-Aquitaine,64
34134,Lavérune,periurbain,periurbain_Occitanie,Occitanie,34
85234,Saint-Jean-de-Monts,periurbain,periurbain_Pays de la Loire,Pays de la Loire,85
84099,Robion,periurbain,periurbain_Provence-Alpes-Côte d'Azur,Provence-Alpes-Côte d'Azur,84
78466,Orgeval,periurbain,periurbain_Île-de-France,Île-de-France,78
69249,Thurins,periurbain,periurbain_Auvergne-Rhône-Alpes,Auvergne-Rhône-Alpes,69
25204,Doubs,periurbain,periurbain_Bourgogne-Franche-Comté,Bourgogne-Franche-Comté,25
56090,Inzinzac-Lochrist,periurbain,periurbain_Bretagne,Bretagne,56
45273,Saint-Denis-de-l'Hôtel,periurbain,periurbain_Centre-Val de Loire,Centre-Val de Loire,45
54318,Liverdun,periurbain,periurbain_Grand Est,Grand Est,54
59268,La Gorgue,periurbain,periurbain_Hauts-de-France,Hauts-de-France,59
76711,Le Tréport,periurbain,periurbain_Normandie,Normandie,76
64407,Mouguerre,periurbain,periurbain_Nouvelle-Aquitaine,Nouvelle-Aquitaine,64
34169,Montferrier-sur-Lez,periurbain,periurbain_Occitanie,Occitanie,34
85280,Sallertaine,periurbain,periurbain_Pays de la Loire,Pays de la Loire,85
84122,Sarrians,periurbain,periurbain_Provence-Alpes-Côte d'Azur,Provence-Alpes-Côte d'Azur,84
78502,Le Port-Marly,periurbain,periurbain_Île-de-France,Île-de-France,78
69250,La Tour-de-Salvagny,periurbain,periurbain_Auvergne-Rhône-Alpes,Auvergne-Rhône-Alpes,69
71263,Louhans-Châteaurenaud,periurbain,periurbain_Bourgogne-Franche-Comté,Bourgogne-Franche-Comté,71
22225,Ploumagoar,periurbain,periurbain_Bretagne,Bretagne,22
28279,Nogent-le-Roi,periurbain,periurbain_Centre-Val de Loire,Centre-Val de Loire,28
54339,Malzéville,periurbain,periurbain_Grand Est,Grand Est,54
59400,Merville,periurbain,periurbain_Hauts-de-France,Hauts-de-France,59
27230,Ézy-sur-Eure,periurbain,periurbain_Normandie,Normandie,27
64132,Bizanos,periurbain,periurbain_Nouvelle-Aquitaine,Nouvelle-Aquitaine,64
34217,Prades-le-Lez,periurbain,periurbain_Occitanie,Occitanie,34
85284,Soullans,periurbain,periurbain_Pays de la Loire,Pays de la Loire,85
83058,Flayosc,periurbain,periurbain_Provence-Alpes-Côte d'Azur,Provence-Alpes-Côte d'Azur,83
78575,Saint-Rémy-lès-Chevreuse,periurbain,periurbain_Île-de-France,Île-de-France,78
69255,Vaugneray,periurbain,periurbain_Auvergne-Rhône-Alpes,Auvergne-Rhône-Alpes,69
70311,Luxeuil-les-Bains,periurbain,periurbain_Bourgogne-Franche-Comté,Bourgogne-Franche-Comté,70
22162,Paimpol,periurbain,periurbain_Bretagne,Bretagne,22
45191,Le Malesherbois,periurbain,periurbain_Centre-Val de Loire,Centre-Val de Loire,45
54357,Maxéville,periurbain,periurbain_Grand Est,Grand Est,54
59477,Provin,periurbain,periurbain_Hauts-de-France,Hauts-de-France,59
27056,Bernay,periurbain,periurbain_Normandie,Normandie,27
64230,Gan,periurbain,periurbain_Nouvelle-Aquitaine,Nouvelle-Aquitaine,64
34247,Saint-Clément-de-Rivière,periurbain,periurbain_Occitanie,Occitanie,34
49194,Mazé-Milon,periurbain,periurbain_Pays de la Loire,Pays de la Loire,49
83143,Le Val,periurbain,periurbain_Provence-Alpes-Côte d'Azur,Provence-Alpes-Côte d'Azur,83
78638,Vaux-sur-Seine,periurbain,periurbain_Île-de-France,Île-de-France,78
69268,Vourles,periurbain,periurbain_Auvergne-Rhône-Alpes,Auvergne-Rhône-Alpes,69
89257,Migennes,periurbain,periurbain_Bourgogne-Franche-Comté,Bourgogne-Franche-Comté,89
22210,Ploubazlanec,periurbain,periurbain_Bretagne,Bretagne,22
45127,Dordives,periurbain,periurbain_Centre-Val de Loire,Centre-Val de Loire,45
54430,Pompey,periurbain,periurbain_Grand Est,Grand Est,54
62014,Aire-sur-la-Lys,periurbain,periurbain_Hauts-de-France,Hauts-de-France,62
61214,L'Aigle,periurbain,periurbain_Normandie,Normandie,61
64237,Gelos,periurbain,periurbain_Nouvelle-Aquitaine,Nouvelle-Aquitaine,64
34309,Teyran,periurbain,periurbain_Occitanie,Occitanie,34
44012,La Bernerie-en-Retz,periurbain,periurbain_Pays de la Loire,Pays de la Loire,44
83067,Gonfaron,periurbain,periurbain_Provence-Alpes-Côte d'Azur,Provence-Alpes-Côte d'Azur,83
78643,Vernouillet,periurbain,periurbain_Île-de-France,Île-de-France,78
38126,Corenc,periurbain,periurbain_Auvergne-Rhône-Alpes,Auvergne-Rhône-Alpes,38
70310,Lure,periurbain,periurbain_Bourgogne-Franche-Comté,Bourgogne-Franche-Comté,70
29220,Pont-l'Abbé,periurbain,periurbain_Bretagne,Bretagne,29
36006,Argenton-sur-Creuse,periurbain,periurbain_Centre-Val de Loire,Centre-Val de Loire,36
54482,Saint-Max,periurbain,periurbain_Grand Est,Grand Est,54
62035,Annezin,periurbain,periurbain_Hauts-de-France,Hauts-de-France,62
14431,Mézidon Vallée d'Auge,periurbain,periurbain_Normandie,Normandie,14
64269,Idron,periurbain,periurbain_Nouvelle-Aquitaine,Nouvelle-Aquitaine,64
30011,Les Angles,periurbain,periurbain_Occitanie,Occitanie,30
44064,Gorges,periurbain,periurbain_Pays de la Loire,Pays de la Loire,44
83092,Pignans,periurbain,periurbain_Provence-Alpes-Côte d'Azur,Provence-Alpes-Côte d'Azur,83
78672,Villennes-sur-Seine,periurbain,periurbain_Île-de-France,Île-de-France,78
38150,Domène,periurbain,periurbain_Auvergne-Rhône-Alpes,Auvergne-Rhône-Alpes,38
90033,Delle,periurbain,periurbain_Bourgogne-Franche-Comté,Bourgogne-Franche-Comté,90
56034,Carnac,periurbain,periurbain_Bretagne,Bretagne,56
41059,Le Controis-en-Sologne,periurbain,periurbain_Centre-Val de Loire,Centre-Val de Loire,41
54495,Saulxures-lès-Nancy,periurbain,periurbain_Grand Est,Grand Est,54
62048,Auchel,periurbain,periurbain_Hauts-de-France,Hauts-de-France,62
50147,Coutances,periurbain,periurbain_Normandie,Normandie,50
64284,Jurançon,periurbain,periurbain_Nouvelle-Aquitaine,Nouvelle-Aquitaine,64
66012,Baho,periurbain,periurbain_Occitanie,Occitanie,66
85076,Cugand-la-Bernardière,periurbain,periurbain_Pays de la Loire,Pays de la Loire,85
83019,Bormes-les-Mimosas,periurbain,periurbain_Provence-Alpes-Côte d'Azur,Provence-Alpes-Côte d'Azur,83
91044,Ballainvilliers,periurbain,periurbain_Île-de-France,Île-de-France,91
38170,Fontanil-Cornillon,periurbain,periurbain_Auvergne-Rhône-Alpes,Auvergne-Rhône-Alpes,38
39097,Champagnole,periurbain,periurbain_Bourgogne-Franche-Comté,Bourgogne-Franche-Comté,39
56046,Crach,periurbain,periurbain_Bretagne,Bretagne,56
37015,Azay-sur-Cher,periurbain,periurbain_Centre-Val de Loire,Centre-Val de Loire,37
54526,Tomblaine,periurbain,periurbain_Grand Est,Grand Est,54
62051,Auchy-les-Mines,periurbain,periurbain_Hauts-de-France,Hauts-de-France,62
50484,Saint-Hilaire-du-Harcouët,periurbain,periurbain_Normandie,Normandie,50
64335,Lescar,periurbain,periurbain_Nouvelle-Aquitaine,Nouvelle-Aquitaine,64
66038,Canohès,periurbain,periurbain_Occitanie,Occitanie,66
44084,Le Loroux-Bottereau,periurbain,periurbain_Pays de la Loire,Pays de la Loire,44
83070,Le Lavandou,periurbain,periurbain_Provence-Alpes-Côte d'Azur,Provence-Alpes-Côte d'Azur,83
91064,Bièvres,periurbain,periurbain_Île-de-France,Île-de-France,91
38179,Gières,periurbain,periurbain_Auvergne-Rhône-Alpes,Auvergne-Rhône-Alpes,38
25240,Les Fins,periurbain,periurbain_Bourgogne-Franche-Comté,Bourgogne-Franche-Comté,25
29055,Le Folgoët,periurbain,periurbain_Bretagne,Bretagne,29
37267,Véretz,periurbain,periurbain_Centre-Val de Loire,Centre-Val de Loire,37
68043,Bollwiller,periurbain,periurbain_Grand Est,Grand Est,68
62083,Barlin,periurbain,periurbain_Hauts-de-France,Hauts-de-France,62
27016,Les Andelys,periurbain,periurbain_Normandie,Normandie,27
64405,Morlaàs,periurbain,periurbain_Nouvelle-Aquitaine,Nouvelle-Aquitaine,64
66140,Pézilla-la-Rivière,periurbain,periurbain_Occitanie,Occitanie,66
44169,Saint-Julien-de-Concelles,periurbain,periurbain_Pays de la Loire,Pays de la Loire,44
84047,Gargas,periurbain,periurbain_Provence-Alpes-Côte d'Azur,Provence-Alpes-Côte d'Azur,84
91097,Boussy-Saint-Antoine,periurbain,periurbain_Île-de-France,Île-de-France,91
38249,Montbonnot-Saint-Martin,periurbain,periurbain_Auvergne-Rhône-Alpes,Auvergne-Rhône-Alpes,38
25411,Morteau,periurbain,periurbain_Bourgogne-Franche-Comté,Bourgogne-Franche-Comté,25
29124,Lesneven,periurbain,periurbain_Bretagne,Bretagne,29
45067,Chaingy,periurbain,periurbain_Centre-Val de Loire,Centre-Val de Loire,45
68056,Brunstatt-Didenheim,periurbain,periurbain_Grand Est,Grand Est,68
62194,Calonne-Ricouart,periurbain,periurbain_Hauts-de-France,Hauts-de-France,62
50615,Valognes,periurbain,periurbain_Normandie,Normandie,50
64417,Nay,periurbain,periurbain_Nouvelle-Aquitaine,Nouvelle-Aquitaine,64
66164,Rivesaltes,periurbain,periurbain_Occitanie,Occitanie,66
44033,La Chapelle-Launay,periurbain,periurbain_Pays de la Loire,Pays de la Loire,44
13053,Mallemort,periurbain,periurbain_Provence-Alpes-Côte d'Azur,Provence-Alpes-Côte d'Azur,13
91105,Breuillet,periurbain,periurbain_Île-de-France,Île-de-France,91
38397,Saint-Ismier,periurbain,periurbain_Auvergne-Rhône-Alpes,Auvergne-Rhône-Alpes,38
71342,Paray-le-Monial,periurbain,periurbain_Bourgogne-Franche-Comté,Bourgogne-Franche-Comté,71
22055,Binic-Étables-sur-Mer,periurbain,periurbain_Bretagne,Bretagne,22
45269,Saint-Ay,periurbain,periurbain_Centre-Val de Loire,Centre-Val de Loire,45
68118,Habsheim,periurbain,periurbain_Grand Est,Grand Est,68
62270,Divion,periurbain,periurbain_Hauts-de-France,Hauts-de-France,62
50215,Gouville-sur-Mer,periurbain,periurbain_Normandie,Normandie,50
64511,Sauvagnon,periurbain,periurbain_Nouvelle-Aquitaine,Nouvelle-Aquitaine,64
66195,Le Soler,periurbain,periurbain_Occitanie,Occitanie,66
44195,Savenay,periurbain,periurbain_Pays de la Loire,Pays de la Loire,44
13100,Saint-Rémy-de-Provence,periurbain,periurbain_Provence-Alpes-Côte d'Azur,Provence-Alpes-Côte d'Azur,13
91115,Bruyères-le-Châtel,periurbain,periurbain_Île-de-France,Île-de-France,91
38423,Saint-Martin-le-Vinoux,periurbain,periurbain_Auvergne-Rhône-Alpes,Auvergne-Rhône-Alpes,38
71176,Digoin,periurbain,periurbain_Bourgogne-Franche-Comté,Bourgogne-Franche-Comté,71
22325,Saint-Quay-Portrieux,periurbain,periurbain_Bretagne,Bretagne,22
41151,Montrichard Val de Cher,periurbain,periurbain_Centre-Val de Loire,Centre-Val de Loire,41
68195,Lutterbach,periurbain,periurbain_Grand Est,Grand Est,68
62400,Haillicourt,periurbain,periurbain_Hauts-de-France,Hauts-de-France,62
14258,Falaise,periurbain,periurbain_Normandie,Normandie,14
64519,Serres-Castet,periurbain,periurbain_Nouvelle-Aquitaine,Nouvelle-Aquitaine,64
66213,Toulouges,periurbain,periurbain_Occitanie,Occitanie,66
72132,La Ferté-Bernard,periurbain,periurbain_Pays de la Loire,Pays de la Loire,72
13085,Roquefort-la-Bédoule,periurbain,periurbain_Provence-Alpes-Côte d'Azur,Provence-Alpes-Côte d'Azur,13
91122,Bures-sur-Yvette,periurbain,periurbain_Île-de-France,Île-de-France,91
38516,La Tronche,periurbain,periurbain_Auvergne-Rhône-Alpes,Auvergne-Rhône-Alpes,38
70279,Gray,periurbain,periurbain_Bourgogne-Franche-Comté,Bourgogne-Franche-Comté,70
29239,Roscoff,periurbain,periurbain_Bretagne,Bretagne,29
28227,Maintenon,periurbain,periurbain_Centre-Val de Loire,Centre-Val de Loire,28
68218,Morschwiller-le-Bas,periurbain,periurbain_Grand Est,Grand Est,68
62401,Haisnes,periurbain,periurbain_Hauts-de-France,Hauts-de-France,62
76312,Gournay-en-Bray,periurbain,periurbain_Normandie,Normandie,76
87048,Condat-sur-Vienne,periurbain,periurbain_Nouvelle-Aquitaine,Nouvelle-Aquitaine,87
30036,Bernis,periurbain,periurbain_Occitanie,Occitanie,30
85128,Luçon,periurbain,periurbain_Pays de la Loire,Pays de la Loire,85
83055,Fayence,periurbain,periurbain_Provence-Alpes-Côte d'Azur,Provence-Alpes-Côte d'Azur,83
91179,Le Coudray-Montceaux,periurbain,periurbain_Île-de-France,Île-de-France,91
38524,Varces-Allières-et-Risset,periurbain,periurbain_Auvergne-Rhône-Alpes,Auvergne-Rhône-Alpes,38
58086,Cosne-Cours-sur-Loire,periurbain,periurbain_Bourgogne-Franche-Comté,Bourgogne-Franche-Comté,58
29259,Saint-Pol-de-Léon,periurbain,periurbain_Bretagne,Bretagne,29
36046,La Châtre,periurbain,periurbain_Centre-Val de Loire,Centre-Val de Loire,36
68258,Pulversheim,periurbain,periurbain_Grand Est,Grand Est,68
62443,Hersin-Coupigny,periurbain,periurbain_Hauts-de-France,Hauts-de-France,62
14174,Condé-en-Normandie,periurbain,periurbain_Normandie,Normandie,14
87050,Couzeix,periurbain,periurbain_Nouvelle-Aquitaine,Nouvelle-Aquitaine,87
30060,Caissargues,periurbain,periurbain_Occitanie,Occitanie,30
44188,Saint-Philbert-de-Grand-Lieu,periurbain,periurbain_Pays de la Loire,Pays de la Loire,44
83036,Cavalaire-sur-Mer,periurbain,periurbain_Provence-Alpes-Côte d'Azur,Provence-Alpes-Côte d'Azur,83
91207,Égly,periurbain,periurbain_Île-de-France,Île-de-France,91
38538,Le Versoud,periurbain,periurbain_Auvergne-Rhône-Alpes,Auvergne-Rhône-Alpes,38
39478,Saint-Claude,periurbain,periurbain_Bourgogne-Franche-Comté,Bourgogne-Franche-Comté,39
29117,Lannilis,periurbain,periurbain_Bretagne,Bretagne,29
41167,Veuzain-sur-Loire,periurbain,periurbain_Centre-Val de Loire,Centre-Val de Loire,41
68270,Richwiller,periurbain,periurbain_Grand Est,Grand Est,68
62457,Houdain,periurbain,periurbain_Hauts-de-France,Hauts-de-France,62
27679,Verneuil d'Avre et d'Iton,periurbain,periurbain_Normandie,Normandie,27
87065,Feytiat,periurbain,periurbain_Nouvelle-Aquitaine,Nouvelle-Aquitaine,87
30075,Caveirac,periurbain,periurbain_Occitanie,Occitanie,30
44110,Nort-sur-Erdre,periurbain,periurbain_Pays de la Loire,Pays de la Loire,44
84026,Cadenet,periurbain,periurbain_Provence-Alpes-Côte d'Azur,Provence-Alpes-Côte d'Azur,84
91225,Étiolles,periurbain,periurbain_Île-de-France,Île-de-France,91
42099,Fraisses,periurbain,periurbain_Auvergne-Rhône-Alpes,Auvergne-Rhône-Alpes,42
89206,Joigny,periurbain,periurbain_Bourgogne-Franche-Comté,Bourgogne-Franche-Comté,89
29195,Plouguerneau,periurbain,periurbain_Bretagne,Bretagne,29
45142,Fay-aux-Loges,periurbain,periurbain_Centre-Val de Loire,Centre-Val de Loire,45
51055,Bétheny,periurbain,periurbain_Grand Est,Grand Est,51
62464,Hulluch,periurbain,periurbain_Hauts-de-France,Hauts-de-France,62
14654,Saint-Pierre-en-Auge,periurbain,periurbain_Normandie,Normandie,14
87075,Isle,periurbain,periurbain_Nouvelle-Aquitaine,Nouvelle-Aquitaine,87
30156,Marguerittes,periurbain,periurbain_Occitanie,Occitanie,30
49248,Ombrée d'Anjou,periurbain,periurbain_Pays de la Loire,Pays de la Loire,49
84065,Lauris,periurbain,periurbain_Provence-Alpes-Côte d'Azur,Provence-Alpes-Côte d'Azur,84
91333,Leuville-sur-Orge,periurbain,periurbain_Île-de-France,Île-de-France,91
42103,La Grand-Croix,periurbain,periurbain_Auvergne-Rhône-Alpes,Auvergne-Rhône-Alpes,42
90009,Beaucourt,periurbain,periurbain_Bourgogne-Franche-Comté,Bourgogne-Franche-Comté,90
29031,Clohars-Carnoët,periurbain,periurbain_Bretagne,Bretagne,29
18141,Mehun-sur-Yèvre,periurbain,periurbain_Centre-Val de Loire,Centre-Val de Loire,18
51058,Bezannes,periurbain,periurbain_Grand Est,Grand Est,51
62489,Lapugnoy,periurbain,periurbain_Hauts-de-France,Hauts-de-France,62
27448,Pacy-sur-Eure,periurbain,periurbain_Normandie,Normandie,27
87113,Le Palais-sur-Vienne,periurbain,periurbain_Nouvelle-Aquitaine,Nouvelle-Aquitaine,87
30169,Milhaud,periurbain,periurbain_Occitanie,Occitanie,30
85178,Le Poiré-sur-Vie,periurbain,periurbain_Pays de la Loire,Pays de la Loire,85
83029,Callian,periurbain,periurbain_Provence-Alpes-Côte d'Azur,Provence-Alpes-Côte d'Azur,83
91339,Linas,periurbain,periurbain_Île-de-France,Île-de-France,91
42110,L'Horme,periurbain,periurbain_Auvergne-Rhône-Alpes,Auvergne-Rhône-Alpes,42
21038,Auxonne,periurbain,periurbain_Bourgogne-Franche-Comté,Bourgogne-Franche-Comté,21
29150,Moëlan-sur-Mer,periurbain,periurbain_Bretagne,Bretagne,29
18207,Saint-Florent-sur-Cher,periurbain,periurbain_Centre-Val de Loire,Centre-Val de Loire,18
51172,Cormontreuil,periurbain,periurbain_Grand Est,Grand Est,51
62491,Laventie,periurbain,periurbain_Hauts-de-France,Hauts-de-France,62
50601,Torigny-les-Villes,periurbain,periurbain_Normandie,Normandie,50
87201,Verneuil-sur-Vienne,periurbain,periurbain_Nouvelle-Aquitaine,Nouvelle-Aquitaine,87
30333,Uchaud,periurbain,periurbain_Occitanie,Occitanie,30
44217,Vigneux-de-Bretagne,periurbain,periurbain_Pays de la Loire,Pays de la Loire,44
83081,Montauroux,periurbain,periurbain_Provence-Alpes-Côte d'Azur,Provence-Alpes-Côte d'Azur,83
91347,Longpont-sur-Orge,periurbain,periurbain_Île-de-France,Île-de-France,91
42123,Lorette,periurbain,periurbain_Auvergne-Rhône-Alpes,Auvergne-Rhône-Alpes,42
39368,Hauts de Bienne,periurbain,periurbain_Bourgogne-Franche-Comté,Bourgogne-Franche-Comté,39
56013,Belz,periurbain,periurbain_Bretagne,Bretagne,56
41136,Mer,periurbain,periurbain_Centre-Val de Loire,Centre-Val de Loire,41
10060,Bréviandes,periurbain,periurbain_Grand Est,Grand Est,10
62502,Lestrem,periurbain,periurbain_Hauts-de-France,Hauts-de-France,62
14371,Livarot-Pays-d'Auge,periurbain,periurbain_Normandie,Normandie,14
86041,Buxerolles,periurbain,periurbain_Nouvelle-Aquitaine,Nouvelle-Aquitaine,86
30010,Anduze,periurbain,periurbain_Occitanie,Occitanie,30
49261,Gennes-Val-de-Loire,periurbain,periurbain_Pays de la Loire,Pays de la Loire,49
13050,Lambesc,periurbain,periurbain_Provence-Alpes-Côte d'Azur,Provence-Alpes-Côte d'Azur,13
91363,Marcoussis,periurbain,periurbain_Île-de-France,Île-de-France,91
42183,La Ricamarie,periurbain,periurbain_Auvergne-Rhône-Alpes,Auvergne-Rhône-Alpes,42
58095,Decize,periurbain,periurbain_Bourgogne-Franche-Comté,Bourgogne-Franche-Comté,58
56054,Erdeven,periurbain,periurbain_Bretagne,Bretagne,56
37104,Esvres,periurbain,periurbain_Centre-Val de Loire,Centre-Val de Loire,37
10265,Les Noës-près-Troyes,periurbain,periurbain_Grand Est,Grand Est,10
62516,Lillers,periurbain,periurbain_Hauts-de-France,Hauts-de-France,62
27198,Mesnils-sur-Iton,periurbain,periurbain_Normandie,Normandie,27
86115,Jaunay-Marigny,periurbain,periurbain_Nouvelle-Aquitaine,Nouvelle-Aquitaine,86
30227,Saint-Ambroix,periurbain,periurbain_Occitanie,Occitanie,30
49180,Longué-Jumelles,periurbain,periurbain_Pays de la Loire,Pays de la Loire,49
13048,Jouques,periurbain,periurbain_Provence-Alpes-Côte d'Azur,Provence-Alpes-Côte d'Azur,13
91425,Montlhéry,periurbain,periurbain_Île-de-France,Île-de-France,91
42189,Roche-la-Molière,periurbain,periurbain_Auvergne-Rhône-Alpes,Auvergne-Rhône-Alpes,42
70120,Champagney,periurbain,periurbain_Bourgogne-Franche-Comté,Bourgogne-Franche-Comté,70
35126,Guichen,periurbain,periurbain_Bretagne,Bretagne,35
36018,Le Blanc,periurbain,periurbain_Centre-Val de Loire,Centre-Val de Loire,36
10297,Pont-Sainte-Marie,periurbain,periurbain_Grand Est,Grand Est,10
62555,Marles-les-Mines,periurbain,periurbain_Hauts-de-France,Hauts-de-France,62
27165,Conches-en-Ouche,periurbain,periurbain_Normandie,Normandie,27
86214,Saint-Benoît,periurbain,periurbain_Nouvelle-Aquitaine,Nouvelle-Aquitaine,86
30259,Saint-Hilaire-de-Brethmas,periurbain,periurbain_Occitanie,Occitanie,30
85035,Bretignolles-sur-Mer,periurbain,periurbain_Pays de la Loire,Pays de la Loire,85
13074,Peyrolles-en-Provence,periurbain,periurbain_Provence-Alpes-Côte d'Azur,Provence-Alpes-Côte d'Azur,13
91457,La Norville,periurbain,periurbain_Île-de-France,Île-de-France,91
42223,Saint-Genest-Lerpt,periurbain,periurbain_Auvergne-Rhône-Alpes,Auvergne-Rhône-Alpes,42
71073,Chagny,periurbain,periurbain_Bourgogne-Franche-Comté,Bourgogne-Franche-Comté,71
56240,Sarzeau,periurbain,periurbain_Bretagne,Bretagne,56
37031,Bourgueil,periurbain,periurbain_Centre-Val de Loire,Centre-Val de Loire,37
10321,La Rivière-de-Corps,periurbain,periurbain_Grand Est,Grand Est,10
62736,Sailly-sur-la-Lys,periurbain,periurbain_Hauts-de-France,Hauts-de-France,62
76647,Saint-Romain-de-Colbosc,periurbain,periurbain_Normandie,Normandie,76
86297,Vouneuil-sous-Biard,periurbain,periurbain_Nouvelle-Aquitaine,Nouvelle-Aquitaine,86
30284,Saint-Martin-de-Valgalgues,periurbain,periurbain_Occitanie,Occitanie,30
49373,Lys-Haut-Layon,periurbain,periurbain_Pays de la Loire,Pays de la Loire,49
83072,Lorgues,periurbain,periurbain_Provence-Alpes-Côte d'Azur,Provence-Alpes-Côte d'Azur,83
91458,Nozay,periurbain,periurbain_Île-de-France,Île-de-France,91
42225,Genilac,periurbain,periurbain_Auvergne-Rhône-Alpes,Auvergne-Rhône-Alpes,42
89025,Avallon,periurbain,periurbain_Bourgogne-Franche-Comté,Bourgogne-Franche-Comté,89
29160,Plabennec,periurbain,periurbain_Bretagne,Bretagne,29
28103,Cloyes-les-Trois-Rivières,periurbain,periurbain_Centre-Val de Loire,Centre-Val de Loire,28
10325,Rosières-près-Troyes,periurbain,periurbain_Grand Est,Grand Est,10
62737,Sains-en-Gohelle,periurbain,periurbain_Hauts-de-France,Hauts-de-France,62
50082,Bricquebec-en-Cotentin,periurbain,periurbain_Normandie,Normandie,50
16113,La Couronne,periurbain,periurbain_Nouvelle-Aquitaine,Nouvelle-Aquitaine,16
34037,Boujan-sur-Libron,periurbain,periurbain_Occitanie,Occitanie,34
44158,Saint-Étienne-de-Montluc,periurbain,periurbain_Pays de la Loire,Pays de la Loire,44
84138,Valréas,periurbain,periurbain_Provence-Alpes-Côte d'Azur,Provence-Alpes-Côte d'Azur,84
91461,Ollainville,periurbain,periurbain_Île-de-France,Île-de-France,91
42259,Saint-Martin-la-Plaine,periurbain,periurbain_Auvergne-Rhône-Alpes,Auvergne-Rhône-Alpes,42
71120,Chauffailles,periurbain,periurbain_Bourgogne-Franche-Comté,Bourgogne-Franche-Comté,71
35136,Janzé,periurbain,periurbain_Bretagne,Bretagne,35
28168,Gallardon,periurbain,periurbain_Centre-Val de Loire,Centre-Val de Loire,28
10343,Saint-Julien-les-Villas,periurbain,periurbain_Grand Est,Grand Est,10
62770,Saint-Venant,periurbain,periurbain_Hauts-de-France,Hauts-de-France,62
50639,Villedieu-les-Poêles-Rouffigny,periurbain,periurbain_Normandie,Normandie,50
16138,Fléac,periurbain,periurbain_Nouvelle-Aquitaine,Nouvelle-Aquitaine,16
34140,Lignan-sur-Orb,periurbain,periurbain_Occitanie,Occitanie,34
44087,Machecoul-Saint-Même,periurbain,periurbain_Pays de la Loire,Pays de la Loire,44
84091,Piolenc,periurbain,periurbain_Provence-Alpes-Côte d'Azur,Provence-Alpes-Côte d'Azur,84
91514,Quincy-sous-Sénart,periurbain,periurbain_Île-de-France,Île-de-France,91
42271,Saint-Paul-en-Jarez,periurbain,periurbain_Auvergne-Rhône-Alpes,Auvergne-Rhône-Alpes,42
21317,Is-sur-Tille,periurbain,periurbain_Bourgogne-Franche-Comté,Bourgogne-Franche-Comté,21
35152,Liffré,periurbain,periurbain_Bretagne,Bretagne,35
37077,Cinq-Mars-la-Pile,periurbain,periurbain_Centre-Val de Loire,Centre-Val de Loire,37
10357,Saint-Parres-aux-Tertres,periurbain,periurbain_Grand Est,Grand Est,10
62848,Verquin,periurbain,periurbain_Hauts-de-France,Hauts-de-France,62
14514,Pont-l'Évêque,periurbain,periurbain_Normandie,Normandie,14
16154,Gond-Pontouvre,periurbain,periurbain_Nouvelle-Aquitaine,Nouvelle-Aquitaine,16
34148,Maraussan,periurbain,periurbain_Occitanie,Occitanie,34
49048,Briollay,periurbain,periurbain_Pays de la Loire,Pays de la Loire,49
84137,Vaison-la-Romaine,periurbain,periurbain_Provence-Alpes-Côte d'Azur,Provence-Alpes-Côte d'Azur,84
91534,Saclay,periurbain,periurbain_Île-de-France,Île-de-France,91
42275,Saint-Priest-en-Jarez,periurbain,periurbain_Auvergne-Rhône-Alpes,Auvergne-Rhône-Alpes,42
21464,Nuits-Saint-Georges,periurbain,periurbain_Bourgogne-Franche-Comté,Bourgogne-Franche-Comté,21
56140,Moréac,periurbain,periurbain_Bretagne,Bretagne,56
45145,Ferrières-en-Gâtinais,periurbain,periurbain_Centre-Val de Loire,Centre-Val de Loire,45
57012,Algrange,periurbain,periurbain_Grand Est,Grand Est,57
62863,Violaines,periurbain,periurbain_Hauts-de-France,Hauts-de-France,62
76624,Saint-Nicolas-d'Aliermont,periurbain,periurbain_Normandie,Normandie,76
16166,L'Isle-d'Espagnac,periurbain,periurbain_Nouvelle-Aquitaine,Nouvelle-Aquitaine,16
82124,Montbeton,periurbain,periurbain_Occitanie,Occitanie,82
49347,Tiercé,periurbain,periurbain_Pays de la Loire,Pays de la Loire,49
04143,Oraison,periurbain,periurbain_Provence-Alpes-Côte d'Azur,Provence-Alpes-Côte d'Azur,04
91587,Saulx-les-Chartreux,periurbain,periurbain_Île-de-France,Île-de-France,91
42302,Sorbiers,periurbain,periurbain_Auvergne-Rhône-Alpes,Auvergne-Rhône-Alpes,42
25578,Valdahon,periurbain,periurbain_Bourgogne-Franche-Comté,Bourgogne-Franche-Comté,25
56101,Languidic,periurbain,periurbain_Bretagne,Bretagne,56
37115,Descartes,periurbain,periurbain_Centre-Val de Loire,Centre-Val de Loire,37
57441,Manom,periurbain,periurbain_Grand Est,Grand Est,57
59002,Abscon,periurbain,periurbain_Hauts-de-France,Hauts-de-France,59
61168,La Ferté Macé,periurbain,periurbain_Normandie,Normandie,61
16199,Magnac-sur-Touvre,periurbain,periurbain_Nouvelle-Aquitaine,Nouvelle-Aquitaine,16
82161,Saint-Étienne-de-Tulmont,periurbain,periurbain_Occitanie,Occitanie,82
44213,Loireauxence,periurbain,periurbain_Pays de la Loire,Pays de la Loire,44
13035,Eyguières,periurbain,periurbain_Provence-Alpes-Côte d'Azur,Provence-Alpes-Côte d'Azur,13
91665,La Ville-du-Bois,periurbain,periurbain_Île-de-France,Île-de-France,91
42316,Unieux,periurbain,periurbain_Auvergne-Rhône-Alpes,Auvergne-Rhône-Alpes,42
71336,Ouroux-sur-Saône,periurbain,periurbain_Bourgogne-Franche-Comté,Bourgogne-Franche-Comté,71
35227,Pleumeleuc,periurbain,periurbain_Bretagne,Bretagne,35
37014,Azay-le-Rideau,periurbain,periurbain_Centre-Val de Loire,Centre-Val de Loire,37
68145,Horbourg-Wihr,periurbain,periurbain_Grand Est,Grand Est,68
59008,Aniche,periurbain,periurbain_Hauts-de-France,Hauts-de-France,59
76462,Neufchâtel-en-Bray,periurbain,periurbain_Normandie,Normandie,76
16291,Ruelle-sur-Touvre,periurbain,periurbain_Nouvelle-Aquitaine,Nouvelle-Aquitaine,16
65062,Barbazan-Debat,periurbain,periurbain_Occitanie,Occitanie,65
44201,Sucé-sur-Erdre,periurbain,periurbain_Pays de la Loire,Pays de la Loire,44
13105,Sénas,periurbain,periurbain_Provence-Alpes-Côte d'Azur,Provence-Alpes-Côte d'Azur,13
91685,Villiers-sur-Orge,periurbain,periurbain_Île-de-France,Île-de-France,91
42330,Villars,periurbain,periurbain_Auvergne-Rhône-Alpes,Auvergne-Rhône-Alpes,42
25463,Pont-de-Roide-Vermondans,periurbain,periurbain_Bourgogne-Franche-Comté,Bourgogne-Franche-Comté,25
29020,Briec,periurbain,periurbain_Bretagne,Bretagne,29
45224,Neuville-aux-Bois,periurbain,periurbain_Centre-Val de Loire,Centre-Val de Loire,45
68155,Ingersheim,periurbain,periurbain_Grand Est,Grand Est,68
59024,Auberchicourt,periurbain,periurbain_Hauts-de-France,Hauts-de-France,59
50487,Saint-James,periurbain,periurbain_Normandie,Normandie,50
16358,Saint-Yrieix-sur-Charente,periurbain,periurbain_Nouvelle-Aquitaine,Nouvelle-Aquitaine,16
65331,Odos,periurbain,periurbain_Occitanie,Occitanie,65
44186,Sainte-Pazanne,periurbain,periurbain_Pays de la Loire,Pays de la Loire,44
04088,Forcalquier,periurbain,periurbain_Provence-Alpes-Côte d'Azur,Provence-Alpes-Côte d'Azur,04
92076,Vaucresson,periurbain,periurbain_Île-de-France,Île-de-France,92
43012,Aurec-sur-Loire,periurbain,periurbain_Auvergne-Rhône-Alpes,Auvergne-Rhône-Alpes,43
21154,Châtillon-sur-Seine,periurbain,periurbain_Bourgogne-Franche-Comté,Bourgogne-Franche-Comté,21
56177,Pluvigner,periurbain,periurbain_Bretagne,Bretagne,56
37153,Monnaie,periurbain,periurbain_Centre-Val de Loire,Centre-Val de Loire,37
68338,Turckheim,periurbain,periurbain_Grand Est,Grand Est,68
59032,Aulnoy-lez-Valenciennes,periurbain,periurbain_Hauts-de-France,Hauts-de-France,59
61486,Tinchebray-Bocage,periurbain,periurbain_Normandie,Normandie,61
16374,Soyaux,periurbain,periurbain_Nouvelle-Aquitaine,Nouvelle-Aquitaine,16
65433,Soues,periurbain,periurbain_Occitanie,Occitanie,65
44005,Chaumes-en-Retz,periurbain,periurbain_Pays de la Loire,Pays de la Loire,44
83091,Pierrefeu-du-Var,periurbain,periurbain_Provence-Alpes-Côte d'Azur,Provence-Alpes-Côte d'Azur,83
94047,Mandres-les-Roses,periurbain,periurbain_Île-de-France,Île-de-France,94
63019,Aulnat,periurbain,periurbain_Auvergne-Rhône-Alpes,Auvergne-Rhône-Alpes,63
71137,Cluny,periurbain,periurbain_Bourgogne-Franche-Comté,Bourgogne-Franche-Comté,71
29003,Audierne,periurbain,periurbain_Bretagne,Bretagne,29
41106,Lamotte-Beuvron,periurbain,periurbain_Centre-Val de Loire,Centre-Val de Loire,41
68374,Wintzenheim,periurbain,periurbain_Grand Est,Grand Est,68
59153,Condé-sur-l'Escaut,periurbain,periurbain_Hauts-de-France,Hauts-de-France,59
27428,Le Neubourg,periurbain,periurbain_Normandie,Normandie,27
47031,Boé,periurbain,periurbain_Nouvelle-Aquitaine,Nouvelle-Aquitaine,47
81144,Lescure-d'Albigeois,periurbain,periurbain_Occitanie,Occitanie,81
44072,Herbignac,periurbain,periurbain_Pays de la Loire,Pays de la Loire,44
83121,Salernes,periurbain,periurbain_Provence-Alpes-Côte d'Azur,Provence-Alpes-Côte d'Azur,83
94048,Marolles-en-Brie,periurbain,periurbain_Île-de-France,Île-de-France,94
63042,Blanzat,periurbain,periurbain_Auvergne-Rhône-Alpes,Auvergne-Rhône-Alpes,63
25321,Villers-le-Lac,periurbain,periurbain_Bourgogne-Franche-Comté,Bourgogne-Franche-Comté,25
29197,Plouhinec,periurbain,periurbain_Bretagne,Bretagne,29
36031,Buzançais,periurbain,periurbain_Centre-Val de Loire,Centre-Val de Loire,36
57144,Cocheren,periurbain,periurbain_Grand Est,Grand Est,57
59160,Crespin,periurbain,periurbain_Hauts-de-France,Hauts-de-France,59
27493,Romilly-sur-Andelle,periurbain,periurbain_Normandie,Normandie,27
47069,Colayrac-Saint-Cirq,periurbain,periurbain_Nouvelle-Aquitaine,Nouvelle-Aquitaine,47
81218,Puygouzon,periurbain,periurbain_Occitanie,Occitanie,81
72346,La Suze-sur-Sarthe,periurbain,periurbain_Pays de la Loire,Pays de la Loire,72
13080,Le Puy-Sainte-Réparade,periurbain,periurbain_Provence-Alpes-Côte d'Azur,Provence-Alpes-Côte d'Azur,13
94053,Noiseau,periurbain,periurbain_Île-de-France,Île-de-France,94
63063,Cébazat,periurbain,periurbain_Auvergne-Rhône-Alpes,Auvergne-Rhône-Alpes,63
89464,Villeneuve-sur-Yonne,periurbain,periurbain_Bourgogne-Franche-Comté,Bourgogne-Franche-Comté,89
35012,Bain-de-Bretagne,periurbain,periurbain_Bretagne,Bretagne,35
41242,Selles-sur-Cher,periurbain,periurbain_Centre-Val de Loire,Centre-Val de Loire,41
57659,Spicheren,periurbain,periurbain_Grand Est,Grand Est,57
59205,Escaudain,periurbain,periurbain_Hauts-de-France,Hauts-de-France,59
76709,Le Trait,periurbain,periurbain_Normandie,Normandie,76
19063,Cosnac,periurbain,periurbain_Nouvelle-Aquitaine,Nouvelle-Aquitaine,19
81257,Saint-Juéry,periurbain,periurbain_Occitanie,Occitanie,81
85008,Aubigny-Les Clouzeaux,periurbain,periurbain_Pays de la Loire,Pays de la Loire,85
13030,Cuges-les-Pins,periurbain,periurbain_Provence-Alpes-Côte d'Azur,Provence-Alpes-Côte d'Azur,13
94070,Santeny,periurbain,periurbain_Île-de-France,Île-de-France,94
63069,Le Cendre,periurbain,periurbain_Auvergne-Rhône-Alpes,Auvergne-Rhône-Alpes,63
71221,Givry,periurbain,periurbain_Bourgogne-Franche-Comté,Bourgogne-Franche-Comté,71
29042,Crozon,periurbain,periurbain_Bretagne,Bretagne,29
37123,Langeais,periurbain,periurbain_Centre-Val de Loire,Centre-Val de Loire,37
88087,Chantraine,periurbain,periurbain_Grand Est,Grand Est,88
59207,Escautpont,periurbain,periurbain_Hauts-de-France,Hauts-de-France,59
61293,Mortagne-au-Perche,periurbain,periurbain_Normandie,Normandie,61
19123,Malemort,periurbain,periurbain_Nouvelle-Aquitaine,Nouvelle-Aquitaine,19
66133,Palau-del-Vidre,periurbain,periurbain_Occitanie,Occitanie,66
44029,Divatte-sur-Loire,periurbain,periurbain_Pays de la Loire,Pays de la Loire,44
13091,Saint-Cannat,periurbain,periurbain_Provence-Alpes-Côte d'Azur,Provence-Alpes-Côte d'Azur,13
95091,Bouffémont,periurbain,periurbain_Île-de-France,Île-de-France,95
63070,Ceyrat,periurbain,periurbain_Auvergne-Rhône-Alpes,Auvergne-Rhône-Alpes,63
21425,Montbard,periurbain,periurbain_Bourgogne-Franche-Comté,Bourgogne-Franche-Comté,21
35176,Guipry-Messac,periurbain,periurbain_Bretagne,Bretagne,35
41220,Saint-Laurent-Nouan,periurbain,periurbain_Centre-Val de Loire,Centre-Val de Loire,41
88465,Thaon-les-Vosges,periurbain,periurbain_Grand Est,Grand Est,88
59227,Fenain,periurbain,periurbain_Hauts-de-France,Hauts-de-France,59
76276,Forges-les-Eaux,periurbain,periurbain_Normandie,Normandie,76
19229,Saint-Pantaléon-de-Larche,periurbain,periurbain_Nouvelle-Aquitaine,Nouvelle-Aquitaine,19
66168,Saint-André,periurbain,periurbain_Occitanie,Occitanie,66
72071,Montval-sur-Loir,periurbain,periurbain_Pays de la Loire,Pays de la Loire,72
83097,Pourrières,periurbain,periurbain_Provence-Alpes-Côte d'Azur,Provence-Alpes-Côte d'Azur,83
95134,Champagne-sur-Oise,periurbain,periurbain_Île-de-France,Île-de-France,95
63099,Châteaugay,periurbain,periurbain_Auvergne-Rhône-Alpes,Auvergne-Rhône-Alpes,63
25047,Baume-les-Dames,periurbain,periurbain_Bourgogne-Franche-Comté,Bourgogne-Franche-Comté,25
35001,Acigné,periurbain,periurbain_Bretagne,Bretagne,35
45300,Sandillon,periurbain,periurbain_Centre-Val de Loire,Centre-Val de Loire,45
67345,Oberhoffen-sur-Moder,periurbain,periurbain_Grand Est,Grand Est,67
59253,Fresnes-sur-Escaut,periurbain,periurbain_Hauts-de-France,Hauts-de-France,59
14027,Les Monts d'Aunay,periurbain,periurbain_Normandie,Normandie,14
19274,Ussac,periurbain,periurbain_Nouvelle-Aquitaine,Nouvelle-Aquitaine,19
66196,Sorède,periurbain,periurbain_Occitanie,Occitanie,66
44102,Montbert,periurbain,periurbain_Pays de la Loire,Pays de la Loire,44
83106,Rocbaron,periurbain,periurbain_Provence-Alpes-Côte d'Azur,Provence-Alpes-Côte d'Azur,83
95183,Courdimanche,periurbain,periurbain_Île-de-France,Île-de-France,95
63193,Lempdes,periurbain,periurbain_Auvergne-Rhône-Alpes,Auvergne-Rhône-Alpes,63
25527,Saint-Vit,periurbain,periurbain_Bourgogne-Franche-Comté,Bourgogne-Franche-Comté,25
35188,Montfort-sur-Meu,periurbain,periurbain_Bretagne,Bretagne,35
37226,Sainte-Maure-de-Touraine,periurbain,periurbain_Centre-Val de Loire,Centre-Val de Loire,37
67458,Schweighouse-sur-Moder,periurbain,periurbain_Grand Est,Grand Est,67
59301,Hergnies,periurbain,periurbain_Hauts-de-France,Hauts-de-France,59
50410,Pontorson,periurbain,periurbain_Normandie,Normandie,50
79081,Chauray,periurbain,periurbain_Nouvelle-Aquitaine,Nouvelle-Aquitaine,79
34146,Lunel-Viel,periurbain,periurbain_Occitanie,Occitanie,34
44223,Geneston,periurbain,periurbain_Pays de la Loire,Pays de la Loire,44
83059,Forcalqueiret,periurbain,periurbain_Provence-Alpes-Côte d'Azur,Provence-Alpes-Côte d'Azur,83
95205,Écouen,periurbain,periurbain_Île-de-France,Île-de-France,95
63307,Romagnat,periurbain,periurbain_Auvergne-Rhône-Alpes,Auvergne-Rhône-Alpes,63
89418,Tonnerre,periurbain,periurbain_Bourgogne-Franche-Comté,Bourgogne-Franche-Comté,89
35037,Bréal-sous-Montfort,periurbain,periurbain_Bretagne,Bretagne,35
41149,Montoire-sur-le-Loir,periurbain,periurbain_Centre-Val de Loire,Centre-Val de Loire,41
08480,Villers-Semeuse,periurbain,periurbain_Grand Est,Grand Est,08
59302,Hérin,periurbain,periurbain_Hauts-de-France,Hauts-de-France,59
27112,Breteuil,periurbain,periurbain_Normandie,Normandie,27
33527,Le Teich,periurbain,periurbain_Nouvelle-Aquitaine,Nouvelle-Aquitaine,33
12174,Olemps,periurbain,periurbain_Occitanie,Occitanie,12
49021,Beaufort-en-Anjou,periurbain,periurbain_Pays de la Loire,Pays de la Loire,49
13084,La Roque-d'Anthéron,periurbain,periurbain_Provence-Alpes-Côte d'Azur,Provence-Alpes-Côte d'Azur,13
95229,Ézanville,periurbain,periurbain_Île-de-France,Île-de-France,95
63308,Royat,periurbain,periurbain_Auvergne-Rhône-Alpes,Auvergne-Rhône-Alpes,63
58059,La Charité-sur-Loire,periurbain,periurbain_Bourgogne-Franche-Comté,Bourgogne-Franche-Comté,58
56053,Elven,periurbain,periurbain_Bretagne,Bretagne,56
28422,Les Villages Vovéens,periurbain,periurbain_Centre-Val de Loire,Centre-Val de Loire,28
51506,Saint-Memmie,periurbain,periurbain_Grand Est,Grand Est,51
59314,Hornaing,periurbain,periurbain_Hauts-de-France,Hauts-de-France,59
76258,Terres-de-Caux,periurbain,periurbain_Normandie,Normandie,76
24098,Champcevinel,periurbain,periurbain_Nouvelle-Aquitaine,Nouvelle-Aquitaine,24
09324,Varilhes,periurbain,periurbain_Occitanie,Occitanie,09
44066,Grandchamp-des-Fontaines,periurbain,periurbain_Pays de la Loire,Pays de la Loire,44
83064,Garéoult,periurbain,periurbain_Provence-Alpes-Côte d'Azur,Provence-Alpes-Côte d'Azur,83
95392,Mériel,periurbain,periurbain_Île-de-France,Île-de-France,95
73029,Barberaz,periurbain,periurbain_Auvergne-Rhône-Alpes,Auvergne-Rhône-Alpes,73
71047,Bourbon-Lancy,periurbain,periurbain_Bourgogne-Franche-Comté,Bourgogne-Franche-Comté,71
29178,Ploudalmézeau,periurbain,periurbain_Bretagne,Bretagne,29
36005,Ardentes,periurbain,periurbain_Centre-Val de Loire,Centre-Val de Loire,36
54254,Haucourt-Moulaine,periurbain,periurbain_Grand Est,Grand Est,54
59369,Maing,periurbain,periurbain_Hauts-de-France,Hauts-de-France,59
61464,Sées,periurbain,periurbain_Normandie,Normandie,61
24102,Chancelade,periurbain,periurbain_Nouvelle-Aquitaine,Nouvelle-Aquitaine,24
30141,Laudun-l'Ardoise,periurbain,periurbain_Occitanie,Occitanie,30
49063,Chalonnes-sur-Loire,periurbain,periurbain_Pays de la Loire,Pays de la Loire,49
84133,La Tour-d'Aigues,periurbain,periurbain_Provence-Alpes-Côte d'Azur,Provence-Alpes-Côte d'Azur,84
95480,Parmain,periurbain,periurbain_Île-de-France,Île-de-France,95
73030,Barby,periurbain,periurbain_Auvergne-Rhône-Alpes,Auvergne-Rhône-Alpes,73
21295,Gevrey-Chambertin,periurbain,periurbain_Bourgogne-Franche-Comté,Bourgogne-Franche-Comté,21
29174,Plonéour-Lanvern,periurbain,periurbain_Bretagne,Bretagne,29
28214,La Loupe,periurbain,periurbain_Centre-Val de Loire,Centre-Val de Loire,28
54261,Herserange,periurbain,periurbain_Grand Est,Grand Est,54
59390,Masny,periurbain,periurbain_Hauts-de-France,Hauts-de-France,59
61145,Domfront en Poiraie,periurbain,periurbain_Normandie,Normandie,61
24138,Coulounieix-Chamiers,periurbain,periurbain_Nouvelle-Aquitaine,Nouvelle-Aquitaine,24
81021,Aussillon,periurbain,periurbain_Occitanie,Occitanie,81
44073,Héric,periurbain,periurbain_Pays de la Loire,Pays de la Loire,44
83087,Nans-les-Pins,periurbain,periurbain_Provence-Alpes-Côte d'Azur,Provence-Alpes-Côte d'Azur,83
95574,Saint-Prix,periurbain,periurbain_Île-de-France,Île-de-France,95
73031,Bassens,periurbain,periurbain_Auvergne-Rhône-Alpes,Auvergne-Rhône-Alpes,73
25356,Maîche,periurbain,periurbain_Bourgogne-Franche-Comté,Bourgogne-Franche-Comté,25
35239,Retiers,periurbain,periurbain_Bretagne,Bretagne,35
18087,Dun-sur-Auron,periurbain,periurbain_Centre-Val de Loire,Centre-Val de Loire,18
54314,Lexy,periurbain,periurbain_Grand Est,Grand Est,54
59447,Onnaing,periurbain,periurbain_Hauts-de-France,Hauts-de-France,59
14191,Courseulles-sur-Mer,periurbain,periurbain_Normandie,Normandie,14
24256,Marsac-sur-l'Isle,periurbain,periurbain_Nouvelle-Aquitaine,Nouvelle-Aquitaine,24
81163,Mazamet,periurbain,periurbain_Occitanie,Occitanie,81
85090,Sèvremont,periurbain,periurbain_Pays de la Loire,Pays de la Loire,85
13082,Rognes,periurbain,periurbain_Provence-Alpes-Côte d'Azur,Provence-Alpes-Côte d'Azur,13
77513,Villenoy,periurbain,periurbain_Île-de-France,Île-de-France,77
73051,Le Bourget-du-Lac,periurbain,periurbain_Auvergne-Rhône-Alpes,Auvergne-Rhône-Alpes,73
25434,Ornans,periurbain,periurbain_Bourgogne-Franche-Comté,Bourgogne-Franche-Comté,25
56010,Baud,periurbain,periurbain_Bretagne,Bretagne,56
45098,Cléry-Saint-André,periurbain,periurbain_Centre-Val de Loire,Centre-Val de Loire,45
54382,Mont-Saint-Martin,periurbain,periurbain_Grand Est,Grand Est,54
59479,Quarouble,periurbain,periurbain_Hauts-de-France,Hauts-de-France,59
50139,Condé-sur-Vire,periurbain,periurbain_Normandie,Normandie,50
24557,Trélissac,periurbain,periurbain_Nouvelle-Aquitaine,Nouvelle-Aquitaine,24
46224,Pradines,periurbain,periurbain_Occitanie,Occitanie,46
49200,Longuenée-en-Anjou,periurbain,periurbain_Pays de la Loire,Pays de la Loire,49
04242,Villeneuve,periurbain,periurbain_Provence-Alpes-Côte d'Azur,Provence-Alpes-Côte d'Azur,04
77018,Bailly-Romainvilliers,periurbain,periurbain_Île-de-France,Île-de-France,77
73064,Challes-les-Eaux,periurbain,periurbain_Auvergne-Rhône-Alpes,Auvergne-Rhône-Alpes,73
89345,Saint-Florentin,periurbain,periurbain_Bourgogne-Franche-Comté,Bourgogne-Franche-Comté,89
35085,Combourg,periurbain,periurbain_Bretagne,Bretagne,35
45327,Traînou,periurbain,periurbain_Centre-Val de Loire,Centre-Val de Loire,45
54451,Réhon,periurbain,periurbain_Grand Est,Grand Est,54
59484,Quiévrechain,periurbain,periurbain_Hauts-de-France,Hauts-de-France,59
76222,Duclair,periurbain,periurbain_Normandie,Normandie,76
24340,Prigonrieux,periurbain,periurbain_Nouvelle-Aquitaine,Nouvelle-Aquitaine,24
11202,Leucate,periurbain,periurbain_Occitanie,Occitanie,11
85019,Bellevigny,periurbain,periurbain_Pays de la Loire,Pays de la Loire,85
83104,Rians,periurbain,periurbain_Provence-Alpes-Côte d'Azur,Provence-Alpes-Côte d'Azur,83
77142,Crécy-la-Chapelle,periurbain,periurbain_Île-de-France,Île-de-France,77
73087,Cognin,periurbain,periurbain_Auvergne-Rhône-Alpes,Auvergne-Rhône-Alpes,73
21603,Semur-en-Auxois,periurbain,periurbain_Bourgogne-Franche-Comté,Bourgogne-Franche-Comté,21
35120,Gévezé,periurbain,periurbain_Bretagne,Bretagne,35
41150,Mont-près-Chambord,periurbain,periurbain_Centre-Val de Loire,Centre-Val de Loire,41
68126,Hégenheim,periurbain,periurbain_Grand Est,Grand Est,68
59504,Rœulx,periurbain,periurbain_Hauts-de-France,Hauts-de-France,59
27103,Bourg-Achard,periurbain,periurbain_Normandie,Normandie,27
33324,Pineuilh,periurbain,periurbain_Nouvelle-Aquitaine,Nouvelle-Aquitaine,33
81060,Carmaux,periurbain,periurbain_Occitanie,Occitanie,81
44155,Saint-Colomban,periurbain,periurbain_Pays de la Loire,Pays de la Loire,44
05070,Laragne-Montéglin,periurbain,periurbain_Provence-Alpes-Côte d'Azur,Provence-Alpes-Côte d'Azur,05
77171,Esbly,periurbain,periurbain_Île-de-France,Île-de-France,77
73128,Grésy-sur-Aix,periurbain,periurbain_Auvergne-Rhône-Alpes,Auvergne-Rhône-Alpes,73
39434,Poligny,periurbain,periurbain_Bourgogne-Franche-Comté,Bourgogne-Franche-Comté,39
56166,Plouay,periurbain,periurbain_Bretagne,Bretagne,56
28196,Illiers-Combray,periurbain,periurbain_Centre-Val de Loire,Centre-Val de Loire,28
88009,Anould,periurbain,periurbain_Grand Est,Grand Est,88
59564,La Sentinelle,periurbain,periurbain_Hauts-de-France,Hauts-de-France,59
27507,Saint-André-de-l'Eure,periurbain,periurbain_Normandie,Normandie,27
40202,Narrosse,periurbain,periurbain_Nouvelle-Aquitaine,Nouvelle-Aquitaine,40
34299,Sérignan,periurbain,periurbain_Occitanie,Occitanie,34
49377,Rives-du-Loir-en-Anjou,periurbain,periurbain_Pays de la Loire,Pays de la Loire,49
06118,Saint-Cézaire-sur-Siagne,periurbain,periurbain_Provence-Alpes-Côte d'Azur,Provence-Alpes-Côte d'Azur,06
77268,Magny-le-Hongre,periurbain,periurbain_Île-de-France,Île-de-France,77
73137,Jacob-Bellecombette,periurbain,periurbain_Auvergne-Rhône-Alpes,Auvergne-Rhône-Alpes,73
39013,Arbois,periurbain,periurbain_Bourgogne-Franche-Comté,Bourgogne-Franche-Comté,39
56067,Grand-Champ,periurbain,periurbain_Bretagne,Bretagne,56
18108,La Guerche-sur-l'Aubois,periurbain,periurbain_Centre-Val de Loire,Centre-Val de Loire,18
57224,Folschviller,periurbain,periurbain_Grand Est,Grand Est,57
59603,Trith-Saint-Léger,periurbain,periurbain_Hauts-de-France,Hauts-de-France,59
50236,La Haye,periurbain,periurbain_Normandie,Normandie,50
40283,Saint-Vincent-de-Paul,periurbain,periurbain_Nouvelle-Aquitaine,Nouvelle-Aquitaine,40
66049,Céret,periurbain,periurbain_Occitanie,Occitanie,66
72180,Mamers,periurbain,periurbain_Pays de la Loire,Pays de la Loire,72
04116,Les Mées,periurbain,periurbain_Provence-Alpes-Côte d'Azur,Provence-Alpes-Côte d'Azur,04
77315,Montry,periurbain,periurbain_Île-de-France,Île-de-France,77
73151,Porte-de-Savoie,periurbain,periurbain_Auvergne-Rhône-Alpes,Auvergne-Rhône-Alpes,73
39470,Les Rousses,periurbain,periurbain_Bourgogne-Franche-Comté,Bourgogne-Franche-Comté,39
35095,Dol-de-Bretagne,periurbain,periurbain_Bretagne,Bretagne,35
45087,Châtillon-sur-Loire,periurbain,periurbain_Centre-Val de Loire,Centre-Val de Loire,45
68058,Buhl,periurbain,periurbain_Grand Est,Grand Est,68
59632,Wallers,periurbain,periurbain_Hauts-de-France,Hauts-de-France,59
76655,Saint-Valery-en-Caux,periurbain,periurbain_Normandie,Normandie,76
47215,Pujols,periurbain,periurbain_Nouvelle-Aquitaine,Nouvelle-Aquitaine,47
46102,Figeac,periurbain,periurbain_Occitanie,Occitanie,46
53096,Ernée,periurbain,periurbain_Pays de la Loire,Pays de la Loire,53
13059,Meyrargues,periurbain,periurbain_Provence-Alpes-Côte d'Azur,Provence-Alpes-Côte d'Azur,13
77382,Quincy-Voisins,periurbain,periurbain_Île-de-France,Île-de-France,77
73213,La Ravoire,periurbain,periurbain_Auvergne-Rhône-Alpes,Auvergne-Rhône-Alpes,73
58160,Marzy,periurbain,periurbain_Bourgogne-Franche-Comté,Bourgogne-Franche-Comté,58
35297,Saint-Méen-le-Grand,periurbain,periurbain_Bretagne,Bretagne,35
45179,Lailly-en-Val,periurbain,periurbain_Centre-Val de Loire,Centre-Val de Loire,45
68156,Issenheim,periurbain,periurbain_Grand Est,Grand Est,68
80131,Boves,periurbain,periurbain_Hauts-de-France,Hauts-de-France,80
27638,Le Thuit de l'Oison,periurbain,periurbain_Normandie,Normandie,27
47252,Sainte-Livrade-sur-Lot,periurbain,periurbain_Nouvelle-Aquitaine,Nouvelle-Aquitaine,47
65059,Bagnères-de-Bigorre,periurbain,periurbain_Occitanie,Occitanie,65
44098,Missillac,periurbain,periurbain_Pays de la Loire,Pays de la Loire,44
06136,Sospel,periurbain,periurbain_Provence-Alpes-Côte d'Azur,Provence-Alpes-Côte d'Azur,06
77413,Saint-Germain-sur-Morin,periurbain,periurbain_Île-de-France,Île-de-France,77
73222,Saint-Alban-Leysse,periurbain,periurbain_Auvergne-Rhône-Alpes,Auvergne-Rhône-Alpes,73
89460,Villeneuve-la-Guyard,periurbain,periurbain_Bourgogne-Franche-Comté,Bourgogne-Franche-Comté,89
29004,Bannalec,periurbain,periurbain_Bretagne,Bretagne,29
68315,Soultz-Haut-Rhin,periurbain,periurbain_Grand Est,Grand Est,68
80164,Camon,periurbain,periurbain_Hauts-de-France,Hauts-de-France,80
14752,Villers-Bocage,periurbain,periurbain_Normandie,Normandie,14
40281,Saint-Pierre-du-Mont,periurbain,periurbain_Nouvelle-Aquitaine,Nouvelle-Aquitaine,40
34028,Bédarieux,periurbain,periurbain_Occitanie,Occitanie,34
72124,Écommoy,periurbain,periurbain_Pays de la Loire,Pays de la Loire,72
06130,Saint-Vallier-de-Thiey,periurbain,periurbain_Provence-Alpes-Côte d'Azur,Provence-Alpes-Côte d'Azur,06
95052,Beaumont-sur-Oise,periurbain,periurbain_Île-de-France,Île-de-France,95
01281,Ornex,periurbain,periurbain_Auvergne-Rhône-Alpes,Auvergne-Rhône-Alpes,01
89309,Pont-sur-Yonne,periurbain,periurbain_Bourgogne-Franche-Comté,Bourgogne-Franche-Comté,89
35208,Orgères,periurbain,periurbain_Bretagne,Bretagne,35
54263,Homécourt,periurbain,periurbain_Grand Est,Grand Est,54
80489,Longueau,periurbain,periurbain_Hauts-de-France,Hauts-de-France,80
27279,Gasny,periurbain,periurbain_Normandie,Normandie,27
86174,Naintré,periurbain,periurbain_Nouvelle-Aquitaine,Nouvelle-Aquitaine,86
09122,Foix,periurbain,periurbain_Occitanie,Occitanie,09
44082,Ligné,periurbain,periurbain_Pays de la Loire,Pays de la Loire,44
83057,Flassans-sur-Issole,periurbain,periurbain_Provence-Alpes-Côte d'Azur,Provence-Alpes-Côte d'Azur,83
77482,Varennes-sur-Seine,periurbain,periurbain_Île-de-France,Île-de-France,77
01313,Prévessin-Moëns,periurbain,periurbain_Auvergne-Rhône-Alpes,Auvergne-Rhône-Alpes,01
58151,La Machine,periurbain,periurbain_Bourgogne-Franche-Comté,Bourgogne-Franche-Comté,58
35125,La Guerche-de-Bretagne,periurbain,periurbain_Bretagne,Bretagne,35
57620,Sainte-Marie-aux-Chênes,periurbain,periurbain_Grand Est,Grand Est,57
80674,Rivery,periurbain,periurbain_Hauts-de-France,Hauts-de-France,80
27226,Étrépagny,periurbain,periurbain_Normandie,Normandie,27
17146,Échillais,periurbain,periurbain_Nouvelle-Aquitaine,Nouvelle-Aquitaine,17
30179,Montfrin,periurbain,periurbain_Occitanie,Occitanie,30
85089,La Ferrière,periurbain,periurbain_Pays de la Loire,Pays de la Loire,85
13038,Fontvieille,periurbain,periurbain_Provence-Alpes-Côte d'Azur,Provence-Alpes-Côte d'Azur,13
77176,Faremoutiers,periurbain,periurbain_Île-de-France,Île-de-France,77
01419,Thoiry,periurbain,periurbain_Auvergne-Rhône-Alpes,Auvergne-Rhône-Alpes,01
58134,Imphy,periurbain,periurbain_Bourgogne-Franche-Comté,Bourgogne-Franche-Comté,58
22172,Plancoët,periurbain,periurbain_Bretagne,Bretagne,22
54174,Écrouves,periurbain,periurbain_Grand Est,Grand Est,54
80725,Salouël,periurbain,periurbain_Hauts-de-France,Hauts-de-France,80
14689,Thury-Harcourt-le-Hom,periurbain,periurbain_Normandie,Normandie,14
17449,Tonnay-Charente,periurbain,periurbain_Nouvelle-Aquitaine,Nouvelle-Aquitaine,17
30334,Uzès,periurbain,periurbain_Occitanie,Occitanie,30
72231,Parigné-l'Évêque,periurbain,periurbain_Pays de la Loire,Pays de la Loire,72
05179,Veynes,periurbain,periurbain_Provence-Alpes-Côte d'Azur,Provence-Alpes-Côte d'Azur,05
77320,Mouroux,periurbain,periurbain_Île-de-France,Île-de-France,77
74008,Ambilly,periurbain,periurbain_Auvergne-Rhône-Alpes,Auvergne-Rhône-Alpes,74
89013,Appoigny,periurbain,periurbain_Bourgogne-Franche-Comté,Bourgogne-Franche-Comté,89
29274,Scaër,periurbain,periurbain_Bretagne,Bretagne,29
55043,Belleville-sur-Meuse,periurbain,periurbain_Grand Est,Grand Est,55
59272,Grand-Fort-Philippe,periurbain,periurbain_Hauts-de-France,Hauts-de-France,59
14370,Le Molay-Littry,periurbain,periurbain_Normandie,Normandie,14
33393,Saint-Denis-de-Pile,periurbain,periurbain_Nouvelle-Aquitaine,Nouvelle-Aquitaine,33
30155,Manduel,periurbain,periurbain_Occitanie,Occitanie,30
44120,Le Pellerin,periurbain,periurbain_Pays de la Loire,Pays de la Loire,44
13065,Mouriès,periurbain,periurbain_Provence-Alpes-Côte d'Azur,Provence-Alpes-Côte d'Azur,13
77371,Pommeuse,periurbain,periurbain_Île-de-France,Île-de-France,77
74040,Bonne,periurbain,periurbain_Auvergne-Rhône-Alpes,Auvergne-Rhône-Alpes,74
89055,Brienon-sur-Armançon,periurbain,periurbain_Bourgogne-Franche-Comté,Bourgogne-Franche-Comté,89
22194,Plestin-les-Grèves,periurbain,periurbain_Bretagne,Bretagne,22
55505,Thierville-sur-Meuse,periurbain,periurbain_Grand Est,Grand Est,55
60342,Laigneville,periurbain,periurbain_Hauts-de-France,Hauts-de-France,60
50402,Les Pieux,periurbain,periurbain_Normandie,Normandie,50
47233,Sainte-Bazeille,periurbain,periurbain_Nouvelle-Aquitaine,Nouvelle-Aquitaine,47
30211,Redessan,periurbain,periurbain_Occitanie,Occitanie,30
85096,La Garnache,periurbain,periurbain_Pays de la Loire,Pays de la Loire,85
83032,Carcès,periurbain,periurbain_Provence-Alpes-Côte d'Azur,Provence-Alpes-Côte d'Azur,83
77079,Champagne-sur-Seine,periurbain,periurbain_Île-de-France,Île-de-France,77
74082,Collonges-sous-Salève,periurbain,periurbain_Auvergne-Rhône-Alpes,Auvergne-Rhône-Alpes,74
35139,Laillé,periurbain,periurbain_Bretagne,Bretagne,35
54483,Saint-Nicolas-de-Port,periurbain,periurbain_Grand Est,Grand Est,54
60360,Liancourt,periurbain,periurbain_Hauts-de-France,Hauts-de-France,60
76591,Saint-Jacques-sur-Darnétal,periurbain,periurbain_Normandie,Normandie,76
33019,Audenge,periurbain,periurbain_Nouvelle-Aquitaine,Nouvelle-Aquitaine,33
34079,Clermont-l'Hérault,periurbain,periurbain_Occitanie,Occitanie,34
44179,Saint-Mars-du-Désert,periurbain,periurbain_Pays de la Loire,Pays de la Loire,44
84147,Villelaure,periurbain,periurbain_Provence-Alpes-Côte d'Azur,Provence-Alpes-Côte d'Azur,84
77419,Saint-Mammès,periurbain,periurbain_Île-de-France,Île-de-France,77
74094,Cranves-Sales,periurbain,periurbain_Auvergne-Rhône-Alpes,Auvergne-Rhône-Alpes,74
35257,Maen Roch,periurbain,periurbain_Bretagne,Bretagne,35
54549,Varangéville,periurbain,periurbain_Grand Est,Grand Est,54
60513,Précy-sur-Oise,periurbain,periurbain_Hauts-de-France,Hauts-de-France,60
50582,Sourdeval,periurbain,periurbain_Normandie,Normandie,50
33229,Lanton,periurbain,periurbain_Nouvelle-Aquitaine,Nouvelle-Aquitaine,33
66210,Thuir,periurbain,periurbain_Occitanie,Occitanie,66
49176,Le Lion-d'Angers,periurbain,periurbain_Pays de la Loire,Pays de la Loire,49
04230,Valensole,periurbain,periurbain_Provence-Alpes-Côte d'Azur,Provence-Alpes-Côte d'Azur,04
77463,Thomery,periurbain,periurbain_Île-de-France,Île-de-France,77
74128,Fillinges,periurbain,periurbain_Auvergne-Rhône-Alpes,Auvergne-Rhône-Alpes,74
29199,Plouigneau,periurbain,periurbain_Bretagne,Bretagne,29
54580,Villerupt,periurbain,periurbain_Grand Est,Grand Est,54
60584,Saint-Leu-d'Esserent,periurbain,periurbain_Hauts-de-France,Hauts-de-France,60
61508,Vimoutiers,periurbain,periurbain_Normandie,Normandie,61
79202,Parthenay,periurbain,periurbain_Nouvelle-Aquitaine,Nouvelle-Aquitaine,79
31263,Lagardelle-sur-Lèze,periurbain,periurbain_Occitanie,Occitanie,31
44175,Saint-Lyphard,periurbain,periurbain_Pays de la Loire,Pays de la Loire,44
84017,Bédoin,periurbain,periurbain_Provence-Alpes-Côte d'Azur,Provence-Alpes-Côte d'Azur,84
77431,Saint-Pierre-lès-Nemours,periurbain,periurbain_Île-de-France,Île-de-France,77
74211,Pers-Jussy,periurbain,periurbain_Auvergne-Rhône-Alpes,Auvergne-Rhône-Alpes,74
56143,Muzillac,periurbain,periurbain_Bretagne,Bretagne,56
57038,Audun-le-Tiche,periurbain,periurbain_Grand Est,Grand Est,57
59033,Aulnoye-Aymeries,periurbain,periurbain_Hauts-de-France,Hauts-de-France,59
33227,Langon,periurbain,periurbain_Nouvelle-Aquitaine,Nouvelle-Aquitaine,33
31574,Vernet,periurbain,periurbain_Occitanie,Occitanie,31
44133,Port-Saint-Père,periurbain,periurbain_Pays de la Loire,Pays de la Loire,44
05040,Chorges,periurbain,periurbain_Provence-Alpes-Côte d'Azur,Provence-Alpes-Côte d'Azur,05
78380,Maule,periurbain,periurbain_Île-de-France,Île-de-France,78
74220,Reignier-Ésery,periurbain,periurbain_Auvergne-Rhône-Alpes,Auvergne-Rhône-Alpes,74
56248,Surzur,periurbain,periurbain_Bretagne,Bretagne,56
88158,Éloyes,periurbain,periurbain_Grand Est,Grand Est,88
59068,Berlaimont,periurbain,periurbain_Hauts-de-France,Hauts-de-France,59
64393,Monein,periurbain,periurbain_Nouvelle-Aquitaine,Nouvelle-Aquitaine,64
34087,Cournonsec,periurbain,periurbain_Occitanie,Occitanie,34
85155,Mouilleron-le-Captif,periurbain,periurbain_Pays de la Loire,Pays de la Loire,85
83012,Barjols,periurbain,periurbain_Provence-Alpes-Côte d'Azur,Provence-Alpes-Côte d'Azur,83
91226,Étréchy,periurbain,periurbain_Île-de-France,Île-de-France,91
74298,Vétraz-Monthoux,periurbain,periurbain_Auvergne-Rhône-Alpes,Auvergne-Rhône-Alpes,74
35177,La Mézière,periurbain,periurbain_Bretagne,Bretagne,35
88383,Remiremont,periurbain,periurbain_Grand Est,Grand Est,88
59104,Boussois,periurbain,periurbain_Hauts-de-France,Hauts-de-France,59
47106,Fumel,periurbain,periurbain_Nouvelle-Aquitaine,Nouvelle-Aquitaine,47
34088,Cournonterral,periurbain,periurbain_Occitanie,Occitanie,34
49183,Val d'Erdre-Auxence,periurbain,periurbain_Pays de la Loire,Pays de la Loire,49
91330,Lardy,periurbain,periurbain_Île-de-France,Île-de-France,91
74305,Ville-la-Grand,periurbain,periurbain_Auvergne-Rhône-Alpes,Auvergne-Rhône-Alpes,74
22004,Bégard,periurbain,periurbain_Bretagne,Bretagne,22
88415,Saint-Étienne-lès-Remiremont,periurbain,periurbain_Grand Est,Grand Est,88
59225,Feignies,periurbain,periurbain_Hauts-de-France,Hauts-de-France,59
17021,Arvert,periurbain,periurbain_Nouvelle-Aquitaine,Nouvelle-Aquitaine,17
31033,Auterive,periurbain,periurbain_Occitanie,Occitanie,31
85113,L'Île-d'Yeu,periurbain,periurbain_Pays de la Loire,Pays de la Loire,85
77420,Saint-Mard,periurbain,periurbain_Île-de-France,Île-de-France,77
74311,Viuz-en-Sallaz,periurbain,periurbain_Auvergne-Rhône-Alpes,Auvergne-Rhône-Alpes,74
56186,Quiberon,periurbain,periurbain_Bretagne,Bretagne,56
88429,Saint-Nabord,periurbain,periurbain_Grand Est,Grand Est,88
59230,Ferrière-la-Grande,periurbain,periurbain_Hauts-de-France,Hauts-de-France,59
17452,La Tremblade,periurbain,periurbain_Nouvelle-Aquitaine,Nouvelle-Aquitaine,17
34142,Lodève,periurbain,periurbain_Occitanie,Occitanie,34
85300,Venansault,periurbain,periurbain_Pays de la Loire,Pays de la Loire,85
95026,Asnières-sur-Oise,periurbain,periurbain_Île-de-France,Île-de-France,95
74019,Argonay,periurbain,periurbain_Auvergne-Rhône-Alpes,Auvergne-Rhône-Alpes,74
22222,Plouha,periurbain,periurbain_Bretagne,Bretagne,22
54397,Neuves-Maisons,periurbain,periurbain_Grand Est,Grand Est,54
59365,Louvroil,periurbain,periurbain_Hauts-de-France,Hauts-de-France,59
33138,Coutras,periurbain,periurbain_Nouvelle-Aquitaine,Nouvelle-Aquitaine,33
31499,Saint-Lys,periurbain,periurbain_Occitanie,Occitanie,31
44070,La Haie-Fouassière,periurbain,periurbain_Pays de la Loire,Pays de la Loire,44
95149,Chaumontel,periurbain,periurbain_Île-de-France,Île-de-France,95
74026,La Balme-de-Sillingy,periurbain,periurbain_Auvergne-Rhône-Alpes,Auvergne-Rhône-Alpes,74
35133,Iffendic,periurbain,periurbain_Bretagne,Bretagne,35
88408,Rupt-sur-Moselle,periurbain,periurbain_Grand Est,Grand Est,88
59514,Rousies,periurbain,periurbain_Hauts-de-France,Hauts-de-France,59
24294,Montpon-Ménestérol,periurbain,periurbain_Nouvelle-Aquitaine,Nouvelle-Aquitaine,24
31451,Revel,periurbain,periurbain_Occitanie,Occitanie,31
85163,Noirmoutier-en-l'Île,periurbain,periurbain_Pays de la Loire,Pays de la Loire,85
95352,Luzarches,periurbain,periurbain_Île-de-France,Île-de-France,95
74104,Doussard,periurbain,periurbain_Auvergne-Rhône-Alpes,Auvergne-Rhône-Alpes,74
35032,Bourgbarré,periurbain,periurbain_Bretagne,Bretagne,35
88468,Le Thillot,periurbain,periurbain_Grand Est,Grand Est,88
62004,Achicourt,periurbain,periurbain_Hauts-de-France,Hauts-de-France,62
33058,Blaye,periurbain,periurbain_Nouvelle-Aquitaine,Nouvelle-Aquitaine,33
09261,Saint-Girons,periurbain,periurbain_Occitanie,Occitanie,09
85081,Dompierre-sur-Yon,periurbain,periurbain_Pays de la Loire,Pays de la Loire,85
95652,Viarmes,periurbain,periurbain_Île-de-France,Île-de-France,95
74112,Epagny Metz-Tessy,periurbain,periurbain_Auvergne-Rhône-Alpes,Auvergne-Rhône-Alpes,74
35031,La Bouëxière,periurbain,periurbain_Bretagne,Bretagne,35
67176,Gundershoffen,periurbain,periurbain_Grand Est,Grand Est,67
62099,Beaurains,periurbain,periurbain_Hauts-de-France,Hauts-de-France,62
47195,Nérac,periurbain,periurbain_Nouvelle-Aquitaine,Nouvelle-Aquitaine,47
66149,Prades,periurbain,periurbain_Occitanie,Occitanie,66
53119,L'Huisserie,periurbain,periurbain_Pays de la Loire,Pays de la Loire,53
78043,Bailly,periurbain,periurbain_Île-de-France,Île-de-France,78
74213,Poisy,periurbain,periurbain_Auvergne-Rhône-Alpes,Auvergne-Rhône-Alpes,74
35006,Argentré-du-Plessis,periurbain,periurbain_Bretagne,Bretagne,35
67324,Niederbronn-les-Bains,periurbain,periurbain_Grand Est,Grand Est,67
62263,Dainville,periurbain,periurbain_Hauts-de-France,Hauts-de-France,62
79270,Saint-Maixent-l'École,periurbain,periurbain_Nouvelle-Aquitaine,Nouvelle-Aquitaine,79
32160,L'Isle-Jourdain,periurbain,periurbain_Occitanie,Occitanie,32
44030,La Chapelle-des-Marais,periurbain,periurbain_Pays de la Loire,Pays de la Loire,44
78455,Noisy-le-Roi,periurbain,periurbain_Île-de-France,Île-de-France,78
74242,Saint-Jorioz,periurbain,periurbain_Auvergne-Rhône-Alpes,Auvergne-Rhône-Alpes,74
29023,Carantec,periurbain,periurbain_Bretagne,Bretagne,29
67388,Reichshoffen,periurbain,periurbain_Grand Est,Grand Est,67
62744,Sainte-Catherine,periurbain,periurbain_Hauts-de-France,Hauts-de-France,62
17058,Bourcefranc-le-Chapus,periurbain,periurbain_Nouvelle-Aquitaine,Nouvelle-Aquitaine,17
30132,La Grand-Combe,periurbain,periurbain_Occitanie,Occitanie,30
53140,Louverné,periurbain,periurbain_Pays de la Loire,Pays de la Loire,53
78571,Saint-Nom-la-Bretèche,periurbain,periurbain_Île-de-France,Île-de-France,78
74272,Sillingy,periurbain,periurbain_Auvergne-Rhône-Alpes,Auvergne-Rhône-Alpes,74
29190,Plougonvelin,periurbain,periurbain_Bretagne,Bretagne,29
88486,Vagney,periurbain,periurbain_Grand Est,Grand Est,88
59143,La Chapelle-d'Armentières,periurbain,periurbain_Hauts-de-France,Hauts-de-France,59
17219,Marennes-Hiers-Brouage,periurbain,periurbain_Nouvelle-Aquitaine,Nouvelle-Aquitaine,17
12208,Saint-Affrique,periurbain,periurbain_Occitanie,Occitanie,12
72039,Bonnétable,periurbain,periurbain_Pays de la Loire,Pays de la Loire,72
78255,Freneuse,periurbain,periurbain_Île-de-France,Île-de-France,78
07281,Saint-Péray,periurbain,periurbain_Auvergne-Rhône-Alpes,Auvergne-Rhône-Alpes,07
35123,Goven,periurbain,periurbain_Bretagne,Bretagne,35
54273,Jarny,periurbain,periurbain_Grand Est,Grand Est,54
59202,Erquinghem-Lys,periurbain,periurbain_Hauts-de-France,Hauts-de-France,59
19275,Ussel,periurbain,periurbain_Nouvelle-Aquitaine,Nouvelle-Aquitaine,19
31232,Grenade,periurbain,periurbain_Occitanie,Occitanie,31
44216,Vieillevigne,periurbain,periurbain_Pays de la Loire,Pays de la Loire,44
77183,La Ferté-sous-Jouarre,periurbain,periurbain_Île-de-France,Île-de-France,77
26124,Étoile-sur-Rhône,periurbain,periurbain_Auvergne-Rhône-Alpes,Auvergne-Rhône-Alpes,26
29236,Riec-sur-Bélon,periurbain,periurbain_Bretagne,Bretagne,29
68226,Munster,periurbain,periurbain_Grand Est,Grand Est,68
59317,Houplines,periurbain,periurbain_Hauts-de-France,Hauts-de-France,59
24520,Sarlat-la-Canéda,periurbain,periurbain_Nouvelle-Aquitaine,Nouvelle-Aquitaine,24
81070,Coufouleux,periurbain,periurbain_Occitanie,Occitanie,81
85020,Benet,periurbain,periurbain_Pays de la Loire,Pays de la Loire,85
91249,Forges-les-Bains,periurbain,periurbain_Île-de-France,Île-de-France,91
26170,Malissard,periurbain,periurbain_Auvergne-Rhône-Alpes,Auvergne-Rhône-Alpes,26
35251,Saint-Aubin-d'Aubigné,periurbain,periurbain_Bretagne,Bretagne,35
88075,La Bresse,periurbain,periurbain_Grand Est,Grand Est,88
59431,Nieppe,periurbain,periurbain_Hauts-de-France,Hauts-de-France,59
79079,Mauléon,periurbain,periurbain_Nouvelle-Aquitaine,Nouvelle-Aquitaine,79
81220,Rabastens,periurbain,periurbain_Occitanie,Occitanie,81
72176,Le Lude,periurbain,periurbain_Pays de la Loire,Pays de la Loire,72
91338,Limours,periurbain,periurbain_Île-de-France,Île-de-France,91
26313,Saint-Marcel-lès-Valence,periurbain,periurbain_Auvergne-Rhône-Alpes,Auvergne-Rhône-Alpes,26
35245,Romillé,periurbain,periurbain_Bretagne,Bretagne,35
88116,Cornimont,periurbain,periurbain_Grand Est,Grand Est,88
59581,Steenwerck,periurbain,periurbain_Hauts-de-France,Hauts-de-France,59
33240,Lesparre-Médoc,periurbain,periurbain_Nouvelle-Aquitaine,Nouvelle-Aquitaine,33
34202,Pignan,periurbain,periurbain_Occitanie,Occitanie,34
85039,La Bruffière,periurbain,periurbain_Pays de la Loire,Pays de la Loire,85
77037,Bois-le-Roi,periurbain,periurbain_Île-de-France,Île-de-France,77
38318,Pont-Évêque,periurbain,periurbain_Auvergne-Rhône-Alpes,Auvergne-Rhône-Alpes,38
22203,Plœuc-L'Hermitage,periurbain,periurbain_Bretagne,Bretagne,22
57159,Créhange,periurbain,periurbain_Grand Est,Grand Est,57
62040,Arques,periurbain,periurbain_Hauts-de-France,Hauts-de-France,62
24547,Terrasson-Lavilledieu,periurbain,periurbain_Nouvelle-Aquitaine,Nouvelle-Aquitaine,24
82037,Caussade,periurbain,periurbain_Occitanie,Occitanie,82
44014,Le Bignon,periurbain,periurbain_Pays de la Loire,Pays de la Loire,44
77327,Nangis,periurbain,periurbain_Île-de-France,Île-de-France,77
69064,Condrieu,periurbain,periurbain_Auvergne-Rhône-Alpes,Auvergne-Rhône-Alpes,69
35253,Saint-Aubin-du-Cormier,periurbain,periurbain_Bretagne,Bretagne,35
57209,Faulquemont,periurbain,periurbain_Grand Est,Grand Est,57
62139,Blendecques,periurbain,periurbain_Hauts-de-France,Hauts-de-France,62
17347,Saint-Jean-d'Angély,periurbain,periurbain_Nouvelle-Aquitaine,Nouvelle-Aquitaine,17
30321,Sommières,periurbain,periurbain_Occitanie,Occitanie,30
85018,Beauvoir-sur-Mer,periurbain,periurbain_Pays de la Loire,Pays de la Loire,85
77430,Saint-Pathus,periurbain,periurbain_Île-de-France,Île-de-France,77
74164,Marignier,periurbain,periurbain_Auvergne-Rhône-Alpes,Auvergne-Rhône-Alpes,74
22186,Pléneuf-Val-André,periurbain,periurbain_Bretagne,Bretagne,22
68082,Ensisheim,periurbain,periurbain_Grand Est,Grand Est,68
62297,Éperlecques,periurbain,periurbain_Hauts-de-France,Hauts-de-France,62
33498,Salles,periurbain,periurbain_Nouvelle-Aquitaine,Nouvelle-Aquitaine,33
34111,Ganges,periurbain,periurbain_Occitanie,Occitanie,34
44122,Petit-Mars,periurbain,periurbain_Pays de la Loire,Pays de la Loire,44
77458,Souppes-sur-Loing,periurbain,periurbain_Île-de-France,Île-de-France,77
74169,Marnaz,periurbain,periurbain_Auvergne-Rhône-Alpes,Auvergne-Rhône-Alpes,74
35223,Plélan-le-Grand,periurbain,periurbain_Bretagne,Bretagne,35
08362,Rethel,periurbain,periurbain_Grand Est,Grand Est,08
62757,Saint-Martin-lez-Tatinghem,periurbain,periurbain_Hauts-de-France,Hauts-de-France,62
40224,Peyrehorade,periurbain,periurbain_Nouvelle-Aquitaine,Nouvelle-Aquitaine,40
30217,Rochefort-du-Gard,periurbain,periurbain_Occitanie,Occitanie,30
49193,Le May-sur-Èvre,periurbain,periurbain_Pays de la Loire,Pays de la Loire,49
95430,Montsoult,periurbain,periurbain_Île-de-France,Île-de-France,95
74250,Saint-Pierre-en-Faucigny,periurbain,periurbain_Auvergne-Rhône-Alpes,Auvergne-Rhône-Alpes,74
56097,Landévant,periurbain,periurbain_Bretagne,Bretagne,56
68021,Bartenheim,periurbain,periurbain_Grand Est,Grand Est,68
62902,Wizernes,periurbain,periurbain_Hauts-de-France,Hauts-de-France,62
87001,Aixe-sur-Vienne,periurbain,periurbain_Nouvelle-Aquitaine,Nouvelle-Aquitaine,87
34199,Pézenas,periurbain,periurbain_Occitanie,Occitanie,34
85046,La Chaize-le-Vicomte,periurbain,periurbain_Pays de la Loire,Pays de la Loire,85
77182,La Ferté-Gaucher,periurbain,periurbain_Île-de-France,Île-de-France,77
74264,Scionzier,periurbain,periurbain_Auvergne-Rhône-Alpes,Auvergne-Rhône-Alpes,74
56061,La Gacilly,periurbain,periurbain_Bretagne,Bretagne,56
68163,Kembs,periurbain,periurbain_Grand Est,Grand Est,68
60151,Choisy-au-Bac,periurbain,periurbain_Hauts-de-France,Hauts-de-France,60
40001,Aire-sur-l'Adour,periurbain,periurbain_Nouvelle-Aquitaine,Nouvelle-Aquitaine,40
82186,Valence,periurbain,periurbain_Occitanie,Occitanie,82
44161,Saint-Gildas-des-Bois,periurbain,periurbain_Pays de la Loire,Pays de la Loire,44
77349,Othis,periurbain,periurbain_Île-de-France,Île-de-France,77
74278,Thyez,periurbain,periurbain_Auvergne-Rhône-Alpes,Auvergne-Rhône-Alpes,74
29140,Loperhet,periurbain,periurbain_Bretagne,Bretagne,29
88319,Moyenmoutier,periurbain,periurbain_Grand Est,Grand Est,88
60636,Thourotte,periurbain,periurbain_Hauts-de-France,Hauts-de-France,60
64256,Hasparren,periurbain,periurbain_Nouvelle-Aquitaine,Nouvelle-Aquitaine,64
66088,Ille-sur-Têt,periurbain,periurbain_Occitanie,Occitanie,66
49283,Saint-Georges-sur-Loire,periurbain,periurbain_Pays de la Loire,Pays de la Loire,49
95355,Magny-en-Vexin,periurbain,periurbain_Île-de-France,Île-de-France,95
74005,Allinges,periurbain,periurbain_Auvergne-Rhône-Alpes,Auvergne-Rhône-Alpes,74
22054,Erquy,periurbain,periurbain_Bretagne,Bretagne,22
54099,Val de Briey,periurbain,periurbain_Grand Est,Grand Est,54
59428,Neuville-Saint-Rémy,periurbain,periurbain_Hauts-de-France,Hauts-de-France,59
40184,Mimizan,periurbain,periurbain_Nouvelle-Aquitaine,Nouvelle-Aquitaine,40
30034,Bellegarde,periurbain,periurbain_Occitanie,Occitanie,30
72024,La Bazoge,periurbain,periurbain_Pays de la Loire,Pays de la Loire,72
78486,Le Perray-en-Yvelines,periurbain,periurbain_Île-de-France,Île-de-France,78
74119,Évian-les-Bains,periurbain,periurbain_Auvergne-Rhône-Alpes,Auvergne-Rhône-Alpes,74
29209,Plouvien,periurbain,periurbain_Bretagne,Bretagne,29
67021,Barr,periurbain,periurbain_Grand Est,Grand Est,67
59476,Proville,periurbain,periurbain_Hauts-de-France,Hauts-de-France,59
64495,Saint-Pée-sur-Nivelle,periurbain,periurbain_Nouvelle-Aquitaine,Nouvelle-Aquitaine,64
81156,Marssac-sur-Tarn,periurbain,periurbain_Occitanie,Occitanie,81
85071,Commequiers,periurbain,periurbain_Pays de la Loire,Pays de la Loire,85
95388,Menucourt,periurbain,periurbain_Île-de-France,Île-de-France,95
74200,Neuvecelle,periurbain,periurbain_Auvergne-Rhône-Alpes,Auvergne-Rhône-Alpes,74
35219,Pipriac,periurbain,periurbain_Bretagne,Bretagne,35
88196,Gérardmer,periurbain,periurbain_Grand Est,Grand Est,88
62261,Cucq,periurbain,periurbain_Hauts-de-France,Hauts-de-France,62
86070,Chauvigny,periurbain,periurbain_Nouvelle-Aquitaine,Nouvelle-Aquitaine,86
09160,Lavelanet,periurbain,periurbain_Occitanie,Occitanie,09
85238,Saint-Laurent-sur-Sèvre,periurbain,periurbain_Pays de la Loire,Pays de la Loire,85
91390,Le Mérévillois,periurbain,periurbain_Île-de-France,Île-de-France,91
74218,Publier,periurbain,periurbain_Auvergne-Rhône-Alpes,Auvergne-Rhône-Alpes,74
35337,Tinténiac,periurbain,periurbain_Bretagne,Bretagne,35
52269,Langres,periurbain,periurbain_Grand Est,Grand Est,52
62571,Merlimont,periurbain,periurbain_Hauts-de-France,Hauts-de-France,62
33108,Castillon-la-Bataille,periurbain,periurbain_Nouvelle-Aquitaine,Nouvelle-Aquitaine,33
30350,Le Vigan,periurbain,periurbain_Occitanie,Occitanie,30
85129,Les Lucs-sur-Boulogne,periurbain,periurbain_Pays de la Loire,Pays de la Loire,85
78537,Saint-Arnoult-en-Yvelines,periurbain,periurbain_Île-de-France,Île-de-France,78
74263,Sciez,periurbain,periurbain_Auvergne-Rhône-Alpes,Auvergne-Rhône-Alpes,74
56247,Sulniac,periurbain,periurbain_Bretagne,Bretagne,56
57323,Hettange-Grande,periurbain,periurbain_Grand Est,Grand Est,57
62688,Rang-du-Fliers,periurbain,periurbain_Hauts-de-France,Hauts-de-France,62
33352,La Réole,periurbain,periurbain_Nouvelle-Aquitaine,Nouvelle-Aquitaine,33
31303,Longages,periurbain,periurbain_Occitanie,Occitanie,31
85262,Saint-Philbert-de-Bouaine,periurbain,periurbain_Pays de la Loire,Pays de la Loire,85
91405,Milly-la-Forêt,periurbain,periurbain_Île-de-France,Île-de-France,91
42069,Commelle-Vernay,periurbain,periurbain_Auvergne-Rhône-Alpes,Auvergne-Rhône-Alpes,42
56066,Gourin,periurbain,periurbain_Bretagne,Bretagne,56
67045,Bischoffsheim,periurbain,periurbain_Grand Est,Grand Est,67
62826,Le Touquet-Paris-Plage,periurbain,periurbain_Hauts-de-France,Hauts-de-France,62
17434,Surgères,periurbain,periurbain_Nouvelle-Aquitaine,Nouvelle-Aquitaine,17
34159,Mireval,periurbain,periurbain_Occitanie,Occitanie,34
44051,Derval,periurbain,periurbain_Pays de la Loire,Pays de la Loire,44
78310,Houdan,periurbain,periurbain_Île-de-France,Île-de-France,78
42071,Le Coteau,periurbain,periurbain_Auvergne-Rhône-Alpes,Auvergne-Rhône-Alpes,42
22343,Trébeurden,periurbain,periurbain_Bretagne,Bretagne,22
67411,Rosheim,periurbain,periurbain_Grand Est,Grand Est,67
02064,Belleu,periurbain,periurbain_Hauts-de-France,Hauts-de-France,02
87187,Saint-Yrieix-la-Perche,periurbain,periurbain_Nouvelle-Aquitaine,Nouvelle-Aquitaine,87
34333,Vic-la-Gardiole,periurbain,periurbain_Occitanie,Occitanie,34
72269,Saint-Calais,periurbain,periurbain_Pays de la Loire,Pays de la Loire,72
77257,Lizy-sur-Ourcq,periurbain,periurbain_Île-de-France,Île-de-France,77
42127,Mably,periurbain,periurbain_Auvergne-Rhône-Alpes,Auvergne-Rhône-Alpes,42
22183,Plémet,periurbain,periurbain_Bretagne,Bretagne,22
67028,Benfeld,periurbain,periurbain_Grand Est,Grand Est,67
60139,Chambly,periurbain,periurbain_Hauts-de-France,Hauts-de-France,60
86137,Loudun,periurbain,periurbain_Nouvelle-Aquitaine,Nouvelle-Aquitaine,86
31107,Carbonne,periurbain,periurbain_Occitanie,Occitanie,31
85190,Rocheservière,periurbain,periurbain_Pays de la Loire,Pays de la Loire,85
77222,Guignes,periurbain,periurbain_Île-de-France,Île-de-France,77
42182,Renaison,periurbain,periurbain_Auvergne-Rhône-Alpes,Auvergne-Rhône-Alpes,42
35040,Breteil,periurbain,periurbain_Bretagne,Bretagne,35
08190,Givet,periurbain,periurbain_Grand Est,Grand Est,08
60172,Coye-la-Forêt,periurbain,periurbain_Hauts-de-France,Hauts-de-France,60
17385,Saint-Pierre-d'Oléron,periurbain,periurbain_Nouvelle-Aquitaine,Nouvelle-Aquitaine,17
34114,Gignac,periurbain,periurbain_Occitanie,Occitanie,34
85034,Bournezeau,periurbain,periurbain_Pays de la Loire,Pays de la Loire,85
91016,Angerville,periurbain,periurbain_Île-de-France,Île-de-France,91
42332,Villerest,periurbain,periurbain_Auvergne-Rhône-Alpes,Auvergne-Rhône-Alpes,42
29101,Landéda,periurbain,periurbain_Bretagne,Bretagne,29
57207,Farébersviller,periurbain,periurbain_Grand Est,Grand Est,57
60282,Gouvieux,periurbain,periurbain_Hauts-de-France,Hauts-de-France,60
24372,Saint-Astier,periurbain,periurbain_Nouvelle-Aquitaine,Nouvelle-Aquitaine,24
82125,Montech,periurbain,periurbain_Occitanie,Occitanie,82
72051,Cérans-Foulletourte,periurbain,periurbain_Pays de la Loire,Pays de la Loire,72
95116,Bruyères-sur-Oise,periurbain,periurbain_Île-de-France,Île-de-France,95
03023,Bellerive-sur-Allier,periurbain,periurbain_Auvergne-Rhône-Alpes,Auvergne-Rhône-Alpes,03
29027,Châteauneuf-du-Faou,periurbain,periurbain_Bretagne,Bretagne,29
88372,Raon-l'Étape,periurbain,periurbain_Grand Est,Grand Est,88
60346,Lamorlaye,periurbain,periurbain_Hauts-de-France,Hauts-de-France,60
33011,Arès,periurbain,periurbain_Nouvelle-Aquitaine,Nouvelle-Aquitaine,33
31202,Fronton,periurbain,periurbain_Occitanie,Occitanie,31
85070,Coëx,periurbain,periurbain_Pays de la Loire,Pays de la Loire,85
77238,Jouarre,periurbain,periurbain_Île-de-France,Île-de-France,77
03094,Creuzier-le-Vieux,periurbain,periurbain_Auvergne-Rhône-Alpes,Auvergne-Rhône-Alpes,03
56151,Noyal-Pontivy,periurbain,periurbain_Bretagne,Bretagne,56
67152,Geispolsheim,periurbain,periurbain_Grand Est,Grand Est,67
59284,Hasnon,periurbain,periurbain_Hauts-de-France,Hauts-de-France,59
86133,Ligugé,periurbain,periurbain_Nouvelle-Aquitaine,Nouvelle-Aquitaine,86
81120,Labruguière,periurbain,periurbain_Occitanie,Occitanie,81
49127,Durtal,periurbain,periurbain_Pays de la Loire,Pays de la Loire,49
77100,Le Châtelet-en-Brie,periurbain,periurbain_Île-de-France,Île-de-France,77
42022,Bonson,periurbain,periurbain_Auvergne-Rhône-Alpes,Auvergne-Rhône-Alpes,42
29162,Pleyben,periurbain,periurbain_Bretagne,Bretagne,29
67544,Wissembourg,periurbain,periurbain_Grand Est,Grand Est,67
59335,Lecelles,periurbain,periurbain_Hauts-de-France,Hauts-de-France,59
33478,Saint-Seurin-sur-l'Isle,periurbain,periurbain_Nouvelle-Aquitaine,Nouvelle-Aquitaine,33
34058,Castries,periurbain,periurbain_Occitanie,Occitanie,34
44117,Le Pallet,periurbain,periurbain_Pays de la Loire,Pays de la Loire,44
78206,Ecquevilly,periurbain,periurbain_Île-de-France,Île-de-France,78
42097,La Fouillouse,periurbain,periurbain_Auvergne-Rhône-Alpes,Auvergne-Rhône-Alpes,42
29030,Cléder,periurbain,periurbain_Bretagne,Bretagne,29
67282,Marlenheim,periurbain,periurbain_Grand Est,Grand Est,67
60007,Agnetz,periurbain,periurbain_Hauts-de-France,Hauts-de-France,60
40273,Saint-Martin-de-Seignanx,periurbain,periurbain_Nouvelle-Aquitaine,Nouvelle-Aquitaine,40
32107,Condom,periurbain,periurbain_Occitanie,Occitanie,32
85295,Treize-Septiers,periurbain,periurbain_Pays de la Loire,Pays de la Loire,85
95504,Presles,periurbain,periurbain_Île-de-France,Île-de-France,95
42222,Saint-Galmier,periurbain,periurbain_Auvergne-Rhône-Alpes,Auvergne-Rhône-Alpes,42
35088,Corps-Nuds,periurbain,periurbain_Bretagne,Bretagne,35
54076,Blainville-sur-l'Eau,periurbain,periurbain_Grand Est,Grand Est,54
60107,Breuil-le-Vert,periurbain,periurbain_Hauts-de-France,Hauts-de-France,60
33042,Belin-Béliet,periurbain,periurbain_Nouvelle-Aquitaine,Nouvelle-Aquitaine,33
31341,Merville,periurbain,periurbain_Occitanie,Occitanie,31
44094,Mauves-sur-Loire,periurbain,periurbain_Pays de la Loire,Pays de la Loire,44
77114,Chevry-Cossigny,periurbain,periurbain_Île-de-France,Île-de-France,77
42304,Sury-le-Comtal,periurbain,periurbain_Auvergne-Rhône-Alpes,Auvergne-Rhône-Alpes,42
29185,Plouescat,periurbain,periurbain_Bretagne,Bretagne,29
54152,Damelevières,periurbain,periurbain_Grand Est,Grand Est,54
59398,Mérignies,periurbain,periurbain_Hauts-de-France,Hauts-de-France,59
86165,Montmorillon,periurbain,periurbain_Nouvelle-Aquitaine,Nouvelle-Aquitaine,86
65235,Juillan,periurbain,periurbain_Occitanie,Occitanie,65
53077,Cossé-le-Vivien,periurbain,periurbain_Pays de la Loire,Pays de la Loire,53
91085,Boissy-sous-Saint-Yon,periurbain,periurbain_Île-de-France,Île-de-France,91
38061,La Buisse,periurbain,periurbain_Auvergne-Rhône-Alpes,Auvergne-Rhône-Alpes,38
22213,Plouër-sur-Rance,periurbain,periurbain_Bretagne,Bretagne,22
68298,Sainte-Marie-aux-Mines,periurbain,periurbain_Grand Est,Grand Est,68
59586,Templeuve-en-Pévèle,periurbain,periurbain_Hauts-de-France,Hauts-de-France,59
19005,Allassac,periurbain,periurbain_Nouvelle-Aquitaine,Nouvelle-Aquitaine,19
66003,Amélie-les-Bains-Palalda,periurbain,periurbain_Occitanie,Occitanie,66
49192,Maulévrier,periurbain,periurbain_Pays de la Loire,Pays de la Loire,49
78003,Ablis,periurbain,periurbain_Île-de-France,Île-de-France,78
38133,Coublevie,periurbain,periurbain_Auvergne-Rhône-Alpes,Auvergne-Rhône-Alpes,38
35033,Bourg-des-Comptes,periurbain,periurbain_Bretagne,Bretagne,35
88304,Mirecourt,periurbain,periurbain_Grand Est,Grand Est,88
60508,Pontpoint,periurbain,periurbain_Hauts-de-France,Hauts-de-France,60
33473,Saint-Savin,periurbain,periurbain_Nouvelle-Aquitaine,Nouvelle-Aquitaine,33
34239,Saint-André-de-Sangonis,periurbain,periurbain_Occitanie,Occitanie,34
53161,Montsûrs,periurbain,periurbain_Pays de la Loire,Pays de la Loire,53
77335,Chauconin-Neufmontiers,periurbain,periurbain_Île-de-France,Île-de-France,77
38239,Moirans,periurbain,periurbain_Auvergne-Rhône-Alpes,Auvergne-Rhône-Alpes,38
22282,Saint-Cast-le-Guildo,periurbain,periurbain_Bretagne,Bretagne,22
08328,Nouzonville,periurbain,periurbain_Grand Est,Grand Est,08
59524,Sainghin-en-Weppes,periurbain,periurbain_Hauts-de-France,Hauts-de-France,59
33327,Podensac,periurbain,periurbain_Nouvelle-Aquitaine,Nouvelle-Aquitaine,33
30047,Bouillargues,periurbain,periurbain_Occitanie,Occitanie,30
49343,La Tessoualle,periurbain,periurbain_Pays de la Loire,Pays de la Loire,49
77437,Saint-Soupplets,periurbain,periurbain_Île-de-France,Île-de-France,77
38332,Renage,periurbain,periurbain_Auvergne-Rhône-Alpes,Auvergne-Rhône-Alpes,38
22266,Rostrenen,periurbain,periurbain_Bretagne,Bretagne,22
88321,Neufchâteau,periurbain,periurbain_Grand Est,Grand Est,88
59653,Wavrin,periurbain,periurbain_Hauts-de-France,Hauts-de-France,59
79062,Cerizay,periurbain,periurbain_Nouvelle-Aquitaine,Nouvelle-Aquitaine,79
31584,Villemur-sur-Tarn,periurbain,periurbain_Occitanie,Occitanie,31
85097,La Gaubretière,periurbain,periurbain_Pays de la Loire,Pays de la Loire,85
95370,Marines,periurbain,periurbain_Île-de-France,Île-de-France,95
38337,Rives,periurbain,periurbain_Auvergne-Rhône-Alpes,Auvergne-Rhône-Alpes,38
22214,Plouézec,periurbain,periurbain_Bretagne,Bretagne,22
08491,Vrigne aux Bois,periurbain,periurbain_Grand Est,Grand Est,08
59005,Allennes-les-Marais,periurbain,periurbain_Hauts-de-France,Hauts-de-France,59
79048,La Crèche,periurbain,periurbain_Nouvelle-Aquitaine,Nouvelle-Aquitaine,79
09306,Tarascon-sur-Ariège,periurbain,periurbain_Occitanie,Occitanie,09
72191,Mayet,periurbain,periurbain_Pays de la Loire,Pays de la Loire,72
77107,Chaumes-en-Brie,periurbain,periurbain_Île-de-France,Île-de-France,77
38400,Saint-Jean-de-Moirans,periurbain,periurbain_Auvergne-Rhône-Alpes,Auvergne-Rhône-Alpes,38
56031,Camors,periurbain,periurbain_Bretagne,Bretagne,56
55291,Ligny-en-Barrois,periurbain,periurbain_Grand Est,Grand Est,55
60439,Mouy,periurbain,periurbain_Hauts-de-France,Hauts-de-France,60
40233,Pouillon,periurbain,periurbain_Nouvelle-Aquitaine,Nouvelle-Aquitaine,40
11429,Villemoustaussou,periurbain,periurbain_Occitanie,Occitanie,11
49355,Trémentines,periurbain,periurbain_Pays de la Loire,Pays de la Loire,49
91111,Briis-sous-Forges,periurbain,periurbain_Île-de-France,Île-de-France,91
38348,Ruy-Montceau,periurbain,periurbain_Auvergne-Rhône-Alpes,Auvergne-Rhône-Alpes,38
29266,Saint-Thégonnec Loc-Eguiner,periurbain,periurbain_Bretagne,Bretagne,29
67372,Val-de-Moder,periurbain,periurbain_Grand Est,Grand Est,67
59168,Cysoing,periurbain,periurbain_Hauts-de-France,Hauts-de-France,59
79109,Échiré,periurbain,periurbain_Nouvelle-Aquitaine,Nouvelle-Aquitaine,79
30062,Calvisson,periurbain,periurbain_Occitanie,Occitanie,30
49160,Ingrandes-le-Fresne-sur-Loire,periurbain,periurbain_Pays de la Loire,Pays de la Loire,49
77005,Annet-sur-Marne,periurbain,periurbain_Île-de-France,Île-de-France,77
01289,Péronnas,periurbain,periurbain_Auvergne-Rhône-Alpes,Auvergne-Rhône-Alpes,01
68162,Kaysersberg Vignoble,periurbain,periurbain_Grand Est,Grand Est,68
80016,Albert,periurbain,periurbain_Hauts-de-France,Hauts-de-France,80
33029,Le Barp,periurbain,periurbain_Nouvelle-Aquitaine,Nouvelle-Aquitaine,33
12096,Espalion,periurbain,periurbain_Occitanie,Occitanie,12
85294,La Tranche-sur-Mer,periurbain,periurbain_Pays de la Loire,Pays de la Loire,85
77042,Boissy-le-Châtel,periurbain,periurbain_Île-de-France,Île-de-France,77
01344,Saint-Denis-lès-Bourg,periurbain,periurbain_Auvergne-Rhône-Alpes,Auvergne-Rhône-Alpes,01
08363,Revin,periurbain,periurbain_Grand Est,Grand Est,08
62057,Audruicq,periurbain,periurbain_Hauts-de-France,Hauts-de-France,62
79195,Nueil-les-Aubiers,periurbain,periurbain_Nouvelle-Aquitaine,Nouvelle-Aquitaine,79
32132,Fleurance,periurbain,periurbain_Occitanie,Occitanie,32
85160,Nesmy,periurbain,periurbain_Pays de la Loire,Pays de la Loire,85
77493,Verneuil-l'Étang,periurbain,periurbain_Île-de-France,Île-de-France,77
01451,Viriat,periurbain,periurbain_Auvergne-Rhône-Alpes,Auvergne-Rhône-Alpes,01
10268,Nogent-sur-Seine,periurbain,periurbain_Grand Est,Grand Est,10
02381,Hirson,periurbain,periurbain_Hauts-de-France,Hauts-de-France,02
87002,Ambazac,periurbain,periurbain_Nouvelle-Aquitaine,Nouvelle-Aquitaine,87
31135,Cazères,periurbain,periurbain_Occitanie,Occitanie,31
77175,Évry-Grégy-sur-Yerre,periurbain,periurbain_Île-de-France,Île-de-France,77
07319,Le Teil,periurbain,periurbain_Auvergne-Rhône-Alpes,Auvergne-Rhône-Alpes,07
51250,Fismes,periurbain,periurbain_Grand Est,Grand Est,51
80620,Péronne,periurbain,periurbain_Hauts-de-France,Hauts-de-France,80
17197,Jonzac,periurbain,periurbain_Nouvelle-Aquitaine,Nouvelle-Aquitaine,17
30209,Pujaut,periurbain,periurbain_Occitanie,Occitanie,30
77099,Château-Landon,periurbain,periurbain_Île-de-France,Île-de-France,77
26057,Bourg-de-Péage,periurbain,periurbain_Auvergne-Rhône-Alpes,Auvergne-Rhône-Alpes,26
67202,Hochfelden,periurbain,periurbain_Grand Est,Grand Est,67
62711,Rinxent,periurbain,periurbain_Hauts-de-France,Hauts-de-France,62
33555,Marcheprime,periurbain,periurbain_Nouvelle-Aquitaine,Nouvelle-Aquitaine,33
48092,Marvejols,periurbain,periurbain_Occitanie,Occitanie,48
78233,Feucherolles,periurbain,periurbain_Île-de-France,Île-de-France,78
26088,Chatuzange-le-Goubet,periurbain,periurbain_Auvergne-Rhône-Alpes,Auvergne-Rhône-Alpes,26
67520,Wasselonne,periurbain,periurbain_Grand Est,Grand Est,67
62767,Saint-Pol-sur-Ternoise,periurbain,periurbain_Hauts-de-France,Hauts-de-France,62
40119,Hagetmau,periurbain,periurbain_Nouvelle-Aquitaine,Nouvelle-Aquitaine,40
30006,Aimargues,periurbain,periurbain_Occitanie,Occitanie,30
03101,Domérat,periurbain,periurbain_Auvergne-Rhône-Alpes,Auvergne-Rhône-Alpes,03
57540,Phalsbourg,periurbain,periurbain_Grand Est,Grand Est,57
80212,Corbie,periurbain,periurbain_Hauts-de-France,Hauts-de-France,80
17161,La Flotte,periurbain,periurbain_Nouvelle-Aquitaine,Nouvelle-Aquitaine,17
82134,Nègrepelisse,periurbain,periurbain_Occitanie,Occitanie,82
74236,Saint-Gervais-les-Bains,periurbain,periurbain_Auvergne-Rhône-Alpes,Auvergne-Rhône-Alpes,74
08081,Bogny-sur-Meuse,periurbain,periurbain_Grand Est,Grand Est,08
59481,Le Quesnoy,periurbain,periurbain_Hauts-de-France,Hauts-de-France,59
86157,Mignaloux-Beauvoir,periurbain,periurbain_Nouvelle-Aquitaine,Nouvelle-Aquitaine,86
31358,Montastruc-la-Conseillère,periurbain,periurbain_Occitanie,Occitanie,31
07331,Vals-les-Bains,periurbain,periurbain_Auvergne-Rhône-Alpes,Auvergne-Rhône-Alpes,07
57097,Boulay-Moselle,periurbain,periurbain_Grand Est,Grand Est,57
60338,Lacroix-Saint-Ouen,periurbain,periurbain_Hauts-de-France,Hauts-de-France,60
33036,Bazas,periurbain,periurbain_Nouvelle-Aquitaine,Nouvelle-Aquitaine,33
34259,Saint-Georges-d'Orques,periurbain,periurbain_Occitanie,Occitanie,34
73124,Gilly-sur-Isère,periurbain,periurbain_Auvergne-Rhône-Alpes,Auvergne-Rhône-Alpes,73
88090,Charmes,periurbain,periurbain_Grand Est,Grand Est,88
59036,Avesnes-sur-Helpe,periurbain,periurbain_Hauts-de-France,Hauts-de-France,59
79179,Moncoutant-sur-Sèvre,periurbain,periurbain_Nouvelle-Aquitaine,Nouvelle-Aquitaine,79
30033,Beauvoisin,periurbain,periurbain_Occitanie,Occitanie,30
73154,Mercury,periurbain,periurbain_Auvergne-Rhône-Alpes,Auvergne-Rhône-Alpes,73
88367,Rambervillers,periurbain,periurbain_Grand Est,Grand Est,88
62604,Neufchâtel-Hardelot,periurbain,periurbain_Hauts-de-France,Hauts-de-France,62
33214,Lacanau,periurbain,periurbain_Nouvelle-Aquitaine,Nouvelle-Aquitaine,33
31582,Villefranche-de-Lauragais,periurbain,periurbain_Occitanie,Occitanie,31
38064,Cessieu,periurbain,periurbain_Auvergne-Rhône-Alpes,Auvergne-Rhône-Alpes,38
55122,Commercy,periurbain,periurbain_Grand Est,Grand Est,55
59136,Le Cateau-Cambrésis,periurbain,periurbain_Hauts-de-France,Hauts-de-France,59
40197,Morcenx-la-Nouvelle,periurbain,periurbain_Nouvelle-Aquitaine,Nouvelle-Aquitaine,40
30221,Roquemaure,periurbain,periurbain_Occitanie,Occitanie,30
38148,Dolomieu,periurbain,periurbain_Auvergne-Rhône-Alpes,Auvergne-Rhône-Alpes,38
67151,Gambsheim,periurbain,periurbain_Grand Est,Grand Est,67
59094,Bourbourg,periurbain,periurbain_Hauts-de-France,Hauts-de-France,59
40282,Saint-Sever,periurbain,periurbain_Nouvelle-Aquitaine,Nouvelle-Aquitaine,40
11397,Trèbes,periurbain,periurbain_Occitanie,Occitanie,11
38261,Morestel,periurbain,periurbain_Auvergne-Rhône-Alpes,Auvergne-Rhône-Alpes,38
51030,Aÿ-Champagne,periurbain,periurbain_Grand Est,Grand Est,51
80410,Ham,periurbain,periurbain_Hauts-de-France,Hauts-de-France,80
33424,Saint-Laurent-Médoc,periurbain,periurbain_Nouvelle-Aquitaine,Nouvelle-Aquitaine,33
66144,Pollestres,periurbain,periurbain_Occitanie,Occitanie,66
38377,Saint-Clair-de-la-Tour,periurbain,periurbain_Auvergne-Rhône-Alpes,Auvergne-Rhône-Alpes,38
54322,Longuyon,periurbain,periurbain_Grand Est,Grand Est,54
60581,Saint-Just-en-Chaussée,periurbain,periurbain_Hauts-de-France,Hauts-de-France,60
23176,La Souterraine,periurbain,periurbain_Nouvelle-Aquitaine,Nouvelle-Aquitaine,23
34300,Servian,periurbain,periurbain_Occitanie,Occitanie,34
38509,La Tour-du-Pin,periurbain,periurbain_Auvergne-Rhône-Alpes,Auvergne-Rhône-Alpes,38
68309,Sierentz,periurbain,periurbain_Grand Est,Grand Est,68
60142,La Chapelle-en-Serval,periurbain,periurbain_Hauts-de-France,Hauts-de-France,60
86100,Fontaine-le-Comte,periurbain,periurbain_Nouvelle-Aquitaine,Nouvelle-Aquitaine,86
66024,Le Boulou,periurbain,periurbain_Occitanie,Occitanie,66
43041,Brives-Charensac,periurbain,periurbain_Auvergne-Rhône-Alpes,Auvergne-Rhône-Alpes,43
67222,Ingwiller,periurbain,periurbain_Grand Est,Grand Est,67
60482,Orry-la-Ville,periurbain,periurbain_Hauts-de-France,Hauts-de-France,60
33140,Créon,periurbain,periurbain_Nouvelle-Aquitaine,Nouvelle-Aquitaine,33
65460,Vic-en-Bigorre,periurbain,periurbain_Occitanie,Occitanie,65
43078,Coubon,periurbain,periurbain_Auvergne-Rhône-Alpes,Auvergne-Rhône-Alpes,43
51388,Mourmelon-le-Grand,periurbain,periurbain_Grand Est,Grand Est,51
80368,Friville-Escarbotin,periurbain,periurbain_Hauts-de-France,Hauts-de-France,80
19153,Objat,periurbain,periurbain_Nouvelle-Aquitaine,Nouvelle-Aquitaine,19
34069,Cazouls-lès-Béziers,periurbain,periurbain_Occitanie,Occitanie,34
43089,Espaly-Saint-Marcel,periurbain,periurbain_Auvergne-Rhône-Alpes,Auvergne-Rhône-Alpes,43
10033,Bar-sur-Aube,periurbain,periurbain_Grand Est,Grand Est,10
62268,Desvres,periurbain,periurbain_Hauts-de-France,Hauts-de-France,62
16028,Barbezieux-Saint-Hilaire,periurbain,periurbain_Nouvelle-Aquitaine,Nouvelle-Aquitaine,16
30125,Garons,periurbain,periurbain_Occitanie,Occitanie,30
43251,Vals-près-le-Puy,periurbain,periurbain_Auvergne-Rhône-Alpes,Auvergne-Rhône-Alpes,43
08185,Fumay,periurbain,periurbain_Grand Est,Grand Est,08
80253,Doullens,periurbain,periurbain_Hauts-de-France,Hauts-de-France,80
24352,Ribérac,periurbain,periurbain_Nouvelle-Aquitaine,Nouvelle-Aquitaine,24
34276,Saint-Mathieu-de-Tréviers,periurbain,periurbain_Occitanie,Occitanie,34
03013,Avermes,periurbain,periurbain_Auvergne-Rhône-Alpes,Auvergne-Rhône-Alpes,03
57089,Bitche,periurbain,periurbain_Grand Est,Grand Est,57
80561,Montdidier,periurbain,periurbain_Hauts-de-France,Hauts-de-France,80
47168,Miramont-de-Guyenne,periurbain,periurbain_Nouvelle-Aquitaine,Nouvelle-Aquitaine,47
82190,Verdun-sur-Garonne,periurbain,periurbain_Occitanie,Occitanie,82
63103,Châtel-Guyon,periurbain,periurbain_Auvergne-Rhône-Alpes,Auvergne-Rhône-Alpes,63
68042,Blotzheim,periurbain,periurbain_Grand Est,Grand Est,68
59375,Marchiennes,periurbain,periurbain_Hauts-de-France,Hauts-de-France,59
87011,Bellac,periurbain,periurbain_Nouvelle-Aquitaine,Nouvelle-Aquitaine,87
34147,Magalas,periurbain,periurbain_Occitanie,Occitanie,34
63245,Mozac,periurbain,periurbain_Auvergne-Rhône-Alpes,Auvergne-Rhône-Alpes,63
51662,Witry-lès-Reims,periurbain,periurbain_Grand Est,Grand Est,51
60500,Le Plessis-Belleville,periurbain,periurbain_Hauts-de-France,Hauts-de-France,60
40287,Sanguinet,periurbain,periurbain_Nouvelle-Aquitaine,Nouvelle-Aquitaine,40
09282,Saverdun,periurbain,periurbain_Occitanie,Occitanie,09
15012,Arpajon-sur-Cère,periurbain,periurbain_Auvergne-Rhône-Alpes,Auvergne-Rhône-Alpes,15
88516,Vittel,periurbain,periurbain_Grand Est,Grand Est,88
02095,Bohain-en-Vermandois,periurbain,periurbain_Hauts-de-France,Hauts-de-France,02
64499,Salies-de-Béarn,periurbain,periurbain_Nouvelle-Aquitaine,Nouvelle-Aquitaine,64
81145,Lisle-sur-Tarn,periurbain,periurbain_Occitanie,Occitanie,81
26250,Pont-de-l'Isère,periurbain,periurbain_Auvergne-Rhône-Alpes,Auvergne-Rhône-Alpes,26
67472,Soufflenheim,periurbain,periurbain_Grand Est,Grand Est,67
59663,Wormhout,periurbain,periurbain_Hauts-de-France,Hauts-de-France,59
47052,Casteljaloux,periurbain,periurbain_Nouvelle-Aquitaine,Nouvelle-Aquitaine,47
46127,Gourdon,periurbain,periurbain_Occitanie,Occitanie,46
26271,La Roche-de-Glun,periurbain,periurbain_Auvergne-Rhône-Alpes,Auvergne-Rhône-Alpes,26
51535,Sézanne,periurbain,periurbain_Grand Est,Grand Est,51
80685,Roye,periurbain,periurbain_Hauts-de-France,Hauts-de-France,80
33213,La Brède,periurbain,periurbain_Nouvelle-Aquitaine,Nouvelle-Aquitaine,33
46251,Saint-Céré,periurbain,periurbain_Occitanie,Occitanie,46
26347,Tain-l'Hermitage,periurbain,periurbain_Auvergne-Rhône-Alpes,Auvergne-Rhône-Alpes,26
55463,Saint-Mihiel,periurbain,periurbain_Grand Est,Grand Est,55
62645,Oye-Plage,periurbain,periurbain_Hauts-de-France,Hauts-de-France,62
86293,Vivonne,periurbain,periurbain_Nouvelle-Aquitaine,Nouvelle-Aquitaine,86
66011,Bages,periurbain,periurbain_Occitanie,Occitanie,66
01014,Arbent,periurbain,periurbain_Auvergne-Rhône-Alpes,Auvergne-Rhône-Alpes,01
68269,Ribeauvillé,periurbain,periurbain_Grand Est,Grand Est,68
60088,Bornel,periurbain,periurbain_Hauts-de-France,Hauts-de-France,60
47004,Aiguillon,periurbain,periurbain_Nouvelle-Aquitaine,Nouvelle-Aquitaine,47
34162,Montagnac,periurbain,periurbain_Occitanie,Occitanie,34
01031,Bellignat,periurbain,periurbain_Auvergne-Rhône-Alpes,Auvergne-Rhône-Alpes,01
54157,Dieulouard,periurbain,periurbain_Grand Est,Grand Est,54
59571,Solesmes,periurbain,periurbain_Hauts-de-France,Hauts-de-France,59
87161,Saint-Léonard-de-Noblat,periurbain,periurbain_Nouvelle-Aquitaine,Nouvelle-Aquitaine,87
12052,Capdenac-Gare,periurbain,periurbain_Occitanie,Occitanie,12
38097,Chavanoz,periurbain,periurbain_Auvergne-Rhône-Alpes,Auvergne-Rhône-Alpes,38
54039,Baccarat,periurbain,periurbain_Grand Est,Grand Est,54
59053,Bavay,periurbain,periurbain_Hauts-de-France,Hauts-de-France,59
17093,Le Château-d'Oléron,periurbain,periurbain_Nouvelle-Aquitaine,Nouvelle-Aquitaine,17
66108,Millas,periurbain,periurbain_Occitanie,Occitanie,66
38316,Pont-de-Chéruy,periurbain,periurbain_Auvergne-Rhône-Alpes,Auvergne-Rhône-Alpes,38
57106,Bouzonville,periurbain,periurbain_Grand Est,Grand Est,57
62128,Biache-Saint-Vaast,periurbain,periurbain_Hauts-de-France,Hauts-de-France,62
19073,Égletons,periurbain,periurbain_Nouvelle-Aquitaine,Nouvelle-Aquitaine,19
30082,Clarensac,periurbain,periurbain_Occitanie,Occitanie,30
38507,Tignieu-Jameyzieu,periurbain,periurbain_Auvergne-Rhône-Alpes,Auvergne-Rhône-Alpes,38
67495,Truchtersheim,periurbain,periurbain_Grand Est,Grand Est,67
62773,Samer,periurbain,periurbain_Hauts-de-France,Hauts-de-France,62
17283,Pons,periurbain,periurbain_Nouvelle-Aquitaine,Nouvelle-Aquitaine,17
30206,Poulx,periurbain,periurbain_Occitanie,Occitanie,30
07078,Davézieux,periurbain,periurbain_Auvergne-Rhône-Alpes,Auvergne-Rhône-Alpes,07
67281,Marckolsheim,periurbain,periurbain_Grand Est,Grand Est,67
59462,Phalempin,periurbain,periurbain_Hauts-de-France,Hauts-de-France,59
86222,Saint-Georges-lès-Baillargeaux,periurbain,periurbain_Nouvelle-Aquitaine,Nouvelle-Aquitaine,86
31066,Bessières,periurbain,periurbain_Occitanie,Occitanie,31
42299,Savigneux,periurbain,periurbain_Auvergne-Rhône-Alpes,Auvergne-Rhône-Alpes,42
67073,Châtenois,periurbain,periurbain_Grand Est,Grand Est,67
80799,Villers-Bretonneux,periurbain,periurbain_Hauts-de-France,Hauts-de-France,80
17168,Fouras,periurbain,periurbain_Nouvelle-Aquitaine,Nouvelle-Aquitaine,17
34163,Montarnaud,periurbain,periurbain_Occitanie,Occitanie,34
38315,Le Pont-de-Beauvoisin,periurbain,periurbain_Auvergne-Rhône-Alpes,Auvergne-Rhône-Alpes,38
67339,Betschdorf,periurbain,periurbain_Grand Est,Grand Est,67
60155,Cires-lès-Mello,periurbain,periurbain_Hauts-de-France,Hauts-de-France,60
16281,La Rochefoucauld-en-Angoumois,periurbain,periurbain_Nouvelle-Aquitaine,Nouvelle-Aquitaine,16
48140,Saint-Chély-d'Apcher,periurbain,periurbain_Occitanie,Occitanie,48
69010,L'Arbresle,periurbain,periurbain_Auvergne-Rhône-Alpes,Auvergne-Rhône-Alpes,69
68287,Rouffach,periurbain,periurbain_Grand Est,Grand Est,68
02361,Guise,periurbain,periurbain_Hauts-de-France,Hauts-de-France,02
33203,Hourtin,periurbain,periurbain_Nouvelle-Aquitaine,Nouvelle-Aquitaine,33
31396,Nailloux,periurbain,periurbain_Occitanie,Occitanie,31
38416,Saint-Marcellin,periurbain,periurbain_Auvergne-Rhône-Alpes,Auvergne-Rhône-Alpes,38
51507,Sainte-Menehould,periurbain,periurbain_Grand Est,Grand Est,51
80570,Moreuil,periurbain,periurbain_Hauts-de-France,Hauts-de-France,80
79005,Airvault,periurbain,periurbain_Nouvelle-Aquitaine,Nouvelle-Aquitaine,79
12270,Sévérac d'Aveyron,periurbain,periurbain_Occitanie,Occitanie,12
38559,Vinay,periurbain,periurbain_Auvergne-Rhône-Alpes,Auvergne-Rhône-Alpes,38
08490,Vouziers,periurbain,periurbain_Grand Est,Grand Est,08
59266,Gondecourt,periurbain,periurbain_Hauts-de-France,Hauts-de-France,59
33012,Arsac,periurbain,periurbain_Nouvelle-Aquitaine,Nouvelle-Aquitaine,33
11116,Cuxac-d'Aude,periurbain,periurbain_Occitanie,Occitanie,11
01071,Cessy,periurbain,periurbain_Auvergne-Rhône-Alpes,Auvergne-Rhône-Alpes,01
54415,Pagny-sur-Moselle,periurbain,periurbain_Grand Est,Grand Est,54
60667,Verberie,periurbain,periurbain_Hauts-de-France,Hauts-de-France,60
17337,Saint-Georges-d'Oléron,periurbain,periurbain_Nouvelle-Aquitaine,Nouvelle-Aquitaine,17
34183,Nissan-lez-Enserune,periurbain,periurbain_Occitanie,Occitanie,34
38422,Saint-Martin-d'Uriage,periurbain,periurbain_Auvergne-Rhône-Alpes,Auvergne-Rhône-Alpes,38
57483,Morhange,periurbain,periurbain_Grand Est,Grand Est,57
60223,Estrées-Saint-Denis,periurbain,periurbain_Hauts-de-France,Hauts-de-France,60
79061,Celles-sur-Belle,periurbain,periurbain_Nouvelle-Aquitaine,Nouvelle-Aquitaine,79
34194,Paulhan,periurbain,periurbain_Occitanie,Occitanie,34
38529,Vaulnaveys-le-Haut,periurbain,periurbain_Auvergne-Rhône-Alpes,Auvergne-Rhône-Alpes,38
67212,Holtzheim,periurbain,periurbain_Grand Est,Grand Est,67
59580,Steenvoorde,periurbain,periurbain_Hauts-de-France,Hauts-de-France,59
24311,Nontron,periurbain,periurbain_Nouvelle-Aquitaine,Nouvelle-Aquitaine,24
30128,Générac,periurbain,periurbain_Occitanie,Occitanie,30
38562,Vizille,periurbain,periurbain_Auvergne-Rhône-Alpes,Auvergne-Rhône-Alpes,38
51559,Suippes,periurbain,periurbain_Grand Est,Grand Est,51
62861,Vimy,periurbain,periurbain_Hauts-de-France,Hauts-de-France,62
16292,Ruffec,periurbain,periurbain_Nouvelle-Aquitaine,Nouvelle-Aquitaine,16
32119,Eauze,periurbain,periurbain_Occitanie,Occitanie,32
74282,Fillière,periurbain,periurbain_Auvergne-Rhône-Alpes,Auvergne-Rhône-Alpes,74
54270,Hussigny-Godbrange,periurbain,periurbain_Grand Est,Grand Est,54
60446,Nanteuil-le-Haudouin,periurbain,periurbain_Hauts-de-France,Hauts-de-France,60
86163,Montamisé,periurbain,periurbain_Nouvelle-Aquitaine,Nouvelle-Aquitaine,86
32462,Vic-Fezensac,periurbain,periurbain_Occitanie,Occitanie,32
74303,Villaz,periurbain,periurbain_Auvergne-Rhône-Alpes,Auvergne-Rhône-Alpes,74
88487,Le Val-d'Ajol,periurbain,periurbain_Grand Est,Grand Est,88
60104,Breteuil,periurbain,periurbain_Hauts-de-France,Hauts-de-France,60
86294,Vouillé,periurbain,periurbain_Nouvelle-Aquitaine,Nouvelle-Aquitaine,86
34161,Montady,periurbain,periurbain_Occitanie,Occitanie,34
69157,Vindry-sur-Turdine,periurbain,periurbain_Auvergne-Rhône-Alpes,Auvergne-Rhône-Alpes,69
10003,Aix-Villemaur-Pâlis,periurbain,periurbain_Grand Est,Grand Est,10
60068,Béthisy-Saint-Pierre,periurbain,periurbain_Hauts-de-France,Hauts-de-France,60
87126,Rochechouart,periurbain,periurbain_Nouvelle-Aquitaine,Nouvelle-Aquitaine,87
46309,Souillac,periurbain,periurbain_Occitanie,Occitanie,46
26166,Loriol-sur-Drôme,periurbain,periurbain_Auvergne-Rhône-Alpes,Auvergne-Rhône-Alpes,26
67061,Bouxwiller,periurbain,periurbain_Grand Est,Grand Est,67
60450,Neuilly-en-Thelle,periurbain,periurbain_Hauts-de-France,Hauts-de-France,60
17429,Soubise,periurbain,periurbain_Nouvelle-Aquitaine,Nouvelle-Aquitaine,17
34341,Villeveyrac,periurbain,periurbain_Occitanie,Occitanie,34
07186,Privas,periurbain,periurbain_Auvergne-Rhône-Alpes,Auvergne-Rhône-Alpes,07
68201,Masevaux-Niederbruck,periurbain,periurbain_Grand Est,Grand Est,68
59309,Hondschoote,periurbain,periurbain_Hauts-de-France,Hauts-de-France,59
24309,Neuvic,periurbain,periurbain_Nouvelle-Aquitaine,Nouvelle-Aquitaine,24
32256,Mirande,periurbain,periurbain_Occitanie,Occitanie,32
26108,Crest,periurbain,periurbain_Auvergne-Rhône-Alpes,Auvergne-Rhône-Alpes,26
51380,Montmirail,periurbain,periurbain_Grand Est,Grand Est,51
62080,Bapaume,periurbain,periurbain_Hauts-de-France,Hauts-de-France,62
17240,Montendre,periurbain,periurbain_Nouvelle-Aquitaine,Nouvelle-Aquitaine,17
30135,Jonquières-Saint-Vincent,periurbain,periurbain_Occitanie,Occitanie,30
38006,Allevard,periurbain,periurbain_Auvergne-Rhône-Alpes,Auvergne-Rhône-Alpes,38
52353,Nogent,periurbain,periurbain_Grand Est,Grand Est,52
59015,Arleux,periurbain,periurbain_Hauts-de-France,Hauts-de-France,59
16090,Châteauneuf-sur-Charente,periurbain,periurbain_Nouvelle-Aquitaine,Nouvelle-Aquitaine,16
31299,Lherm,periurbain,periurbain_Occitanie,Occitanie,31
38439,Crêts en Belledonne,periurbain,periurbain_Auvergne-Rhône-Alpes,Auvergne-Rhône-Alpes,38
67529,Weyersheim,periurbain,periurbain_Grand Est,Grand Est,67
80318,Flixecourt,periurbain,periurbain_Hauts-de-France,Hauts-de-France,80
33501,Saucats,periurbain,periurbain_Nouvelle-Aquitaine,Nouvelle-Aquitaine,33
31573,Verfeil,periurbain,periurbain_Occitanie,Occitanie,31
73215,Valgelon-La Rochette,periurbain,periurbain_Auvergne-Rhône-Alpes,Auvergne-Rhône-Alpes,73
67154,Gerstheim,periurbain,periurbain_Grand Est,Grand Est,67
59037,Avesnes-les-Aubert,periurbain,periurbain_Hauts-de-France,Hauts-de-France,59
17360,Sainte-Marie-de-Ré,periurbain,periurbain_Nouvelle-Aquitaine,Nouvelle-Aquitaine,17
82013,Beaumont-de-Lomagne,periurbain,periurbain_Occitanie,Occitanie,82
43020,Bas-en-Basset,periurbain,periurbain_Auvergne-Rhône-Alpes,Auvergne-Rhône-Alpes,43
68249,Orbey,periurbain,periurbain_Grand Est,Grand Est,68
60178,Crèvecœur-le-Grand,periurbain,periurbain_Hauts-de-France,Hauts-de-France,60
33333,Le Porge,periurbain,periurbain_Nouvelle-Aquitaine,Nouvelle-Aquitaine,33
30263,Saint-Hippolyte-du-Fort,periurbain,periurbain_Occitanie,Occitanie,30
43137,Monistrol-sur-Loire,periurbain,periurbain_Auvergne-Rhône-Alpes,Auvergne-Rhône-Alpes,43
67291,Mertzwiller,periurbain,periurbain_Grand Est,Grand Est,67
60575,Sainte-Geneviève,periurbain,periurbain_Hauts-de-France,Hauts-de-France,60
40313,Tartas,periurbain,periurbain_Nouvelle-Aquitaine,Nouvelle-Aquitaine,40
30210,Quissac,periurbain,periurbain_Occitanie,Occitanie,30
26333,Saint-Vallier,periurbain,periurbain_Auvergne-Rhône-Alpes,Auvergne-Rhône-Alpes,26
57260,Grosbliederstroff,periurbain,periurbain_Grand Est,Grand Est,57
59331,Landrecies,periurbain,periurbain_Hauts-de-France,Hauts-de-France,59
17140,Dolus-d'Oléron,periurbain,periurbain_Nouvelle-Aquitaine,Nouvelle-Aquitaine,17
32208,Lectoure,periurbain,periurbain_Occitanie,Occitanie,32
74056,Chamonix-Mont-Blanc,periurbain,periurbain_Auvergne-Rhône-Alpes,Auvergne-Rhône-Alpes,74
51612,Blancs-Coteaux,periurbain,periurbain_Grand Est,Grand Est,51
60012,Andeville,periurbain,periurbain_Hauts-de-France,Hauts-de-France,60
23008,Aubusson,periurbain,periurbain_Nouvelle-Aquitaine,Nouvelle-Aquitaine,23
30255,Saint-Geniès-de-Malgoirès,periurbain,periurbain_Occitanie,Occitanie,30
74143,Les Houches,periurbain,periurbain_Auvergne-Rhône-Alpes,Auvergne-Rhône-Alpes,74
67445,Scherwiller,periurbain,periurbain_Grand Est,Grand Est,67
60143,Chaumont-en-Vexin,periurbain,periurbain_Hauts-de-France,Hauts-de-France,60
16085,Chasseneuil-sur-Bonnieure,periurbain,periurbain_Nouvelle-Aquitaine,Nouvelle-Aquitaine,16
30276,Saint-Laurent-d'Aigouze,periurbain,periurbain_Occitanie,Occitanie,30
69024,Val d'Oingt,periurbain,periurbain_Auvergne-Rhône-Alpes,Auvergne-Rhône-Alpes,69
67474,Soultz-sous-Forêts,periurbain,periurbain_Grand Est,Grand Est,67
59322,Iwuy,periurbain,periurbain_Hauts-de-France,Hauts-de-France,59
33389,Saint-Ciers-sur-Gironde,periurbain,periurbain_Nouvelle-Aquitaine,Nouvelle-Aquitaine,33
31454,Rieumes,periurbain,periurbain_Occitanie,Occitanie,31
01244,Meximieux,periurbain,periurbain_Auvergne-Rhône-Alpes,Auvergne-Rhône-Alpes,01
57226,Fontoy,periurbain,periurbain_Grand Est,Grand Est,57
62361,Frévent,periurbain,periurbain_Hauts-de-France,Hauts-de-France,62
33022,Avensan,periurbain,periurbain_Nouvelle-Aquitaine,Nouvelle-Aquitaine,33
34051,Canet,periurbain,periurbain_Occitanie,Occitanie,34
63214,Les Martres-de-Veyre,periurbain,periurbain_Auvergne-Rhône-Alpes,Auvergne-Rhône-Alpes,63
67463,Seltz,periurbain,periurbain_Grand Est,Grand Est,67
02684,Saint-Michel,periurbain,periurbain_Hauts-de-France,Hauts-de-France,02
33179,Galgon,periurbain,periurbain_Nouvelle-Aquitaine,Nouvelle-Aquitaine,33
66069,Espira-de-l'Agly,periurbain,periurbain_Occitanie,Occitanie,66
63455,Veyre-Monton,periurbain,periurbain_Auvergne-Rhône-Alpes,Auvergne-Rhône-Alpes,63
57529,Ottange,periurbain,periurbain_Grand Est,Grand Est,57
59292,Haveluy,periurbain,periurbain_Hauts-de-France,Hauts-de-France,59
33417,Sainte-Hélène,periurbain,periurbain_Nouvelle-Aquitaine,Nouvelle-Aquitaine,33
81222,Réalmont,periurbain,periurbain_Occitanie,Occitanie,81
43185,Sainte-Florine,periurbain,periurbain_Auvergne-Rhône-Alpes,Auvergne-Rhône-Alpes,43
57556,Puttelange-aux-Lacs,periurbain,periurbain_Grand Est,Grand Est,57
59158,Coutiches,periurbain,periurbain_Hauts-de-France,Hauts-de-France,59
31048,Baziège,periurbain,periurbain_Occitanie,Occitanie,31
63050,Brassac-les-Mines,periurbain,periurbain_Auvergne-Rhône-Alpes,Auvergne-Rhône-Alpes,63
68295,Sainte-Croix-en-Plaine,periurbain,periurbain_Grand Est,Grand Est,68
59012,Anor,periurbain,periurbain_Hauts-de-France,Hauts-de-France,59
46128,Gramat,periurbain,periurbain_Occitanie,Occitanie,46
38001,Les Abrets en Dauphiné,periurbain,periurbain_Auvergne-Rhône-Alpes,Auvergne-Rhône-Alpes,38
88114,Contrexéville,periurbain,periurbain_Grand Est,Grand Est,88
80688,Rue,periurbain,periurbain_Hauts-de-France,Hauts-de-France,80
31287,Lavernose-Lacasse,periurbain,periurbain_Occitanie,Occitanie,31
38013,Apprieu,periurbain,periurbain_Auvergne-Rhône-Alpes,Auvergne-Rhône-Alpes,38
11304,Quillan,periurbain,periurbain_Occitanie,Occitanie,11
38182,Le Grand-Lemps,periurbain,periurbain_Auvergne-Rhône-Alpes,Auvergne-Rhône-Alpes,38
30295,Saint-Quentin-la-Poterie,periurbain,periurbain_Occitanie,Occitanie,30
38545,Vif,periurbain,periurbain_Auvergne-Rhône-Alpes,Auvergne-Rhône-Alpes,38
34052,Capestang,periurbain,periurbain_Occitanie,Occitanie,34
26037,Beaumont-lès-Valence,periurbain,periurbain_Auvergne-Rhône-Alpes,Auvergne-Rhône-Alpes,26
82002,Albias,periurbain,periurbain_Occitanie,Occitanie,82
01034,Belley,periurbain,periurbain_Auvergne-Rhône-Alpes,Auvergne-Rhône-Alpes,01
12264,Sébazac-Concourès,periurbain,periurbain_Occitanie,Occitanie,12
74280,Thônes,periurbain,periurbain_Auvergne-Rhône-Alpes,Auvergne-Rhône-Alpes,74
82096,La Ville-Dieu-du-Temple,periurbain,periurbain_Occitanie,Occitanie,82
42094,Feurs,periurbain,periurbain_Auvergne-Rhône-Alpes,Auvergne-Rhône-Alpes,42
09312,La Tour-du-Crieu,periurbain,periurbain_Occitanie,Occitanie,09
26325,Saint-Rambert-d'Albon,periurbain,periurbain_Auvergne-Rhône-Alpes,Auvergne-Rhône-Alpes,26
11049,Bram,periurbain,periurbain_Occitanie,Occitanie,11
73054,Bourg-Saint-Maurice,periurbain,periurbain_Auvergne-Rhône-Alpes,Auvergne-Rhône-Alpes,73
66176,Saint-Hippolyte,periurbain,periurbain_Occitanie,Occitanie,66
38314,Pontcharra,periurbain,periurbain_Auvergne-Rhône-Alpes,Auvergne-Rhône-Alpes,38
09194,Mirepoix,periurbain,periurbain_Occitanie,Occitanie,09
42052,Charlieu,periurbain,periurbain_Auvergne-Rhône-Alpes,Auvergne-Rhône-Alpes,42
31375,Montesquieu-Volvestre,periurbain,periurbain_Occitanie,Occitanie,31
38517,Tullins,periurbain,periurbain_Auvergne-Rhône-Alpes,Auvergne-Rhône-Alpes,38
34178,Murviel-lès-Béziers,periurbain,periurbain_Occitanie,Occitanie,34
73303,Ugine,periurbain,periurbain_Auvergne-Rhône-Alpes,Auvergne-Rhône-Alpes,73
31065,Bérat,periurbain,periurbain_Occitanie,Occitanie,31
42149,Montrond-les-Bains,periurbain,periurbain_Auvergne-Rhône-Alpes,Auvergne-Rhône-Alpes,42
34310,Thézan-lès-Béziers,periurbain,periurbain_Occitanie,Occitanie,34
74123,Faverges-Seythenex,periurbain,periurbain_Auvergne-Rhône-Alpes,Auvergne-Rhône-Alpes,74
32147,Gimont,periurbain,periurbain_Occitanie,Occitanie,32
01202,Lagnieu,periurbain,periurbain_Auvergne-Rhône-Alpes,Auvergne-Rhône-Alpes,01
34225,Puisserguier,periurbain,periurbain_Occitanie,Occitanie,34
43224,Sainte-Sigolène,periurbain,periurbain_Auvergne-Rhône-Alpes,Auvergne-Rhône-Alpes,43
01265,Montréal-la-Cluse,periurbain,periurbain_Auvergne-Rhône-Alpes,Auvergne-Rhône-Alpes,01
42168,Pélussin,periurbain,periurbain_Auvergne-Rhône-Alpes,Auvergne-Rhône-Alpes,42
43040,Brioude,periurbain,periurbain_Auvergne-Rhône-Alpes,Auvergne-Rhône-Alpes,43
38022,Les Avenières Veyrins-Thuellin,periurbain,periurbain_Auvergne-Rhône-Alpes,Auvergne-Rhône-Alpes,38
42019,Boën-sur-Lignon,periurbain,periurbain_Auvergne-Rhône-Alpes,Auvergne-Rhône-Alpes,42
63003,Ambert,periurbain,periurbain_Auvergne-Rhône-Alpes,Auvergne-Rhône-Alpes,63
07042,Bourg-Saint-Andéol,periurbain,periurbain_Auvergne-Rhône-Alpes,Auvergne-Rhône-Alpes,07
43268,Yssingeaux,periurbain,periurbain_Auvergne-Rhône-Alpes,Auvergne-Rhône-Alpes,43
74043,Bons-en-Chablais,periurbain,periurbain_Auvergne-Rhône-Alpes,Auvergne-Rhône-Alpes,74
26064,Chabeuil,periurbain,periurbain_Auvergne-Rhône-Alpes,Auvergne-Rhône-Alpes,26
26220,Nyons,periurbain,periurbain_Auvergne-Rhône-Alpes,Auvergne-Rhône-Alpes,26
74105,Douvaine,periurbain,periurbain_Auvergne-Rhône-Alpes,Auvergne-Rhône-Alpes,74
15187,Saint-Flour,periurbain,periurbain_Auvergne-Rhône-Alpes,Auvergne-Rhône-Alpes,15
38269,La Mure,periurbain,periurbain_Auvergne-Rhône-Alpes,Auvergne-Rhône-Alpes,38
63195,Lezoux,periurbain,periurbain_Auvergne-Rhône-Alpes,Auvergne-Rhône-Alpes,63
73010,Entrelacs,periurbain,periurbain_Auvergne-Rhône-Alpes,Auvergne-Rhône-Alpes,73
42059,Chazelles-sur-Lyon,periurbain,periurbain_Auvergne-Rhône-Alpes,Auvergne-Rhône-Alpes,42
69141,Mornant,periurbain,periurbain_Auvergne-Rhône-Alpes,Auvergne-Rhône-Alpes,69
01032,Béligneux,periurbain,periurbain_Auvergne-Rhône-Alpes,Auvergne-Rhône-Alpes,01
26116,Donzère,periurbain,periurbain_Auvergne-Rhône-Alpes,Auvergne-Rhône-Alpes,26
38034,Beaurepaire,periurbain,periurbain_Auvergne-Rhône-Alpes,Auvergne-Rhône-Alpes,38
73171,Montmélian,periurbain,periurbain_Auvergne-Rhône-Alpes,Auvergne-Rhône-Alpes,73
69248,Thizy-les-Bourgs,periurbain,periurbain_Auvergne-Rhône-Alpes,Auvergne-Rhône-Alpes,69
01025,Bâgé-Dommartin,periurbain,periurbain_Auvergne-Rhône-Alpes,Auvergne-Rhône-Alpes,01
38130,La Côte-Saint-André,periurbain,periurbain_Auvergne-Rhône-Alpes,Auvergne-Rhône-Alpes,38
03118,Gannat,periurbain,periurbain_Auvergne-Rhône-Alpes,Auvergne-Rhône-Alpes,03
74309,Viry,periurbain,periurbain_Auvergne-Rhône-Alpes,Auvergne-Rhône-Alpes,74
42285,Saint-Romain-le-Puy,periurbain,periurbain_Auvergne-Rhône-Alpes,Auvergne-Rhône-Alpes,42
74229,Saint-Cergues,periurbain,periurbain_Auvergne-Rhône-Alpes,Auvergne-Rhône-Alpes,74
38138,Crémieu,periurbain,periurbain_Auvergne-Rhône-Alpes,Auvergne-Rhône-Alpes,38
38247,Montalieu-Vercieu,periurbain,periurbain_Auvergne-Rhône-Alpes,Auvergne-Rhône-Alpes,38
63457,Vic-le-Comte,periurbain,periurbain_Auvergne-Rhône-Alpes,Auvergne-Rhône-Alpes,63
38557,Villette-d'Anthon,periurbain,periurbain_Auvergne-Rhône-Alpes,Auvergne-Rhône-Alpes,38
73270,Saint-Pierre-d'Albigny,periurbain,periurbain_Auvergne-Rhône-Alpes,Auvergne-Rhône-Alpes,73
38511,Le Touvet,periurbain,periurbain_Auvergne-Rhône-Alpes,Auvergne-Rhône-Alpes,38
42256,Saint-Marcellin-en-Forez,periurbain,periurbain_Auvergne-Rhône-Alpes,Auvergne-Rhône-Alpes,42
01093,Châtillon-sur-Chalaronne,periurbain,periurbain_Auvergne-Rhône-Alpes,Auvergne-Rhône-Alpes,01
03254,Saint-Pourçain-sur-Sioule,periurbain,periurbain_Auvergne-Rhône-Alpes,Auvergne-Rhône-Alpes,03
43177,Saint-Didier-en-Velay,periurbain,periurbain_Auvergne-Rhône-Alpes,Auvergne-Rhône-Alpes,43
01443,Villars-les-Dombes,periurbain,periurbain_Auvergne-Rhône-Alpes,Auvergne-Rhône-Alpes,01
74288,Valleiry,periurbain,periurbain_Auvergne-Rhône-Alpes,Auvergne-Rhône-Alpes,74
03236,Saint-Germain-des-Fossés,periurbain,periurbain_Auvergne-Rhône-Alpes,Auvergne-Rhône-Alpes,03
69006,Amplepuis,periurbain,periurbain_Auvergne-Rhône-Alpes,Auvergne-Rhône-Alpes,69
63040,Billom,periurbain,periurbain_Auvergne-Rhône-Alpes,Auvergne-Rhône-Alpes,63
01185,Plateau d'Hauteville,periurbain,periurbain_Auvergne-Rhône-Alpes,Auvergne-Rhône-Alpes,01
26113,Die,periurbain,periurbain_Auvergne-Rhône-Alpes,Auvergne-Rhône-Alpes,26
74241,Saint-Jeoire,periurbain,periurbain_Auvergne-Rhône-Alpes,Auvergne-Rhône-Alpes,74
63470,Volvic,periurbain,periurbain_Auvergne-Rhône-Alpes,Auvergne-Rhône-Alpes,63
63302,La Roche-Blanche,periurbain,periurbain_Auvergne-Rhône-Alpes,Auvergne-Rhône-Alpes,63
74096,Cruseilles,periurbain,periurbain_Auvergne-Rhône-Alpes,Auvergne-Rhône-Alpes,74
01348,Saint-Didier-sur-Chalaronne,periurbain,periurbain_Auvergne-Rhône-Alpes,Auvergne-Rhône-Alpes,01
38399,Saint-Jean-de-Bournay,periurbain,periurbain_Auvergne-Rhône-Alpes,Auvergne-Rhône-Alpes,38
69176,Soucieu-en-Jarrest,periurbain,periurbain_Auvergne-Rhône-Alpes,Auvergne-Rhône-Alpes,69
38412,Saint-Laurent-du-Pont,periurbain,periurbain_Auvergne-Rhône-Alpes,Auvergne-Rhône-Alpes,38
69206,Saint-Georges-de-Reneins,periurbain,periurbain_Auvergne-Rhône-Alpes,Auvergne-Rhône-Alpes,69
73006,Aime-la-Plagne,periurbain,periurbain_Auvergne-Rhône-Alpes,Auvergne-Rhône-Alpes,73
69066,Cours,periurbain,periurbain_Auvergne-Rhône-Alpes,Auvergne-Rhône-Alpes,69
38548,Villard-de-Lans,periurbain,periurbain_Auvergne-Rhône-Alpes,Auvergne-Rhône-Alpes,38
26197,Montélier,periurbain,periurbain_Auvergne-Rhône-Alpes,Auvergne-Rhône-Alpes,26
38455,Saint-Savin,periurbain,periurbain_Auvergne-Rhône-Alpes,Auvergne-Rhône-Alpes,38
26301,Saint-Donat-sur-l'Herbasse,periurbain,periurbain_Auvergne-Rhône-Alpes,Auvergne-Rhône-Alpes,26
43205,Saint-Just-Malmont,periurbain,periurbain_Auvergne-Rhône-Alpes,Auvergne-Rhône-Alpes,43
26114,Dieulefit,periurbain,periurbain_Auvergne-Rhône-Alpes,Auvergne-Rhône-Alpes,26
01072,Ceyzériat,periurbain,periurbain_Auvergne-Rhône-Alpes,Auvergne-Rhône-Alpes,01
26010,Anneyron,periurbain,periurbain_Auvergne-Rhône-Alpes,Auvergne-Rhône-Alpes,26
01269,Nantua,periurbain,periurbain_Auvergne-Rhône-Alpes,Auvergne-Rhône-Alpes,01
63125,Courpière,periurbain,periurbain_Auvergne-Rhône-Alpes,Auvergne-Rhône-Alpes,63
74293,Veigy-Foncenex,periurbain,periurbain_Auvergne-Rhône-Alpes,Auvergne-Rhône-Alpes,74
74137,Groisy,periurbain,periurbain_Auvergne-Rhône-Alpes,Auvergne-Rhône-Alpes,74
03138,Lapalisse,periurbain,periurbain_Auvergne-Rhône-Alpes,Auvergne-Rhône-Alpes,03
01320,Replonges,periurbain,periurbain_Auvergne-Rhône-Alpes,Auvergne-Rhône-Alpes,01
69227,Saint-Martin-en-Haut,periurbain,periurbain_Auvergne-Rhône-Alpes,Auvergne-Rhône-Alpes,69
43112,Langeac,periurbain,periurbain_Auvergne-Rhône-Alpes,Auvergne-Rhône-Alpes,43
07066,Chomérac,periurbain,periurbain_Auvergne-Rhône-Alpes,Auvergne-Rhône-Alpes,07
73003,Grand-Aigueblanche,periurbain,periurbain_Auvergne-Rhône-Alpes,Auvergne-Rhône-Alpes,73
01450,Villieu-Loyes-Mollon,periurbain,periurbain_Auvergne-Rhône-Alpes,Auvergne-Rhône-Alpes,01
38384,Saint-Étienne-de-Saint-Geoirs,periurbain,periurbain_Auvergne-Rhône-Alpes,Auvergne-Rhône-Alpes,38
69238,Saint-Symphorien-sur-Coise,periurbain,periurbain_Auvergne-Rhône-Alpes,Auvergne-Rhône-Alpes,69
42234,Saint-Héand,periurbain,periurbain_Auvergne-Rhône-Alpes,Auvergne-Rhône-Alpes,42
07346,Viviers,periurbain,periurbain_Auvergne-Rhône-Alpes,Auvergne-Rhône-Alpes,07
63453,Vertaizon,periurbain,periurbain_Auvergne-Rhône-Alpes,Auvergne-Rhône-Alpes,63
38157,Estrablin,periurbain,periurbain_Auvergne-Rhône-Alpes,Auvergne-Rhône-Alpes,38
03298,Varennes-sur-Allier,periurbain,periurbain_Auvergne-Rhône-Alpes,Auvergne-Rhône-Alpes,03
63263,Orcines,periurbain,periurbain_Auvergne-Rhône-Alpes,Auvergne-Rhône-Alpes,63
15120,Mauriac,periurbain,periurbain_Auvergne-Rhône-Alpes,Auvergne-Rhône-Alpes,15
38389,Saint-Georges-d'Espéranche,periurbain,periurbain_Auvergne-Rhône-Alpes,Auvergne-Rhône-Alpes,38
74276,Taninges,periurbain,periurbain_Auvergne-Rhône-Alpes,Auvergne-Rhône-Alpes,74
01138,Culoz-Béon,periurbain,periurbain_Auvergne-Rhône-Alpes,Auvergne-Rhône-Alpes,01
38451,Saint-Romain-de-Jalionas,periurbain,periurbain_Auvergne-Rhône-Alpes,Auvergne-Rhône-Alpes,38
01159,Feillens,periurbain,periurbain_Auvergne-Rhône-Alpes,Auvergne-Rhône-Alpes,01
01224,Loyettes,periurbain,periurbain_Auvergne-Rhône-Alpes,Auvergne-Rhône-Alpes,01
01333,Saint-André-de-Corcy,periurbain,periurbain_Auvergne-Rhône-Alpes,Auvergne-Rhône-Alpes,01
74159,Magland,periurbain,periurbain_Auvergne-Rhône-Alpes,Auvergne-Rhône-Alpes,74
01457,Vonnas,periurbain,periurbain_Auvergne-Rhône-Alpes,Auvergne-Rhône-Alpes,01
63226,Mur-sur-Allier,periurbain,periurbain_Auvergne-Rhône-Alpes,Auvergne-Rhône-Alpes,63
63210,Maringues,periurbain,periurbain_Auvergne-Rhône-Alpes,Auvergne-Rhône-Alpes,63
43244,Tence,periurbain,periurbain_Auvergne-Rhône-Alpes,Auvergne-Rhône-Alpes,43
38052,Le Bourg-d'Oisans,periurbain,periurbain_Auvergne-Rhône-Alpes,Auvergne-Rhône-Alpes,38
73330,Yenne,periurbain,periurbain_Auvergne-Rhône-Alpes,Auvergne-Rhône-Alpes,73
74031,Beaumont,periurbain,periurbain_Auvergne-Rhône-Alpes,Auvergne-Rhône-Alpes,74
07341,Villeneuve-de-Berg,periurbain,periurbain_Auvergne-Rhône-Alpes,Auvergne-Rhône-Alpes,07
38457,Saint-Siméon-de-Bressieux,periurbain,periurbain_Auvergne-Rhône-Alpes,Auvergne-Rhône-Alpes,38
07076,Cruas,periurbain,periurbain_Auvergne-Rhône-Alpes,Auvergne-Rhône-Alpes,07
15267,Ytrac,rurale_calme,rural_geographique_Auvergne-Rhône-Alpes,Auvergne-Rhône-Alpes,15
89086,Charny Orée de Puisaye,rurale_calme,rural_geographique_Bourgogne-Franche-Comté,Bourgogne-Franche-Comté,89
56147,Nivillac,rurale_calme,rural_geographique_Bretagne,Bretagne,56
28012,Vald'Yerre,rurale_calme,rural_geographique_Centre-Val de Loire,Centre-Val de Loire,28
2B342,Ventiseri,rurale_calme,rural_geographique_Corse,Corse,2B
57155,Courcelles-Chaussy,rurale_calme,rural_geographique_Grand Est,Grand Est,57
02243,Crouy,rurale_calme,rural_geographique_Hauts-de-France,Hauts-de-France,02
14061,Souleuvre en Bocage,rurale_calme,rural_geographique_Normandie,Normandie,14
86281,Saint-Martin-la-Pallu,rurale_calme,rural_geographique_Nouvelle-Aquitaine,Nouvelle-Aquitaine,86
81219,Puylaurens,rurale_calme,rural_geographique_Occitanie,Occitanie,81
49345,Bellevigne-en-Layon,rurale_calme,rural_geographique_Pays de la Loire,Pays de la Loire,49
84118,Saint-Saturnin-lès-Apt,rurale_calme,rural_geographique_Provence-Alpes-Côte d'Azur,Provence-Alpes-Côte d'Azur,84
78431,Morainvilliers,rurale_calme,rural_geographique_Île-de-France,Île-de-France,78
69228,Chabanière,rurale_calme,rural_geographique_Auvergne-Rhône-Alpes,Auvergne-Rhône-Alpes,69
70421,Port-sur-Saône,rurale_calme,rural_geographique_Bourgogne-Franche-Comté,Bourgogne-Franche-Comté,70
56173,Pluméliau-Bieuzy,rurale_calme,rural_geographique_Bretagne,Bretagne,56
41173,Beauce la Romaine,rurale_calme,rural_geographique_Centre-Val de Loire,Centre-Val de Loire,41
2A228,Pietrosella,rurale_calme,rural_geographique_Corse,Corse,2A
88078,Bruyères,rurale_calme,rural_geographique_Grand Est,Grand Est,88
59660,Willems,rurale_calme,rural_geographique_Hauts-de-France,Hauts-de-France,59
27213,Vexin-sur-Epte,rurale_calme,rural_geographique_Normandie,Normandie,27
16078,Champniers,rurale_calme,rural_geographique_Nouvelle-Aquitaine,Nouvelle-Aquitaine,16
12090,Druelle Balsac,rurale_calme,rural_geographique_Occitanie,Occitanie,12
49367,Erdre-en-Anjou,rurale_calme,rural_geographique_Pays de la Loire,Pays de la Loire,49
83088,Néoules,rurale_calme,rural_geographique_Provence-Alpes-Côte d'Azur,Provence-Alpes-Côte d'Azur,83
77132,Coupvray,rurale_calme,rural_geographique_Île-de-France,Île-de-France,77
69179,Beauvallon,rurale_calme,rural_geographique_Auvergne-Rhône-Alpes,Auvergne-Rhône-Alpes,69
70467,Saint-Loup-sur-Semouse,rurale_calme,rural_geographique_Bourgogne-Franche-Comté,Bourgogne-Franche-Comté,70
35308,Mesnil-Roc'h,rurale_calme,rural_geographique_Bretagne,Bretagne,35
45187,Lorris,rurale_calme,rural_geographique_Centre-Val de Loire,Centre-Val de Loire,45
2A008,Albitreccia,rurale_calme,rural_geographique_Corse,Corse,2A
57724,Vitry-sur-Orne,rurale_calme,rural_geographique_Grand Est,Grand Est,57
80680,Rosières-en-Santerre,rurale_calme,rural_geographique_Hauts-de-France,Hauts-de-France,80
14726,Valdallière,rurale_calme,rural_geographique_Normandie,Normandie,14
24312,Sanilhac,rurale_calme,rural_geographique_Nouvelle-Aquitaine,Nouvelle-Aquitaine,24
30278,Saint-Laurent-des-Arbres,rurale_calme,rural_geographique_Occitanie,Occitanie,30
44128,Plessé,rurale_calme,rural_geographique_Pays de la Loire,Pays de la Loire,44
83138,Tourrettes,rurale_calme,rural_geographique_Provence-Alpes-Côte d'Azur,Provence-Alpes-Côte d'Azur,83
95369,Margency,rurale_calme,rural_geographique_Île-de-France,Île-de-France,95
26084,Châteauneuf-sur-Isère,rurale_calme,rural_geographique_Auvergne-Rhône-Alpes,Auvergne-Rhône-Alpes,26
90052,Giromagny,rurale_calme,rural_geographique_Bourgogne-Franche-Comté,Bourgogne-Franche-Comté,90
56175,Plumergat,rurale_calme,rural_geographique_Bretagne,Bretagne,56
28373,Senonches,rurale_calme,rural_geographique_Centre-Val de Loire,Centre-Val de Loire,28
2B298,Saint-Florent,rurale_calme,rural_geographique_Corse,Corse,2B
52250,Joinville,rurale_calme,rural_geographique_Grand Est,Grand Est,52
80011,Ailly-sur-Somme,rurale_calme,rural_geographique_Hauts-de-France,Hauts-de-France,80
27049,Mesnil-en-Ouche,rurale_calme,rural_geographique_Normandie,Normandie,27
79185,Aigondigné,rurale_calme,rural_geographique_Nouvelle-Aquitaine,Nouvelle-Aquitaine,79
12033,Bozouls,rurale_calme,rural_geographique_Occitanie,Occitanie,12
44021,Villeneuve-en-Retz,rurale_calme,rural_geographique_Pays de la Loire,Pays de la Loire,44
83001,Les Adrets-de-l'Estérel,rurale_calme,rural_geographique_Provence-Alpes-Côte d'Azur,Provence-Alpes-Côte d'Azur,83
95426,Montlignon,rurale_calme,rural_geographique_Île-de-France,Île-de-France,95
63345,Saint-Genès-Champanelle,rurale_calme,rural_geographique_Auvergne-Rhône-Alpes,Auvergne-Rhône-Alpes,63
25127,Charquemont,rurale_calme,rural_geographique_Bourgogne-Franche-Comté,Bourgogne-Franche-Comté,25
35004,Val-Couesnon,rurale_calme,rural_geographique_Bretagne,Bretagne,35
18242,Sancoins,rurale_calme,rural_geographique_Centre-Val de Loire,Centre-Val de Loire,18
2A269,Sari-Solenzara,rurale_calme,rural_geographique_Corse,Corse,2A
54234,Gorcy,rurale_calme,rural_geographique_Grand Est,Grand Est,54
60589,Saint-Maximin,rurale_calme,rural_geographique_Hauts-de-France,Hauts-de-France,60
14658,Noues de Sienne,rurale_calme,rural_geographique_Normandie,Normandie,14
86082,Valence-en-Poitou,rurale_calme,rural_geographique_Nouvelle-Aquitaine,Nouvelle-Aquitaine,86
31145,Cintegabelle,rurale_calme,rural_geographique_Occitanie,Occitanie,31
44163,Vair-sur-Loire,rurale_calme,rural_geographique_Pays de la Loire,Pays de la Loire,44
13003,Alleins,rurale_calme,rural_geographique_Provence-Alpes-Côte d'Azur,Provence-Alpes-Côte d'Azur,13
91135,Champcueil,rurale_calme,rural_geographique_Île-de-France,Île-de-France,91
73150,La Plagne Tarentaise,rurale_calme,rural_geographique_Auvergne-Rhône-Alpes,Auvergne-Rhône-Alpes,73
25315,L'Isle-sur-le-Doubs,rurale_calme,rural_geographique_Bourgogne-Franche-Comté,Bourgogne-Franche-Comté,25
35127,Guignen,rurale_calme,rural_geographique_Bretagne,Bretagne,35
45126,Donnery,rurale_calme,rural_geographique_Centre-Val de Loire,Centre-Val de Loire,45
2A104,Eccica-Suarella,rurale_calme,rural_geographique_Corse,Corse,2A
57690,Valmont,rurale_calme,rural_geographique_Grand Est,Grand Est,57
02334,Fresnoy-le-Grand,rurale_calme,rural_geographique_Hauts-de-France,Hauts-de-France,02
61007,Athis-Val de Rouvre,rurale_calme,rural_geographique_Normandie,Normandie,61
24026,Bassillac et Auberoche,rurale_calme,rural_geographique_Nouvelle-Aquitaine,Nouvelle-Aquitaine,24
34289,Saint-Thibéry,rurale_calme,rural_geographique_Occitanie,Occitanie,34
44149,Saffré,rurale_calme,rural_geographique_Pays de la Loire,Pays de la Loire,44
83124,Seillans,rurale_calme,rural_geographique_Provence-Alpes-Côte d'Azur,Provence-Alpes-Côte d'Azur,83
77210,La Grande-Paroisse,rurale_calme,rural_geographique_Île-de-France,Île-de-France,77
38374,Saint-Chef,rurale_calme,rural_geographique_Auvergne-Rhône-Alpes,Auvergne-Rhône-Alpes,38
71106,Charolles,rurale_calme,rural_geographique_Bourgogne-Franche-Comté,Bourgogne-Franche-Comté,71
29177,Plouarzel,rurale_calme,rural_geographique_Bretagne,Bretagne,29
36093,Levroux,rurale_calme,rural_geographique_Centre-Val de Loire,Centre-Val de Loire,36
2A065,Cargèse,rurale_calme,rural_geographique_Corse,Corse,2A
51217,Dormans,rurale_calme,rural_geographique_Grand Est,Grand Est,51
02305,Fère-en-Tardenois,rurale_calme,rural_geographique_Hauts-de-France,Hauts-de-France,02
61474,Gouffern en Auge,rurale_calme,rural_geographique_Normandie,Normandie,61
16287,Roullet-Saint-Estèphe,rurale_calme,rural_geographique_Nouvelle-Aquitaine,Nouvelle-Aquitaine,16
81288,Sorèze,rurale_calme,rural_geographique_Occitanie,Occitanie,81
44025,Campbon,rurale_calme,rural_geographique_Pays de la Loire,Pays de la Loire,44
84069,Malaucène,rurale_calme,rural_geographique_Provence-Alpes-Côte d'Azur,Provence-Alpes-Côte d'Azur,84
78420,Montfort-l'Amaury,rurale_calme,rural_geographique_Île-de-France,Île-de-France,78
73257,Les Belleville,rurale_calme,rural_geographique_Auvergne-Rhône-Alpes,Auvergne-Rhône-Alpes,73
21663,Venarey-les-Laumes,rurale_calme,rural_geographique_Bourgogne-Franche-Comté,Bourgogne-Franche-Comté,21
35168,Val d'Anast,rurale_calme,rural_geographique_Bretagne,Bretagne,35
18018,Avord,rurale_calme,rural_geographique_Centre-Val de Loire,Centre-Val de Loire,18
2A092,Conca,rurale_calme,rural_geographique_Corse,Corse,2A
67112,Duttlenheim,rurale_calme,rural_geographique_Grand Est,Grand Est,67
60116,Bury,rurale_calme,rural_geographique_Hauts-de-France,Hauts-de-France,60
14342,Isigny-sur-Mer,rurale_calme,rural_geographique_Normandie,Normandie,14
16061,Brie,rurale_calme,rural_geographique_Nouvelle-Aquitaine,Nouvelle-Aquitaine,16
31399,Noé,rurale_calme,rural_geographique_Occitanie,Occitanie,31
44028,Le Cellier,rurale_calme,rural_geographique_Pays de la Loire,Pays de la Loire,44
13052,Maillane,rurale_calme,rural_geographique_Provence-Alpes-Côte d'Azur,Provence-Alpes-Côte d'Azur,13
77409,Saint-Germain-Laval,rurale_calme,rural_geographique_Île-de-France,Île-de-France,77
38225,Autrans-Méaudre en Vercors,rurale_calme,rural_geographique_Auvergne-Rhône-Alpes,Auvergne-Rhône-Alpes,38
89003,Montholon,rurale_calme,rural_geographique_Bourgogne-Franche-Comté,Bourgogne-Franche-Comté,89
29179,Ploudaniel,rurale_calme,rural_geographique_Bretagne,Bretagne,29
41198,Saint-Aignan,rurale_calme,rural_geographique_Centre-Val de Loire,Centre-Val de Loire,41
2B143,Linguizzetta,rurale_calme,rural_geographique_Corse,Corse,2B
08488,Vivier-au-Court,rurale_calme,rural_geographique_Grand Est,Grand Est,08
59466,Pont-à-Marcq,rurale_calme,rural_geographique_Hauts-de-France,Hauts-de-France,59
61484,Val-au-Perche,rurale_calme,rural_geographique_Normandie,Normandie,61
16192,Terres-de-Haute-Charente,rurale_calme,rural_geographique_Nouvelle-Aquitaine,Nouvelle-Aquitaine,16
31273,Lapeyrouse-Fossat,rurale_calme,rural_geographique_Occitanie,Occitanie,31
44115,Oudon,rurale_calme,rural_geographique_Pays de la Loire,Pays de la Loire,44
13064,Mollégès,rurale_calme,rural_geographique_Provence-Alpes-Côte d'Azur,Provence-Alpes-Côte d'Azur,13
77393,Rozay-en-Brie,rurale_calme,rural_geographique_Île-de-France,Île-de-France,77
38075,Chapareillan,rurale_calme,rural_geographique_Auvergne-Rhône-Alpes,Auvergne-Rhône-Alpes,38
70451,Ronchamp,rurale_calme,rural_geographique_Bourgogne-Franche-Comté,Bourgogne-Franche-Comté,70
56119,Locoal-Mendon,rurale_calme,rural_geographique_Bretagne,Bretagne,56
37270,Vernou-sur-Brenne,rurale_calme,rural_geographique_Centre-Val de Loire,Centre-Val de Loire,37
2A348,Vico,rurale_calme,rural_geographique_Corse,Corse,2A
67169,Gries,rurale_calme,rural_geographique_Grand Est,Grand Est,67
60029,Auneuil,rurale_calme,rural_geographique_Hauts-de-France,Hauts-de-France,60
50550,Saint-Sauveur-Villages,rurale_calme,rural_geographique_Normandie,Normandie,50
24064,Brantôme en Périgord,rurale_calme,rural_geographique_Nouvelle-Aquitaine,Nouvelle-Aquitaine,24
31253,Labastidette,rurale_calme,rural_geographique_Occitanie,Occitanie,31
49086,Terranjou,rurale_calme,rural_geographique_Pays de la Loire,Pays de la Loire,49
83021,Bras,rurale_calme,rural_geographique_Provence-Alpes-Côte d'Azur,Provence-Alpes-Côte d'Azur,83
91359,Maisse,rurale_calme,rural_geographique_Île-de-France,Île-de-France,91
73103,Drumettaz-Clarafond,rurale_calme,rural_geographique_Auvergne-Rhône-Alpes,Auvergne-Rhône-Alpes,73
25212,École-Valentin,rurale_calme,rural_geographique_Bourgogne-Franche-Comté,Bourgogne-Franche-Comté,25
29191,Plougonven,rurale_calme,rural_geographique_Bretagne,Bretagne,29
37250,Sorigny,rurale_calme,rural_geographique_Centre-Val de Loire,Centre-Val de Loire,37
2B152,Luri,rurale_calme,rural_geographique_Corse,Corse,2B
10034,Bar-sur-Seine,rurale_calme,rural_geographique_Grand Est,Grand Est,10
62338,Fleurbaix,rurale_calme,rural_geographique_Hauts-de-France,Hauts-de-France,62
50546,Bourgvallées,rurale_calme,rural_geographique_Normandie,Normandie,50
17086,Chaniers,rurale_calme,rural_geographique_Nouvelle-Aquitaine,Nouvelle-Aquitaine,17
34010,Aniane,rurale_calme,rural_geographique_Occitanie,Occitanie,34
49298,Saint-Léger-de-Linières,rurale_calme,rural_geographique_Pays de la Loire,Pays de la Loire,49
13024,Charleval,rurale_calme,rural_geographique_Provence-Alpes-Côte d'Azur,Provence-Alpes-Côte d'Azur,13
77048,Bourron-Marlotte,rurale_calme,rural_geographique_Île-de-France,Île-de-France,77
03102,Dompierre-sur-Besbre,rurale_calme,rural_geographique_Auvergne-Rhône-Alpes,Auvergne-Rhône-Alpes,03
25381,Miserey-Salines,rurale_calme,rural_geographique_Bourgogne-Franche-Comté,Bourgogne-Franche-Comté,25
56058,Férel,rurale_calme,rural_geographique_Bretagne,Bretagne,56
28116,Courville-sur-Eure,rurale_calme,rural_geographique_Centre-Val de Loire,Centre-Val de Loire,28
2A215,Pianottoli-Caldarello,rurale_calme,rural_geographique_Corse,Corse,2A
57288,Ham-sous-Varsberg,rurale_calme,rural_geographique_Grand Est,Grand Est,57
62023,Allouagne,rurale_calme,rural_geographique_Hauts-de-France,Hauts-de-France,62
50400,Picauville,rurale_calme,rural_geographique_Normandie,Normandie,50
33474,Saint-Selve,rurale_calme,rural_geographique_Nouvelle-Aquitaine,Nouvelle-Aquitaine,33
34165,Montbazin,rurale_calme,rural_geographique_Occitanie,Occitanie,34
44056,Fay-de-Bretagne,rurale_calme,rural_geographique_Pays de la Loire,Pays de la Loire,44
83125,Seillons-Source-d'Argens,rurale_calme,rural_geographique_Provence-Alpes-Côte d'Azur,Provence-Alpes-Côte d'Azur,83
77217,Grisy-Suisnes,rurale_calme,rural_geographique_Île-de-France,Île-de-France,77
43162,Retournac,rurale_calme,rural_geographique_Auvergne-Rhône-Alpes,Auvergne-Rhône-Alpes,43
90022,Châtenois-les-Forges,rurale_calme,rural_geographique_Bourgogne-Franche-Comté,Bourgogne-Franche-Comté,90
56040,Cléguer,rurale_calme,rural_geographique_Bretagne,Bretagne,56
37008,Athée-sur-Cher,rurale_calme,rural_geographique_Centre-Val de Loire,Centre-Val de Loire,37
2B303,San-Giuliano,rurale_calme,rural_geographique_Corse,Corse,2B
10349,Saint-Lyé,rurale_calme,rural_geographique_Grand Est,Grand Est,10
02304,La Fère,rurale_calme,rural_geographique_Hauts-de-France,Hauts-de-France,02
50419,Quettreville-sur-Sienne,rurale_calme,rural_geographique_Normandie,Normandie,50
16097,Val-de-Cognac,rurale_calme,rural_geographique_Nouvelle-Aquitaine,Nouvelle-Aquitaine,16
66145,Ponteilla,rurale_calme,rural_geographique_Occitanie,Occitanie,66
49220,Morannes sur Sarthe-Daumeray,rurale_calme,rural_geographique_Pays de la Loire,Pays de la Loire,49
83136,Le Thoronet,rurale_calme,rural_geographique_Provence-Alpes-Côte d'Azur,Provence-Alpes-Côte d'Azur,83
77159,Donnemarie-Dontilly,rurale_calme,rural_geographique_Île-de-France,Île-de-France,77
69154,Pollionnay,rurale_calme,rural_geographique_Auvergne-Rhône-Alpes,Auvergne-Rhône-Alpes,69
21021,Arc-sur-Tille,rurale_calme,rural_geographique_Bourgogne-Franche-Comté,Bourgogne-Franche-Comté,21
29049,Elliant,rurale_calme,rural_geographique_Bretagne,Bretagne,29
41067,Cour-Cheverny,rurale_calme,rural_geographique_Centre-Val de Loire,Centre-Val de Loire,41
2B283,Solaro,rurale_calme,rural_geographique_Corse,Corse,2B
68135,Hésingue,rurale_calme,rural_geographique_Grand Est,Grand Est,68
60462,Noailles,rurale_calme,rural_geographique_Hauts-de-France,Hauts-de-France,60
50256,Isigny-le-Buat,rurale_calme,rural_geographique_Normandie,Normandie,50
79355,Vouillé,rurale_calme,rural_geographique_Nouvelle-Aquitaine,Nouvelle-Aquitaine,79
65226,Ibos,rurale_calme,rural_geographique_Occitanie,Occitanie,65
44089,Malville,rurale_calme,rural_geographique_Pays de la Loire,Pays de la Loire,44
83056,Figanières,rurale_calme,rural_geographique_Provence-Alpes-Côte d'Azur,Provence-Alpes-Côte d'Azur,83
77533,Vulaines-sur-Seine,rurale_calme,rural_geographique_Île-de-France,Île-de-France,77
43025,Beauzac,rurale_calme,rural_geographique_Auvergne-Rhône-Alpes,Auvergne-Rhône-Alpes,43
71215,Gergy,rurale_calme,rural_geographique_Bourgogne-Franche-Comté,Bourgogne-Franche-Comté,71
29147,Mellac,rurale_calme,rural_geographique_Bretagne,Bretagne,29
28298,Pierres,rurale_calme,rural_geographique_Centre-Val de Loire,Centre-Val de Loire,28
2A098,Coti-Chiavari,rurale_calme,rural_geographique_Corse,Corse,2A
57752,Woustviller,rurale_calme,rural_geographique_Grand Est,Grand Est,57
62291,Éleu-dit-Leauwette,rurale_calme,rural_geographique_Hauts-de-France,Hauts-de-France,62
27306,Guichainville,rurale_calme,rural_geographique_Normandie,Normandie,27
79013,Argentonnay,rurale_calme,rural_geographique_Nouvelle-Aquitaine,Nouvelle-Aquitaine,79
66174,Saint-Féliu-d'Avall,rurale_calme,rural_geographique_Occitanie,Occitanie,66
44068,Guenrouet,rurale_calme,rural_geographique_Pays de la Loire,Pays de la Loire,44
05017,La Bâtie-Neuve,rurale_calme,rural_geographique_Provence-Alpes-Côte d'Azur,Provence-Alpes-Côte d'Azur,05
95014,Andilly,rurale_calme,rural_geographique_Île-de-France,Île-de-France,95
73236,Saint-Genix-les-Villages,rurale_calme,rural_geographique_Auvergne-Rhône-Alpes,Auvergne-Rhône-Alpes,73
89419,Toucy,rurale_calme,rural_geographique_Bourgogne-Franche-Comté,Bourgogne-Franche-Comté,89
56244,Sérent,rurale_calme,rural_geographique_Bretagne,Bretagne,56
36034,Chabris,rurale_calme,rural_geographique_Centre-Val de Loire,Centre-Val de Loire,36
2B034,Belgodère,rurale_calme,rural_geographique_Corse,Corse,2B
88181,Fraize,rurale_calme,rural_geographique_Grand Est,Grand Est,88
59258,Genech,rurale_calme,rural_geographique_Hauts-de-France,Hauts-de-France,59
61491,Tourouvre au Perche,rurale_calme,rural_geographique_Normandie,Normandie,61
86095,Dissay,rurale_calme,rural_geographique_Nouvelle-Aquitaine,Nouvelle-Aquitaine,86
81033,Blaye-les-Mines,rurale_calme,rural_geographique_Occitanie,Occitanie,81
49292,Val-du-Layon,rurale_calme,rural_geographique_Pays de la Loire,Pays de la Loire,49
04019,Barcelonnette,rurale_calme,rural_geographique_Provence-Alpes-Côte d'Azur,Provence-Alpes-Côte d'Azur,04
77259,Longperrier,rurale_calme,rural_geographique_Île-de-France,Île-de-France,77
74173,Megève,rurale_calme,rural_geographique_Auvergne-Rhône-Alpes,Auvergne-Rhône-Alpes,74
58131,Guérigny,rurale_calme,rural_geographique_Bourgogne-Franche-Comté,Bourgogne-Franche-Comté,58
56127,Mauron,rurale_calme,rural_geographique_Bretagne,Bretagne,56
28337,Saint-Georges-sur-Eure,rurale_calme,rural_geographique_Centre-Val de Loire,Centre-Val de Loire,28
2A142,Levie,rurale_calme,rural_geographique_Corse,Corse,2A
57289,Hambach,rurale_calme,rural_geographique_Grand Est,Grand Est,57
59659,Wignehies,rurale_calme,rural_geographique_Hauts-de-France,Hauts-de-France,59
61167,La Ferté-en-Ouche,rurale_calme,rural_geographique_Normandie,Normandie,61
86123,Boivre-la-Vallée,rurale_calme,rural_geographique_Nouvelle-Aquitaine,Nouvelle-Aquitaine,86
66175,Saint-Génis-des-Fontaines,rurale_calme,rural_geographique_Occitanie,Occitanie,66
49060,Bellevigne-les-Châteaux,rurale_calme,rural_geographique_Pays de la Loire,Pays de la Loire,49
84083,Mornas,rurale_calme,rural_geographique_Provence-Alpes-Côte d'Azur,Provence-Alpes-Côte d'Azur,84
95566,Saint-Martin-du-Tertre,rurale_calme,rural_geographique_Île-de-France,Île-de-France,95
26206,Montmeyran,rurale_calme,rural_geographique_Auvergne-Rhône-Alpes,Auvergne-Rhône-Alpes,26
21485,Plombières-lès-Dijon,rurale_calme,rural_geographique_Bourgogne-Franche-Comté,Bourgogne-Franche-Comté,21
35220,Piré-Chancé,rurale_calme,rural_geographique_Bretagne,Bretagne,35
37006,Artannes-sur-Indre,rurale_calme,rural_geographique_Centre-Val de Loire,Centre-Val de Loire,37
2B341,Venaco,rurale_calme,rural_geographique_Corse,Corse,2B
08090,Carignan,rurale_calme,rural_geographique_Grand Est,Grand Est,08
62188,Burbure,rurale_calme,rural_geographique_Hauts-de-France,Hauts-de-France,62
50523,Sainte-Mère-Église,rurale_calme,rural_geographique_Normandie,Normandie,50
17349,Saint-Jean-de-Liversay,rurale_calme,rural_geographique_Nouvelle-Aquitaine,Nouvelle-Aquitaine,17
31088,Brax,rurale_calme,rural_geographique_Occitanie,Occitanie,31
44032,La Chapelle-Heulin,rurale_calme,rural_geographique_Pays de la Loire,Pays de la Loire,44
83102,Régusse,rurale_calme,rural_geographique_Provence-Alpes-Côte d'Azur,Provence-Alpes-Côte d'Azur,83
77219,Guérard,rurale_calme,rural_geographique_Île-de-France,Île-de-France,77
42023,Bourg-Argental,rurale_calme,rural_geographique_Auvergne-Rhône-Alpes,Auvergne-Rhône-Alpes,42
25035,Les Auxons,rurale_calme,rural_geographique_Bourgogne-Franche-Comté,Bourgogne-Franche-Comté,25
56161,Ploemel,rurale_calme,rural_geographique_Bretagne,Bretagne,56
41211,Saint-Georges-sur-Cher,rurale_calme,rural_geographique_Centre-Val de Loire,Centre-Val de Loire,41
2A276,Serra-di-Ferro,rurale_calme,rural_geographique_Corse,Corse,2A
57428,Macheren,rurale_calme,rural_geographique_Grand Est,Grand Est,57
62037,Anzin-Saint-Aubin,rurale_calme,rural_geographique_Hauts-de-France,Hauts-de-France,62
76159,Cany-Barville,rurale_calme,rural_geographique_Normandie,Normandie,76
24354,La Roche-Chalais,rurale_calme,rural_geographique_Nouvelle-Aquitaine,Nouvelle-Aquitaine,24
34249,Saint-Drézéry,rurale_calme,rural_geographique_Occitanie,Occitanie,34
44061,Frossay,rurale_calme,rural_geographique_Pays de la Loire,Pays de la Loire,44
84067,Loriol-du-Comtat,rurale_calme,rural_geographique_Provence-Alpes-Côte d'Azur,Provence-Alpes-Côte d'Azur,84
77312,Montigny-sur-Loing,rurale_calme,rural_geographique_Île-de-France,Île-de-France,77
73300,Tresserve,rurale_calme,rural_geographique_Auvergne-Rhône-Alpes,Auvergne-Rhône-Alpes,73
25512,Le Russey,rurale_calme,rural_geographique_Bourgogne-Franche-Comté,Bourgogne-Franche-Comté,25
56033,Carentoir,rurale_calme,rural_geographique_Bretagne,Bretagne,56
28007,Anet,rurale_calme,rural_geographique_Centre-Val de Loire,Centre-Val de Loire,28
2B193,Omessa,rurale_calme,rural_geographique_Corse,Corse,2B
54111,Chaligny,rurale_calme,rural_geographique_Grand Est,Grand Est,54
60286,Grandvilliers,rurale_calme,rural_geographique_Hauts-de-France,Hauts-de-France,60
50359,Mortain-Bocage,rurale_calme,rural_geographique_Normandie,Normandie,50
87019,Boisseuil,rurale_calme,rural_geographique_Nouvelle-Aquitaine,Nouvelle-Aquitaine,87
48080,Langogne,rurale_calme,rural_geographique_Occitanie,Occitanie,48
44145,Rouans,rurale_calme,rural_geographique_Pays de la Loire,Pays de la Loire,44
83017,Belgentier,rurale_calme,rural_geographique_Provence-Alpes-Côte d'Azur,Provence-Alpes-Côte d'Azur,83
91275,Gometz-le-Châtel,rurale_calme,rural_geographique_Île-de-France,Île-de-France,91
73157,Modane,rurale_calme,rural_geographique_Auvergne-Rhône-Alpes,Auvergne-Rhône-Alpes,73
39500,Salins-les-Bains,rurale_calme,rural_geographique_Bourgogne-Franche-Comté,Bourgogne-Franche-Comté,39
22147,Merdrignac,rurale_calme,rural_geographique_Bretagne,Bretagne,22
41032,Chailles,rurale_calme,rural_geographique_Centre-Val de Loire,Centre-Val de Loire,41
2B016,Antisanti,rurale_calme,rural_geographique_Corse,Corse,2B
52550,Wassy,rurale_calme,rural_geographique_Grand Est,Grand Est,52
02360,Villeneuve-sur-Aisne,rurale_calme,rural_geographique_Hauts-de-France,Hauts-de-France,02
50003,Agon-Coutainville,rurale_calme,rural_geographique_Normandie,Normandie,50
17172,Gémozac,rurale_calme,rural_geographique_Nouvelle-Aquitaine,Nouvelle-Aquitaine,17
09265,Saint-Jean-du-Falga,rurale_calme,rural_geographique_Occitanie,Occitanie,09
85031,Le Boupère,rurale_calme,rural_geographique_Pays de la Loire,Pays de la Loire,85
13058,Maussane-les-Alpilles,rurale_calme,rural_geographique_Provence-Alpes-Côte d'Azur,Provence-Alpes-Côte d'Azur,13
77494,Vernou-la-Celle-sur-Seine,rurale_calme,rural_geographique_Île-de-France,Île-de-France,77
74070,Chens-sur-Léman,rurale_calme,rural_geographique_Auvergne-Rhône-Alpes,Auvergne-Rhône-Alpes,74
70026,Arc-lès-Gray,rurale_calme,rural_geographique_Bourgogne-Franche-Comté,Bourgogne-Franche-Comté,70
29234,Rédené,rurale_calme,rural_geographique_Bretagne,Bretagne,29
37022,Beaumont-en-Véron,rurale_calme,rural_geographique_Centre-Val de Loire,Centre-Val de Loire,37
2A211,Petreto-Bicchisano,rurale_calme,rural_geographique_Corse,Corse,2A
54138,Cosnes-et-Romain,rurale_calme,rural_geographique_Grand Est,Grand Est,54
59525,Sains-du-Nord,rurale_calme,rural_geographique_Hauts-de-France,Hauts-de-France,59
61230,Longny les Villages,rurale_calme,rural_geographique_Normandie,Normandie,61
86113,Iteuil,rurale_calme,rural_geographique_Nouvelle-Aquitaine,Nouvelle-Aquitaine,86
34166,Montblanc,rurale_calme,rural_geographique_Occitanie,Occitanie,34
44079,Le Landreau,rurale_calme,rural_geographique_Pays de la Loire,Pays de la Loire,44
83113,Saint-Julien,rurale_calme,rural_geographique_Provence-Alpes-Côte d'Azur,Provence-Alpes-Côte d'Azur,83
77096,Chartrettes,rurale_calme,rural_geographique_Île-de-France,Île-de-France,77
69033,Cailloux-sur-Fontaines,rurale_calme,rural_geographique_Auvergne-Rhône-Alpes,Auvergne-Rhône-Alpes,69
70447,Rioz,rurale_calme,rural_geographique_Bourgogne-Franche-Comté,Bourgogne-Franche-Comté,70
29215,Plozévet,rurale_calme,rural_geographique_Bretagne,Bretagne,29
41031,Cellettes,rurale_calme,rural_geographique_Centre-Val de Loire,Centre-Val de Loire,41
2A163,Monacia-d'Aullène,rurale_calme,rural_geographique_Corse,Corse,2A
67434,Sarre-Union,rurale_calme,rural_geographique_Grand Est,Grand Est,67
60616,Sérifontaine,rurale_calme,rural_geographique_Hauts-de-France,Hauts-de-France,60
76101,Blangy-sur-Bresle,rurale_calme,rural_geographique_Normandie,Normandie,76
47027,Bias,rurale_calme,rural_geographique_Nouvelle-Aquitaine,Nouvelle-Aquitaine,47
82087,Lafrançaise,rurale_calme,rural_geographique_Occitanie,Occitanie,82
44156,Corcoué-sur-Logne,rurale_calme,rural_geographique_Pays de la Loire,Pays de la Loire,44
84012,Beaumes-de-Venise,rurale_calme,rural_geographique_Provence-Alpes-Côte d'Azur,Provence-Alpes-Côte d'Azur,84
78265,Garancières,rurale_calme,rural_geographique_Île-de-France,Île-de-France,78
03001,Abrest,rurale_calme,rural_geographique_Auvergne-Rhône-Alpes,Auvergne-Rhône-Alpes,03
21103,Brazey-en-Plaine,rurale_calme,rural_geographique_Bourgogne-Franche-Comté,Bourgogne-Franche-Comté,21
22020,Broons,rurale_calme,rural_geographique_Bretagne,Bretagne,22
28191,Hanches,rurale_calme,rural_geographique_Centre-Val de Loire,Centre-Val de Loire,28
2B261,Rogliano,rurale_calme,rural_geographique_Corse,Corse,2B
10006,Arcis-sur-Aube,rurale_calme,rural_geographique_Grand Est,Grand Est,10
80724,Saleux,rurale_calme,rural_geographique_Hauts-de-France,Hauts-de-France,80
76302,Goderville,rurale_calme,rural_geographique_Normandie,Normandie,76
86092,Dangé-Saint-Romain,rurale_calme,rural_geographique_Nouvelle-Aquitaine,Nouvelle-Aquitaine,86
31094,Buzet-sur-Tarn,rurale_calme,rural_geographique_Occitanie,Occitanie,31
44037,Château-Thébaud,rurale_calme,rural_geographique_Pays de la Loire,Pays de la Loire,44
13109,Le Tholonet,rurale_calme,rural_geographique_Provence-Alpes-Côte d'Azur,Provence-Alpes-Côte d'Azur,13
77226,Héricy,rurale_calme,rural_geographique_Île-de-France,Île-de-France,77
42224,Saint-Genest-Malifaux,rurale_calme,rural_geographique_Auvergne-Rhône-Alpes,Auvergne-Rhône-Alpes,42
21599,Selongey,rurale_calme,rural_geographique_Bourgogne-Franche-Comté,Bourgogne-Franche-Comté,21
35282,Rives-du-Couesnon,rurale_calme,rural_geographique_Bretagne,Bretagne,35
41164,Noyers-sur-Cher,rurale_calme,rural_geographique_Centre-Val de Loire,Centre-Val de Loire,41
2A198,Ota,rurale_calme,rural_geographique_Corse,Corse,2A
10064,Brienne-le-Château,rurale_calme,rural_geographique_Grand Est,Grand Est,10
59389,Masnières,rurale_calme,rural_geographique_Hauts-de-France,Hauts-de-France,59
50565,Sartilly-Baie-Bocage,rurale_calme,rural_geographique_Normandie,Normandie,50
64371,Mauléon-Licharre,rurale_calme,rural_geographique_Nouvelle-Aquitaine,Nouvelle-Aquitaine,64
65025,Argelès-Gazost,rurale_calme,rural_geographique_Occitanie,Occitanie,65
44023,Bouvron,rurale_calme,rural_geographique_Pays de la Loire,Pays de la Loire,44
83093,Plan-d'Aups-Sainte-Baume,rurale_calme,rural_geographique_Provence-Alpes-Côte d'Azur,Provence-Alpes-Côte d'Azur,83
91666,Villejust,rurale_calme,rural_geographique_Île-de-France,Île-de-France,91
74067,Chavanod,rurale_calme,rural_geographique_Auvergne-Rhône-Alpes,Auvergne-Rhône-Alpes,74
58214,Pougues-les-Eaux,rurale_calme,rural_geographique_Bourgogne-Franche-Comté,Bourgogne-Franche-Comté,58
22364,Trélivan,rurale_calme,rural_geographique_Bretagne,Bretagne,22
36241,Villedieu-sur-Indre,rurale_calme,rural_geographique_Centre-Val de Loire,Centre-Val de Loire,36
2A212,Piana,rurale_calme,rural_geographique_Corse,Corse,2A
67523,Weitbruch,rurale_calme,rural_geographique_Grand Est,Grand Est,67
80010,Ailly-sur-Noye,rurale_calme,rural_geographique_Hauts-de-France,Hauts-de-France,80
50168,Ducey-Les Chéris,rurale_calme,rural_geographique_Normandie,Normandie,50
86019,Beaumont Saint-Cyr,rurale_calme,rural_geographique_Nouvelle-Aquitaine,Nouvelle-Aquitaine,86
34307,Sussargues,rurale_calme,rural_geographique_Occitanie,Occitanie,34
44054,Erbray,rurale_calme,rural_geographique_Pays de la Loire,Pays de la Loire,44
83007,Aups,rurale_calme,rural_geographique_Provence-Alpes-Côte d'Azur,Provence-Alpes-Côte d'Azur,83
78299,Hardricourt,rurale_calme,rural_geographique_Île-de-France,Île-de-France,78
73043,La Biolle,rurale_calme,rural_geographique_Auvergne-Rhône-Alpes,Auvergne-Rhône-Alpes,73
39475,Saint-Amour,rurale_calme,rural_geographique_Bourgogne-Franche-Comté,Bourgogne-Franche-Comté,39
29188,Plougasnou,rurale_calme,rural_geographique_Bretagne,Bretagne,29
18148,Méreau,rurale_calme,rural_geographique_Centre-Val de Loire,Centre-Val de Loire,18
2B354,Vivario,rurale_calme,rural_geographique_Corse,Corse,2B
67283,Marmoutier,rurale_calme,rural_geographique_Grand Est,Grand Est,67
02290,Essômes-sur-Marne,rurale_calme,rural_geographique_Hauts-de-France,Hauts-de-France,02
76146,Buchy,rurale_calme,rural_geographique_Normandie,Normandie,76
79130,Frontenay-Rohan-Rohan,rurale_calme,rural_geographique_Nouvelle-Aquitaine,Nouvelle-Aquitaine,79
31572,Venerque,rurale_calme,rural_geographique_Occitanie,Occitanie,31
44088,Maisdon-sur-Sèvre,rurale_calme,rural_geographique_Pays de la Loire,Pays de la Loire,44
05170,Tallard,rurale_calme,rural_geographique_Provence-Alpes-Côte d'Azur,Provence-Alpes-Côte d'Azur,05
78465,Orgerus,rurale_calme,rural_geographique_Île-de-France,Île-de-France,78
38519,Valencin,rurale_calme,rural_geographique_Auvergne-Rhône-Alpes,Auvergne-Rhône-Alpes,38
71056,Branges,rurale_calme,rural_geographique_Bourgogne-Franche-Comté,Bourgogne-Franche-Comté,71
56222,Saint-Jean-Brévelay,rurale_calme,rural_geographique_Bretagne,Bretagne,56
45093,Chevilly,rurale_calme,rural_geographique_Centre-Val de Loire,Centre-Val de Loire,45
2A308,Sainte-Lucie-de-Tallano,rurale_calme,rural_geographique_Corse,Corse,2A
55427,Revigny-sur-Ornain,rurale_calme,rural_geographique_Grand Est,Grand Est,55
62217,Cauchy-à-la-Tour,rurale_calme,rural_geographique_Hauts-de-France,Hauts-de-France,62
27051,Beaumont-le-Roger,rurale_calme,rural_geographique_Normandie,Normandie,27
40230,Pontonx-sur-l'Adour,rurale_calme,rural_geographique_Nouvelle-Aquitaine,Nouvelle-Aquitaine,40
30356,Rodilhan,rurale_calme,rural_geographique_Occitanie,Occitanie,30
44038,Chauvé,rurale_calme,rural_geographique_Pays de la Loire,Pays de la Loire,44
05065,Guillestre,rurale_calme,rural_geographique_Provence-Alpes-Côte d'Azur,Provence-Alpes-Côte d'Azur,05
77344,Oissery,rurale_calme,rural_geographique_Île-de-France,Île-de-France,77
42056,Chavanay,rurale_calme,rural_geographique_Auvergne-Rhône-Alpes,Auvergne-Rhône-Alpes,42
39286,Lavans-lès-Saint-Claude,rurale_calme,rural_geographique_Bourgogne-Franche-Comté,Bourgogne-Franche-Comté,39
29279,Taulé,rurale_calme,rural_geographique_Bretagne,Bretagne,29
41280,Villefranche-sur-Cher,rurale_calme,rural_geographique_Centre-Val de Loire,Centre-Val de Loire,41
2A312,Santa-Maria-Siché,rurale_calme,rural_geographique_Corse,Corse,2A
67216,Huttenheim,rurale_calme,rural_geographique_Grand Est,Grand Est,67
62201,Camiers,rurale_calme,rural_geographique_Hauts-de-France,Hauts-de-France,62
50292,Marigny-Le-Lozon,rurale_calme,rural_geographique_Normandie,Normandie,50
86180,Nouaillé-Maupertuis,rurale_calme,rural_geographique_Nouvelle-Aquitaine,Nouvelle-Aquitaine,86
11279,Pennautier,rurale_calme,rural_geographique_Occitanie,Occitanie,11
44050,Crossac,rurale_calme,rural_geographique_Pays de la Loire,Pays de la Loire,44
05006,L'Argentière-la-Bessée,rurale_calme,rural_geographique_Provence-Alpes-Côte d'Azur,Provence-Alpes-Côte d'Azur,05
78263,Gambais,rurale_calme,rural_geographique_Île-de-France,Île-de-France,78
07181,Le Pouzin,rurale_calme,rural_geographique_Auvergne-Rhône-Alpes,Auvergne-Rhône-Alpes,07
71420,Saint-Germain-du-Plain,rurale_calme,rural_geographique_Bourgogne-Franche-Comté,Bourgogne-Franche-Comté,71
56194,Rieux,rurale_calme,rural_geographique_Bretagne,Bretagne,56
37211,Saint-Branchs,rurale_calme,rural_geographique_Centre-Val de Loire,Centre-Val de Loire,37
2B121,Galéria,rurale_calme,rural_geographique_Corse,Corse,2B
67156,Geudertheim,rurale_calme,rural_geographique_Grand Est,Grand Est,67
59601,Trélon,rurale_calme,rural_geographique_Hauts-de-France,Hauts-de-France,59
61483,Bagnoles de l'Orne Normandie,rurale_calme,rural_geographique_Normandie,Normandie,61
86263,Smarves,rurale_calme,rural_geographique_Nouvelle-Aquitaine,Nouvelle-Aquitaine,86
66009,Arles-sur-Tech,rurale_calme,rural_geographique_Occitanie,Occitanie,66
44152,Sainte-Anne-sur-Brivet,rurale_calme,rural_geographique_Pays de la Loire,Pays de la Loire,44
84074,Mérindol,rurale_calme,rural_geographique_Provence-Alpes-Côte d'Azur,Provence-Alpes-Côte d'Azur,84
77442,Samoreau,rurale_calme,rural_geographique_Île-de-France,Île-de-France,77
01304,Pont-d'Ain,rurale_calme,rural_geographique_Auvergne-Rhône-Alpes,Auvergne-Rhône-Alpes,01
21584,Saulieu,rurale_calme,rural_geographique_Bourgogne-Franche-Comté,Bourgogne-Franche-Comté,21
56041,Cléguérec,rurale_calme,rural_geographique_Bretagne,Bretagne,56
28089,Châteauneuf-en-Thymerais,rurale_calme,rural_geographique_Centre-Val de Loire,Centre-Val de Loire,28
2A284,Sollacaro,rurale_calme,rural_geographique_Corse,Corse,2A
67397,Rhinau,rurale_calme,rural_geographique_Grand Est,Grand Est,67
59611,Verlinghem,rurale_calme,rural_geographique_Hauts-de-France,Hauts-de-France,59
27355,Ivry-la-Bataille,rurale_calme,rural_geographique_Normandie,Normandie,27
33514,Soulac-sur-Mer,rurale_calme,rural_geographique_Nouvelle-Aquitaine,Nouvelle-Aquitaine,33
81209,Pont-de-Larn,rurale_calme,rural_geographique_Occitanie,Occitanie,81
85082,Les Epesses,rurale_calme,rural_geographique_Pays de la Loire,Pays de la Loire,85
83077,Méounes-lès-Montrieux,rurale_calme,rural_geographique_Provence-Alpes-Côte d'Azur,Provence-Alpes-Côte d'Azur,83
78238,Flins-sur-Seine,rurale_calme,rural_geographique_Île-de-France,Île-de-France,78
38012,Aoste,rurale_calme,rural_geographique_Auvergne-Rhône-Alpes,Auvergne-Rhône-Alpes,38
71555,Varennes-le-Grand,rurale_calme,rural_geographique_Bourgogne-Franche-Comté,Bourgogne-Franche-Comté,71
56263,Sainte-Anne-d'Auray,rurale_calme,rural_geographique_Bretagne,Bretagne,56
28391,Toury,rurale_calme,rural_geographique_Centre-Val de Loire,Centre-Val de Loire,28
2A040,Bocognano,rurale_calme,rural_geographique_Corse,Corse,2A
67268,Lipsheim,rurale_calme,rural_geographique_Grand Est,Grand Est,67
02059,Beautor,rurale_calme,rural_geographique_Hauts-de-France,Hauts-de-France,02
50391,Grandparigny,rurale_calme,rural_geographique_Normandie,Normandie,50
64540,Urcuit,rurale_calme,rural_geographique_Nouvelle-Aquitaine,Nouvelle-Aquitaine,64
31004,Ayguesvives,rurale_calme,rural_geographique_Occitanie,Occitanie,31
85153,Mouchamps,rurale_calme,rural_geographique_Pays de la Loire,Pays de la Loire,85
06023,Breil-sur-Roya,rurale_calme,rural_geographique_Provence-Alpes-Côte d'Azur,Provence-Alpes-Côte d'Azur,06
78513,La Queue-les-Yvelines,rurale_calme,rural_geographique_Île-de-France,Île-de-France,78
07231,Saint-Étienne-de-Fontbellon,rurale_calme,rural_geographique_Auvergne-Rhône-Alpes,Auvergne-Rhône-Alpes,07
21607,Seurre,rurale_calme,rural_geographique_Bourgogne-Franche-Comté,Bourgogne-Franche-Comté,21
56057,Le Faouët,rurale_calme,rural_geographique_Bretagne,Bretagne,56
45244,Ouzouer-sur-Loire,rurale_calme,rural_geographique_Centre-Val de Loire,Centre-Val de Loire,45
2A270,Sari-d'Orcino,rurale_calme,rural_geographique_Corse,Corse,2A
51660,Warmeriville,rurale_calme,rural_geographique_Grand Est,Grand Est,51
62801,Souchez,rurale_calme,rural_geographique_Hauts-de-France,Hauts-de-France,62
50393,Percy-en-Normandie,rurale_calme,rural_geographique_Normandie,Normandie,50
64453,Pontacq,rurale_calme,rural_geographique_Nouvelle-Aquitaine,Nouvelle-Aquitaine,64
66106,Maureillas-las-Illas,rurale_calme,rural_geographique_Occitanie,Occitanie,66
49294,Saint-Lambert-la-Potherie,rurale_calme,rural_geographique_Pays de la Loire,Pays de la Loire,49
13068,Paradou,rurale_calme,rural_geographique_Provence-Alpes-Côte d'Azur,Provence-Alpes-Côte d'Azur,13
77051,Bray-sur-Seine,rurale_calme,rural_geographique_Île-de-France,Île-de-France,77
42165,Panissières,rurale_calme,rural_geographique_Auvergne-Rhône-Alpes,Auvergne-Rhône-Alpes,42
39367,Morbier,rurale_calme,rural_geographique_Bourgogne-Franche-Comté,Bourgogne-Franche-Comté,39
29040,Le Conquet,rurale_calme,rural_geographique_Bretagne,Bretagne,29
45229,Nogent-sur-Vernisson,rurale_calme,rural_geographique_Centre-Val de Loire,Centre-Val de Loire,45
2B314,Santo-Pietro-di-Tenda,rurale_calme,rural_geographique_Corse,Corse,2B
57642,Scy-Chazelles,rurale_calme,rural_geographique_Grand Est,Grand Est,57
59385,Marpent,rurale_calme,rural_geographique_Hauts-de-France,Hauts-de-France,59
27458,Pîtres,rurale_calme,rural_geographique_Normandie,Normandie,27
79170,Mauzé-sur-le-Mignon,rurale_calme,rural_geographique_Nouvelle-Aquitaine,Nouvelle-Aquitaine,79
34274,Saint-Martin-de-Londres,rurale_calme,rural_geographique_Occitanie,Occitanie,34
49002,Allonnes,rurale_calme,rural_geographique_Pays de la Loire,Pays de la Loire,49
83046,Cotignac,rurale_calme,rural_geographique_Provence-Alpes-Côte d'Azur,Provence-Alpes-Côte d'Azur,83
77088,La Chapelle-la-Reine,rurale_calme,rural_geographique_Île-de-France,Île-de-France,77
42011,Balbigny,rurale_calme,rural_geographique_Auvergne-Rhône-Alpes,Auvergne-Rhône-Alpes,42
25334,Levier,rurale_calme,rural_geographique_Bourgogne-Franche-Comté,Bourgogne-Franche-Comté,25
56174,Plumelin,rurale_calme,rural_geographique_Bretagne,Bretagne,56
45188,Loury,rurale_calme,rural_geographique_Centre-Val de Loire,Centre-Val de Loire,45
2B135,Isolaccio-di-Fiumorbo,rurale_calme,rural_geographique_Corse,Corse,2B
54232,Gondreville,rurale_calme,rural_geographique_Grand Est,Grand Est,54
60134,Cauffry,rurale_calme,rural_geographique_Hauts-de-France,Hauts-de-France,60
76192,Criel-sur-Mer,rurale_calme,rural_geographique_Normandie,Normandie,76
64138,Bordes,rurale_calme,rural_geographique_Nouvelle-Aquitaine,Nouvelle-Aquitaine,64
31345,Miremont,rurale_calme,rural_geographique_Occitanie,Occitanie,31
85004,Angles,rurale_calme,rural_geographique_Pays de la Loire,Pays de la Loire,85
84108,Saint-Didier,rurale_calme,rural_geographique_Provence-Alpes-Côte d'Azur,Provence-Alpes-Côte d'Azur,84
91243,Fontenay-lès-Briis,rurale_calme,rural_geographique_Île-de-France,Île-de-France,91
26179,Mercurol-Veaunes,rurale_calme,rural_geographique_Auvergne-Rhône-Alpes,Auvergne-Rhône-Alpes,26
89099,Cheny,rurale_calme,rural_geographique_Bourgogne-Franche-Comté,Bourgogne-Franche-Comté,89
56197,Val d'Oust,rurale_calme,rural_geographique_Bretagne,Bretagne,56
28199,Janville-en-Beauce,rurale_calme,rural_geographique_Centre-Val de Loire,Centre-Val de Loire,28
2B058,Canari,rurale_calme,rural_geographique_Corse,Corse,2B
10420,Villenauxe-la-Grande,rurale_calme,rural_geographique_Grand Est,Grand Est,10
59615,Vieux-Berquin,rurale_calme,rural_geographique_Hauts-de-France,Hauts-de-France,59
76196,Criquetot-l'Esneval,rurale_calme,rural_geographique_Normandie,Normandie,76
24223,Lalinde,rurale_calme,rural_geographique_Nouvelle-Aquitaine,Nouvelle-Aquitaine,24
66014,Baixas,rurale_calme,rural_geographique_Occitanie,Occitanie,66
72241,Montfort-le-Gesnois,rurale_calme,rural_geographique_Pays de la Loire,Pays de la Loire,72
13115,Vernègues,rurale_calme,rural_geographique_Provence-Alpes-Côte d'Azur,Provence-Alpes-Côte d'Azur,13
91631,Varennes-Jarcy,rurale_calme,rural_geographique_Île-de-France,Île-de-France,91
01288,Péron,rurale_calme,rural_geographique_Auvergne-Rhône-Alpes,Auvergne-Rhône-Alpes,01
25258,Franois,rurale_calme,rural_geographique_Bourgogne-Franche-Comté,Bourgogne-Franche-Comté,25
56153,Péaule,rurale_calme,rural_geographique_Bretagne,Bretagne,56
18223,Saint-Martin-d'Auxigny,rurale_calme,rural_geographique_Centre-Val de Loire,Centre-Val de Loire,18
2B057,Canale-di-Verde,rurale_calme,rural_geographique_Corse,Corse,2B
54533,Trieux,rurale_calme,rural_geographique_Grand Est,Grand Est,54
59285,Haspres,rurale_calme,rural_geographique_Hauts-de-France,Hauts-de-France,59
14536,La Rivière-Saint-Sauveur,rurale_calme,rural_geographique_Normandie,Normandie,14
64147,Briscous,rurale_calme,rural_geographique_Nouvelle-Aquitaine,Nouvelle-Aquitaine,64
30117,Fourques,rurale_calme,rural_geographique_Occitanie,Occitanie,30
72090,Connerré,rurale_calme,rural_geographique_Pays de la Loire,Pays de la Loire,72
13096,Saintes-Maries-de-la-Mer,rurale_calme,rural_geographique_Provence-Alpes-Côte d'Azur,Provence-Alpes-Côte d'Azur,13
77385,Rebais,rurale_calme,rural_geographique_Île-de-France,Île-de-France,77
63262,Orcet,rurale_calme,rural_geographique_Auvergne-Rhône-Alpes,Auvergne-Rhône-Alpes,63
71132,Ciry-le-Noble,rurale_calme,rural_geographique_Bourgogne-Franche-Comté,Bourgogne-Franche-Comté,71
35221,Pléchâtel,rurale_calme,rural_geographique_Bretagne,Bretagne,35
45254,Poilly-lez-Gien,rurale_calme,rural_geographique_Centre-Val de Loire,Centre-Val de Loire,45
2B320,Tallone,rurale_calme,rural_geographique_Corse,Corse,2B
67196,Hilsenheim,rurale_calme,rural_geographique_Grand Est,Grand Est,67
62706,Richebourg,rurale_calme,rural_geographique_Hauts-de-France,Hauts-de-France,62
50412,Port-Bail-sur-Mer,rurale_calme,rural_geographique_Normandie,Normandie,50
19010,Argentat-sur-Dordogne,rurale_calme,rural_geographique_Nouvelle-Aquitaine,Nouvelle-Aquitaine,19
31390,Montréjeau,rurale_calme,rural_geographique_Occitanie,Occitanie,31
53007,Argentré,rurale_calme,rural_geographique_Pays de la Loire,Pays de la Loire,53
83111,Sainte-Anastasie-sur-Issole,rurale_calme,rural_geographique_Provence-Alpes-Côte d'Azur,Provence-Alpes-Côte d'Azur,83
78403,Mézy-sur-Seine,rurale_calme,rural_geographique_Île-de-France,Île-de-France,78
01007,Ambronay,rurale_calme,rural_geographique_Auvergne-Rhône-Alpes,Auvergne-Rhône-Alpes,01
25036,Avanne-Aveney,rurale_calme,rural_geographique_Bourgogne-Franche-Comté,Bourgogne-Franche-Comté,25
22161,Pabu,rurale_calme,rural_geographique_Bretagne,Bretagne,22
37091,La Croix-en-Touraine,rurale_calme,rural_geographique_Centre-Val de Loire,Centre-Val de Loire,37
2A232,Pila-Canale,rurale_calme,rural_geographique_Corse,Corse,2A
57498,Neufchef,rurale_calme,rural_geographique_Grand Est,Grand Est,57
62252,La Couture,rurale_calme,rural_geographique_Hauts-de-France,Hauts-de-France,62
50492,Saint-Jean-d'Elle,rurale_calme,rural_geographique_Normandie,Normandie,50
40261,Saint-Geours-de-Maremne,rurale_calme,rural_geographique_Nouvelle-Aquitaine,Nouvelle-Aquitaine,40
30037,Bessèges,rurale_calme,rural_geographique_Occitanie,Occitanie,30
49333,Seiches-sur-le-Loir,rurale_calme,rural_geographique_Pays de la Loire,Pays de la Loire,49
05132,Saint-Bonnet-en-Champsaur,rurale_calme,rural_geographique_Provence-Alpes-Côte d'Azur,Provence-Alpes-Côte d'Azur,05
78591,Septeuil,rurale_calme,rural_geographique_Île-de-France,Île-de-France,78
43152,Polignac,rurale_calme,rural_geographique_Auvergne-Rhône-Alpes,Auvergne-Rhône-Alpes,43
58238,Saint-Éloi,rurale_calme,rural_geographique_Bourgogne-Franche-Comté,Bourgogne-Franche-Comté,58
56017,Bignan,rurale_calme,rural_geographique_Bretagne,Bretagne,56
37263,Truyes,rurale_calme,rural_geographique_Centre-Val de Loire,Centre-Val de Loire,37
2B047,Calacuccia,rurale_calme,rural_geographique_Corse,Corse,2B
54205,Foug,rurale_calme,rural_geographique_Grand Est,Grand Est,54
59630,Wahagnies,rurale_calme,rural_geographique_Hauts-de-France,Hauts-de-France,59
14663,Saint-Vigor-le-Grand,rurale_calme,rural_geographique_Normandie,Normandie,14
24551,Thiviers,rurale_calme,rural_geographique_Nouvelle-Aquitaine,Nouvelle-Aquitaine,24
34081,Colombiers,rurale_calme,rural_geographique_Occitanie,Occitanie,34
85114,Jard-sur-Mer,rurale_calme,rural_geographique_Pays de la Loire,Pays de la Loire,85
13049,Lamanon,rurale_calme,rural_geographique_Provence-Alpes-Côte d'Azur,Provence-Alpes-Côte d'Azur,13
95120,Butry-sur-Oise,rurale_calme,rural_geographique_Île-de-France,Île-de-France,95
69049,Chasselay,rurale_calme,rural_geographique_Auvergne-Rhône-Alpes,Auvergne-Rhône-Alpes,69
25403,Montlebon,rurale_calme,rural_geographique_Bourgogne-Franche-Comté,Bourgogne-Franche-Comté,25
56172,Plumelec,rurale_calme,rural_geographique_Bretagne,Bretagne,56
41158,Naveil,rurale_calme,rural_geographique_Centre-Val de Loire,Centre-Val de Loire,41
2B347,Vezzani,rurale_calme,rural_geographique_Corse,Corse,2B
57124,Cattenom,rurale_calme,rural_geographique_Grand Est,Grand Est,57
02028,Athies-sous-Laon,rurale_calme,rural_geographique_Hauts-de-France,Hauts-de-France,02
76034,Val-de-Scie,rurale_calme,rural_geographique_Normandie,Normandie,76
86226,Saint-Julien-l'Ars,rurale_calme,rural_geographique_Nouvelle-Aquitaine,Nouvelle-Aquitaine,86
34320,Vailhauquès,rurale_calme,rural_geographique_Occitanie,Occitanie,34
44183,Saint-Molf,rurale_calme,rural_geographique_Pays de la Loire,Pays de la Loire,44
84037,Châteauneuf-du-Pape,rurale_calme,rural_geographique_Provence-Alpes-Côte d'Azur,Provence-Alpes-Côte d'Azur,84
95056,Belloy-en-France,rurale_calme,rural_geographique_Île-de-France,Île-de-France,95
07064,Le Cheylard,rurale_calme,rural_geographique_Auvergne-Rhône-Alpes,Auvergne-Rhône-Alpes,07
25397,Montferrand-le-Château,rurale_calme,rural_geographique_Bourgogne-Franche-Comté,Bourgogne-Franche-Comté,25
29153,Névez,rurale_calme,rural_geographique_Bretagne,Bretagne,29
28001,Abondant,rurale_calme,rural_geographique_Centre-Val de Loire,Centre-Val de Loire,28
2B182,Occhiatana,rurale_calme,rural_geographique_Corse,Corse,2B
55010,Ancerville,rurale_calme,rural_geographique_Grand Est,Grand Est,55
02789,Vervins,rurale_calme,rural_geographique_Hauts-de-France,Hauts-de-France,02
50444,Saint-Amand-Villages,rurale_calme,rural_geographique_Normandie,Normandie,50
40134,Labouheyre,rurale_calme,rural_geographique_Nouvelle-Aquitaine,Nouvelle-Aquitaine,40
34063,Caux,rurale_calme,rural_geographique_Occitanie,Occitanie,34
44010,Batz-sur-Mer,rurale_calme,rural_geographique_Pays de la Loire,Pays de la Loire,44
06163,Tende,rurale_calme,rural_geographique_Provence-Alpes-Côte d'Azur,Provence-Alpes-Côte d'Azur,06
91156,Cheptainville,rurale_calme,rural_geographique_Île-de-France,Île-de-France,91
63272,Pérignat-lès-Sarliève,rurale_calme,rural_geographique_Auvergne-Rhône-Alpes,Auvergne-Rhône-Alpes,63
25432,Orchamps-Vennes,rurale_calme,rural_geographique_Bourgogne-Franche-Comté,Bourgogne-Franche-Comté,25
29072,Guilvinec,rurale_calme,rural_geographique_Bretagne,Bretagne,29
45324,Tigy,rurale_calme,rural_geographique_Centre-Val de Loire,Centre-Val de Loire,45
2B332,Urtaca,rurale_calme,rural_geographique_Corse,Corse,2B
67066,La Broque,rurale_calme,rural_geographique_Grand Est,Grand Est,67
59034,Avelin,rurale_calme,rural_geographique_Hauts-de-France,Hauts-de-France,59
76401,Arelaune-en-Seine,rurale_calme,rural_geographique_Normandie,Normandie,76
33268,Margaux-Cantenac,rurale_calme,rural_geographique_Nouvelle-Aquitaine,Nouvelle-Aquitaine,33
31163,Drémil-Lafage,rurale_calme,rural_geographique_Occitanie,Occitanie,31
49054,Candé,rurale_calme,rural_geographique_Pays de la Loire,Pays de la Loire,49
83028,Callas,rurale_calme,rural_geographique_Provence-Alpes-Côte d'Azur,Provence-Alpes-Côte d'Azur,83
77255,Livry-sur-Seine,rurale_calme,rural_geographique_Île-de-France,Île-de-France,77
26085,Châteauneuf-du-Rhône,rurale_calme,rural_geographique_Auvergne-Rhône-Alpes,Auvergne-Rhône-Alpes,26
39491,Coteaux du Lizon,rurale_calme,rural_geographique_Bourgogne-Franche-Comté,Bourgogne-Franche-Comté,39
22264,La Roche-Jaudy,rurale_calme,rural_geographique_Bretagne,Bretagne,22
41055,Valloire-sur-Cisse,rurale_calme,rural_geographique_Centre-Val de Loire,Centre-Val de Loire,41
2A160,Moca-Croce,rurale_calme,rural_geographique_Corse,Corse,2A
67350,Oberschaeffolsheim,rurale_calme,rural_geographique_Grand Est,Grand Est,67
60368,Longueil-Annel,rurale_calme,rural_geographique_Hauts-de-France,Hauts-de-France,60
14570,Valorbiquet,rurale_calme,rural_geographique_Normandie,Normandie,14
33233,Laruscade,rurale_calme,rural_geographique_Nouvelle-Aquitaine,Nouvelle-Aquitaine,33
81289,Soual,rurale_calme,rural_geographique_Occitanie,Occitanie,81
44024,Brains,rurale_calme,rural_geographique_Pays de la Loire,Pays de la Loire,44
84131,Taillades,rurale_calme,rural_geographique_Provence-Alpes-Côte d'Azur,Provence-Alpes-Côte d'Azur,84
78090,Bouafle,rurale_calme,rural_geographique_Île-de-France,Île-de-France,78
26307,Saint-Jean-en-Royans,rurale_calme,rural_geographique_Auvergne-Rhône-Alpes,Auvergne-Rhône-Alpes,26
71497,Sancé,rurale_calme,rural_geographique_Bourgogne-Franche-Comté,Bourgogne-Franche-Comté,71
35167,Martigné-Ferchaud,rurale_calme,rural_geographique_Bretagne,Bretagne,35
45061,Cepoy,rurale_calme,rural_geographique_Centre-Val de Loire,Centre-Val de Loire,45
2A071,Casalabriva,rurale_calme,rural_geographique_Corse,Corse,2A
88218,Granges-Aumontzey,rurale_calme,rural_geographique_Grand Est,Grand Est,88
59435,Nomain,rurale_calme,rural_geographique_Hauts-de-France,Hauts-de-France,59
61117,Condé-sur-Sarthe,rurale_calme,rural_geographique_Normandie,Normandie,61
33533,Toulenne,rurale_calme,rural_geographique_Nouvelle-Aquitaine,Nouvelle-Aquitaine,33
31455,Rieux-Volvestre,rurale_calme,rural_geographique_Occitanie,Occitanie,31
44127,La Planche,rurale_calme,rural_geographique_Pays de la Loire,Pays de la Loire,44
83026,Cabasse,rurale_calme,rural_geographique_Provence-Alpes-Côte d'Azur,Provence-Alpes-Côte d'Azur,83
77240,Jouy-sur-Morin,rurale_calme,rural_geographique_Île-de-France,Île-de-France,77
42092,L'Étrat,rurale_calme,rural_geographique_Auvergne-Rhône-Alpes,Auvergne-Rhône-Alpes,42
25454,Pirey,rurale_calme,rural_geographique_Bourgogne-Franche-Comté,Bourgogne-Franche-Comté,25
56212,Saint-Dolay,rurale_calme,rural_geographique_Bretagne,Bretagne,56
41142,Valencisse,rurale_calme,rural_geographique_Centre-Val de Loire,Centre-Val de Loire,41
2A108,Évisa,rurale_calme,rural_geographique_Corse,Corse,2A
67089,Dettwiller,rurale_calme,rural_geographique_Grand Est,Grand Est,67
02163,Charly-sur-Marne,rurale_calme,rural_geographique_Hauts-de-France,Hauts-de-France,02
14754,Villers-sur-Mer,rurale_calme,rural_geographique_Normandie,Normandie,14
17336,Saint-Georges-des-Coteaux,rurale_calme,rural_geographique_Nouvelle-Aquitaine,Nouvelle-Aquitaine,17
11272,Palaja,rurale_calme,rural_geographique_Occitanie,Occitanie,11
49163,Jarzé Villages,rurale_calme,rural_geographique_Pays de la Loire,Pays de la Loire,49
84070,Malemort-du-Comtat,rurale_calme,rural_geographique_Provence-Alpes-Côte d'Azur,Provence-Alpes-Côte d'Azur,84
78239,Follainville-Dennemont,rurale_calme,rural_geographique_Île-de-France,Île-de-France,78
69299,Colombier-Saugnieu,rurale_calme,rural_geographique_Auvergne-Rhône-Alpes,Auvergne-Rhône-Alpes,69
89102,Chevannes,rurale_calme,rural_geographique_Bourgogne-Franche-Comté,Bourgogne-Franche-Comté,89
35326,Sens-de-Bretagne,rurale_calme,rural_geographique_Bretagne,Bretagne,35
41097,Gièvres,rurale_calme,rural_geographique_Centre-Val de Loire,Centre-Val de Loire,41
2A186,Olivese,rurale_calme,rural_geographique_Corse,Corse,2A
88530,Xertigny,rurale_calme,rural_geographique_Grand Est,Grand Est,88
59252,Frelinghien,rurale_calme,rural_geographique_Hauts-de-France,Hauts-de-France,59
27191,Clef Vallée d'Eure,rurale_calme,rural_geographique_Normandie,Normandie,27
86272,Thuré,rurale_calme,rural_geographique_Nouvelle-Aquitaine,Nouvelle-Aquitaine,86
81048,Cagnac-les-Mines,rurale_calme,rural_geographique_Occitanie,Occitanie,81
49026,Bécon-les-Granits,rurale_calme,rural_geographique_Pays de la Loire,Pays de la Loire,49
84071,Maubec,rurale_calme,rural_geographique_Provence-Alpes-Côte d'Azur,Provence-Alpes-Côte d'Azur,84
91511,Pussay,rurale_calme,rural_geographique_Île-de-France,Île-de-France,91
69007,Ampuis,rurale_calme,rural_geographique_Auvergne-Rhône-Alpes,Auvergne-Rhône-Alpes,69
71070,Buxy,rurale_calme,rural_geographique_Bourgogne-Franche-Comté,Bourgogne-Franche-Comté,71
35347,Val-d'Izé,rurale_calme,rural_geographique_Bretagne,Bretagne,35
41104,Huisseau-sur-Cosson,rurale_calme,rural_geographique_Centre-Val de Loire,Centre-Val de Loire,41
2B088,Chiatra,rurale_calme,rural_geographique_Corse,Corse,2B
57205,Falck,rurale_calme,rural_geographique_Grand Est,Grand Est,57
60234,Fitz-James,rurale_calme,rural_geographique_Hauts-de-France,Hauts-de-France,60
76219,Doudeville,rurale_calme,rural_geographique_Normandie,Normandie,76
19276,Uzerche,rurale_calme,rural_geographique_Nouvelle-Aquitaine,Nouvelle-Aquitaine,19
31381,Montgiscard,rurale_calme,rural_geographique_Occitanie,Occitanie,31
53152,Meslay-du-Maine,rurale_calme,rural_geographique_Pays de la Loire,Pays de la Loire,53
84082,Mormoiron,rurale_calme,rural_geographique_Provence-Alpes-Côte d'Azur,Provence-Alpes-Côte d'Azur,84
77374,Pontcarré,rurale_calme,rural_geographique_Île-de-France,Île-de-France,77
01378,Saint-Maurice-de-Gourdans,rurale_calme,rural_geographique_Auvergne-Rhône-Alpes,Auvergne-Rhône-Alpes,01
71190,Épinac,rurale_calme,rural_geographique_Bourgogne-Franche-Comté,Bourgogne-Franche-Comté,71
56262,Le Bono,rurale_calme,rural_geographique_Bretagne,Bretagne,56
45248,Patay,rurale_calme,rural_geographique_Centre-Val de Loire,Centre-Val de Loire,45
2B124,Ghisoni,rurale_calme,rural_geographique_Corse,Corse,2B
67124,Entzheim,rurale_calme,rural_geographique_Grand Est,Grand Est,67
59647,Watten,rurale_calme,rural_geographique_Hauts-de-France,Hauts-de-France,59
27580,Saint-Ouen-de-Thouberville,rurale_calme,rural_geographique_Normandie,Normandie,27
33248,Listrac-Médoc,rurale_calme,rural_geographique_Nouvelle-Aquitaine,Nouvelle-Aquitaine,33
11099,Conques-sur-Orbiel,rurale_calme,rural_geographique_Occitanie,Occitanie,11
44022,Boussay,rurale_calme,rural_geographique_Pays de la Loire,Pays de la Loire,44
83043,Collobrières,rurale_calme,rural_geographique_Provence-Alpes-Côte d'Azur,Provence-Alpes-Côte d'Azur,83
95241,Fontenay-en-Parisis,rurale_calme,rural_geographique_Île-de-France,Île-de-France,95
38357,Saint-André-le-Gaz,rurale_calme,rural_geographique_Auvergne-Rhône-Alpes,Auvergne-Rhône-Alpes,38
25370,Mathay,rurale_calme,rural_geographique_Bourgogne-Franche-Comté,Bourgogne-Franche-Comté,25
22067,Grâces,rurale_calme,rural_geographique_Bretagne,Bretagne,22
36045,Châtillon-sur-Indre,rurale_calme,rural_geographique_Centre-Val de Loire,Centre-Val de Loire,36
2B007,Albertacce,rurale_calme,rural_geographique_Corse,Corse,2B
68384,Zillisheim,rurale_calme,rural_geographique_Grand Est,Grand Est,68
62735,Sailly-Labourse,rurale_calme,rural_geographique_Hauts-de-France,Hauts-de-France,62
14475,Val d'Arry,rurale_calme,rural_geographique_Normandie,Normandie,14
33081,Cadillac-sur-Garonne,rurale_calme,rural_geographique_Nouvelle-Aquitaine,Nouvelle-Aquitaine,33
81018,Arthès,rurale_calme,rural_geographique_Occitanie,Occitanie,81
85135,Mareuil-sur-Lay-Dissais,rurale_calme,rural_geographique_Pays de la Loire,Pays de la Loire,85
83063,La Garde-Freinet,rurale_calme,rural_geographique_Provence-Alpes-Côte d'Azur,Provence-Alpes-Côte d'Azur,83
77168,Égreville,rurale_calme,rural_geographique_Île-de-France,Île-de-France,77
63001,Aigueperse,rurale_calme,rural_geographique_Auvergne-Rhône-Alpes,Auvergne-Rhône-Alpes,63
89068,Chablis,rurale_calme,rural_geographique_Bourgogne-Franche-Comté,Bourgogne-Franche-Comté,89
29184,Plouénan,rurale_calme,rural_geographique_Bretagne,Bretagne,29
41185,Pruniers-en-Sologne,rurale_calme,rural_geographique_Centre-Val de Loire,Centre-Val de Loire,41
2B293,Sant'Andréa-di-Cotone,rurale_calme,rural_geographique_Corse,Corse,2B
88447,Saulxures-sur-Moselotte,rurale_calme,rural_geographique_Grand Est,Grand Est,88
62060,Auxi-le-Château,rurale_calme,rural_geographique_Hauts-de-France,Hauts-de-France,62
14143,Caumont-sur-Aure,rurale_calme,rural_geographique_Normandie,Normandie,14
24299,Mussidan,rurale_calme,rural_geographique_Nouvelle-Aquitaine,Nouvelle-Aquitaine,24
30059,Le Cailar,rurale_calme,rural_geographique_Occitanie,Occitanie,30
85001,L'Aiguillon-la-Presqu'île,rurale_calme,rural_geographique_Pays de la Loire,Pays de la Loire,85
06103,Roquebillière,rurale_calme,rural_geographique_Provence-Alpes-Côte d'Azur,Provence-Alpes-Côte d'Azur,06
78087,Bonnelles,rurale_calme,rural_geographique_Île-de-France,Île-de-France,78
73225,Saint-Baldoph,rurale_calme,rural_geographique_Auvergne-Rhône-Alpes,Auvergne-Rhône-Alpes,73
39333,Moirans-en-Montagne,rurale_calme,rural_geographique_Bourgogne-Franche-Comté,Bourgogne-Franche-Comté,39
22339,Taden,rurale_calme,rural_geographique_Bretagne,Bretagne,22
41161,Nouan-le-Fuzelier,rurale_calme,rural_geographique_Centre-Val de Loire,Centre-Val de Loire,41
2A026,Azilone-Ampaza,rurale_calme,rural_geographique_Corse,Corse,2A
88165,Étival-Clairefontaine,rurale_calme,rural_geographique_Grand Est,Grand Est,88
60374,Maignelay-Montigny,rurale_calme,rural_geographique_Hauts-de-France,Hauts-de-France,60
61143,Damigny,rurale_calme,rural_geographique_Normandie,Normandie,61
17308,Saint-Agnant,rurale_calme,rural_geographique_Nouvelle-Aquitaine,Nouvelle-Aquitaine,17
30061,La Calmette,rurale_calme,rural_geographique_Occitanie,Occitanie,30
44192,Saint-Viaud,rurale_calme,rural_geographique_Pays de la Loire,Pays de la Loire,44
84042,Cucuron,rurale_calme,rural_geographique_Provence-Alpes-Côte d'Azur,Provence-Alpes-Côte d'Azur,84
77483,Varreddes,rurale_calme,rural_geographique_Île-de-France,Île-de-France,77
07197,Roiffieux,rurale_calme,rural_geographique_Auvergne-Rhône-Alpes,Auvergne-Rhône-Alpes,07
25060,Val-d'Usiers,rurale_calme,rural_geographique_Bourgogne-Franche-Comté,Bourgogne-Franche-Comté,25
35265,Saint-Domineuc,rurale_calme,rural_geographique_Bretagne,Bretagne,35
45108,Coullons,rurale_calme,rural_geographique_Centre-Val de Loire,Centre-Val de Loire,45
2B201,Pancheraccia,rurale_calme,rural_geographique_Corse,Corse,2B
67001,Achenheim,rurale_calme,rural_geographique_Grand Est,Grand Est,67
02018,Anizy-le-Grand,rurale_calme,rural_geographique_Hauts-de-France,Hauts-de-France,02
76464,La Neuville-Chant-d'Oisel,rurale_calme,rural_geographique_Normandie,Normandie,76
87014,Bessines-sur-Gartempe,rurale_calme,rural_geographique_Nouvelle-Aquitaine,Nouvelle-Aquitaine,87
32307,Pavie,rurale_calme,rural_geographique_Occitanie,Occitanie,32
72080,Cherré-Au,rurale_calme,rural_geographique_Pays de la Loire,Pays de la Loire,72
06099,Puget-Théniers,rurale_calme,rural_geographique_Provence-Alpes-Côte d'Azur,Provence-Alpes-Côte d'Azur,06
77069,Chailly-en-Bière,rurale_calme,rural_geographique_Île-de-France,Île-de-France,77
63291,Puy-Guillaume,rurale_calme,rural_geographique_Auvergne-Rhône-Alpes,Auvergne-Rhône-Alpes,63
25147,Chemaudin et Vaux,rurale_calme,rural_geographique_Bourgogne-Franche-Comté,Bourgogne-Franche-Comté,25
56152,Le Palais,rurale_calme,rural_geographique_Bretagne,Bretagne,56
36228,Valençay,rurale_calme,rural_geographique_Centre-Val de Loire,Centre-Val de Loire,36
2B246,La Porta,rurale_calme,rural_geographique_Corse,Corse,2B
08053,Bazeilles,rurale_calme,rural_geographique_Grand Est,Grand Est,08
80533,Mers-les-Bains,rurale_calme,rural_geographique_Hauts-de-France,Hauts-de-France,80
76391,La Londe,rurale_calme,rural_geographique_Normandie,Normandie,76
24291,Montignac-Lascaux,rurale_calme,rural_geographique_Nouvelle-Aquitaine,Nouvelle-Aquitaine,24
81002,Aiguefonde,rurale_calme,rural_geographique_Occitanie,Occitanie,81
53137,Loiron-Ruillé,rurale_calme,rural_geographique_Pays de la Loire,Pays de la Loire,53
84025,Cabrières-d'Avignon,rurale_calme,rural_geographique_Provence-Alpes-Côte d'Azur,Provence-Alpes-Côte d'Azur,84
77128,Couilly-Pont-aux-Dames,rurale_calme,rural_geographique_Île-de-France,Île-de-France,77
38408,Saint-Just-Chaleyssin,rurale_calme,rural_geographique_Auvergne-Rhône-Alpes,Auvergne-Rhône-Alpes,38
25467,Pouilley-les-Vignes,rurale_calme,rural_geographique_Bourgogne-Franche-Comté,Bourgogne-Franche-Comté,25
29068,Guiclan,rurale_calme,rural_geographique_Bretagne,Bretagne,29
45346,Vitry-aux-Loges,rurale_calme,rural_geographique_Centre-Val de Loire,Centre-Val de Loire,45
2B199,Palasca,rurale_calme,rural_geographique_Corse,Corse,2B
57013,Alsting,rurale_calme,rural_geographique_Grand Est,Grand Est,57
60524,Rantigny,rurale_calme,rural_geographique_Hauts-de-France,Hauts-de-France,60
50394,Périers,rurale_calme,rural_geographique_Normandie,Normandie,50
24225,Lamonzie-Saint-Martin,rurale_calme,rural_geographique_Nouvelle-Aquitaine,Nouvelle-Aquitaine,24
31160,Daux,rurale_calme,rural_geographique_Occitanie,Occitanie,31
85221,Saint-Gervais,rurale_calme,rural_geographique_Pays de la Loire,Pays de la Loire,85
83117,Saint-Paul-en-Forêt,rurale_calme,rural_geographique_Provence-Alpes-Côte d'Azur,Provence-Alpes-Côte d'Azur,83
95450,Neuville-sur-Oise,rurale_calme,rural_geographique_Île-de-France,Île-de-France,95
38205,Lans-en-Vercors,rurale_calme,rural_geographique_Auvergne-Rhône-Alpes,Auvergne-Rhône-Alpes,38
89074,Champigny,rurale_calme,rural_geographique_Bourgogne-Franche-Comté,Bourgogne-Franche-Comté,89
22353,Trégastel,rurale_calme,rural_geographique_Bretagne,Bretagne,22
28393,Tremblay-les-Villages,rurale_calme,rural_geographique_Centre-Val de Loire,Centre-Val de Loire,28
2A024,Aullène,rurale_calme,rural_geographique_Corse,Corse,2A
67237,Kilstett,rurale_calme,rural_geographique_Grand Est,Grand Est,67
62849,Verton,rurale_calme,rural_geographique_Hauts-de-France,Hauts-de-France,62
27425,Nassandres sur Risle,rurale_calme,rural_geographique_Normandie,Normandie,27
86233,Valdivienne,rurale_calme,rural_geographique_Nouvelle-Aquitaine,Nouvelle-Aquitaine,86
31106,Caraman,rurale_calme,rural_geographique_Occitanie,Occitanie,31
72320,Saint-Saturnin,rurale_calme,rural_geographique_Pays de la Loire,Pays de la Loire,72
84053,Grillon,rurale_calme,rural_geographique_Provence-Alpes-Côte d'Azur,Provence-Alpes-Côte d'Azur,84
91635,Vauhallan,rurale_calme,rural_geographique_Île-de-France,Île-de-France,91
74002,Alby-sur-Chéran,rurale_calme,rural_geographique_Auvergne-Rhône-Alpes,Auvergne-Rhône-Alpes,74
21657,Varois-et-Chaignot,rurale_calme,rural_geographique_Bourgogne-Franche-Comté,Bourgogne-Franche-Comté,21
56126,Marzan,rurale_calme,rural_geographique_Bretagne,Bretagne,56
28236,Arcisses,rurale_calme,rural_geographique_Centre-Val de Loire,Centre-Val de Loire,28
2B054,Campile,rurale_calme,rural_geographique_Corse,Corse,2B
57597,Rosselange,rurale_calme,rural_geographique_Grand Est,Grand Est,57
59416,Morbecque,rurale_calme,rural_geographique_Hauts-de-France,Hauts-de-France,59
76648,Saint-Saëns,rurale_calme,rural_geographique_Normandie,Normandie,76
86178,Nieuil-l'Espoir,rurale_calme,rural_geographique_Nouvelle-Aquitaine,Nouvelle-Aquitaine,86
31484,Saint-Geniès-Bellevue,rurale_calme,rural_geographique_Occitanie,Occitanie,31
53271,Villaines-la-Juhel,rurale_calme,rural_geographique_Pays de la Loire,Pays de la Loire,53
13034,Eygalières,rurale_calme,rural_geographique_Provence-Alpes-Côte d'Azur,Provence-Alpes-Côte d'Azur,13
77521,Villiers-sur-Morin,rurale_calme,rural_geographique_Île-de-France,Île-de-France,77
74191,Morzine,rurale_calme,rural_geographique_Auvergne-Rhône-Alpes,Auvergne-Rhône-Alpes,74
90042,Évette-Salbert,rurale_calme,rural_geographique_Bourgogne-Franche-Comté,Bourgogne-Franche-Comté,90
56091,Josselin,rurale_calme,rural_geographique_Bretagne,Bretagne,56
37167,Neuillé-Pont-Pierre,rurale_calme,rural_geographique_Centre-Val de Loire,Centre-Val de Loire,37
2B190,Olmi-Cappella,rurale_calme,rural_geographique_Corse,Corse,2B
67034,Berstett,rurale_calme,rural_geographique_Grand Est,Grand Est,67
62376,Gonnehem,rurale_calme,rural_geographique_Hauts-de-France,Hauts-de-France,62
14229,Dozulé,rurale_calme,rural_geographique_Normandie,Normandie,14
33496,Sallebœuf,rurale_calme,rural_geographique_Nouvelle-Aquitaine,Nouvelle-Aquitaine,33
30269,Saint-Jean-du-Gard,rurale_calme,rural_geographique_Occitanie,Occitanie,30
44077,Joué-sur-Erdre,rurale_calme,rural_geographique_Pays de la Loire,Pays de la Loire,44
04160,Reillanne,rurale_calme,rural_geographique_Provence-Alpes-Côte d'Azur,Provence-Alpes-Côte d'Azur,04
77359,Perthes,rurale_calme,rural_geographique_Île-de-France,Île-de-France,77
07334,Les Vans,rurale_calme,rural_geographique_Auvergne-Rhône-Alpes,Auvergne-Rhône-Alpes,07
25133,Châtillon-le-Duc,rurale_calme,rural_geographique_Bourgogne-Franche-Comté,Bourgogne-Franche-Comté,25
22084,Jugon-les-Lacs,rurale_calme,rural_geographique_Bretagne,Bretagne,22
45193,Marcilly-en-Villette,rurale_calme,rural_geographique_Centre-Val de Loire,Centre-Val de Loire,45
2B086,Centuri,rurale_calme,rural_geographique_Corse,Corse,2B
67230,Kaltenhouse,rurale_calme,rural_geographique_Grand Est,Grand Est,67
02558,Le Nouvion-en-Thiérache,rurale_calme,rural_geographique_Hauts-de-France,Hauts-de-France,02
27183,La Couture-Boussey,rurale_calme,rural_geographique_Normandie,Normandie,27
16106,Confolens,rurale_calme,rural_geographique_Nouvelle-Aquitaine,Nouvelle-Aquitaine,16
81124,Lacaune,rurale_calme,rural_geographique_Occitanie,Occitanie,81
44178,Saint-Mars-de-Coutais,rurale_calme,rural_geographique_Pays de la Loire,Pays de la Loire,44
83133,Tanneron,rurale_calme,rural_geographique_Provence-Alpes-Côte d'Azur,Provence-Alpes-Côte d'Azur,83
77433,Beautheil-Saints,rurale_calme,rural_geographique_Île-de-France,Île-de-France,77
26011,Aouste-sur-Sye,rurale_calme,rural_geographique_Auvergne-Rhône-Alpes,Auvergne-Rhône-Alpes,26
25043,Bart,rurale_calme,rural_geographique_Bourgogne-Franche-Comté,Bourgogne-Franche-Comté,25
35116,La Fresnais,rurale_calme,rural_geographique_Bretagne,Bretagne,35
28334,Saint-Denis-Lanneray,rurale_calme,rural_geographique_Centre-Val de Loire,Centre-Val de Loire,28
2B327,Tomino,rurale_calme,rural_geographique_Corse,Corse,2B
54029,Audun-le-Roman,rurale_calme,rural_geographique_Grand Est,Grand Est,54
59124,Camphin-en-Pévèle,rurale_calme,rural_geographique_Hauts-de-France,Hauts-de-France,59
76636,Saint-Pierre-de-Varengeville,rurale_calme,rural_geographique_Normandie,Normandie,76
64504,Sare,rurale_calme,rural_geographique_Nouvelle-Aquitaine,Nouvelle-Aquitaine,64
46225,Prayssac,rurale_calme,rural_geographique_Occitanie,Occitanie,46
72198,La Milesse,rurale_calme,rural_geographique_Pays de la Loire,Pays de la Loire,72
84135,Uchaux,rurale_calme,rural_geographique_Provence-Alpes-Côte d'Azur,Provence-Alpes-Côte d'Azur,84
95142,Chars,rurale_calme,rural_geographique_Île-de-France,Île-de-France,95
01301,Polliat,rurale_calme,rural_geographique_Auvergne-Rhône-Alpes,Auvergne-Rhône-Alpes,01
71372,Romanèche-Thorins,rurale_calme,rural_geographique_Bourgogne-Franche-Comté,Bourgogne-Franche-Comté,71
35331,Talensac,rurale_calme,rural_geographique_Bretagne,Bretagne,35
45095,Chilleurs-aux-Bois,rurale_calme,rural_geographique_Centre-Val de Loire,Centre-Val de Loire,45
2A091,Cognocoli-Monticchi,rurale_calme,rural_geographique_Corse,Corse,2A
55502,Stenay,rurale_calme,rural_geographique_Grand Est,Grand Est,55
59409,Monchecourt,rurale_calme,rural_geographique_Hauts-de-France,Hauts-de-France,59
27438,Nonancourt,rurale_calme,rural_geographique_Normandie,Normandie,27
17155,Étaules,rurale_calme,rural_geographique_Nouvelle-Aquitaine,Nouvelle-Aquitaine,17
30307,Les Salles-du-Gardon,rurale_calme,rural_geographique_Occitanie,Occitanie,30
85204,Saint-Christophe-du-Ligneron,rurale_calme,rural_geographique_Pays de la Loire,Pays de la Loire,85
83110,Rougiers,rurale_calme,rural_geographique_Provence-Alpes-Côte d'Azur,Provence-Alpes-Côte d'Azur,83
77455,Soignolles-en-Brie,rurale_calme,rural_geographique_Île-de-France,Île-de-France,77
07337,Vernosc-lès-Annonay,rurale_calme,rural_geographique_Auvergne-Rhône-Alpes,Auvergne-Rhône-Alpes,07
58149,Luzy,rurale_calme,rural_geographique_Bourgogne-Franche-Comté,Bourgogne-Franche-Comté,58
56149,Noyal-Muzillac,rurale_calme,rural_geographique_Bretagne,Bretagne,56
18180,Plaimpied-Givaudins,rurale_calme,rural_geographique_Centre-Val de Loire,Centre-Val de Loire,18
2B233,Pino,rurale_calme,rural_geographique_Corse,Corse,2B
54425,Piennes,rurale_calme,rural_geographique_Grand Est,Grand Est,54
60313,Hermes,rurale_calme,rural_geographique_Hauts-de-France,Hauts-de-France,60
14200,Creully sur Seulles,rurale_calme,rural_geographique_Normandie,Normandie,14
19072,Donzenac,rurale_calme,rural_geographique_Nouvelle-Aquitaine,Nouvelle-Aquitaine,19
34126,Lamalou-les-Bains,rurale_calme,rural_geographique_Occitanie,Occitanie,34
53003,Ambrières-les-Vallées,rurale_calme,rural_geographique_Pays de la Loire,Pays de la Loire,53
84009,La Bastide-des-Jourdans,rurale_calme,rural_geographique_Provence-Alpes-Côte d'Azur,Provence-Alpes-Côte d'Azur,84
78337,Limetz-Villez,rurale_calme,rural_geographique_Île-de-France,Île-de-France,78
38388,Saint-Georges-de-Commiers,rurale_calme,rural_geographique_Auvergne-Rhône-Alpes,Auvergne-Rhône-Alpes,38
70258,Froideconche,rurale_calme,rural_geographique_Bourgogne-Franche-Comté,Bourgogne-Franche-Comté,70
22166,Penvénan,rurale_calme,rural_geographique_Bretagne,Bretagne,22
37130,Ligueil,rurale_calme,rural_geographique_Centre-Val de Loire,Centre-Val de Loire,37
2A282,Soccia,rurale_calme,rural_geographique_Corse,Corse,2A
68289,Ruelisheim,rurale_calme,rural_geographique_Grand Est,Grand Est,68
59344,Leval,rurale_calme,rural_geographique_Hauts-de-France,Hauts-de-France,59
76069,Belbeuf,rurale_calme,rural_geographique_Normandie,Normandie,76
87156,Saint-Just-le-Martel,rurale_calme,rural_geographique_Nouvelle-Aquitaine,Nouvelle-Aquitaine,87
31480,Sainte-Foy-d'Aigrefeuille,rurale_calme,rural_geographique_Occitanie,Occitanie,31
72223,Noyen-sur-Sarthe,rurale_calme,rural_geographique_Pays de la Loire,Pays de la Loire,72
84062,Lagnes,rurale_calme,rural_geographique_Provence-Alpes-Côte d'Azur,Provence-Alpes-Côte d'Azur,84
95078,Boissy-l'Aillerie,rurale_calme,rural_geographique_Île-de-France,Île-de-France,95
26004,Alixan,rurale_calme,rural_geographique_Auvergne-Rhône-Alpes,Auvergne-Rhône-Alpes,26
71528,Sornay,rurale_calme,rural_geographique_Bourgogne-Franche-Comté,Bourgogne-Franche-Comté,71
56124,Malestroit,rurale_calme,rural_geographique_Bretagne,Bretagne,56
45083,Château-Renard,rurale_calme,rural_geographique_Centre-Val de Loire,Centre-Val de Loire,45
2A131,Guagno,rurale_calme,rural_geographique_Corse,Corse,2A
57096,Boulange,rurale_calme,rural_geographique_Grand Est,Grand Est,57
59221,Famars,rurale_calme,rural_geographique_Hauts-de-France,Hauts-de-France,59
50267,Lessay,rurale_calme,rural_geographique_Normandie,Normandie,50
33123,Cézac,rurale_calme,rural_geographique_Nouvelle-Aquitaine,Nouvelle-Aquitaine,33
32410,Samatan,rurale_calme,rural_geographique_Occitanie,Occitanie,32
44205,Les Touches,rurale_calme,rural_geographique_Pays de la Loire,Pays de la Loire,44
84050,Gordes,rurale_calme,rural_geographique_Provence-Alpes-Côte d'Azur,Provence-Alpes-Côte d'Azur,84
77241,Juilly,rurale_calme,rural_geographique_Île-de-France,Île-de-France,77
43211,Saint-Maurice-de-Lignon,rurale_calme,rural_geographique_Auvergne-Rhône-Alpes,Auvergne-Rhône-Alpes,43
71351,Pierre-de-Bresse,rurale_calme,rural_geographique_Bourgogne-Franche-Comté,Bourgogne-Franche-Comté,71
22032,Caulnes,rurale_calme,rural_geographique_Bretagne,Bretagne,22
18281,Vignoux-sur-Barangeon,rurale_calme,rural_geographique_Centre-Val de Loire,Centre-Val de Loire,18
2B046,Cagnano,rurale_calme,rural_geographique_Corse,Corse,2B
57638,Schœneck,rurale_calme,rural_geographique_Grand Est,Grand Est,57
59128,Capinghem,rurale_calme,rural_geographique_Hauts-de-France,Hauts-de-France,59
50592,Tessy-Bocage,rurale_calme,rural_geographique_Normandie,Normandie,50
79162,Magné,rurale_calme,rural_geographique_Nouvelle-Aquitaine,Nouvelle-Aquitaine,79
31100,Calmont,rurale_calme,rural_geographique_Occitanie,Occitanie,31
72253,Roëzé-sur-Sarthe,rurale_calme,rural_geographique_Pays de la Loire,Pays de la Loire,72
83082,Montferrat,rurale_calme,rural_geographique_Provence-Alpes-Côte d'Azur,Provence-Alpes-Côte d'Azur,83
77441,Samois-sur-Seine,rurale_calme,rural_geographique_Île-de-France,Île-de-France,77
26231,Peyrins,rurale_calme,rural_geographique_Auvergne-Rhône-Alpes,Auvergne-Rhône-Alpes,26
25259,Frasne,rurale_calme,rural_geographique_Bourgogne-Franche-Comté,Bourgogne-Franche-Comté,25
35014,Bais,rurale_calme,rural_geographique_Bretagne,Bretagne,35
37074,Chouzé-sur-Loire,rurale_calme,rural_geographique_Centre-Val de Loire,Centre-Val de Loire,37
2A115,Foce,rurale_calme,rural_geographique_Corse,Corse,2A
68152,Illfurth,rurale_calme,rural_geographique_Grand Est,Grand Est,68
80632,Pont-de-Metz,rurale_calme,rural_geographique_Hauts-de-France,Hauts-de-France,80
61153,Écouché-les-Vallées,rurale_calme,rural_geographique_Normandie,Normandie,61
33540,Vendays-Montalivet,rurale_calme,rural_geographique_Nouvelle-Aquitaine,Nouvelle-Aquitaine,33
81038,Brens,rurale_calme,rural_geographique_Occitanie,Occitanie,81
49378,Vivy,rurale_calme,rural_geographique_Pays de la Loire,Pays de la Loire,49
83146,La Verdière,rurale_calme,rural_geographique_Provence-Alpes-Côte d'Azur,Provence-Alpes-Côte d'Azur,83
77146,Croissy-Beaubourg,rurale_calme,rural_geographique_Île-de-France,Île-de-France,77
38276,Nivolas-Vermelle,rurale_calme,rural_geographique_Auvergne-Rhône-Alpes,Auvergne-Rhône-Alpes,38
70473,Saint-Sauveur,rurale_calme,rural_geographique_Bourgogne-Franche-Comté,Bourgogne-Franche-Comté,70
22185,Plénée-Jugon,rurale_calme,rural_geographique_Bretagne,Bretagne,22
18096,Foëcy,rurale_calme,rural_geographique_Centre-Val de Loire,Centre-Val de Loire,18
2A132,Guargualé,rurale_calme,rural_geographique_Corse,Corse,2A
57669,Théding,rurale_calme,rural_geographique_Grand Est,Grand Est,57
80308,Feuquières-en-Vimeu,rurale_calme,rural_geographique_Hauts-de-France,Hauts-de-France,80
50031,Barneville-Carteret,rurale_calme,rural_geographique_Normandie,Normandie,50
64304,Lahonce,rurale_calme,rural_geographique_Nouvelle-Aquitaine,Nouvelle-Aquitaine,64
34281,Saint-Pargoire,rurale_calme,rural_geographique_Occitanie,Occitanie,34
49138,Les Bois d'Anjou,rurale_calme,rural_geographique_Pays de la Loire,Pays de la Loire,49
04166,Riez,rurale_calme,rural_geographique_Provence-Alpes-Côte d'Azur,Provence-Alpes-Côte d'Azur,04
78030,Auffargis,rurale_calme,rural_geographique_Île-de-France,Île-de-France,78
43087,Dunières,rurale_calme,rural_geographique_Auvergne-Rhône-Alpes,Auvergne-Rhône-Alpes,43
58062,Château-Chinon (Ville),rurale_calme,rural_geographique_Bourgogne-Franche-Comté,Bourgogne-Franche-Comté,58
56096,Landaul,rurale_calme,rural_geographique_Bretagne,Bretagne,56
18011,Argent-sur-Sauldre,rurale_calme,rural_geographique_Centre-Val de Loire,Centre-Val de Loire,18
2B136,Lama,rurale_calme,rural_geographique_Corse,Corse,2B
55063,Bouligny,rurale_calme,rural_geographique_Grand Est,Grand Est,55
59330,Landas,rurale_calme,rural_geographique_Hauts-de-France,Hauts-de-France,59
27517,Saint-Aubin-sur-Gaillon,rurale_calme,rural_geographique_Normandie,Normandie,27
33334,Portets,rurale_calme,rural_geographique_Nouvelle-Aquitaine,Nouvelle-Aquitaine,33
34155,Maureilhan,rurale_calme,rural_geographique_Occitanie,Occitanie,34
44027,Casson,rurale_calme,rural_geographique_Pays de la Loire,Pays de la Loire,44
05123,La Roche-des-Arnauds,rurale_calme,rural_geographique_Provence-Alpes-Côte d'Azur,Provence-Alpes-Côte d'Azur,05
77352,Ozouer-le-Voulgis,rurale_calme,rural_geographique_Île-de-France,Île-de-France,77
69241,Taluyers,rurale_calme,rural_geographique_Auvergne-Rhône-Alpes,Auvergne-Rhône-Alpes,69
90029,Cravanche,rurale_calme,rural_geographique_Bourgogne-Franche-Comté,Bourgogne-Franche-Comté,90
22226,Ploumilliau,rurale_calme,rural_geographique_Bretagne,Bretagne,22
28064,Bû,rurale_calme,rural_geographique_Centre-Val de Loire,Centre-Val de Loire,28
2B083,Castirla,rurale_calme,rural_geographique_Corse,Corse,2B
68318,Soultzmatt,rurale_calme,rural_geographique_Grand Est,Grand Est,68
80373,Gamaches,rurale_calme,rural_geographique_Hauts-de-France,Hauts-de-France,80
76400,Luneray,rurale_calme,rural_geographique_Normandie,Normandie,76
33466,Saint-Quentin-de-Baron,rurale_calme,rural_geographique_Nouvelle-Aquitaine,Nouvelle-Aquitaine,33
34074,Cessenon-sur-Orb,rurale_calme,rural_geographique_Occitanie,Occitanie,34
44048,Couffé,rurale_calme,rural_geographique_Pays de la Loire,Pays de la Loire,44
13029,Cornillon-Confoux,rurale_calme,rural_geographique_Provence-Alpes-Côte d'Azur,Provence-Alpes-Côte d'Azur,13
77405,Saint-Cyr-sur-Morin,rurale_calme,rural_geographique_Île-de-France,Île-de-France,77
74118,Étrembières,rurale_calme,rural_geographique_Auvergne-Rhône-Alpes,Auvergne-Rhône-Alpes,74
21209,Couternon,rurale_calme,rural_geographique_Bourgogne-Franche-Comté,Bourgogne-Franche-Comté,21
29022,Camaret-sur-Mer,rurale_calme,rural_geographique_Bretagne,Bretagne,29
45270,Saint-Benoît-sur-Loire,rurale_calme,rural_geographique_Centre-Val de Loire,Centre-Val de Loire,45
2B356,Zalana,rurale_calme,rural_geographique_Corse,Corse,2B
68343,Ungersheim,rurale_calme,rural_geographique_Grand Est,Grand Est,68
62557,Marœuil,rurale_calme,rural_geographique_Hauts-de-France,Hauts-de-France,62
50074,Brécey,rurale_calme,rural_geographique_Normandie,Normandie,50
79080,Châtillon-sur-Thouet,rurale_calme,rural_geographique_Nouvelle-Aquitaine,Nouvelle-Aquitaine,79
09157,Laroque-d'Olmes,rurale_calme,rural_geographique_Occitanie,Occitanie,09
85161,Nieul-le-Dolent,rurale_calme,rural_geographique_Pays de la Loire,Pays de la Loire,85
83096,Pourcieux,rurale_calme,rural_geographique_Provence-Alpes-Côte d'Azur,Provence-Alpes-Côte d'Azur,83
91318,Janville-sur-Juine,rurale_calme,rural_geographique_Île-de-France,Île-de-France,91
74289,Vallières-sur-Fier,rurale_calme,rural_geographique_Auvergne-Rhône-Alpes,Auvergne-Rhône-Alpes,74
71235,Hurigny,rurale_calme,rural_geographique_Bourgogne-Franche-Comté,Bourgogne-Franche-Comté,71
35243,Romagné,rurale_calme,rural_geographique_Bretagne,Bretagne,35
36171,Reuilly,rurale_calme,rural_geographique_Centre-Val de Loire,Centre-Val de Loire,36
2A028,Balogna,rurale_calme,rural_geographique_Corse,Corse,2A
54536,Tucquegnieux,rurale_calme,rural_geographique_Grand Est,Grand Est,54
59118,Busigny,rurale_calme,rural_geographique_Hauts-de-France,Hauts-de-France,59
61339,Putanges-le-Lac,rurale_calme,rural_geographique_Normandie,Normandie,61
47185,Montayral,rurale_calme,rural_geographique_Nouvelle-Aquitaine,Nouvelle-Aquitaine,47
12102,Flavin,rurale_calme,rural_geographique_Occitanie,Occitanie,12
85211,Sainte-Flaive-des-Loups,rurale_calme,rural_geographique_Pays de la Loire,Pays de la Loire,85
13006,Aureille,rurale_calme,rural_geographique_Provence-Alpes-Côte d'Azur,Provence-Alpes-Côte d'Azur,13
77302,Moncourt-Fromonville,rurale_calme,rural_geographique_Île-de-France,Île-de-France,77
03128,Huriel,rurale_calme,rural_geographique_Auvergne-Rhône-Alpes,Auvergne-Rhône-Alpes,03
71419,Saint-Germain-du-Bois,rurale_calme,rural_geographique_Bourgogne-Franche-Comté,Bourgogne-Franche-Comté,71
29284,Treffiagat,rurale_calme,rural_geographique_Bretagne,Bretagne,29
28380,Sours,rurale_calme,rural_geographique_Centre-Val de Loire,Centre-Val de Loire,28
2B030,Barrettali,rurale_calme,rural_geographique_Corse,Corse,2B
67052,Bœrsch,rurale_calme,rural_geographique_Grand Est,Grand Est,67
59495,Recquignies,rurale_calme,rural_geographique_Hauts-de-France,Hauts-de-France,59
61211,Juvigny Val d'Andaine,rurale_calme,rural_geographique_Normandie,Normandie,61
33219,La Lande-de-Fronsac,rurale_calme,rural_geographique_Nouvelle-Aquitaine,Nouvelle-Aquitaine,33
65344,Ossun,rurale_calme,rural_geographique_Occitanie,Occitanie,65
85246,Saint-Martin-des-Noyers,rurale_calme,rural_geographique_Pays de la Loire,Pays de la Loire,85
05133,Saint-Chaffrey,rurale_calme,rural_geographique_Provence-Alpes-Côte d'Azur,Provence-Alpes-Côte d'Azur,05
78120,Bullion,rurale_calme,rural_geographique_Île-de-France,Île-de-France,78
03264,Saint-Yorre,rurale_calme,rural_geographique_Auvergne-Rhône-Alpes,Auvergne-Rhône-Alpes,03
71456,Saint-Martin-en-Bresse,rurale_calme,rural_geographique_Bourgogne-Franche-Comté,Bourgogne-Franche-Comté,71
35195,Montreuil-sur-Ille,rurale_calme,rural_geographique_Bretagne,Bretagne,35
45335,Vienne-en-Val,rurale_calme,rural_geographique_Centre-Val de Loire,Centre-Val de Loire,45
2A119,Frasseto,rurale_calme,rural_geographique_Corse,Corse,2A
68146,Houssen,rurale_calme,rural_geographique_Grand Est,Grand Est,68
62454,Hinges,rurale_calme,rural_geographique_Hauts-de-France,Hauts-de-France,62
50151,Créances,rurale_calme,rural_geographique_Normandie,Normandie,50
24222,La Force,rurale_calme,rural_geographique_Nouvelle-Aquitaine,Nouvelle-Aquitaine,24
09167,Lézat-sur-Lèze,rurale_calme,rural_geographique_Occitanie,Occitanie,09
53107,Gorron,rurale_calme,rural_geographique_Pays de la Loire,Pays de la Loire,53
83149,Villecroze,rurale_calme,rural_geographique_Provence-Alpes-Côte d'Azur,Provence-Alpes-Côte d'Azur,83
91411,Les Molières,rurale_calme,rural_geographique_Île-de-France,Île-de-France,91
69148,Orliénas,rurale_calme,rural_geographique_Auvergne-Rhône-Alpes,Auvergne-Rhône-Alpes,69
71309,Montcenis,rurale_calme,rural_geographique_Bourgogne-Franche-Comté,Bourgogne-Franche-Comté,71
22362,Tréguier,rurale_calme,rural_geographique_Bretagne,Bretagne,22
41238,Savigny-sur-Braye,rurale_calme,rural_geographique_Centre-Val de Loire,Centre-Val de Loire,41
2B287,Sorio,rurale_calme,rural_geographique_Corse,Corse,2B
57041,Aumetz,rurale_calme,rural_geographique_Grand Est,Grand Est,57
59467,Pont-sur-Sambre,rurale_calme,rural_geographique_Hauts-de-France,Hauts-de-France,59
14516,Potigny,rurale_calme,rural_geographique_Normandie,Normandie,14
87021,Bosmie-l'Aiguille,rurale_calme,rural_geographique_Nouvelle-Aquitaine,Nouvelle-Aquitaine,87
12100,Firmi,rurale_calme,rural_geographique_Occitanie,Occitanie,12
53188,Renazé,rurale_calme,rural_geographique_Pays de la Loire,Pays de la Loire,53
04145,Peipin,rurale_calme,rural_geographique_Provence-Alpes-Côte d'Azur,Provence-Alpes-Côte d'Azur,04
95042,Baillet-en-France,rurale_calme,rural_geographique_Île-de-France,Île-de-France,95
38383,Saint-Étienne-de-Crossey,rurale_calme,rural_geographique_Auvergne-Rhône-Alpes,Auvergne-Rhône-Alpes,38
71360,Prissé,rurale_calme,rural_geographique_Bourgogne-Franche-Comté,Bourgogne-Franche-Comté,71
35062,La Chapelle-Fleurigné,rurale_calme,rural_geographique_Bretagne,Bretagne,35
18097,Fussy,rurale_calme,rural_geographique_Centre-Val de Loire,Centre-Val de Loire,18
2B107,Ersa,rurale_calme,rural_geographique_Corse,Corse,2B
57678,Tressange,rurale_calme,rural_geographique_Grand Est,Grand Est,57
59345,Lewarde,rurale_calme,rural_geographique_Hauts-de-France,Hauts-de-France,59
50551,Saint-Sauveur-le-Vicomte,rurale_calme,rural_geographique_Normandie,Normandie,50
33402,Sainte-Foy-la-Grande,rurale_calme,rural_geographique_Nouvelle-Aquitaine,Nouvelle-Aquitaine,33
30020,Aubord,rurale_calme,rural_geographique_Occitanie,Occitanie,30
72373,Vibraye,rurale_calme,rural_geographique_Pays de la Loire,Pays de la Loire,72
83079,La Môle,rurale_calme,rural_geographique_Provence-Alpes-Côte d'Azur,Provence-Alpes-Côte d'Azur,83
77127,Coubert,rurale_calme,rural_geographique_Île-de-France,Île-de-France,77
69231,Saint-Pierre-la-Palud,rurale_calme,rural_geographique_Auvergne-Rhône-Alpes,Auvergne-Rhône-Alpes,69
25542,Serre-les-Sapins,rurale_calme,rural_geographique_Bourgogne-Franche-Comté,Bourgogne-Franche-Comté,25
22219,Plouguenast-Langast,rurale_calme,rural_geographique_Bretagne,Bretagne,22
37011,Avoine,rurale_calme,rural_geographique_Centre-Val de Loire,Centre-Val de Loire,37
2A141,Letia,rurale_calme,rural_geographique_Corse,Corse,2A
68286,Rosenau,rurale_calme,rural_geographique_Grand Est,Grand Est,68
80721,Saint-Valery-sur-Somme,rurale_calme,rural_geographique_Hauts-de-France,Hauts-de-France,80
27082,La Bonneville-sur-Iton,rurale_calme,rural_geographique_Normandie,Normandie,27
24067,Le Bugue,rurale_calme,rural_geographique_Nouvelle-Aquitaine,Nouvelle-Aquitaine,24
09332,Verniolle,rurale_calme,rural_geographique_Occitanie,Occitanie,09
44083,La Limouzinière,rurale_calme,rural_geographique_Pays de la Loire,Pays de la Loire,44
83083,Montfort-sur-Argens,rurale_calme,rural_geographique_Provence-Alpes-Côte d'Azur,Provence-Alpes-Côte d'Azur,83
77508,Villeneuve-le-Comte,rurale_calme,rural_geographique_Île-de-France,Île-de-France,77
38292,Villages du Lac de Paladru,rurale_calme,rural_geographique_Auvergne-Rhône-Alpes,Auvergne-Rhône-Alpes,38
70413,Plancher-Bas,rurale_calme,rural_geographique_Bourgogne-Franche-Comté,Bourgogne-Franche-Comté,70
29273,Santec,rurale_calme,rural_geographique_Bretagne,Bretagne,29
36230,Vatan,rurale_calme,rural_geographique_Centre-Val de Loire,Centre-Val de Loire,36
2A360,Zigliara,rurale_calme,rural_geographique_Corse,Corse,2A
52093,Chalindrey,rurale_calme,rural_geographique_Grand Est,Grand Est,52
62841,Vendin-lès-Béthune,rurale_calme,rural_geographique_Hauts-de-France,Hauts-de-France,62
14257,Évrecy,rurale_calme,rural_geographique_Normandie,Normandie,14
79014,Loretz-d'Argenton,rurale_calme,rural_geographique_Nouvelle-Aquitaine,Nouvelle-Aquitaine,79
31497,Saint-Loup-Cammas,rurale_calme,rural_geographique_Occitanie,Occitanie,31
72217,Neuville-sur-Sarthe,rurale_calme,rural_geographique_Pays de la Loire,Pays de la Loire,72
04039,Castellane,rurale_calme,rural_geographique_Provence-Alpes-Côte d'Azur,Provence-Alpes-Côte d'Azur,04
77397,Saâcy-sur-Marne,rurale_calme,rural_geographique_Île-de-France,Île-de-France,77
01266,Montrevel-en-Bresse,rurale_calme,rural_geographique_Auvergne-Rhône-Alpes,Auvergne-Rhône-Alpes,01
89083,Charbuy,rurale_calme,rural_geographique_Bourgogne-Franche-Comté,Bourgogne-Franche-Comté,89
35079,Chevaigné,rurale_calme,rural_geographique_Bretagne,Bretagne,35
28269,Morancez,rurale_calme,rural_geographique_Centre-Val de Loire,Centre-Val de Loire,28
2B095,Corscia,rurale_calme,rural_geographique_Corse,Corse,2B
54321,Longlaville,rurale_calme,rural_geographique_Grand Est,Grand Est,54
80182,Cayeux-sur-Mer,rurale_calme,rural_geographique_Hauts-de-France,Hauts-de-France,80
76608,Sainte-Marguerite-sur-Duclair,rurale_calme,rural_geographique_Normandie,Normandie,76
86139,Lusignan,rurale_calme,rural_geographique_Nouvelle-Aquitaine,Nouvelle-Aquitaine,86
12146,Le Monastère,rurale_calme,rural_geographique_Occitanie,Occitanie,12
49247,La Possonnière,rurale_calme,rural_geographique_Pays de la Loire,Pays de la Loire,49
05183,Villar-Saint-Pancrace,rurale_calme,rural_geographique_Provence-Alpes-Côte d'Azur,Provence-Alpes-Côte d'Azur,05
91533,Saclas,rurale_calme,rural_geographique_Île-de-France,Île-de-France,91
42177,Pouilly-sous-Charlieu,rurale_calme,rural_geographique_Auvergne-Rhône-Alpes,Auvergne-Rhône-Alpes,42
25318,Jougne,rurale_calme,rural_geographique_Bourgogne-Franche-Comté,Bourgogne-Franche-Comté,25
29113,Lanmeur,rurale_calme,rural_geographique_Bretagne,Bretagne,29
41147,Les Montils,rurale_calme,rural_geographique_Centre-Val de Loire,Centre-Val de Loire,41
2B195,Ortiporio,rurale_calme,rural_geographique_Corse,Corse,2B
57602,Rurange-lès-Thionville,rurale_calme,rural_geographique_Grand Est,Grand Est,57
62170,Bouvigny-Boyeffles,rurale_calme,rural_geographique_Hauts-de-France,Hauts-de-France,62
50197,Gavray-sur-Sienne,rurale_calme,rural_geographique_Normandie,Normandie,50
33143,Cubzac-les-Ponts,rurale_calme,rural_geographique_Nouvelle-Aquitaine,Nouvelle-Aquitaine,33
12254,Salles-la-Source,rurale_calme,rural_geographique_Occitanie,Occitanie,12
72299,Saint-Mars-d'Outillé,rurale_calme,rural_geographique_Pays de la Loire,Pays de la Loire,72
83025,Brue-Auriac,rurale_calme,rural_geographique_Provence-Alpes-Côte d'Azur,Provence-Alpes-Côte d'Azur,83
77277,Marles-en-Brie,rurale_calme,rural_geographique_Île-de-France,Île-de-France,77
73187,La Léchère,rurale_calme,rural_geographique_Auvergne-Rhône-Alpes,Auvergne-Rhône-Alpes,73
71202,Fontaines,rurale_calme,rural_geographique_Bourgogne-Franche-Comté,Bourgogne-Franche-Comté,71
22135,Louargat,rurale_calme,rural_geographique_Bretagne,Bretagne,22
45123,Darvoy,rurale_calme,rural_geographique_Centre-Val de Loire,Centre-Val de Loire,45
2A326,Tolla,rurale_calme,rural_geographique_Corse,Corse,2A
54305,Lay-Saint-Christophe,rurale_calme,rural_geographique_Grand Est,Grand Est,54
59197,Ennevelin,rurale_calme,rural_geographique_Hauts-de-France,Hauts-de-France,59
50341,Montebourg,rurale_calme,rural_geographique_Normandie,Normandie,50
33109,Castres-Gironde,rurale_calme,rural_geographique_Nouvelle-Aquitaine,Nouvelle-Aquitaine,33
34227,Restinclières,rurale_calme,rural_geographique_Occitanie,Occitanie,34
44007,Avessac,rurale_calme,rural_geographique_Pays de la Loire,Pays de la Loire,44
83135,Tavernes,rurale_calme,rural_geographique_Provence-Alpes-Côte d'Azur,Provence-Alpes-Côte d'Azur,83
78057,Bennecourt,rurale_calme,rural_geographique_Île-de-France,Île-de-France,78
26006,Allex,rurale_calme,rural_geographique_Auvergne-Rhône-Alpes,Auvergne-Rhône-Alpes,26
39476,Saint-Aubin,rurale_calme,rural_geographique_Bourgogne-Franche-Comté,Bourgogne-Franche-Comté,39
56249,Taupont,rurale_calme,rural_geographique_Bretagne,Bretagne,56
37232,Coteaux-sur-Loire,rurale_calme,rural_geographique_Centre-Val de Loire,Centre-Val de Loire,37
2A279,Serriera,rurale_calme,rural_geographique_Corse,Corse,2A
54136,Conflans-en-Jarnisy,rurale_calme,rural_geographique_Grand Est,Grand Est,54
62520,Locon,rurale_calme,rural_geographique_Hauts-de-France,Hauts-de-France,62
61309,Perche en Nocé,rurale_calme,rural_geographique_Normandie,Normandie,61
47065,Clairac,rurale_calme,rural_geographique_Nouvelle-Aquitaine,Nouvelle-Aquitaine,47
48009,Peyre en Aubrac,rurale_calme,rural_geographique_Occitanie,Occitanie,48
44189,Sainte-Reine-de-Bretagne,rurale_calme,rural_geographique_Pays de la Loire,Pays de la Loire,44
84107,Saint-Christol,rurale_calme,rural_geographique_Provence-Alpes-Côte d'Azur,Provence-Alpes-Côte d'Azur,84
77269,Maincy,rurale_calme,rural_geographique_Île-de-France,Île-de-France,77
74249,Saint-Paul-en-Chablais,rurale_calme,rural_geographique_Auvergne-Rhône-Alpes,Auvergne-Rhône-Alpes,74
71157,Cuiseaux,rurale_calme,rural_geographique_Bourgogne-Franche-Comté,Bourgogne-Franche-Comté,71
22079,Hénon,rurale_calme,rural_geographique_Bretagne,Bretagne,22
45279,Saint-Germain-des-Prés,rurale_calme,rural_geographique_Centre-Val de Loire,Centre-Val de Loire,45
2B069,Casabianca,rurale_calme,rural_geographique_Corse,Corse,2B
57163,Dabo,rurale_calme,rural_geographique_Grand Est,Grand Est,57
60398,Le Mesnil-en-Thelle,rurale_calme,rural_geographique_Hauts-de-France,Hauts-de-France,60
27278,Garennes-sur-Eure,rurale_calme,rural_geographique_Normandie,Normandie,27
86078,Civray,rurale_calme,rural_geographique_Nouvelle-Aquitaine,Nouvelle-Aquitaine,86
31517,Saint-Sulpice-sur-Lèze,rurale_calme,rural_geographique_Occitanie,Occitanie,31
85127,Longeville-sur-Mer,rurale_calme,rural_geographique_Pays de la Loire,Pays de la Loire,85
84076,Mirabeau,rurale_calme,rural_geographique_Provence-Alpes-Côte d'Azur,Provence-Alpes-Côte d'Azur,84
77447,Seine-Port,rurale_calme,rural_geographique_Île-de-France,Île-de-France,77
01074,Chalamont,rurale_calme,rural_geographique_Auvergne-Rhône-Alpes,Auvergne-Rhône-Alpes,01
58264,Saint-Pierre-le-Moûtier,rurale_calme,rural_geographique_Bourgogne-Franche-Comté,Bourgogne-Franche-Comté,58
22273,Saint-Alban,rurale_calme,rural_geographique_Bretagne,Bretagne,22
18003,Les Aix-d'Angillon,rurale_calme,rural_geographique_Centre-Val de Loire,Centre-Val de Loire,18
2B153,Manso,rurale_calme,rural_geographique_Corse,Corse,2B
88451,Senones,rurale_calme,rural_geographique_Grand Est,Grand Est,88
62364,Fruges,rurale_calme,rural_geographique_Hauts-de-France,Hauts-de-France,62
61116,Sablons sur Huisne,rurale_calme,rural_geographique_Normandie,Normandie,61
19028,Bort-les-Orgues,rurale_calme,rural_geographique_Nouvelle-Aquitaine,Nouvelle-Aquitaine,19
82169,Saint-Nicolas-de-la-Grave,rurale_calme,rural_geographique_Occitanie,Occitanie,82
44174,Saint-Lumine-de-Coutais,rurale_calme,rural_geographique_Pays de la Loire,Pays de la Loire,44
04001,Aiglun,rurale_calme,rural_geographique_Provence-Alpes-Côte d'Azur,Provence-Alpes-Côte d'Azur,04
77339,Noisy-sur-École,rurale_calme,rural_geographique_Île-de-France,Île-de-France,77
03036,Bourbon-l'Archambault,rurale_calme,rural_geographique_Auvergne-Rhône-Alpes,Auvergne-Rhône-Alpes,03
58218,Prémery,rurale_calme,rural_geographique_Bourgogne-Franche-Comté,Bourgogne-Franche-Comté,58
22195,Pleubian,rurale_calme,rural_geographique_Bretagne,Bretagne,22
45042,Les Bordes,rurale_calme,rural_geographique_Centre-Val de Loire,Centre-Val de Loire,45
2B023,Asco,rurale_calme,rural_geographique_Corse,Corse,2B
51193,Courtisols,rurale_calme,rural_geographique_Grand Est,Grand Est,51
62748,Saint-Folquin,rurale_calme,rural_geographique_Hauts-de-France,Hauts-de-France,62
76235,Envermeu,rurale_calme,rural_geographique_Normandie,Normandie,76
24167,Eymet,rurale_calme,rural_geographique_Nouvelle-Aquitaine,Nouvelle-Aquitaine,24
34025,Bassan,rurale_calme,rural_geographique_Occitanie,Occitanie,34
44164,Saint-Hilaire-de-Chaléons,rurale_calme,rural_geographique_Pays de la Loire,Pays de la Loire,44
83011,Bargemon,rurale_calme,rural_geographique_Provence-Alpes-Côte d'Azur,Provence-Alpes-Côte d'Azur,83
77400,Saint-Augustin,rurale_calme,rural_geographique_Île-de-France,Île-de-France,77
01350,Saint-Étienne-du-Bois,rurale_calme,rural_geographique_Auvergne-Rhône-Alpes,Auvergne-Rhône-Alpes,01
25193,Damprichard,rurale_calme,rural_geographique_Bourgogne-Franche-Comté,Bourgogne-Franche-Comté,25
22277,Saint-Brandan,rurale_calme,rural_geographique_Bretagne,Bretagne,22
45085,Châtillon-Coligny,rurale_calme,rural_geographique_Centre-Val de Loire,Centre-Val de Loire,45
2B055,Campitello,rurale_calme,rural_geographique_Corse,Corse,2B
54557,Bois-de-Haye,rurale_calme,rural_geographique_Grand Est,Grand Est,54
59303,Herlies,rurale_calme,rural_geographique_Hauts-de-France,Hauts-de-France,59
14478,Orbec,rurale_calme,rural_geographique_Normandie,Normandie,14
33492,Saint-Yzan-de-Soudiac,rurale_calme,rural_geographique_Nouvelle-Aquitaine,Nouvelle-Aquitaine,33
31228,Gragnague,rurale_calme,rural_geographique_Occitanie,Occitanie,31
85159,Nalliers,rurale_calme,rural_geographique_Pays de la Loire,Pays de la Loire,85
84084,La Motte-d'Aigues,rurale_calme,rural_geographique_Provence-Alpes-Côte d'Azur,Provence-Alpes-Côte d'Azur,84
77148,Crouy-sur-Ourcq,rurale_calme,rural_geographique_Île-de-France,Île-de-France,77
63148,Ennezat,rurale_calme,rural_geographique_Auvergne-Rhône-Alpes,Auvergne-Rhône-Alpes,63
89443,Véron,rurale_calme,rural_geographique_Bourgogne-Franche-Comté,Bourgogne-Franche-Comté,89
29206,Plounévez-Lochrist,rurale_calme,rural_geographique_Bretagne,Bretagne,29
45040,Bonny-sur-Loire,rurale_calme,rural_geographique_Centre-Val de Loire,Centre-Val de Loire,45
2B073,Casamaccioli,rurale_calme,rural_geographique_Corse,Corse,2B
88225,Hadol,rurale_calme,rural_geographique_Grand Est,Grand Est,88
60041,Bailleul-sur-Thérain,rurale_calme,rural_geographique_Hauts-de-France,Hauts-de-France,60
50616,Le Val-Saint-Père,rurale_calme,rural_geographique_Normandie,Normandie,50
87106,Nexon,rurale_calme,rural_geographique_Nouvelle-Aquitaine,Nouvelle-Aquitaine,87
30138,Langlade,rurale_calme,rural_geographique_Occitanie,Occitanie,30
44100,Monnières,rurale_calme,rural_geographique_Pays de la Loire,Pays de la Loire,44
05162,La Saulce,rurale_calme,rural_geographique_Provence-Alpes-Côte d'Azur,Provence-Alpes-Côte d'Azur,05
95353,Maffliers,rurale_calme,rural_geographique_Île-de-France,Île-de-France,95
74016,Archamps,rurale_calme,rural_geographique_Auvergne-Rhône-Alpes,Auvergne-Rhône-Alpes,74
39487,Saint-Laurent-en-Grandvaux,rurale_calme,rural_geographique_Bourgogne-Franche-Comté,Bourgogne-Franche-Comté,39
56024,Bréhan,rurale_calme,rural_geographique_Bretagne,Bretagne,56
28098,Cherisy,rurale_calme,rural_geographique_Centre-Val de Loire,Centre-Val de Loire,28
2B334,Valle-d'Alesani,rurale_calme,rural_geographique_Corse,Corse,2B
10340,Saint-Germain,rurale_calme,rural_geographique_Grand Est,Grand Est,10
60402,Le Meux,rurale_calme,rural_geographique_Hauts-de-France,Hauts-de-France,60
14515,Port-en-Bessin-Huppain,rurale_calme,rural_geographique_Normandie,Normandie,14
86213,Rouillé,rurale_calme,rural_geographique_Nouvelle-Aquitaine,Nouvelle-Aquitaine,86
31181,Le Fauga,rurale_calme,rural_geographique_Occitanie,Occitanie,31
85255,Saint-Michel-en-l'Herm,rurale_calme,rural_geographique_Pays de la Loire,Pays de la Loire,85
06127,Saint-Martin-Vésubie,rurale_calme,rural_geographique_Provence-Alpes-Côte d'Azur,Provence-Alpes-Côte d'Azur,06
95446,Nesles-la-Vallée,rurale_calme,rural_geographique_Île-de-France,Île-de-France,95
63026,Aydat,rurale_calme,rural_geographique_Auvergne-Rhône-Alpes,Auvergne-Rhône-Alpes,63
21661,Velars-sur-Ouche,rurale_calme,rural_geographique_Bourgogne-Franche-Comté,Bourgogne-Franche-Comté,21
35135,Irodouër,rurale_calme,rural_geographique_Bretagne,Bretagne,35
37067,Cheillé,rurale_calme,rural_geographique_Centre-Val de Loire,Centre-Val de Loire,37
2B140,Lento,rurale_calme,rural_geographique_Corse,Corse,2B
67539,Wingersheim les Quatre Bans,rurale_calme,rural_geographique_Grand Est,Grand Est,67
02680,Saint-Gobain,rurale_calme,rural_geographique_Hauts-de-France,Hauts-de-France,02
50409,Pont-Hébert,rurale_calme,rural_geographique_Normandie,Normandie,50
87110,Oradour-sur-Glane,rurale_calme,rural_geographique_Nouvelle-Aquitaine,Nouvelle-Aquitaine,87
30212,Remoulins,rurale_calme,rural_geographique_Occitanie,Occitanie,30
53005,Andouillé,rurale_calme,rural_geographique_Pays de la Loire,Pays de la Loire,53
04111,Mane,rurale_calme,rural_geographique_Provence-Alpes-Côte d'Azur,Provence-Alpes-Côte d'Azur,04
77260,Longueville,rurale_calme,rural_geographique_Île-de-France,Île-de-France,77
38059,Brié-et-Angonnes,rurale_calme,rural_geographique_Auvergne-Rhône-Alpes,Auvergne-Rhône-Alpes,38
25364,Mamirolle,rurale_calme,rural_geographique_Bourgogne-Franche-Comté,Bourgogne-Franche-Comté,25
56069,Groix,rurale_calme,rural_geographique_Bretagne,Bretagne,56
37083,Cormery,rurale_calme,rural_geographique_Centre-Val de Loire,Centre-Val de Loire,37
2B147,Lozzi,rurale_calme,rural_geographique_Corse,Corse,2B
57566,Réding,rurale_calme,rural_geographique_Grand Est,Grand Est,57
80630,Poix-de-Picardie,rurale_calme,rural_geographique_Hauts-de-France,Hauts-de-France,80
76051,Bacqueville-en-Caux,rurale_calme,rural_geographique_Normandie,Normandie,76
23193,Sainte-Feyre,rurale_calme,rural_geographique_Nouvelle-Aquitaine,Nouvelle-Aquitaine,23
31136,Cépet,rurale_calme,rural_geographique_Occitanie,Occitanie,31
85016,Beaulieu-sous-la-Roche,rurale_calme,rural_geographique_Pays de la Loire,Pays de la Loire,85
04205,Seyne,rurale_calme,rural_geographique_Provence-Alpes-Côte d'Azur,Provence-Alpes-Côte d'Azur,04
77404,Sainte-Colombe,rurale_calme,rural_geographique_Île-de-France,Île-de-France,77
69076,Dommartin,rurale_calme,rural_geographique_Auvergne-Rhône-Alpes,Auvergne-Rhône-Alpes,69
25287,Grandfontaine,rurale_calme,rural_geographique_Bourgogne-Franche-Comté,Bourgogne-Franche-Comté,25
35130,Hédé-Bazouges,rurale_calme,rural_geographique_Bretagne,Bretagne,35
36154,Le Pêchereau,rurale_calme,rural_geographique_Centre-Val de Loire,Centre-Val de Loire,36
2B208,Perelli,rurale_calme,rural_geographique_Corse,Corse,2B
88445,Saulcy-sur-Meurthe,rurale_calme,rural_geographique_Grand Est,Grand Est,88
60686,Villers-sous-Saint-Leu,rurale_calme,rural_geographique_Hauts-de-France,Hauts-de-France,60
61345,Rémalard en Perche,rurale_calme,rural_geographique_Normandie,Normandie,61
40168,Magescq,rurale_calme,rural_geographique_Nouvelle-Aquitaine,Nouvelle-Aquitaine,40
34237,Roujan,rurale_calme,rural_geographique_Occitanie,Occitanie,34
44111,Notre-Dame-des-Landes,rurale_calme,rural_geographique_Pays de la Loire,Pays de la Loire,44
84123,Sault,rurale_calme,rural_geographique_Provence-Alpes-Côte d'Azur,Provence-Alpes-Côte d'Azur,84
77126,Congis-sur-Thérouanne,rurale_calme,rural_geographique_Île-de-France,Île-de-France,77
03195,Néris-les-Bains,rurale_calme,rural_geographique_Auvergne-Rhône-Alpes,Auvergne-Rhône-Alpes,03
71192,Étang-sur-Arroux,rurale_calme,rural_geographique_Bourgogne-Franche-Comté,Bourgogne-Franche-Comté,71
56026,Bubry,rurale_calme,rural_geographique_Bretagne,Bretagne,56
28059,Brezolles,rurale_calme,rural_geographique_Centre-Val de Loire,Centre-Val de Loire,28
2B366,Chisa,rurale_calme,rural_geographique_Corse,Corse,2B
67465,Sessenheim,rurale_calme,rural_geographique_Grand Est,Grand Est,67
59265,Gommegnies,rurale_calme,rural_geographique_Hauts-de-France,Hauts-de-France,59
76509,Préaux,rurale_calme,rural_geographique_Normandie,Normandie,76
86128,Lencloître,rurale_calme,rural_geographique_Nouvelle-Aquitaine,Nouvelle-Aquitaine,86
66178,Saint-Jean-Pla-de-Corts,rurale_calme,rural_geographique_Occitanie,Occitanie,66
85118,Landeronde,rurale_calme,rural_geographique_Pays de la Loire,Pays de la Loire,85
06120,Saint-Étienne-de-Tinée,rurale_calme,rural_geographique_Provence-Alpes-Côte d'Azur,Provence-Alpes-Côte d'Azur,06
95028,Attainville,rurale_calme,rural_geographique_Île-de-France,Île-de-France,95
74154,Lugrin,rurale_calme,rural_geographique_Auvergne-Rhône-Alpes,Auvergne-Rhône-Alpes,74
89449,Villeblevin,rurale_calme,rural_geographique_Bourgogne-Franche-Comté,Bourgogne-Franche-Comté,89
56005,Arzon,rurale_calme,rural_geographique_Bretagne,Bretagne,56
45290,Saint-Martin-d'Abbat,rurale_calme,rural_geographique_Centre-Val de Loire,Centre-Val de Loire,45
2B170,Morsiglia,rurale_calme,rural_geographique_Corse,Corse,2B
54493,Saulnes,rurale_calme,rural_geographique_Grand Est,Grand Est,54
80793,Vignacourt,rurale_calme,rural_geographique_Hauts-de-France,Hauts-de-France,80
76271,Fontaine-le-Bourg,rurale_calme,rural_geographique_Normandie,Normandie,76
16230,Montmoreau,rurale_calme,rural_geographique_Nouvelle-Aquitaine,Nouvelle-Aquitaine,16
66217,Trouillas,rurale_calme,rural_geographique_Occitanie,Occitanie,66
49259,Rochefort-sur-Loire,rurale_calme,rural_geographique_Pays de la Loire,Pays de la Loire,49
05118,Val Buëch-Méouge,rurale_calme,rural_geographique_Provence-Alpes-Côte d'Azur,Provence-Alpes-Côte d'Azur,05
77309,Monthyon,rurale_calme,rural_geographique_Île-de-France,Île-de-France,77
07245,Saint-Jean-de-Muzols,rurale_calme,rural_geographique_Auvergne-Rhône-Alpes,Auvergne-Rhône-Alpes,07
21606,Ladoix-Serrigny,rurale_calme,rural_geographique_Bourgogne-Franche-Comté,Bourgogne-Franche-Comté,21
22233,Plourivo,rurale_calme,rural_geographique_Bretagne,Bretagne,22
37257,Thilouze,rurale_calme,rural_geographique_Centre-Val de Loire,Centre-Val de Loire,37
2B299,San-Gavino-d'Ampugnani,rurale_calme,rural_geographique_Corse,Corse,2B
68091,Fessenheim,rurale_calme,rural_geographique_Grand Est,Grand Est,68
59071,Bersée,rurale_calme,rural_geographique_Hauts-de-France,Hauts-de-France,59
61278,Messei,rurale_calme,rural_geographique_Normandie,Normandie,61
40331,Villeneuve-de-Marsan,rurale_calme,rural_geographique_Nouvelle-Aquitaine,Nouvelle-Aquitaine,40
82179,Septfonds,rurale_calme,rural_geographique_Occitanie,Occitanie,82
85012,La Barre-de-Monts,rurale_calme,rural_geographique_Pays de la Loire,Pays de la Loire,85
04178,Saint-Étienne-les-Orgues,rurale_calme,rural_geographique_Provence-Alpes-Côte d'Azur,Provence-Alpes-Côte d'Azur,04
78152,Chavenay,rurale_calme,rural_geographique_Île-de-France,Île-de-France,78
03211,Prémilhat,rurale_calme,rural_geographique_Auvergne-Rhône-Alpes,Auvergne-Rhône-Alpes,03
71170,Demigny,rurale_calme,rural_geographique_Bourgogne-Franche-Comté,Bourgogne-Franche-Comté,71
56168,Plouharnel,rurale_calme,rural_geographique_Bretagne,Bretagne,56
41204,Saint-Claude-de-Diray,rurale_calme,rural_geographique_Centre-Val de Loire,Centre-Val de Loire,41
2A056,Campo,rurale_calme,rural_geographique_Corse,Corse,2A
57589,Rohrbach-lès-Bitche,rurale_calme,rural_geographique_Grand Est,Grand Est,57
59035,Avesnelles,rurale_calme,rural_geographique_Hauts-de-France,Hauts-de-France,59
50539,Saint-Pierre-Église,rurale_calme,rural_geographique_Normandie,Normandie,50
19278,Varetz,rurale_calme,rural_geographique_Nouvelle-Aquitaine,Nouvelle-Aquitaine,19
65304,Maubourguet,rurale_calme,rural_geographique_Occitanie,Occitanie,65
85156,Moutiers-les-Mauxfaits,rurale_calme,rural_geographique_Pays de la Loire,Pays de la Loire,85
84102,Roussillon,rurale_calme,rural_geographique_Provence-Alpes-Côte d'Azur,Provence-Alpes-Côte d'Azur,84
92047,Marnes-la-Coquette,rurale_calme,rural_geographique_Île-de-France,Île-de-France,92
26191,Montboucher-sur-Jabron,rurale_calme,rural_geographique_Auvergne-Rhône-Alpes,Auvergne-Rhône-Alpes,26
89370,Saint-Valérien,rurale_calme,rural_geographique_Bourgogne-Franche-Comté,Bourgogne-Franche-Comté,89
35191,Les Portes du Coglais,rurale_calme,rural_geographique_Bretagne,Bretagne,35
37079,Civray-de-Touraine,rurale_calme,rural_geographique_Centre-Val de Loire,Centre-Val de Loire,37
2A154,Marignana,rurale_calme,rural_geographique_Corse,Corse,2A
57132,Château-Salins,rurale_calme,rural_geographique_Grand Est,Grand Est,57
80013,Airaines,rurale_calme,rural_geographique_Hauts-de-France,Hauts-de-France,80
27246,Fleury-sur-Andelle,rurale_calme,rural_geographique_Normandie,Normandie,27
17397,Saint-Savinien,rurale_calme,rural_geographique_Nouvelle-Aquitaine,Nouvelle-Aquitaine,17
81131,Lagrave,rurale_calme,rural_geographique_Occitanie,Occitanie,81
53185,Pré-en-Pail-Saint-Samson,rurale_calme,rural_geographique_Pays de la Loire,Pays de la Loire,53
05166,Serres,rurale_calme,rural_geographique_Provence-Alpes-Côte d'Azur,Provence-Alpes-Côte d'Azur,05
77124,Conches-sur-Gondoire,rurale_calme,rural_geographique_Île-de-France,Île-de-France,77
38181,Goncelin,rurale_calme,rural_geographique_Auvergne-Rhône-Alpes,Auvergne-Rhône-Alpes,38
25271,Gilley,rurale_calme,rural_geographique_Bourgogne-Franche-Comté,Bourgogne-Franche-Comté,25
29172,Plomodiern,rurale_calme,rural_geographique_Bretagne,Bretagne,29
45029,Beaulieu-sur-Loire,rurale_calme,rural_geographique_Centre-Val de Loire,Centre-Val de Loire,45
2B218,Piedicorte-di-Gaggio,rurale_calme,rural_geographique_Corse,Corse,2B
67115,Ebersheim,rurale_calme,rural_geographique_Grand Est,Grand Est,67
60325,Jaux,rurale_calme,rural_geographique_Hauts-de-France,Hauts-de-France,60
27453,Perriers-sur-Andelle,rurale_calme,rural_geographique_Normandie,Normandie,27
23030,Bourganeuf,rurale_calme,rural_geographique_Nouvelle-Aquitaine,Nouvelle-Aquitaine,23
32249,Mauvezin,rurale_calme,rural_geographique_Occitanie,Occitanie,32
44053,Drefféac,rurale_calme,rural_geographique_Pays de la Loire,Pays de la Loire,44
84086,Oppède,rurale_calme,rural_geographique_Provence-Alpes-Côte d'Azur,Provence-Alpes-Côte d'Azur,84
91017,Angervilliers,rurale_calme,rural_geographique_Île-de-France,Île-de-France,91
38530,Vaulx-Milieu,rurale_calme,rural_geographique_Auvergne-Rhône-Alpes,Auvergne-Rhône-Alpes,38
89196,Valravillon,rurale_calme,rural_geographique_Bourgogne-Franche-Comté,Bourgogne-Franche-Comté,89
56070,Guégon,rurale_calme,rural_geographique_Bretagne,Bretagne,56
37021,Beaumont-Louestault,rurale_calme,rural_geographique_Centre-Val de Loire,Centre-Val de Loire,37
2A174,Murzo,rurale_calme,rural_geographique_Corse,Corse,2A
54367,Mexy,rurale_calme,rural_geographique_Grand Est,Grand Est,54
59129,Cappelle-en-Pévèle,rurale_calme,rural_geographique_Hauts-de-France,Hauts-de-France,59
50239,Thèreval,rurale_calme,rural_geographique_Normandie,Normandie,50
47203,Penne-d'Agenais,rurale_calme,rural_geographique_Nouvelle-Aquitaine,Nouvelle-Aquitaine,47
31271,Lanta,rurale_calme,rural_geographique_Occitanie,Occitanie,31
44057,Fégréac,rurale_calme,rural_geographique_Pays de la Loire,Pays de la Loire,44
84148,Villes-sur-Auzon,rurale_calme,rural_geographique_Provence-Alpes-Côte d'Azur,Provence-Alpes-Côte d'Azur,84
77047,Bouleurs,rurale_calme,rural_geographique_Île-de-France,Île-de-France,77
69171,Sain-Bel,rurale_calme,rural_geographique_Auvergne-Rhône-Alpes,Auvergne-Rhône-Alpes,69
89438,Venoy,rurale_calme,rural_geographique_Bourgogne-Franche-Comté,Bourgogne-Franche-Comté,89
56123,Malansac,rurale_calme,rural_geographique_Bretagne,Bretagne,56
37194,Reugny,rurale_calme,rural_geographique_Centre-Val de Loire,Centre-Val de Loire,37
2B225,Pietra-di-Verde,rurale_calme,rural_geographique_Corse,Corse,2B
57731,Volmerange-les-Mines,rurale_calme,rural_geographique_Grand Est,Grand Est,57
59041,Bachant,rurale_calme,rural_geographique_Hauts-de-France,Hauts-de-France,59
14692,Tilly-sur-Seulles,rurale_calme,rural_geographique_Normandie,Normandie,14
33037,Beautiran,rurale_calme,rural_geographique_Nouvelle-Aquitaine,Nouvelle-Aquitaine,33
66093,Laroque-des-Albères,rurale_calme,rural_geographique_Occitanie,Occitanie,66
85025,La Boissière-de-Montaigu,rurale_calme,rural_geographique_Pays de la Loire,Pays de la Loire,85
06077,Lucéram,rurale_calme,rural_geographique_Provence-Alpes-Côte d'Azur,Provence-Alpes-Côte d'Azur,06
78368,Mareil-sur-Mauldre,rurale_calme,rural_geographique_Île-de-France,Île-de-France,78
01426,Val-Revermont,rurale_calme,rural_geographique_Auvergne-Rhône-Alpes,Auvergne-Rhône-Alpes,01
58300,Urzy,rurale_calme,rural_geographique_Bourgogne-Franche-Comté,Bourgogne-Franche-Comté,58
56042,Colpo,rurale_calme,rural_geographique_Bretagne,Bretagne,56
37020,Beaulieu-lès-Loches,rurale_calme,rural_geographique_Centre-Val de Loire,Centre-Val de Loire,37
2B365,San-Gavino-di-Fiumorbo,rurale_calme,rural_geographique_Corse,Corse,2B
10401,Vendeuvre-sur-Barse,rurale_calme,rural_geographique_Grand Est,Grand Est,10
59401,Méteren,rurale_calme,rural_geographique_Hauts-de-France,Hauts-de-France,59
50417,Quettehou,rurale_calme,rural_geographique_Normandie,Normandie,50
40117,Grenade-sur-l'Adour,rurale_calme,rural_geographique_Nouvelle-Aquitaine,Nouvelle-Aquitaine,40
34027,Beaulieu,rurale_calme,rural_geographique_Occitanie,Occitanie,34
72023,Ballon-Saint Mars,rurale_calme,rural_geographique_Pays de la Loire,Pays de la Loire,72
13095,Saint-Marc-Jaumegarde,rurale_calme,rural_geographique_Provence-Alpes-Côte d'Azur,Provence-Alpes-Côte d'Azur,13
91175,Corbreuse,rurale_calme,rural_geographique_Île-de-France,Île-de-France,91
63417,Sayat,rurale_calme,rural_geographique_Auvergne-Rhône-Alpes,Auvergne-Rhône-Alpes,63
71522,Simandre,rurale_calme,rural_geographique_Bourgogne-Franche-Comté,Bourgogne-Franche-Comté,71
22272,Saint-Agathon,rurale_calme,rural_geographique_Bretagne,Bretagne,22
37002,Ambillou,rurale_calme,rural_geographique_Centre-Val de Loire,Centre-Val de Loire,37
2B328,Tox,rurale_calme,rural_geographique_Corse,Corse,2B
08174,Floing,rurale_calme,rural_geographique_Grand Est,Grand Est,08
59222,Faumont,rurale_calme,rural_geographique_Hauts-de-France,Hauts-de-France,59
61181,Gacé,rurale_calme,rural_geographique_Normandie,Normandie,61
33097,Carcans,rurale_calme,rural_geographique_Nouvelle-Aquitaine,Nouvelle-Aquitaine,33
31297,Lévignac,rurale_calme,rural_geographique_Occitanie,Occitanie,31
53094,Entrammes,rurale_calme,rural_geographique_Pays de la Loire,Pays de la Loire,53
84052,Grambois,rurale_calme,rural_geographique_Provence-Alpes-Côte d'Azur,Provence-Alpes-Côte d'Azur,84
78189,Crespières,rurale_calme,rural_geographique_Île-de-France,Île-de-France,78
74183,Mieussy,rurale_calme,rural_geographique_Auvergne-Rhône-Alpes,Auvergne-Rhône-Alpes,74
58250,Saint-Léger-des-Vignes,rurale_calme,rural_geographique_Bourgogne-Franche-Comté,Bourgogne-Franche-Comté,58
56234,Saint-Pierre-Quiberon,rurale_calme,rural_geographique_Bretagne,Bretagne,56
45051,Bray-Saint-Aignan,rurale_calme,rural_geographique_Centre-Val de Loire,Centre-Val de Loire,45
2A197,Osani,rurale_calme,rural_geographique_Corse,Corse,2A
57465,Metzervisse,rurale_calme,rural_geographique_Grand Est,Grand Est,57
59022,Attiches,rurale_calme,rural_geographique_Hauts-de-France,Hauts-de-France,59
27622,Serquigny,rurale_calme,rural_geographique_Normandie,Normandie,27
79103,Courlay,rurale_calme,rural_geographique_Nouvelle-Aquitaine,Nouvelle-Aquitaine,79
30302,Saint-Victor-la-Coste,rurale_calme,rural_geographique_Occitanie,Occitanie,30
53127,Lassay-les-Châteaux,rurale_calme,rural_geographique_Pays de la Loire,Pays de la Loire,53
05036,Châteauroux-les-Alpes,rurale_calme,rural_geographique_Provence-Alpes-Côte d'Azur,Provence-Alpes-Côte d'Azur,05
78049,Bazemont,rurale_calme,rural_geographique_Île-de-France,Île-de-France,78
01166,Frans,rurale_calme,rural_geographique_Auvergne-Rhône-Alpes,Auvergne-Rhône-Alpes,01
89100,Chéroy,rurale_calme,rural_geographique_Bourgogne-Franche-Comté,Bourgogne-Franche-Comté,89
22025,Callac,rurale_calme,rural_geographique_Bretagne,Bretagne,22
45167,Huisseau-sur-Mauves,rurale_calme,rural_geographique_Centre-Val de Loire,Centre-Val de Loire,45
2A127,Giuncheto,rurale_calme,rural_geographique_Corse,Corse,2A
67405,Rœschwoog,rurale_calme,rural_geographique_Grand Est,Grand Est,67
02110,Braine,rurale_calme,rural_geographique_Hauts-de-France,Hauts-de-France,02
61218,La Lande-Patry,rurale_calme,rural_geographique_Normandie,Normandie,61
33077,Cabanac-et-Villagrains,rurale_calme,rural_geographique_Nouvelle-Aquitaine,Nouvelle-Aquitaine,33
12063,La Cavalerie,rurale_calme,rural_geographique_Occitanie,Occitanie,12
85100,Givrand,rurale_calme,rural_geographique_Pays de la Loire,Pays de la Loire,85
84136,Vacqueyras,rurale_calme,rural_geographique_Provence-Alpes-Côte d'Azur,Provence-Alpes-Côte d'Azur,84
77229,La Houssaye-en-Brie,rurale_calme,rural_geographique_Île-de-France,Île-de-France,77
38503,La Terrasse,rurale_calme,rural_geographique_Auvergne-Rhône-Alpes,Auvergne-Rhône-Alpes,38
71373,Romenay,rurale_calme,rural_geographique_Bourgogne-Franche-Comté,Bourgogne-Franche-Comté,71
29080,Hôpital-Camfrout,rurale_calme,rural_geographique_Bretagne,Bretagne,29
28377,Sorel-Moussel,rurale_calme,rural_geographique_Centre-Val de Loire,Centre-Val de Loire,28
2A203,Partinello,rurale_calme,rural_geographique_Corse,Corse,2A
67449,Schirrhein,rurale_calme,rural_geographique_Grand Est,Grand Est,67
60156,Clairoix,rurale_calme,rural_geographique_Hauts-de-France,Hauts-de-France,60
27629,Thiberville,rurale_calme,rural_geographique_Normandie,Normandie,27
79299,Saint-Varent,rurale_calme,rural_geographique_Nouvelle-Aquitaine,Nouvelle-Aquitaine,79
12224,Saint Geniez d'Olt et d'Aubrac,rurale_calme,rural_geographique_Occitanie,Occitanie,12
85103,Grosbreuil,rurale_calme,rural_geographique_Pays de la Loire,Pays de la Loire,85
06074,Lantosque,rurale_calme,rural_geographique_Provence-Alpes-Côte d'Azur,Provence-Alpes-Côte d'Azur,06
78389,Méré,rurale_calme,rural_geographique_Île-de-France,Île-de-France,78
38105,Chirens,rurale_calme,rural_geographique_Auvergne-Rhône-Alpes,Auvergne-Rhône-Alpes,38
21383,Marcilly-sur-Tille,rurale_calme,rural_geographique_Bourgogne-Franche-Comté,Bourgogne-Franche-Comté,21
22048,Corseul,rurale_calme,rural_geographique_Bretagne,Bretagne,22
36192,Saint-Gaultier,rurale_calme,rural_geographique_Centre-Val de Loire,Centre-Val de Loire,36
2A204,Pastricciola,rurale_calme,rural_geographique_Corse,Corse,2A
88424,Sainte-Marguerite,rurale_calme,rural_geographique_Grand Est,Grand Est,88
59135,Cassel,rurale_calme,rural_geographique_Hauts-de-France,Hauts-de-France,59
61079,Ceton,rurale_calme,rural_geographique_Normandie,Normandie,61
33341,Pugnac,rurale_calme,rural_geographique_Nouvelle-Aquitaine,Nouvelle-Aquitaine,33
81204,Payrin-Augmontel,rurale_calme,rural_geographique_Occitanie,Occitanie,81
72137,Villeneuve-en-Perseigne,rurale_calme,rural_geographique_Pays de la Loire,Pays de la Loire,72
04045,Céreste-en-Luberon,rurale_calme,rural_geographique_Provence-Alpes-Côte d'Azur,Provence-Alpes-Côte d'Azur,04
95436,Mours,rurale_calme,rural_geographique_Île-de-France,Île-de-France,95
73261,Saint-Michel-de-Maurienne,rurale_calme,rural_geographique_Auvergne-Rhône-Alpes,Auvergne-Rhône-Alpes,73
71275,Marcigny,rurale_calme,rural_geographique_Bourgogne-Franche-Comté,Bourgogne-Franche-Comté,71
29048,Edern,rurale_calme,rural_geographique_Bretagne,Bretagne,29
37062,Château-la-Vallière,rurale_calme,rural_geographique_Centre-Val de Loire,Centre-Val de Loire,37
2A310,Santa-Maria-Figaniella,rurale_calme,rural_geographique_Corse,Corse,2A
88483,Uxegney,rurale_calme,rural_geographique_Grand Est,Grand Est,88
62447,Hesdin-la-Forêt,rurale_calme,rural_geographique_Hauts-de-France,Hauts-de-France,62
50109,Cérences,rurale_calme,rural_geographique_Normandie,Normandie,50
64399,Montardon,rurale_calme,rural_geographique_Nouvelle-Aquitaine,Nouvelle-Aquitaine,64
81227,Roquecourbe,rurale_calme,rural_geographique_Occitanie,Occitanie,81
49135,Feneu,rurale_calme,rural_geographique_Pays de la Loire,Pays de la Loire,49
84020,Bonnieux,rurale_calme,rural_geographique_Provence-Alpes-Côte d'Azur,Provence-Alpes-Côte d'Azur,84
77109,Chenoise-Cucharmoy,rurale_calme,rural_geographique_Île-de-France,Île-de-France,77
38095,Chatte,rurale_calme,rural_geographique_Auvergne-Rhône-Alpes,Auvergne-Rhône-Alpes,38
71479,Saint-Sernin-du-Bois,rurale_calme,rural_geographique_Bourgogne-Franche-Comté,Bourgogne-Franche-Comté,71
22237,Val-d'Arguenon,rurale_calme,rural_geographique_Bretagne,Bretagne,22
28415,Villemeux-sur-Eure,rurale_calme,rural_geographique_Centre-Val de Loire,Centre-Val de Loire,28
2B183,Ogliastro,rurale_calme,rural_geographique_Corse,Corse,2B
68068,Dannemarie,rurale_calme,rural_geographique_Grand Est,Grand Est,68
62684,Racquinghem,rurale_calme,rural_geographique_Hauts-de-France,Hauts-de-France,62
76321,Les Grandes-Ventes,rurale_calme,rural_geographique_Normandie,Normandie,76
79083,Chef-Boutonne,rurale_calme,rural_geographique_Nouvelle-Aquitaine,Nouvelle-Aquitaine,79
31592,Larra,rurale_calme,rural_geographique_Occitanie,Occitanie,31
49308,Saint-Melaine-sur-Aubance,rurale_calme,rural_geographique_Pays de la Loire,Pays de la Loire,49
83145,Varages,rurale_calme,rural_geographique_Provence-Alpes-Côte d'Azur,Provence-Alpes-Côte d'Azur,83
78343,Les Loges-en-Josas,rurale_calme,rural_geographique_Île-de-France,Île-de-France,78
43046,Chadrac,rurale_calme,rural_geographique_Auvergne-Rhône-Alpes,Auvergne-Rhône-Alpes,43
25601,Vercel-Villedieu-le-Camp,rurale_calme,rural_geographique_Bourgogne-Franche-Comté,Bourgogne-Franche-Comté,25
22207,Plouaret,rurale_calme,rural_geographique_Bretagne,Bretagne,22
18109,Henrichemont,rurale_calme,rural_geographique_Centre-Val de Loire,Centre-Val de Loire,18
2B036,Bigorno,rurale_calme,rural_geographique_Corse,Corse,2B
57370,Kœnigsmacker,rurale_calme,rural_geographique_Grand Est,Grand Est,57
59250,Fournes-en-Weppes,rurale_calme,rural_geographique_Hauts-de-France,Hauts-de-France,59
14574,Saint-Désir,rurale_calme,rural_geographique_Normandie,Normandie,14
33447,Saint-Médard-de-Guizières,rurale_calme,rural_geographique_Nouvelle-Aquitaine,Nouvelle-Aquitaine,33
32296,Nogaro,rurale_calme,rural_geographique_Occitanie,Occitanie,32
72334,Sillé-le-Guillaume,rurale_calme,rural_geographique_Pays de la Loire,Pays de la Loire,72
84044,Entrechaux,rurale_calme,rural_geographique_Provence-Alpes-Côte d'Azur,Provence-Alpes-Côte d'Azur,84
77531,Voulx,rurale_calme,rural_geographique_Île-de-France,Île-de-France,77
43184,Saint-Ferréol-d'Auroure,rurale_calme,rural_geographique_Auvergne-Rhône-Alpes,Auvergne-Rhône-Alpes,43
21408,Messigny-et-Vantoux,rurale_calme,rural_geographique_Bourgogne-Franche-Comté,Bourgogne-Franche-Comté,21
35356,Vignoc,rurale_calme,rural_geographique_Bretagne,Bretagne,35
18057,Châteaumeillant,rurale_calme,rural_geographique_Centre-Val de Loire,Centre-Val de Loire,18
2A117,Forciolo,rurale_calme,rural_geographique_Corse,Corse,2A
08367,Rocroi,rurale_calme,rural_geographique_Grand Est,Grand Est,08
59464,Poix-du-Nord,rurale_calme,rural_geographique_Hauts-de-France,Hauts-de-France,59
27676,Les Trois Lacs,rurale_calme,rural_geographique_Normandie,Normandie,27
16271,Puymoyen,rurale_calme,rural_geographique_Nouvelle-Aquitaine,Nouvelle-Aquitaine,16
34246,Entre-Vignes,rurale_calme,rural_geographique_Occitanie,Occitanie,34
85210,Saint-Étienne-du-Bois,rurale_calme,rural_geographique_Pays de la Loire,Pays de la Loire,85
04096,Jausiers,rurale_calme,rural_geographique_Provence-Alpes-Côte d'Azur,Provence-Alpes-Côte d'Azur,04
78601,Sonchamp,rurale_calme,rural_geographique_Île-de-France,Île-de-France,78
69068,Couzon-au-Mont-d'Or,rurale_calme,rural_geographique_Auvergne-Rhône-Alpes,Auvergne-Rhône-Alpes,69
89198,Gurgy,rurale_calme,rural_geographique_Bourgogne-Franche-Comté,Bourgogne-Franche-Comté,89
35015,Balazé,rurale_calme,rural_geographique_Bretagne,Bretagne,35
37185,Pocé-sur-Cisse,rurale_calme,rural_geographique_Centre-Val de Loire,Centre-Val de Loire,37
2B101,Croce,rurale_calme,rural_geographique_Corse,Corse,2B
67301,Mommenheim,rurale_calme,rural_geographique_Grand Est,Grand Est,67
59356,Lompret,rurale_calme,rural_geographique_Hauts-de-France,Hauts-de-France,59
27397,Ménilles,rurale_calme,rural_geographique_Normandie,Normandie,27
33114,Cavignac,rurale_calme,rural_geographique_Nouvelle-Aquitaine,Nouvelle-Aquitaine,33
66230,Vinça,rurale_calme,rural_geographique_Occitanie,Occitanie,66
85289,Terval,rurale_calme,rural_geographique_Pays de la Loire,Pays de la Loire,85
05045,Crots,rurale_calme,rural_geographique_Provence-Alpes-Côte d'Azur,Provence-Alpes-Côte d'Azur,05
77095,Charny,rurale_calme,rural_geographique_Île-de-France,Île-de-France,77
07330,Vallon-Pont-d'Arc,rurale_calme,rural_geographique_Auvergne-Rhône-Alpes,Auvergne-Rhône-Alpes,07
58046,Cercy-la-Tour,rurale_calme,rural_geographique_Bourgogne-Franche-Comté,Bourgogne-Franche-Comté,58
35016,Baulon,rurale_calme,rural_geographique_Bretagne,Bretagne,35
37254,Tauxigny-Saint-Bauld,rurale_calme,rural_geographique_Centre-Val de Loire,Centre-Val de Loire,37
2B219,Piedicroce,rurale_calme,rural_geographique_Corse,Corse,2B
67125,Epfig,rurale_calme,rural_geographique_Grand Est,Grand Est,67
59086,Boeschepe,rurale_calme,rural_geographique_Hauts-de-France,Hauts-de-France,59
61463,Les Monts d'Andaine,rurale_calme,rural_geographique_Normandie,Normandie,61
47051,Castelculier,rurale_calme,rural_geographique_Nouvelle-Aquitaine,Nouvelle-Aquitaine,47
12120,Laissac-Sévérac l'Église,rurale_calme,rural_geographique_Occitanie,Occitanie,12
85189,Notre-Dame-de-Riez,rurale_calme,rural_geographique_Pays de la Loire,Pays de la Loire,85
05101,Vallouise-Pelvoux,rurale_calme,rural_geographique_Provence-Alpes-Côte d'Azur,Provence-Alpes-Côte d'Azur,05
78520,Richebourg,rurale_calme,rural_geographique_Île-de-France,Île-de-France,78
74233,Saint-Félix,rurale_calme,rural_geographique_Auvergne-Rhône-Alpes,Auvergne-Rhône-Alpes,74
21356,Losne,rurale_calme,rural_geographique_Bourgogne-Franche-Comté,Bourgogne-Franche-Comté,21
29098,Lampaul-Plouarzel,rurale_calme,rural_geographique_Bretagne,Bretagne,29
45148,Fontenay-sur-Loing,rurale_calme,rural_geographique_Centre-Val de Loire,Centre-Val de Loire,45
2B102,Crocicchia,rurale_calme,rural_geographique_Corse,Corse,2B
10209,Lusigny-sur-Barse,rurale_calme,rural_geographique_Grand Est,Grand Est,10
62288,Ecques,rurale_calme,rural_geographique_Hauts-de-France,Hauts-de-France,62
50095,Canisy,rurale_calme,rural_geographique_Normandie,Normandie,50
47280,Saint-Sylvestre-sur-Lot,rurale_calme,rural_geographique_Nouvelle-Aquitaine,Nouvelle-Aquitaine,47
34033,Boisseron,rurale_calme,rural_geographique_Occitanie,Occitanie,34
85164,Notre-Dame-de-Monts,rurale_calme,rural_geographique_Pays de la Loire,Pays de la Loire,85
83051,Entrecasteaux,rurale_calme,rural_geographique_Provence-Alpes-Côte d'Azur,Provence-Alpes-Côte d'Azur,83
91159,Chevannes,rurale_calme,rural_geographique_Île-de-France,Île-de-France,91
15162,Riom-ès-Montagnes,rurale_calme,rural_geographique_Auvergne-Rhône-Alpes,Auvergne-Rhône-Alpes,15
70339,Mélisey,rurale_calme,rural_geographique_Bourgogne-Franche-Comté,Bourgogne-Franche-Comté,70
35319,Saint-Thurial,rurale_calme,rural_geographique_Bretagne,Bretagne,35
18172,Orval,rurale_calme,rural_geographique_Centre-Val de Loire,Centre-Val de Loire,18
2B159,Meria,rurale_calme,rural_geographique_Corse,Corse,2B
57287,Basse-Ham,rurale_calme,rural_geographique_Grand Est,Grand Est,57
59157,Cousolre,rurale_calme,rural_geographique_Hauts-de-France,Hauts-de-France,59
76743,Villers-Écalles,rurale_calme,rural_geographique_Normandie,Normandie,76
33146,Cussac-Fort-Médoc,rurale_calme,rural_geographique_Nouvelle-Aquitaine,Nouvelle-Aquitaine,33
31042,Bagnères-de-Luchon,rurale_calme,rural_geographique_Occitanie,Occitanie,31
85024,Bois-de-Céné,rurale_calme,rural_geographique_Pays de la Loire,Pays de la Loire,85
05151,Saint-Martin-de-Queyrières,rurale_calme,rural_geographique_Provence-Alpes-Côte d'Azur,Provence-Alpes-Côte d'Azur,05
78346,Longnes,rurale_calme,rural_geographique_Île-de-France,Île-de-France,78
38100,Le Cheylas,rurale_calme,rural_geographique_Auvergne-Rhône-Alpes,Auvergne-Rhône-Alpes,38
39059,Bois-d'Amont,rurale_calme,rural_geographique_Bourgogne-Franche-Comté,Bourgogne-Franche-Comté,39
29156,Pencran,rurale_calme,rural_geographique_Bretagne,Bretagne,29
37231,Saint-Paterne-Racan,rurale_calme,rural_geographique_Centre-Val de Loire,Centre-Val de Loire,37
2B180,Novella,rurale_calme,rural_geographique_Corse,Corse,2B
08311,Mouzon,rurale_calme,rural_geographique_Grand Est,Grand Est,08
60188,Cuise-la-Motte,rurale_calme,rural_geographique_Hauts-de-France,Hauts-de-France,60
76289,Saint Martin de l'If,rurale_calme,rural_geographique_Normandie,Normandie,76
47049,Casseneuil,rurale_calme,rural_geographique_Nouvelle-Aquitaine,Nouvelle-Aquitaine,47
32213,Lombez,rurale_calme,rural_geographique_Occitanie,Occitanie,32
44146,Rougé,rurale_calme,rural_geographique_Pays de la Loire,Pays de la Loire,44
84014,Beaumont-de-Pertuis,rurale_calme,rural_geographique_Provence-Alpes-Côte d'Azur,Provence-Alpes-Côte d'Azur,84
77070,Chailly-en-Brie,rurale_calme,rural_geographique_Île-de-France,Île-de-France,77
43216,Saint-Paulien,rurale_calme,rural_geographique_Auvergne-Rhône-Alpes,Auvergne-Rhône-Alpes,43
71443,Saint-Loup-Géanges,rurale_calme,rural_geographique_Bourgogne-Franche-Comté,Bourgogne-Franche-Comté,71
29225,Pouldreuzic,rurale_calme,rural_geographique_Bretagne,Bretagne,29
41043,Châtillon-sur-Cher,rurale_calme,rural_geographique_Centre-Val de Loire,Centre-Val de Loire,41
2A021,Argiusta-Moriccio,rurale_calme,rural_geographique_Corse,Corse,2A
67311,Muttersholtz,rurale_calme,rural_geographique_Grand Est,Grand Est,67
59624,Villers-Outréaux,rurale_calme,rural_geographique_Hauts-de-France,Hauts-de-France,59
76378,Jumièges,rurale_calme,rural_geographique_Normandie,Normandie,76
24350,Razac-sur-l'Isle,rurale_calme,rural_geographique_Nouvelle-Aquitaine,Nouvelle-Aquitaine,24
66101,Llupia,rurale_calme,rural_geographique_Occitanie,Occitanie,66
85172,Le Perrier,rurale_calme,rural_geographique_Pays de la Loire,Pays de la Loire,85
04123,Mison,rurale_calme,rural_geographique_Provence-Alpes-Côte d'Azur,Provence-Alpes-Côte d'Azur,04
78128,Cernay-la-Ville,rurale_calme,rural_geographique_Île-de-France,Île-de-France,78
38395,Plateau-des-Petites-Roches,rurale_calme,rural_geographique_Auvergne-Rhône-Alpes,Auvergne-Rhône-Alpes,38
71133,La Clayette,rurale_calme,rural_geographique_Bourgogne-Franche-Comté,Bourgogne-Franche-Comté,71
56246,Le Sourn,rurale_calme,rural_geographique_Bretagne,Bretagne,56
41171,Oucques La Nouvelle,rurale_calme,rural_geographique_Centre-Val de Loire,Centre-Val de Loire,41
2B176,Nocario,rurale_calme,rural_geographique_Corse,Corse,2B
08327,Nouvion-sur-Meuse,rurale_calme,rural_geographique_Grand Est,Grand Est,08
59074,Bertry,rurale_calme,rural_geographique_Hauts-de-France,Hauts-de-France,59
50184,Flamanville,rurale_calme,rural_geographique_Normandie,Normandie,50
33177,Gaillan-en-Médoc,rurale_calme,rural_geographique_Nouvelle-Aquitaine,Nouvelle-Aquitaine,33
81052,Cambon,rurale_calme,rural_geographique_Occitanie,Occitanie,81
85002,L'Aiguillon-sur-Vie,rurale_calme,rural_geographique_Pays de la Loire,Pays de la Loire,85
04034,La Brillanne,rurale_calme,rural_geographique_Provence-Alpes-Côte d'Azur,Provence-Alpes-Côte d'Azur,04
77239,Jouy-le-Châtel,rurale_calme,rural_geographique_Île-de-France,Île-de-France,77
73285,Séez,rurale_calme,rural_geographique_Auvergne-Rhône-Alpes,Auvergne-Rhône-Alpes,73
25021,Arc-et-Senans,rurale_calme,rural_geographique_Bourgogne-Franche-Comté,Bourgogne-Franche-Comté,25
56102,Forges de Lanouée,rurale_calme,rural_geographique_Bretagne,Bretagne,56
28094,Chaudon,rurale_calme,rural_geographique_Centre-Val de Loire,Centre-Val de Loire,28
2A060,Cannelle,rurale_calme,rural_geographique_Corse,Corse,2A
67084,Dambach-la-Ville,rurale_calme,rural_geographique_Grand Est,Grand Est,67
62034,Annequin,rurale_calme,rural_geographique_Hauts-de-France,Hauts-de-France,62
61497,Valframbert,rurale_calme,rural_geographique_Normandie,Normandie,61
16236,Mouthiers-sur-Boëme,rurale_calme,rural_geographique_Nouvelle-Aquitaine,Nouvelle-Aquitaine,16
30186,Nages-et-Solorgues,rurale_calme,rural_geographique_Occitanie,Occitanie,30
85029,Bouin,rurale_calme,rural_geographique_Pays de la Loire,Pays de la Loire,85
05164,Savines-le-Lac,rurale_calme,rural_geographique_Provence-Alpes-Côte d'Azur,Provence-Alpes-Côte d'Azur,05
77459,Sourdun,rurale_calme,rural_geographique_Île-de-France,Île-de-France,77
01399,Ségny,rurale_calme,rural_geographique_Auvergne-Rhône-Alpes,Auvergne-Rhône-Alpes,01
25222,Étalans,rurale_calme,rural_geographique_Bourgogne-Franche-Comté,Bourgogne-Franche-Comté,25
22013,Bourbriac,rurale_calme,rural_geographique_Bretagne,Bretagne,22
28154,Fontaine-la-Guyon,rurale_calme,rural_geographique_Centre-Val de Loire,Centre-Val de Loire,28
2A094,Corrano,rurale_calme,rural_geographique_Corse,Corse,2A
68292,Saint-Amarin,rurale_calme,rural_geographique_Grand Est,Grand Est,68
59210,Esquelbecq,rurale_calme,rural_geographique_Hauts-de-France,Hauts-de-France,59
76600,Saint-Léonard,rurale_calme,rural_geographique_Normandie,Normandie,76
79196,Plaine-et-Vallées,rurale_calme,rural_geographique_Nouvelle-Aquitaine,Nouvelle-Aquitaine,79
34321,Valergues,rurale_calme,rural_geographique_Occitanie,Occitanie,34
53186,Quelaines-Saint-Gault,rurale_calme,rural_geographique_Pays de la Loire,Pays de la Loire,53
84051,Goult,rurale_calme,rural_geographique_Provence-Alpes-Côte d'Azur,Provence-Alpes-Côte d'Azur,84
78143,Châteaufort,rurale_calme,rural_geographique_Île-de-France,Île-de-France,78
07240,Saint-Georges-les-Bains,rurale_calme,rural_geographique_Auvergne-Rhône-Alpes,Auvergne-Rhône-Alpes,07
70122,Champlitte,rurale_calme,rural_geographique_Bourgogne-Franche-Comté,Bourgogne-Franche-Comté,70
29280,Telgruc-sur-Mer,rurale_calme,rural_geographique_Bretagne,Bretagne,29
28056,Boutigny-Prouais,rurale_calme,rural_geographique_Centre-Val de Loire,Centre-Val de Loire,28
2B126,Giuncaggio,rurale_calme,rural_geographique_Corse,Corse,2B
68007,Andolsheim,rurale_calme,rural_geographique_Grand Est,Grand Est,68
59488,Raillencourt-Sainte-Olle,rurale_calme,rural_geographique_Hauts-de-France,Hauts-de-France,59
27151,Charleval,rurale_calme,rural_geographique_Normandie,Normandie,27
47175,Monflanquin,rurale_calme,rural_geographique_Nouvelle-Aquitaine,Nouvelle-Aquitaine,47
30315,Saze,rurale_calme,rural_geographique_Occitanie,Occitanie,30
72047,Brette-les-Pins,rurale_calme,rural_geographique_Pays de la Loire,Pays de la Loire,72
05145,Saint-Jean-Saint-Nicolas,rurale_calme,rural_geographique_Provence-Alpes-Côte d'Azur,Provence-Alpes-Côte d'Azur,05
91274,Gometz-la-Ville,rurale_calme,rural_geographique_Île-de-France,Île-de-France,91
43051,Le Chambon-sur-Lignon,rurale_calme,rural_geographique_Auvergne-Rhône-Alpes,Auvergne-Rhône-Alpes,43
21555,Saint-Julien,rurale_calme,rural_geographique_Bourgogne-Franche-Comté,Bourgogne-Franche-Comté,21
29137,Logonna-Daoulas,rurale_calme,rural_geographique_Bretagne,Bretagne,29
28424,Yèvres,rurale_calme,rural_geographique_Centre-Val de Loire,Centre-Val de Loire,28
2B263,Rospigliani,rurale_calme,rural_geographique_Corse,Corse,2B
51562,Taissy,rurale_calme,rural_geographique_Grand Est,Grand Est,51
59497,Renescure,rurale_calme,rural_geographique_Hauts-de-France,Hauts-de-France,59
27070,Frenelles-en-Vexin,rurale_calme,rural_geographique_Normandie,Normandie,27
17373,Saint-Médard-d'Aunis,rurale_calme,rural_geographique_Nouvelle-Aquitaine,Nouvelle-Aquitaine,17
34210,Le Pouget,rurale_calme,rural_geographique_Occitanie,Occitanie,34
49027,Bégrolles-en-Mauges,rurale_calme,rural_geographique_Pays de la Loire,Pays de la Loire,49
04018,Banon,rurale_calme,rural_geographique_Provence-Alpes-Côte d'Azur,Provence-Alpes-Côte d'Azur,04
77529,Voulangis,rurale_calme,rural_geographique_Île-de-France,Île-de-France,77
38386,Saint-Geoire-en-Valdaine,rurale_calme,rural_geographique_Auvergne-Rhône-Alpes,Auvergne-Rhône-Alpes,38
71187,Écuisses,rurale_calme,rural_geographique_Bourgogne-Franche-Comté,Bourgogne-Franche-Comté,71
29201,Ploumoguer,rurale_calme,rural_geographique_Bretagne,Bretagne,29
36128,Montierchaume,rurale_calme,rural_geographique_Centre-Val de Loire,Centre-Val de Loire,36
2A100,Cristinacce,rurale_calme,rural_geographique_Corse,Corse,2A
68141,Hochstatt,rurale_calme,rural_geographique_Grand Est,Grand Est,68
60086,Boran-sur-Oise,rurale_calme,rural_geographique_Hauts-de-France,Hauts-de-France,60
27003,Acquigny,rurale_calme,rural_geographique_Normandie,Normandie,27
79101,Coulonges-sur-l'Autize,rurale_calme,rural_geographique_Nouvelle-Aquitaine,Nouvelle-Aquitaine,79
48034,La Canourgue,rurale_calme,rural_geographique_Occitanie,Occitanie,48
72042,Bouloire,rurale_calme,rural_geographique_Pays de la Loire,Pays de la Loire,72
84002,Ansouis,rurale_calme,rural_geographique_Provence-Alpes-Côte d'Azur,Provence-Alpes-Côte d'Azur,84
77264,Lumigny-Nesles-Ormeaux,rurale_calme,rural_geographique_Île-de-France,Île-de-France,77
07264,Saint-Marcel-d'Ardèche,rurale_calme,rural_geographique_Auvergne-Rhône-Alpes,Auvergne-Rhône-Alpes,07
58215,Pouilly-sur-Loire,rurale_calme,rural_geographique_Bourgogne-Franche-Comté,Bourgogne-Franche-Comté,58
56015,Berric,rurale_calme,rural_geographique_Bretagne,Bretagne,56
36141,Neuvy-Saint-Sépulchre,rurale_calme,rural_geographique_Centre-Val de Loire,Centre-Val de Loire,36
2B051,Cambia,rurale_calme,rural_geographique_Corse,Corse,2B
08302,Monthermé,rurale_calme,rural_geographique_Grand Est,Grand Est,08
80360,Fressenneville,rurale_calme,rural_geographique_Hauts-de-France,Hauts-de-France,80
50562,Saint-Vaast-la-Hougue,rurale_calme,rural_geographique_Normandie,Normandie,50
17466,Vérines,rurale_calme,rural_geographique_Nouvelle-Aquitaine,Nouvelle-Aquitaine,17
48061,Florac Trois Rivières,rurale_calme,rural_geographique_Occitanie,Occitanie,48
44097,Mesquer,rurale_calme,rural_geographique_Pays de la Loire,Pays de la Loire,44
84143,Venasque,rurale_calme,rural_geographique_Provence-Alpes-Côte d'Azur,Provence-Alpes-Côte d'Azur,84
77075,Chalifert,rurale_calme,rural_geographique_Île-de-France,Île-de-France,77
73059,Brison-Saint-Innocent,rurale_calme,rural_geographique_Auvergne-Rhône-Alpes,Auvergne-Rhône-Alpes,73
70378,Navenne,rurale_calme,rural_geographique_Bourgogne-Franche-Comté,Bourgogne-Franche-Comté,70
22232,Plourhan,rurale_calme,rural_geographique_Bretagne,Bretagne,22
37196,Richelieu,rurale_calme,rural_geographique_Centre-Val de Loire,Centre-Val de Loire,37
2A363,Zoza,rurale_calme,rural_geographique_Corse,Corse,2A
52331,La Porte du Der,rurale_calme,rural_geographique_Grand Est,Grand Est,52
59631,Walincourt-Selvigny,rurale_calme,rural_geographique_Hauts-de-France,Hauts-de-France,59
14005,Valambray,rurale_calme,rural_geographique_Normandie,Normandie,14
40332,Ychoux,rurale_calme,rural_geographique_Nouvelle-Aquitaine,Nouvelle-Aquitaine,40
30152,Les Mages,rurale_calme,rural_geographique_Occitanie,Occitanie,30
49271,Saint-Clément-de-la-Place,rurale_calme,rural_geographique_Pays de la Loire,Pays de la Loire,49
84068,Lourmarin,rurale_calme,rural_geographique_Provence-Alpes-Côte d'Azur,Provence-Alpes-Côte d'Azur,84
77323,Moussy-le-Vieux,rurale_calme,rural_geographique_Île-de-France,Île-de-France,77
63227,Mirefleurs,rurale_calme,rural_geographique_Auvergne-Rhône-Alpes,Auvergne-Rhône-Alpes,63
21060,Belleneuve,rurale_calme,rural_geographique_Bourgogne-Franche-Comté,Bourgogne-Franche-Comté,21
35273,Saint-Germain-en-Coglès,rurale_calme,rural_geographique_Bretagne,Bretagne,35
45196,Mareau-aux-Prés,rurale_calme,rural_geographique_Centre-Val de Loire,Centre-Val de Loire,45
2B045,Bustanico,rurale_calme,rural_geographique_Corse,Corse,2B
08145,Douzy,rurale_calme,rural_geographique_Grand Est,Grand Est,08
02555,Nogent-l'Artaud,rurale_calme,rural_geographique_Hauts-de-France,Hauts-de-France,02
50260,Juvigny les Vallées,rurale_calme,rural_geographique_Normandie,Normandie,50
64546,Urt,rurale_calme,rural_geographique_Nouvelle-Aquitaine,Nouvelle-Aquitaine,64
66071,Estagel,rurale_calme,rural_geographique_Occitanie,Occitanie,66
72308,Saint-Paterne - Le Chevain,rurale_calme,rural_geographique_Pays de la Loire,Pays de la Loire,72
13111,Vauvenargues,rurale_calme,rural_geographique_Provence-Alpes-Côte d'Azur,Provence-Alpes-Côte d'Azur,13
78048,Bazainville,rurale_calme,rural_geographique_Île-de-France,Île-de-France,78
07070,Cornas,rurale_calme,rural_geographique_Auvergne-Rhône-Alpes,Auvergne-Rhône-Alpes,07
39397,Orgelet,rurale_calme,rural_geographique_Bourgogne-Franche-Comté,Bourgogne-Franche-Comté,39
29257,Saint-Pabu,rurale_calme,rural_geographique_Bretagne,Bretagne,29
18023,Baugy,rurale_calme,rural_geographique_Centre-Val de Loire,Centre-Val de Loire,18
2B161,Moïta,rurale_calme,rural_geographique_Corse,Corse,2B
57153,Corny-sur-Moselle,rurale_calme,rural_geographique_Grand Est,Grand Est,57
59411,Mons-en-Pévèle,rurale_calme,rural_geographique_Hauts-de-France,Hauts-de-France,59
50591,Le Teilleul,rurale_calme,rural_geographique_Normandie,Normandie,50
19146,Naves,rurale_calme,rural_geographique_Nouvelle-Aquitaine,Nouvelle-Aquitaine,19
31184,Flourens,rurale_calme,rural_geographique_Occitanie,Occitanie,31
72262,Loir en Vallée,rurale_calme,rural_geographique_Pays de la Loire,Pays de la Loire,72
04173,Saint-André-les-Alpes,rurale_calme,rural_geographique_Provence-Alpes-Côte d'Azur,Provence-Alpes-Côte d'Azur,04
77125,Condé-Sainte-Libiaire,rurale_calme,rural_geographique_Île-de-France,Île-de-France,77
69021,Bessenay,rurale_calme,rural_geographique_Auvergne-Rhône-Alpes,Auvergne-Rhône-Alpes,69
21003,Ahuy,rurale_calme,rural_geographique_Bourgogne-Franche-Comté,Bourgogne-Franche-Comté,21
56081,Guiscriff,rurale_calme,rural_geographique_Bretagne,Bretagne,56
18145,Menetou-Salon,rurale_calme,rural_geographique_Centre-Val de Loire,Centre-Val de Loire,18
2B177,Noceta,rurale_calme,rural_geographique_Corse,Corse,2B
88409,Saint-Amé,rurale_calme,rural_geographique_Grand Est,Grand Est,88
62705,Rety,rurale_calme,rural_geographique_Hauts-de-France,Hauts-de-France,62
76260,Ferrières-en-Bray,rurale_calme,rural_geographique_Normandie,Normandie,76
47091,Estillac,rurale_calme,rural_geographique_Nouvelle-Aquitaine,Nouvelle-Aquitaine,47
48099,Bourgs sur Colagne,rurale_calme,rural_geographique_Occitanie,Occitanie,48
85162,Rives-d'Autise,rurale_calme,rural_geographique_Pays de la Loire,Pays de la Loire,85
04008,Annot,rurale_calme,rural_geographique_Provence-Alpes-Côte d'Azur,Provence-Alpes-Côte d'Azur,04
77216,Grez-sur-Loing,rurale_calme,rural_geographique_Île-de-France,Île-de-France,77
07129,Lamastre,rurale_calme,rural_geographique_Auvergne-Rhône-Alpes,Auvergne-Rhône-Alpes,07
89480,Vinneuf,rurale_calme,rural_geographique_Bourgogne-Franche-Comté,Bourgogne-Franche-Comté,89
29091,Kerlouan,rurale_calme,rural_geographique_Bretagne,Bretagne,29
37217,Saint-Étienne-de-Chigny,rurale_calme,rural_geographique_Centre-Val de Loire,Centre-Val de Loire,37
2A258,Renno,rurale_calme,rural_geographique_Corse,Corse,2A
54116,Chanteheux,rurale_calme,rural_geographique_Grand Est,Grand Est,54
59357,La Longueville,rurale_calme,rural_geographique_Hauts-de-France,Hauts-de-France,59
76617,Saint-Martin-du-Vivier,rurale_calme,rural_geographique_Normandie,Normandie,76
17008,Andilly,rurale_calme,rural_geographique_Nouvelle-Aquitaine,Nouvelle-Aquitaine,17
34256,Saint-Geniès-des-Mourgues,rurale_calme,rural_geographique_Occitanie,Occitanie,34
85216,Sainte-Gemme-la-Plaine,rurale_calme,rural_geographique_Pays de la Loire,Pays de la Loire,85
05079,Le Monêtier-les-Bains,rurale_calme,rural_geographique_Provence-Alpes-Côte d'Azur,Provence-Alpes-Côte d'Azur,05
78616,Thoiry,rurale_calme,rural_geographique_Île-de-France,Île-de-France,78
74269,Seyssel,rurale_calme,rural_geographique_Auvergne-Rhône-Alpes,Auvergne-Rhône-Alpes,74
71158,Cuisery,rurale_calme,rural_geographique_Bourgogne-Franche-Comté,Bourgogne-Franche-Comté,71
56002,Ambon,rurale_calme,rural_geographique_Bretagne,Bretagne,56
28021,Bailleau-le-Pin,rurale_calme,rural_geographique_Centre-Val de Loire,Centre-Val de Loire,28
2A331,Urbalacone,rurale_calme,rural_geographique_Corse,Corse,2A
57039,Augny,rurale_calme,rural_geographique_Grand Est,Grand Est,57
59471,Préseau,rurale_calme,rural_geographique_Hauts-de-France,Hauts-de-France,59
27500,Routot,rurale_calme,rural_geographique_Normandie,Normandie,27
86261,Sèvres-Anxaumont,rurale_calme,rural_geographique_Nouvelle-Aquitaine,Nouvelle-Aquitaine,86
81244,Saint-Benoît-de-Carmaux,rurale_calme,rural_geographique_Occitanie,Occitanie,81
49041,Brain-sur-Allonnes,rurale_calme,rural_geographique_Pays de la Loire,Pays de la Loire,49
04110,Mallemoisson,rurale_calme,rural_geographique_Provence-Alpes-Côte d'Azur,Provence-Alpes-Côte d'Azur,04
77086,La Chapelle-Gauthier,rurale_calme,rural_geographique_Île-de-France,Île-de-France,77
74185,Monnetier-Mornex,rurale_calme,rural_geographique_Auvergne-Rhône-Alpes,Auvergne-Rhône-Alpes,74
89239,Malay-le-Grand,rurale_calme,rural_geographique_Bourgogne-Franche-Comté,Bourgogne-Franche-Comté,89
56055,Étel,rurale_calme,rural_geographique_Bretagne,Bretagne,56
28352,Saint-Martin-de-Nigelles,rurale_calme,rural_geographique_Centre-Val de Loire,Centre-Val de Loire,28
2A066,Cargiaca,rurale_calme,rural_geographique_Corse,Corse,2A
57017,Amanvillers,rurale_calme,rural_geographique_Grand Est,Grand Est,57
02720,Sissonne,rurale_calme,rural_geographique_Hauts-de-France,Hauts-de-France,02
14338,Houlgate,rurale_calme,rural_geographique_Normandie,Normandie,14
17164,Fontcouverte,rurale_calme,rural_geographique_Nouvelle-Aquitaine,Nouvelle-Aquitaine,17
30214,Ribaute-les-Tavernes,rurale_calme,rural_geographique_Occitanie,Occitanie,30
44171,Saint-Léger-les-Vignes,rurale_calme,rural_geographique_Pays de la Loire,Pays de la Loire,44
06094,Péone,rurale_calme,rural_geographique_Provence-Alpes-Côte d'Azur,Provence-Alpes-Côte d'Azur,06
91634,Vaugrigneuse,rurale_calme,rural_geographique_Île-de-France,Île-de-France,91
74013,Anthy-sur-Léman,rurale_calme,rural_geographique_Auvergne-Rhône-Alpes,Auvergne-Rhône-Alpes,74
71442,Saint-Léger-sur-Dheune,rurale_calme,rural_geographique_Bourgogne-Franche-Comté,Bourgogne-Franche-Comté,71
35121,Gosné,rurale_calme,rural_geographique_Bretagne,Bretagne,35
28223,Luray,rurale_calme,rural_geographique_Centre-Val de Loire,Centre-Val de Loire,28
2B264,Rusio,rurale_calme,rural_geographique_Corse,Corse,2B
68138,Hirsingue,rurale_calme,rural_geographique_Grand Est,Grand Est,68
59470,Prémesques,rurale_calme,rural_geographique_Hauts-de-France,Hauts-de-France,59
61341,Écouves,rurale_calme,rural_geographique_Normandie,Normandie,61
24253,Mareuil en Périgord,rurale_calme,rural_geographique_Nouvelle-Aquitaine,Nouvelle-Aquitaine,24
81182,Montredon-Labessonnié,rurale_calme,rural_geographique_Occitanie,Occitanie,81
44214,Vay,rurale_calme,rural_geographique_Pays de la Loire,Pays de la Loire,44
84073,Ménerbes,rurale_calme,rural_geographique_Provence-Alpes-Côte d'Azur,Provence-Alpes-Côte d'Azur,84
77318,Mortcerf,rurale_calme,rural_geographique_Île-de-France,Île-de-France,77
07204,Saint-Agrève,rurale_calme,rural_geographique_Auvergne-Rhône-Alpes,Auvergne-Rhône-Alpes,07
71371,La Roche-Vineuse,rurale_calme,rural_geographique_Bourgogne-Franche-Comté,Bourgogne-Franche-Comté,71
29078,Hanvec,rurale_calme,rural_geographique_Bretagne,Bretagne,29
37119,L'Île-Bouchard,rurale_calme,rural_geographique_Centre-Val de Loire,Centre-Val de Loire,37
2A196,Orto,rurale_calme,rural_geographique_Corse,Corse,2A
88270,Liffol-le-Grand,rurale_calme,rural_geographique_Grand Est,Grand Est,88
60341,Lagny-le-Sec,rurale_calme,rural_geographique_Hauts-de-France,Hauts-de-France,60
50272,Tourneville-sur-Mer,rurale_calme,rural_geographique_Normandie,Normandie,50
47143,Lavardac,rurale_calme,rural_geographique_Nouvelle-Aquitaine,Nouvelle-Aquitaine,47
11254,Montréal,rurale_calme,rural_geographique_Occitanie,Occitanie,11
72168,Loué,rurale_calme,rural_geographique_Pays de la Loire,Pays de la Loire,72
04036,Le Brusquet,rurale_calme,rural_geographique_Provence-Alpes-Côte d'Azur,Provence-Alpes-Côte d'Azur,04
78562,Saint-Léger-en-Yvelines,rurale_calme,rural_geographique_Île-de-France,Île-de-France,78
38124,Corbelin,rurale_calme,rural_geographique_Auvergne-Rhône-Alpes,Auvergne-Rhône-Alpes,38
90026,Chèvremont,rurale_calme,rural_geographique_Bourgogne-Franche-Comté,Bourgogne-Franche-Comté,90
56155,Pénestin,rurale_calme,rural_geographique_Bretagne,Bretagne,56
45175,Jouy-le-Potier,rurale_calme,rural_geographique_Centre-Val de Loire,Centre-Val de Loire,45
2B179,Novale,rurale_calme,rural_geographique_Corse,Corse,2B
68173,Labaroche,rurale_calme,rural_geographique_Grand Est,Grand Est,68
59262,Godewaersvelde,rurale_calme,rural_geographique_Hauts-de-France,Hauts-de-France,59
14739,Ver-sur-Mer,rurale_calme,rural_geographique_Normandie,Normandie,14
24139,Coursac,rurale_calme,rural_geographique_Nouvelle-Aquitaine,Nouvelle-Aquitaine,24
34153,Les Matelles,rurale_calme,rural_geographique_Occitanie,Occitanie,34
85095,Froidfond,rurale_calme,rural_geographique_Pays de la Loire,Pays de la Loire,85
06014,Bendejun,rurale_calme,rural_geographique_Provence-Alpes-Côte d'Azur,Provence-Alpes-Côte d'Azur,06
77510,Villeneuve-Saint-Denis,rurale_calme,rural_geographique_Île-de-France,Île-de-France,77
07172,Peaugres,rurale_calme,rural_geographique_Auvergne-Rhône-Alpes,Auvergne-Rhône-Alpes,07
25424,Les Premiers Sapins,rurale_calme,rural_geographique_Bourgogne-Franche-Comté,Bourgogne-Franche-Comté,25
35097,Domalain,rurale_calme,rural_geographique_Bretagne,Bretagne,35
36101,Luant,rurale_calme,rural_geographique_Centre-Val de Loire,Centre-Val de Loire,36
2B113,Ficaja,rurale_calme,rural_geographique_Corse,Corse,2B
88513,Vincey,rurale_calme,rural_geographique_Grand Est,Grand Est,88
62100,Beaurainville,rurale_calme,rural_geographique_Hauts-de-France,Hauts-de-France,62
27020,Arnières-sur-Iton,rurale_calme,rural_geographique_Normandie,Normandie,27
86298,Vouneuil-sur-Vienne,rurale_calme,rural_geographique_Nouvelle-Aquitaine,Nouvelle-Aquitaine,86
30326,Tavel,rurale_calme,rural_geographique_Occitanie,Occitanie,30
72035,Bessé-sur-Braye,rurale_calme,rural_geographique_Pays de la Loire,Pays de la Loire,72
84024,Cabrières-d'Aigues,rurale_calme,rural_geographique_Provence-Alpes-Côte d'Azur,Provence-Alpes-Côte d'Azur,84
78192,Dammartin-en-Serve,rurale_calme,rural_geographique_Île-de-France,Île-de-France,78
38045,Biviers,rurale_calme,rural_geographique_Auvergne-Rhône-Alpes,Auvergne-Rhône-Alpes,38
25448,Pelousey,rurale_calme,rural_geographique_Bourgogne-Franche-Comté,Bourgogne-Franche-Comté,25
35226,Pleugueneuc,rurale_calme,rural_geographique_Bretagne,Bretagne,35
45103,Corbeilles,rurale_calme,rural_geographique_Centre-Val de Loire,Centre-Val de Loire,45
2B226,Pietraserena,rurale_calme,rural_geographique_Corse,Corse,2B
67448,Schirmeck,rurale_calme,rural_geographique_Grand Est,Grand Est,67
02307,La Ferté-Milon,rurale_calme,rural_geographique_Hauts-de-France,Hauts-de-France,02
27593,Saint-Pierre-des-Fleurs,rurale_calme,rural_geographique_Normandie,Normandie,27
87205,Le Vigen,rurale_calme,rural_geographique_Nouvelle-Aquitaine,Nouvelle-Aquitaine,87
30312,Sauveterre,rurale_calme,rural_geographique_Occitanie,Occitanie,30
72228,Parcé-sur-Sarthe,rurale_calme,rural_geographique_Pays de la Loire,Pays de la Loire,72
05059,La Freissinouse,rurale_calme,rural_geographique_Provence-Alpes-Côte d'Azur,Provence-Alpes-Côte d'Azur,05
77084,Changis-sur-Marne,rurale_calme,rural_geographique_Île-de-France,Île-de-France,77
38160,Eyzin-Pinet,rurale_calme,rural_geographique_Auvergne-Rhône-Alpes,Auvergne-Rhône-Alpes,38
89399,Soucy,rurale_calme,rural_geographique_Bourgogne-Franche-Comté,Bourgogne-Franche-Comté,89
35193,Montreuil-le-Gast,rurale_calme,rural_geographique_Bretagne,Bretagne,35
41061,Cormeray,rurale_calme,rural_geographique_Centre-Val de Loire,Centre-Val de Loire,41
2B301,San-Gavino-di-Tenda,rurale_calme,rural_geographique_Corse,Corse,2B
67296,Mittelhausbergen,rurale_calme,rural_geographique_Grand Est,Grand Est,67
59084,Blaringhem,rurale_calme,rural_geographique_Hauts-de-France,Hauts-de-France,59
27119,Bueil,rurale_calme,rural_geographique_Normandie,Normandie,27
19136,Meymac,rurale_calme,rural_geographique_Nouvelle-Aquitaine,Nouvelle-Aquitaine,19
82115,Monclar-de-Quercy,rurale_calme,rural_geographique_Occitanie,Occitanie,82
44001,Abbaretz,rurale_calme,rural_geographique_Pays de la Loire,Pays de la Loire,44
05029,Chabottes,rurale_calme,rural_geographique_Provence-Alpes-Côte d'Azur,Provence-Alpes-Côte d'Azur,05
77135,Courpalay,rurale_calme,rural_geographique_Île-de-France,Île-de-France,77
74087,Contamine-sur-Arve,rurale_calme,rural_geographique_Auvergne-Rhône-Alpes,Auvergne-Rhône-Alpes,74
58102,Donzy,rurale_calme,rural_geographique_Bourgogne-Franche-Comté,Bourgogne-Franche-Comté,58
22223,Plouisy,rurale_calme,rural_geographique_Bretagne,Bretagne,22
18133,Lunery,rurale_calme,rural_geographique_Centre-Val de Loire,Centre-Val de Loire,18
2B213,Pianello,rurale_calme,rural_geographique_Corse,Corse,2B
67226,Ittenheim,rurale_calme,rural_geographique_Grand Est,Grand Est,67
60647,Trosly-Breuil,rurale_calme,rural_geographique_Hauts-de-France,Hauts-de-France,60
61456,Saint-Sulpice-sur-Risle,rurale_calme,rural_geographique_Normandie,Normandie,61
33413,Saint-Germain-du-Puch,rurale_calme,rural_geographique_Nouvelle-Aquitaine,Nouvelle-Aquitaine,33
12169,Naucelle,rurale_calme,rural_geographique_Occitanie,Occitanie,12
49222,Mozé-sur-Louet,rurale_calme,rural_geographique_Pays de la Loire,Pays de la Loire,49
05161,La Salle-les-Alpes,rurale_calme,rural_geographique_Provence-Alpes-Côte d'Azur,Provence-Alpes-Côte d'Azur,05
77311,Montigny-Lencoup,rurale_calme,rural_geographique_Île-de-France,Île-de-France,77
73227,Courchevel,rurale_calme,rural_geographique_Auvergne-Rhône-Alpes,Auvergne-Rhône-Alpes,73
71378,Rully,rurale_calme,rural_geographique_Bourgogne-Franche-Comté,Bourgogne-Franche-Comté,71
29167,Plogastel-Saint-Germain,rurale_calme,rural_geographique_Bretagne,Bretagne,29
18206,Saint-Éloy-de-Gy,rurale_calme,rural_geographique_Centre-Val de Loire,Centre-Val de Loire,18
2A253,Quasquara,rurale_calme,rural_geographique_Corse,Corse,2A
55186,Fains-Véel,rurale_calme,rural_geographique_Grand Est,Grand Est,55
62371,Givenchy-en-Gohelle,rurale_calme,rural_geographique_Hauts-de-France,Hauts-de-France,62
50058,Blainville-sur-Mer,rurale_calme,rural_geographique_Normandie,Normandie,50
17353,Saint-Laurent-de-la-Prée,rurale_calme,rural_geographique_Nouvelle-Aquitaine,Nouvelle-Aquitaine,17
66058,Corneilla-la-Rivière,rurale_calme,rural_geographique_Occitanie,Occitanie,66
44203,Le Temple-de-Bretagne,rurale_calme,rural_geographique_Pays de la Loire,Pays de la Loire,44
84105,Saignon,rurale_calme,rural_geographique_Provence-Alpes-Côte d'Azur,Provence-Alpes-Côte d'Azur,84
77078,Chamigny,rurale_calme,rural_geographique_Île-de-France,Île-de-France,77
74103,Domancy,rurale_calme,rural_geographique_Auvergne-Rhône-Alpes,Auvergne-Rhône-Alpes,74
89077,Champs-sur-Yonne,rurale_calme,rural_geographique_Bourgogne-Franche-Comté,Bourgogne-Franche-Comté,89
35107,Ercé-près-Liffré,rurale_calme,rural_geographique_Bretagne,Bretagne,35
36127,Montgivray,rurale_calme,rural_geographique_Centre-Val de Loire,Centre-Val de Loire,36
2A011,Altagène,rurale_calme,rural_geographique_Corse,Corse,2A
51391,Muizon,rurale_calme,rural_geographique_Grand Est,Grand Est,51
02543,Neuilly-Saint-Front,rurale_calme,rural_geographique_Hauts-de-France,Hauts-de-France,02
27391,Marcilly-sur-Eure,rurale_calme,rural_geographique_Normandie,Normandie,27
79100,Coulon,rurale_calme,rural_geographique_Nouvelle-Aquitaine,Nouvelle-Aquitaine,79
81042,Burlats,rurale_calme,rural_geographique_Occitanie,Occitanie,81
49201,La Ménitré,rurale_calme,rural_geographique_Pays de la Loire,Pays de la Loire,49
05004,Ancelle,rurale_calme,rural_geographique_Provence-Alpes-Côte d'Azur,Provence-Alpes-Côte d'Azur,05
77295,Moisenay,rurale_calme,rural_geographique_Île-de-France,Île-de-France,77
74299,Veyrier-du-Lac,rurale_calme,rural_geographique_Auvergne-Rhône-Alpes,Auvergne-Rhône-Alpes,74
25195,Dannemarie-sur-Crète,rurale_calme,rural_geographique_Bourgogne-Franche-Comté,Bourgogne-Franche-Comté,25
29077,Guissény,rurale_calme,rural_geographique_Bretagne,Bretagne,29
18271,Vasselay,rurale_calme,rural_geographique_Centre-Val de Loire,Centre-Val de Loire,18
2B012,Altiani,rurale_calme,rural_geographique_Corse,Corse,2B
68062,Carspach,rurale_calme,rural_geographique_Grand Est,Grand Est,68
62847,Verquigneul,rurale_calme,rural_geographique_Hauts-de-France,Hauts-de-France,62
76125,Bosc-le-Hard,rurale_calme,rural_geographique_Normandie,Normandie,76
86140,Lussac-les-Châteaux,rurale_calme,rural_geographique_Nouvelle-Aquitaine,Nouvelle-Aquitaine,86
30254,Saint-Geniès-de-Comolas,rurale_calme,rural_geographique_Occitanie,Occitanie,30
44119,Paulx,rurale_calme,rural_geographique_Pays de la Loire,Pays de la Loire,44
84124,Saumane-de-Vaucluse,rurale_calme,rural_geographique_Provence-Alpes-Côte d'Azur,Provence-Alpes-Côte d'Azur,84
77358,Penchard,rurale_calme,rural_geographique_Île-de-France,Île-de-France,77
07041,Boulieu-lès-Annonay,rurale_calme,rural_geographique_Auvergne-Rhône-Alpes,Auvergne-Rhône-Alpes,07
21623,Tart,rurale_calme,rural_geographique_Bourgogne-Franche-Comté,Bourgogne-Franche-Comté,21
29056,La Forest-Landerneau,rurale_calme,rural_geographique_Bretagne,Bretagne,29
37242,Savigny-en-Véron,rurale_calme,rural_geographique_Centre-Val de Loire,Centre-Val de Loire,37
2B297,San-Damiano,rurale_calme,rural_geographique_Corse,Corse,2B
67547,Wittisheim,rurale_calme,rural_geographique_Grand Est,Grand Est,67
02758,Vailly-sur-Aisne,rurale_calme,rural_geographique_Hauts-de-France,Hauts-de-France,02
76610,Sainte-Marie-des-Champs,rurale_calme,rural_geographique_Normandie,Normandie,76
79123,La Forêt-sur-Sèvre,rurale_calme,rural_geographique_Nouvelle-Aquitaine,Nouvelle-Aquitaine,79
12199,Rignac,rurale_calme,rural_geographique_Occitanie,Occitanie,12
49260,La Romagne,rurale_calme,rural_geographique_Pays de la Loire,Pays de la Loire,49
83003,Ampus,rurale_calme,rural_geographique_Provence-Alpes-Côte d'Azur,Provence-Alpes-Côte d'Azur,83
77203,Germigny-l'Évêque,rurale_calme,rural_geographique_Île-de-France,Île-de-France,77
43213,Saint-Pal-de-Mons,rurale_calme,rural_geographique_Auvergne-Rhône-Alpes,Auvergne-Rhône-Alpes,43
39128,Chaussin,rurale_calme,rural_geographique_Bourgogne-Franche-Comté,Bourgogne-Franche-Comté,39
35222,Pleine-Fougères,rurale_calme,rural_geographique_Bretagne,Bretagne,35
41252,Suèvres,rurale_calme,rural_geographique_Centre-Val de Loire,Centre-Val de Loire,41
2A019,Arbori,rurale_calme,rural_geographique_Corse,Corse,2A
67543,Wisches,rurale_calme,rural_geographique_Grand Est,Grand Est,67
59120,Caëstre,rurale_calme,rural_geographique_Hauts-de-France,Hauts-de-France,59
27067,Bézu-Saint-Éloi,rurale_calme,rural_geographique_Normandie,Normandie,27
17369,Saint-Martin-de-Ré,rurale_calme,rural_geographique_Nouvelle-Aquitaine,Nouvelle-Aquitaine,17
81281,Sémalens,rurale_calme,rural_geographique_Occitanie,Occitanie,81
72310,Saint-Pavace,rurale_calme,rural_geographique_Pays de la Loire,Pays de la Loire,72
84010,La Bastidonne,rurale_calme,rural_geographique_Provence-Alpes-Côte d'Azur,Provence-Alpes-Côte d'Azur,84
78140,Chapet,rurale_calme,rural_geographique_Île-de-France,Île-de-France,78
01135,Crozet,rurale_calme,rural_geographique_Auvergne-Rhône-Alpes,Auvergne-Rhône-Alpes,01
71346,Perrecy-les-Forges,rurale_calme,rural_geographique_Bourgogne-Franche-Comté,Bourgogne-Franche-Comté,71
56157,Plaudren,rurale_calme,rural_geographique_Bretagne,Bretagne,56
41180,Pontlevoy,rurale_calme,rural_geographique_Centre-Val de Loire,Centre-Val de Loire,41
2A146,Loreto-di-Tallano,rurale_calme,rural_geographique_Corse,Corse,2A
68028,Bergheim,rurale_calme,rural_geographique_Grand Est,Grand Est,68
60149,Chevrières,rurale_calme,rural_geographique_Hauts-de-France,Hauts-de-France,60
76700,Tôtes,rurale_calme,rural_geographique_Normandie,Normandie,76
33125,Cissac-Médoc,rurale_calme,rural_geographique_Nouvelle-Aquitaine,Nouvelle-Aquitaine,33
31462,Rouffiac-Tolosan,rurale_calme,rural_geographique_Occitanie,Occitanie,31
72289,Sainte-Jamme-sur-Sarthe,rurale_calme,rural_geographique_Pays de la Loire,Pays de la Loire,72
83045,Correns,rurale_calme,rural_geographique_Provence-Alpes-Côte d'Azur,Provence-Alpes-Côte d'Azur,83
95625,Us,rurale_calme,rural_geographique_Île-de-France,Île-de-France,95
01089,Château-Gaillard,rurale_calme,rural_geographique_Auvergne-Rhône-Alpes,Auvergne-Rhône-Alpes,01
21501,Pouilly-en-Auxois,rurale_calme,rural_geographique_Bourgogne-Franche-Comté,Bourgogne-Franche-Comté,21
29120,Lanvéoc,rurale_calme,rural_geographique_Bretagne,Bretagne,29
37216,Saint-Épain,rurale_calme,rural_geographique_Centre-Val de Loire,Centre-Val de Loire,37
2A358,Zévaco,rurale_calme,rural_geographique_Corse,Corse,2A
57733,Volstroff,rurale_calme,rural_geographique_Grand Est,Grand Est,57
02719,Sinceny,rurale_calme,rural_geographique_Hauts-de-France,Hauts-de-France,02
27062,Les Monts du Roumois,rurale_calme,rural_geographique_Normandie,Normandie,27
19121,Lubersac,rurale_calme,rural_geographique_Nouvelle-Aquitaine,Nouvelle-Aquitaine,19
30241,Saint-Chaptes,rurale_calme,rural_geographique_Occitanie,Occitanie,30
49368,Vernantes,rurale_calme,rural_geographique_Pays de la Loire,Pays de la Loire,49
05139,Dévoluy,rurale_calme,rural_geographique_Provence-Alpes-Côte d'Azur,Provence-Alpes-Côte d'Azur,05
77208,Gouaix,rurale_calme,rural_geographique_Île-de-France,Île-de-France,77
69086,Fleurieux-sur-l'Arbresle,rurale_calme,rural_geographique_Auvergne-Rhône-Alpes,Auvergne-Rhône-Alpes,69
70292,Jussey,rurale_calme,rural_geographique_Bourgogne-Franche-Comté,Bourgogne-Franche-Comté,70
35172,Meillac,rurale_calme,rural_geographique_Bretagne,Bretagne,35
41157,Mur-de-Sologne,rurale_calme,rural_geographique_Centre-Val de Loire,Centre-Val de Loire,41
2B111,Felce,rurale_calme,rural_geographique_Corse,Corse,2B
55351,Montmédy,rurale_calme,rural_geographique_Grand Est,Grand Est,55
62543,Mametz,rurale_calme,rural_geographique_Hauts-de-France,Hauts-de-France,62
27085,Flancourt-Crescy-en-Roumois,rurale_calme,rural_geographique_Normandie,Normandie,27
64062,Arudy,rurale_calme,rural_geographique_Nouvelle-Aquitaine,Nouvelle-Aquitaine,64
34203,Pinet,rurale_calme,rural_geographique_Occitanie,Occitanie,34
44199,Soudan,rurale_calme,rural_geographique_Pays de la Loire,Pays de la Loire,44
05122,La Roche-de-Rame,rurale_calme,rural_geographique_Provence-Alpes-Côte d'Azur,Provence-Alpes-Côte d'Azur,05
78384,Médan,rurale_calme,rural_geographique_Île-de-France,Île-de-France,78
74258,Samoëns,rurale_calme,rural_geographique_Auvergne-Rhône-Alpes,Auvergne-Rhône-Alpes,74
70482,Scey-sur-Saône-et-Saint-Albin,rurale_calme,rural_geographique_Bourgogne-Franche-Comté,Bourgogne-Franche-Comté,70
56012,Beignon,rurale_calme,rural_geographique_Bretagne,Bretagne,56
41029,Candé-sur-Beuvron,rurale_calme,rural_geographique_Centre-Val de Loire,Centre-Val de Loire,41
2B155,Matra,rurale_calme,rural_geographique_Corse,Corse,2B
52194,Eurville-Bienville,rurale_calme,rural_geographique_Grand Est,Grand Est,52
59499,Rexpoëde,rurale_calme,rural_geographique_Hauts-de-France,Hauts-de-France,59
27218,Épaignes,rurale_calme,rural_geographique_Normandie,Normandie,27
79216,Prahecq,rurale_calme,rural_geographique_Nouvelle-Aquitaine,Nouvelle-Aquitaine,79
30257,Saint-Gervasy,rurale_calme,rural_geographique_Occitanie,Occitanie,30
85098,La Genétouze,rurale_calme,rural_geographique_Pays de la Loire,Pays de la Loire,85
84093,Puget,rurale_calme,rural_geographique_Provence-Alpes-Côte d'Azur,Provence-Alpes-Côte d'Azur,84
91525,Roinville,rurale_calme,rural_geographique_Île-de-France,Île-de-France,91
07201,Ruoms,rurale_calme,rural_geographique_Auvergne-Rhône-Alpes,Auvergne-Rhône-Alpes,07
21223,Daix,rurale_calme,rural_geographique_Bourgogne-Franche-Comté,Bourgogne-Franche-Comté,21
29021,Plounéour-Brignogan-plages,rurale_calme,rural_geographique_Bretagne,Bretagne,29
36200,Saint-Marcel,rurale_calme,rural_geographique_Centre-Val de Loire,Centre-Val de Loire,36
2B063,Carcheto-Brustico,rurale_calme,rural_geographique_Corse,Corse,2B
57572,Rémilly,rurale_calme,rural_geographique_Grand Est,Grand Est,57
80186,Chaulnes,rurale_calme,rural_geographique_Hauts-de-France,Hauts-de-France,80
61163,La Ferrière-aux-Étangs,rurale_calme,rural_geographique_Normandie,Normandie,61
17051,Le Bois-Plage-en-Ré,rurale_calme,rural_geographique_Nouvelle-Aquitaine,Nouvelle-Aquitaine,17
81284,Le Sequestre,rurale_calme,rural_geographique_Occitanie,Occitanie,81
72029,Beaumont-sur-Sarthe,rurale_calme,rural_geographique_Pays de la Loire,Pays de la Loire,72
06151,Utelle,rurale_calme,rural_geographique_Provence-Alpes-Côte d'Azur,Provence-Alpes-Côte d'Azur,06
78108,Les Bréviaires,rurale_calme,rural_geographique_Île-de-France,Île-de-France,78
38281,Noyarey,rurale_calme,rural_geographique_Auvergne-Rhône-Alpes,Auvergne-Rhône-Alpes,38
39056,Bletterans,rurale_calme,rural_geographique_Bourgogne-Franche-Comté,Bourgogne-Franche-Comté,39
22180,Plélan-le-Petit,rurale_calme,rural_geographique_Bretagne,Bretagne,22
37182,Pernay,rurale_calme,rural_geographique_Centre-Val de Loire,Centre-Val de Loire,37
2A357,Zérubia,rurale_calme,rural_geographique_Corse,Corse,2A
57545,Plappeville,rurale_calme,rural_geographique_Grand Est,Grand Est,57
80071,Beauval,rurale_calme,rural_geographique_Hauts-de-France,Hauts-de-France,80
14079,Blonville-sur-Mer,rurale_calme,rural_geographique_Normandie,Normandie,14
33349,Quinsac,rurale_calme,rural_geographique_Nouvelle-Aquitaine,Nouvelle-Aquitaine,33
81325,Viviers-lès-Montagnes,rurale_calme,rural_geographique_Occitanie,Occitanie,81
44107,Mouzeil,rurale_calme,rural_geographique_Pays de la Loire,Pays de la Loire,44
83080,Mons,rurale_calme,rural_geographique_Provence-Alpes-Côte d'Azur,Provence-Alpes-Côte d'Azur,83
77116,Choisy-en-Brie,rurale_calme,rural_geographique_Île-de-France,Île-de-France,77
74024,Ayse,rurale_calme,rural_geographique_Auvergne-Rhône-Alpes,Auvergne-Rhône-Alpes,74
70334,Marnay,rurale_calme,rural_geographique_Bourgogne-Franche-Comté,Bourgogne-Franche-Comté,70
29268,Saint-Thonan,rurale_calme,rural_geographique_Bretagne,Bretagne,29
28122,Dammarie,rurale_calme,rural_geographique_Centre-Val de Loire,Centre-Val de Loire,28
2B217,Piazzole,rurale_calme,rural_geographique_Corse,Corse,2B
68266,Réguisheim,rurale_calme,rural_geographique_Grand Est,Grand Est,68
59388,Marquillies,rurale_calme,rural_geographique_Hauts-de-France,Hauts-de-France,59
76716,Turretot,rurale_calme,rural_geographique_Normandie,Normandie,76
87143,Saint-Gence,rurale_calme,rural_geographique_Nouvelle-Aquitaine,Nouvelle-Aquitaine,87
81039,Briatexte,rurale_calme,rural_geographique_Occitanie,Occitanie,81
44099,Moisdon-la-Rivière,rurale_calme,rural_geographique_Pays de la Loire,Pays de la Loire,44
06153,Valdeblore,rurale_calme,rural_geographique_Provence-Alpes-Côte d'Azur,Provence-Alpes-Côte d'Azur,06
95592,Seraincourt,rurale_calme,rural_geographique_Île-de-France,Île-de-France,95
73328,Viviers-du-Lac,rurale_calme,rural_geographique_Auvergne-Rhône-Alpes,Auvergne-Rhône-Alpes,73
39411,Perrigny,rurale_calme,rural_geographique_Bourgogne-Franche-Comté,Bourgogne-Franche-Comté,39
29047,Le Drennec,rurale_calme,rural_geographique_Bretagne,Bretagne,29
45092,Chevillon-sur-Huillard,rurale_calme,rural_geographique_Centre-Val de Loire,Centre-Val de Loire,45
2B344,Verdèse,rurale_calme,rural_geographique_Corse,Corse,2B
10216,Mailly-le-Camp,rurale_calme,rural_geographique_Grand Est,Grand Est,10
59559,Sebourg,rurale_calme,rural_geographique_Hauts-de-France,Hauts-de-France,59
76541,Roumare,rurale_calme,rural_geographique_Normandie,Normandie,76
86258,Scorbé-Clairvaux,rurale_calme,rural_geographique_Nouvelle-Aquitaine,Nouvelle-Aquitaine,86
11315,Rieux-Minervois,rurale_calme,rural_geographique_Occitanie,Occitanie,11
53015,La Baconnière,rurale_calme,rural_geographique_Pays de la Loire,Pays de la Loire,53
84116,Saint-Romain-en-Viennois,rurale_calme,rural_geographique_Provence-Alpes-Côte d'Azur,Provence-Alpes-Côte d'Azur,84
78269,Gazeran,rurale_calme,rural_geographique_Île-de-France,Île-de-France,78
74180,Messery,rurale_calme,rural_geographique_Auvergne-Rhône-Alpes,Auvergne-Rhône-Alpes,74
58051,Challuy,rurale_calme,rural_geographique_Bourgogne-Franche-Comté,Bourgogne-Franche-Comté,58
56052,Damgan,rurale_calme,rural_geographique_Bretagne,Bretagne,56
36142,Niherne,rurale_calme,rural_geographique_Centre-Val de Loire,Centre-Val de Loire,36
2B273,Scata,rurale_calme,rural_geographique_Corse,Corse,2B
68205,Meyenheim,rurale_calme,rural_geographique_Grand Est,Grand Est,68
80316,Flesselles,rurale_calme,rural_geographique_Hauts-de-France,Hauts-de-France,80
27412,Terres de Bord,rurale_calme,rural_geographique_Normandie,Normandie,27
33225,Landiras,rurale_calme,rural_geographique_Nouvelle-Aquitaine,Nouvelle-Aquitaine,33
81116,Labastide-Saint-Georges,rurale_calme,rural_geographique_Occitanie,Occitanie,81
49110,Corzé,rurale_calme,rural_geographique_Pays de la Loire,Pays de la Loire,49
04047,Champtercier,rurale_calme,rural_geographique_Provence-Alpes-Côte d'Azur,Provence-Alpes-Côte d'Azur,04
77415,Saint-Jean-les-Deux-Jumeaux,rurale_calme,rural_geographique_Île-de-France,Île-de-France,77
73182,Mouxy,rurale_calme,rural_geographique_Auvergne-Rhône-Alpes,Auvergne-Rhône-Alpes,73
89439,Vergigny,rurale_calme,rural_geographique_Bourgogne-Franche-Comté,Bourgogne-Franche-Comté,89
56032,Campénéac,rurale_calme,rural_geographique_Bretagne,Bretagne,56
37111,Genillé,rurale_calme,rural_geographique_Centre-Val de Loire,Centre-Val de Loire,37
2B081,Castiglione,rurale_calme,rural_geographique_Corse,Corse,2B
52182,Éclaron-Braucourt-Sainte-Livière,rurale_calme,rural_geographique_Grand Est,Grand Est,52
59511,Rosult,rurale_calme,rural_geographique_Hauts-de-France,Hauts-de-France,59
14312,Grandcamp-Maisy,rurale_calme,rural_geographique_Normandie,Normandie,14
33226,Langoiran,rurale_calme,rural_geographique_Nouvelle-Aquitaine,Nouvelle-Aquitaine,33
12301,Villeneuve,rurale_calme,rural_geographique_Occitanie,Occitanie,12
85236,Saint-Julien-des-Landes,rurale_calme,rural_geographique_Pays de la Loire,Pays de la Loire,85
04006,Allos,rurale_calme,rural_geographique_Provence-Alpes-Côte d'Azur,Provence-Alpes-Côte d'Azur,04
95177,Cormeilles-en-Vexin,rurale_calme,rural_geographique_Île-de-France,Île-de-France,95
01192,Izernore,rurale_calme,rural_geographique_Auvergne-Rhône-Alpes,Auvergne-Rhône-Alpes,01
25558,Tarcenay-Foucherans,rurale_calme,rural_geographique_Bourgogne-Franche-Comté,Bourgogne-Franche-Comté,25
35161,Louvigné-de-Bais,rurale_calme,rural_geographique_Bretagne,Bretagne,35
28018,Authon-du-Perche,rurale_calme,rural_geographique_Centre-Val de Loire,Centre-Val de Loire,28
2B206,Penta-Acquatella,rurale_calme,rural_geographique_Corse,Corse,2B
51525,Sarry,rurale_calme,rural_geographique_Grand Est,Grand Est,51
60531,Remy,rurale_calme,rural_geographique_Hauts-de-France,Hauts-de-France,60
61063,Briouze,rurale_calme,rural_geographique_Normandie,Normandie,61
17224,Matha,rurale_calme,rural_geographique_Nouvelle-Aquitaine,Nouvelle-Aquitaine,17
12197,Réquista,rurale_calme,rural_geographique_Occitanie,Occitanie,12
72025,Bazouges Cré sur Loir,rurale_calme,rural_geographique_Pays de la Loire,Pays de la Loire,72
84095,Puyvert,rurale_calme,rural_geographique_Provence-Alpes-Côte d'Azur,Provence-Alpes-Côte d'Azur,84
91408,Moigny-sur-École,rurale_calme,rural_geographique_Île-de-France,Île-de-France,91
07191,Rochemaure,rurale_calme,rural_geographique_Auvergne-Rhône-Alpes,Auvergne-Rhône-Alpes,07
25285,Grand'Combe-Châteleu,rurale_calme,rural_geographique_Bourgogne-Franche-Comté,Bourgogne-Franche-Comté,25
29041,Coray,rurale_calme,rural_geographique_Bretagne,Bretagne,29
45332,Varennes-Changy,rurale_calme,rural_geographique_Centre-Val de Loire,Centre-Val de Loire,45
2B255,Quercitello,rurale_calme,rural_geographique_Corse,Corse,2B
68040,Bitschwiller-lès-Thann,rurale_calme,rural_geographique_Grand Est,Grand Est,68
80228,Le Crotoy,rurale_calme,rural_geographique_Hauts-de-France,Hauts-de-France,80
61196,Belforêt-en-Perche,rurale_calme,rural_geographique_Normandie,Normandie,61
79249,Saint-Gelais,rurale_calme,rural_geographique_Nouvelle-Aquitaine,Nouvelle-Aquitaine,79
31252,Labastide-Saint-Sernin,rurale_calme,rural_geographique_Occitanie,Occitanie,31
85006,Apremont,rurale_calme,rural_geographique_Pays de la Loire,Pays de la Loire,85
06043,Coaraze,rurale_calme,rural_geographique_Provence-Alpes-Côte d'Azur,Provence-Alpes-Côte d'Azur,06
91038,Auvers-Saint-Georges,rurale_calme,rural_geographique_Île-de-France,Île-de-France,91
01103,Chevry,rurale_calme,rural_geographique_Auvergne-Rhône-Alpes,Auvergne-Rhône-Alpes,01
58067,Chaulgnes,rurale_calme,rural_geographique_Bourgogne-Franche-Comté,Bourgogne-Franche-Comté,58
56237,Saint-Thuriau,rurale_calme,rural_geographique_Bretagne,Bretagne,56
37058,La Chapelle-sur-Loire,rurale_calme,rural_geographique_Centre-Val de Loire,Centre-Val de Loire,37
2B222,Pie-d'Orezza,rurale_calme,rural_geographique_Corse,Corse,2B
10115,Creney-près-Troyes,rurale_calme,rural_geographique_Grand Est,Grand Est,10
59063,Beauvois-en-Cambrésis,rurale_calme,rural_geographique_Hauts-de-France,Hauts-de-France,59
27367,Lieurey,rurale_calme,rural_geographique_Normandie,Normandie,27
17225,Les Mathes,rurale_calme,rural_geographique_Nouvelle-Aquitaine,Nouvelle-Aquitaine,17
31356,Montaigut-sur-Save,rurale_calme,rural_geographique_Occitanie,Occitanie,31
85273,Saint-Urbain,rurale_calme,rural_geographique_Pays de la Loire,Pays de la Loire,85
84113,Saint-Martin-de-la-Brasque,rurale_calme,rural_geographique_Provence-Alpes-Côte d'Azur,Provence-Alpes-Côte d'Azur,84
78010,Les Alluets-le-Roi,rurale_calme,rural_geographique_Île-de-France,Île-de-France,78
26063,Buis-les-Baronnies,rurale_calme,rural_geographique_Auvergne-Rhône-Alpes,Auvergne-Rhône-Alpes,26
58278,Sermoise-sur-Loire,rurale_calme,rural_geographique_Bourgogne-Franche-Comté,Bourgogne-Franche-Comté,58
22164,Pédernec,rurale_calme,rural_geographique_Bretagne,Bretagne,22
45222,Nargis,rurale_calme,rural_geographique_Centre-Val de Loire,Centre-Val de Loire,45
2B243,Polveroso,rurale_calme,rural_geographique_Corse,Corse,2B
67302,Monswiller,rurale_calme,rural_geographique_Grand Est,Grand Est,67
62721,Roquetoire,rurale_calme,rural_geographique_Hauts-de-France,Hauts-de-France,62
76018,Val-de-Saâne,rurale_calme,rural_geographique_Normandie,Normandie,76
33321,Peujard,rurale_calme,rural_geographique_Nouvelle-Aquitaine,Nouvelle-Aquitaine,33
12198,Rieupeyroux,rurale_calme,rural_geographique_Occitanie,Occitanie,12
72143,Le Grand-Lucé,rurale_calme,rural_geographique_Pays de la Loire,Pays de la Loire,72
05100,Pelleautier,rurale_calme,rural_geographique_Provence-Alpes-Côte d'Azur,Provence-Alpes-Côte d'Azur,05
78262,Galluis,rurale_calme,rural_geographique_Île-de-France,Île-de-France,78
03304,Vendat,rurale_calme,rural_geographique_Auvergne-Rhône-Alpes,Auvergne-Rhône-Alpes,03
71295,Mervans,rurale_calme,rural_geographique_Bourgogne-Franche-Comté,Bourgogne-Franche-Comté,71
29044,Dinéault,rurale_calme,rural_geographique_Bretagne,Bretagne,29
41229,Saint-Romain-sur-Cher,rurale_calme,rural_geographique_Centre-Val de Loire,Centre-Val de Loire,41
2B067,Carpineto,rurale_calme,rural_geographique_Corse,Corse,2B
08142,Donchery,rurale_calme,rural_geographique_Grand Est,Grand Est,08
59522,Sailly-lez-Lannoy,rurale_calme,rural_geographique_Hauts-de-France,Hauts-de-France,59
76385,Limésy,rurale_calme,rural_geographique_Normandie,Normandie,76
16393,La Boixe,rurale_calme,rural_geographique_Nouvelle-Aquitaine,Nouvelle-Aquitaine,16
34179,Murviel-lès-Montpellier,rurale_calme,rural_geographique_Occitanie,Occitanie,34
44206,Touvois,rurale_calme,rural_geographique_Pays de la Loire,Pays de la Loire,44
05050,Espinasses,rurale_calme,rural_geographique_Provence-Alpes-Côte d'Azur,Provence-Alpes-Côte d'Azur,05
77180,Férolles-Attilly,rurale_calme,rural_geographique_Île-de-France,Île-de-France,77
74201,Neydens,rurale_calme,rural_geographique_Auvergne-Rhône-Alpes,Auvergne-Rhône-Alpes,74
90089,Rougemont-le-Château,rurale_calme,rural_geographique_Bourgogne-Franche-Comté,Bourgogne-Franche-Comté,90
35019,Bazouges-la-Pérouse,rurale_calme,rural_geographique_Bretagne,Bretagne,35
37183,Perrusson,rurale_calme,rural_geographique_Centre-Val de Loire,Centre-Val de Loire,37
2B364,Zuani,rurale_calme,rural_geographique_Corse,Corse,2B
54521,Thil,rurale_calme,rural_geographique_Grand Est,Grand Est,54
62204,Campagne-lès-Hesdin,rurale_calme,rural_geographique_Hauts-de-France,Hauts-de-France,62
61061,Bretoncelles,rurale_calme,rural_geographique_Normandie,Normandie,61
64279,Itxassou,rurale_calme,rural_geographique_Nouvelle-Aquitaine,Nouvelle-Aquitaine,64
30311,Sauve,rurale_calme,rural_geographique_Occitanie,Occitanie,30
85227,Saint-Hilaire-des-Loges,rurale_calme,rural_geographique_Pays de la Loire,Pays de la Loire,85
05010,Aspres-sur-Buëch,rurale_calme,rural_geographique_Provence-Alpes-Côte d'Azur,Provence-Alpes-Côte d'Azur,05
95409,Moisselles,rurale_calme,rural_geographique_Île-de-France,Île-de-France,95
38058,Brézins,rurale_calme,rural_geographique_Auvergne-Rhône-Alpes,Auvergne-Rhône-Alpes,38
25022,Arcey,rurale_calme,rural_geographique_Bourgogne-Franche-Comté,Bourgogne-Franche-Comté,25
56154,Peillac,rurale_calme,rural_geographique_Bretagne,Bretagne,56
45031,Bellegarde,rurale_calme,rural_geographique_Centre-Val de Loire,Centre-Val de Loire,45
2B171,Muracciole,rurale_calme,rural_geographique_Corse,Corse,2B
57598,Rouhling,rurale_calme,rural_geographique_Grand Est,Grand Est,57
62259,Croisilles,rurale_calme,rural_geographique_Hauts-de-France,Hauts-de-France,62
50403,Pirou,rurale_calme,rural_geographique_Normandie,Normandie,50
64191,Coarraze,rurale_calme,rural_geographique_Nouvelle-Aquitaine,Nouvelle-Aquitaine,64
82167,Saint-Nauphary,rurale_calme,rural_geographique_Occitanie,Occitanie,82
72165,Lombron,rurale_calme,rural_geographique_Pays de la Loire,Pays de la Loire,72
04076,Entrevaux,rurale_calme,rural_geographique_Provence-Alpes-Côte d'Azur,Provence-Alpes-Côte d'Azur,04
77063,La Celle-sur-Morin,rurale_calme,rural_geographique_Île-de-France,Île-de-France,77
01109,Collonges,rurale_calme,rural_geographique_Auvergne-Rhône-Alpes,Auvergne-Rhône-Alpes,01
70455,Roye,rurale_calme,rural_geographique_Bourgogne-Franche-Comté,Bourgogne-Franche-Comté,70
56074,Guénin,rurale_calme,rural_geographique_Bretagne,Bretagne,56
41296,Vouzon,rurale_calme,rural_geographique_Centre-Val de Loire,Centre-Val de Loire,41
2B291,Stazzona,rurale_calme,rural_geographique_Corse,Corse,2B
67418,Rountzenheim-Auenheim,rurale_calme,rural_geographique_Grand Est,Grand Est,67
62001,Ablain-Saint-Nazaire,rurale_calme,rural_geographique_Hauts-de-France,Hauts-de-France,62
27385,Manneville-sur-Risle,rurale_calme,rural_geographique_Normandie,Normandie,27
17131,Cozes,rurale_calme,rural_geographique_Nouvelle-Aquitaine,Nouvelle-Aquitaine,17
82155,Saint-Antonin-Noble-Val,rurale_calme,rural_geographique_Occitanie,Occitanie,82
53146,Martigné-sur-Mayenne,rurale_calme,rural_geographique_Pays de la Loire,Pays de la Loire,53
84126,Séguret,rurale_calme,rural_geographique_Provence-Alpes-Côte d'Azur,Provence-Alpes-Côte d'Azur,84
78171,Condé-sur-Vesgre,rurale_calme,rural_geographique_Île-de-France,Île-de-France,78
63254,Nohanent,rurale_calme,rural_geographique_Auvergne-Rhône-Alpes,Auvergne-Rhône-Alpes,63
58104,Dornes,rurale_calme,rural_geographique_Bourgogne-Franche-Comté,Bourgogne-Franche-Comté,58
35054,Chanteloup,rurale_calme,rural_geographique_Bretagne,Bretagne,35
45122,Dampierre-en-Burly,rurale_calme,rural_geographique_Centre-Val de Loire,Centre-Val de Loire,45
2B227,Pietricaggio,rurale_calme,rural_geographique_Corse,Corse,2B
68041,Blodelsheim,rurale_calme,rural_geographique_Grand Est,Grand Est,68
59387,Marquette-en-Ostrevant,rurale_calme,rural_geographique_Hauts-de-France,Hauts-de-France,59
61038,Bellême,rurale_calme,rural_geographique_Normandie,Normandie,61
24115,Château-l'Évêque,rurale_calme,rural_geographique_Nouvelle-Aquitaine,Nouvelle-Aquitaine,24
34243,Saint-Bauzille-de-Putois,rurale_calme,rural_geographique_Occitanie,Occitanie,34
85042,Chaillé-les-Marais,rurale_calme,rural_geographique_Pays de la Loire,Pays de la Loire,85
05052,Eygliers,rurale_calme,rural_geographique_Provence-Alpes-Côte d'Azur,Provence-Alpes-Côte d'Azur,05
77154,Dammartin-sur-Tigeaux,rurale_calme,rural_geographique_Île-de-France,Île-de-France,77
74163,Margencel,rurale_calme,rural_geographique_Auvergne-Rhône-Alpes,Auvergne-Rhône-Alpes,74
70006,Aillevillers-et-Lyaumont,rurale_calme,rural_geographique_Bourgogne-Franche-Comté,Bourgogne-Franche-Comté,70
22121,Lanvollon,rurale_calme,rural_geographique_Bretagne,Bretagne,22
18160,Nérondes,rurale_calme,rural_geographique_Centre-Val de Loire,Centre-Val de Loire,18
2B241,Poggio-Marinaccio,rurale_calme,rural_geographique_Corse,Corse,2B
52060,Bourbonne-les-Bains,rurale_calme,rural_geographique_Grand Est,Grand Est,52
59297,Hélesmes,rurale_calme,rural_geographique_Hauts-de-France,Hauts-de-France,59
76557,Saint-Arnoult,rurale_calme,rural_geographique_Normandie,Normandie,76
33154,Les Églisottes-et-Chalaures,rurale_calme,rural_geographique_Nouvelle-Aquitaine,Nouvelle-Aquitaine,33
31212,Garidech,rurale_calme,rural_geographique_Occitanie,Occitanie,31
49361,Varennes-sur-Loire,rurale_calme,rural_geographique_Pays de la Loire,Pays de la Loire,49
05092,Neffes,rurale_calme,rural_geographique_Provence-Alpes-Côte d'Azur,Provence-Alpes-Côte d'Azur,05
77022,Barbizon,rurale_calme,rural_geographique_Île-de-France,Île-de-France,77
69208,Saint-Germain-Nuelles,rurale_calme,rural_geographique_Auvergne-Rhône-Alpes,Auvergne-Rhône-Alpes,69
21005,Aiserey,rurale_calme,rural_geographique_Bourgogne-Franche-Comté,Bourgogne-Franche-Comté,21
56125,Malguénac,rurale_calme,rural_geographique_Bretagne,Bretagne,56
37150,Mazières-de-Touraine,rurale_calme,rural_geographique_Centre-Val de Loire,Centre-Val de Loire,37
2A158,Mela,rurale_calme,rural_geographique_Corse,Corse,2A
88358,Pouxeux,rurale_calme,rural_geographique_Grand Est,Grand Est,88
60651,Ully-Saint-Georges,rurale_calme,rural_geographique_Hauts-de-France,Hauts-de-France,60
76448,Montmain,rurale_calme,rural_geographique_Normandie,Normandie,76
33337,Preignac,rurale_calme,rural_geographique_Nouvelle-Aquitaine,Nouvelle-Aquitaine,33
34082,Combaillaux,rurale_calme,rural_geographique_Occitanie,Occitanie,34
72006,Arçonnay,rurale_calme,rural_geographique_Pays de la Loire,Pays de la Loire,72
13116,Verquières,rurale_calme,rural_geographique_Provence-Alpes-Côte d'Azur,Provence-Alpes-Côte d'Azur,13
77065,Cély,rurale_calme,rural_geographique_Île-de-France,Île-de-France,77
26330,Saint-Sorlin-en-Valloire,rurale_calme,rural_geographique_Auvergne-Rhône-Alpes,Auvergne-Rhône-Alpes,26
89344,Saint-Fargeau,rurale_calme,rural_geographique_Bourgogne-Franche-Comté,Bourgogne-Franche-Comté,89
29237,La Roche-Maurice,rurale_calme,rural_geographique_Bretagne,Bretagne,29
37249,Sonzay,rurale_calme,rural_geographique_Centre-Val de Loire,Centre-Val de Loire,37
2A064,Cardo-Torgia,rurale_calme,rural_geographique_Corse,Corse,2A
68267,Reiningue,rurale_calme,rural_geographique_Grand Est,Grand Est,68
59185,Écaillon,rurale_calme,rural_geographique_Hauts-de-France,Hauts-de-France,59
50579,Sottevast,rurale_calme,rural_geographique_Normandie,Normandie,50
86160,Mirebeau,rurale_calme,rural_geographique_Nouvelle-Aquitaine,Nouvelle-Aquitaine,86
46231,Puy-l'Évêque,rurale_calme,rural_geographique_Occitanie,Occitanie,46
72276,Saint-Cosme-en-Vairais,rurale_calme,rural_geographique_Pays de la Loire,Pays de la Loire,72
04033,Ubaye-Serre-Ponçon,rurale_calme,rural_geographique_Provence-Alpes-Côte d'Azur,Provence-Alpes-Côte d'Azur,04
77177,Favières,rurale_calme,rural_geographique_Île-de-France,Île-de-France,77
01345,Saint-Denis-en-Bugey,rurale_calme,rural_geographique_Auvergne-Rhône-Alpes,Auvergne-Rhône-Alpes,01
21273,Fleurey-sur-Ouche,rurale_calme,rural_geographique_Bourgogne-Franche-Comté,Bourgogne-Franche-Comté,21
35171,Médréac,rurale_calme,rural_geographique_Bretagne,Bretagne,35
45130,Dry,rurale_calme,rural_geographique_Centre-Val de Loire,Centre-Val de Loire,45
2B256,Rapaggio,rurale_calme,rural_geographique_Corse,Corse,2B
88327,Nomexy,rurale_calme,rural_geographique_Grand Est,Grand Est,88
02648,Ribemont,rurale_calme,rural_geographique_Hauts-de-France,Hauts-de-France,02
14659,Saint-Sylvain,rurale_calme,rural_geographique_Normandie,Normandie,14
87202,Veyrac,rurale_calme,rural_geographique_Nouvelle-Aquitaine,Nouvelle-Aquitaine,87
31193,Le Fousseret,rurale_calme,rural_geographique_Occitanie,Occitanie,31
72127,Étival-lès-le-Mans,rurale_calme,rural_geographique_Pays de la Loire,Pays de la Loire,72
05103,Le Poët,rurale_calme,rural_geographique_Provence-Alpes-Côte d'Azur,Provence-Alpes-Côte d'Azur,05
77457,Solers,rurale_calme,rural_geographique_Île-de-France,Île-de-France,77
07138,Lavilledieu,rurale_calme,rural_geographique_Auvergne-Rhône-Alpes,Auvergne-Rhône-Alpes,07
71182,Dracy-le-Fort,rurale_calme,rural_geographique_Bourgogne-Franche-Comté,Bourgogne-Franche-Comté,71
29043,Daoulas,rurale_calme,rural_geographique_Bretagne,Bretagne,29
18233,Saint-Satur,rurale_calme,rural_geographique_Centre-Val de Loire,Centre-Val de Loire,18
2B339,Vallica,rurale_calme,rural_geographique_Corse,Corse,2B
68331,Sundhoffen,rurale_calme,rural_geographique_Grand Est,Grand Est,68
59349,Ligny-en-Cambrésis,rurale_calme,rural_geographique_Hauts-de-France,Hauts-de-France,59
50363,Moyon Villages,rurale_calme,rural_geographique_Normandie,Normandie,50
33120,Cérons,rurale_calme,rural_geographique_Nouvelle-Aquitaine,Nouvelle-Aquitaine,33
65251,Laloubère,rurale_calme,rural_geographique_Occitanie,Occitanie,65
72179,Malicorne-sur-Sarthe,rurale_calme,rural_geographique_Pays de la Loire,Pays de la Loire,72
06158,Villars-sur-Var,rurale_calme,rural_geographique_Provence-Alpes-Côte d'Azur,Provence-Alpes-Côte d'Azur,06
77469,Touquin,rurale_calme,rural_geographique_Île-de-France,Île-de-France,77
73326,Vimines,rurale_calme,rural_geographique_Auvergne-Rhône-Alpes,Auvergne-Rhône-Alpes,73
71542,Toulon-sur-Arroux,rurale_calme,rural_geographique_Bourgogne-Franche-Comté,Bourgogne-Franche-Comté,71
56159,Pleucadeuc,rurale_calme,rural_geographique_Bretagne,Bretagne,56
37118,Huismes,rurale_calme,rural_geographique_Centre-Val de Loire,Centre-Val de Loire,37
2B157,Mazzola,rurale_calme,rural_geographique_Corse,Corse,2B
68231,Neuf-Brisach,rurale_calme,rural_geographique_Grand Est,Grand Est,68
60644,Trie-Château,rurale_calme,rural_geographique_Hauts-de-France,Hauts-de-France,60
50554,Saint-Senier-sous-Avranches,rurale_calme,rural_geographique_Normandie,Normandie,50
33118,Cénac,rurale_calme,rural_geographique_Nouvelle-Aquitaine,Nouvelle-Aquitaine,33
82149,Réalville,rurale_calme,rural_geographique_Occitanie,Occitanie,82
44006,Assérac,rurale_calme,rural_geographique_Pays de la Loire,Pays de la Loire,44
83128,Sillans-la-Cascade,rurale_calme,rural_geographique_Provence-Alpes-Côte d'Azur,Provence-Alpes-Côte d'Azur,83
77336,Neufmoutiers-en-Brie,rurale_calme,rural_geographique_Île-de-France,Île-de-France,77
07117,Lablachère,rurale_calme,rural_geographique_Auvergne-Rhône-Alpes,Auvergne-Rhône-Alpes,07
25368,Marchaux-Chaudefontaine,rurale_calme,rural_geographique_Bourgogne-Franche-Comté,Bourgogne-Franche-Comté,25
22248,Pommerit-le-Vicomte,rurale_calme,rural_geographique_Bretagne,Bretagne,22
37205,Saché,rurale_calme,rural_geographique_Centre-Val de Loire,Centre-Val de Loire,37
2B338,Valle-d'Orezza,rurale_calme,rural_geographique_Corse,Corse,2B
54167,Dommartin-lès-Toul,rurale_calme,rural_geographique_Grand Est,Grand Est,54
62588,Montreuil-sur-Mer,rurale_calme,rural_geographique_Hauts-de-France,Hauts-de-France,62
61342,Rai,rurale_calme,rural_geographique_Normandie,Normandie,61
64317,Larressore,rurale_calme,rural_geographique_Nouvelle-Aquitaine,Nouvelle-Aquitaine,64
30290,Saint-Paulet-de-Caisson,rurale_calme,rural_geographique_Occitanie,Occitanie,30
44062,Le Gâvre,rurale_calme,rural_geographique_Pays de la Loire,Pays de la Loire,44
84145,Villars,rurale_calme,rural_geographique_Provence-Alpes-Côte d'Azur,Provence-Alpes-Côte d'Azur,84
95628,Valmondois,rurale_calme,rural_geographique_Île-de-France,Île-de-France,95
63265,Orléat,rurale_calme,rural_geographique_Auvergne-Rhône-Alpes,Auvergne-Rhône-Alpes,63
71340,Palinges,rurale_calme,rural_geographique_Bourgogne-Franche-Comté,Bourgogne-Franche-Comté,71
35163,Luitré-Dompierre,rurale_calme,rural_geographique_Bretagne,Bretagne,35
37081,Cléré-les-Pins,rurale_calme,rural_geographique_Centre-Val de Loire,Centre-Val de Loire,37
2B194,Ortale,rurale_calme,rural_geographique_Corse,Corse,2B
08403,Sault-lès-Rethel,rurale_calme,rural_geographique_Grand Est,Grand Est,08
59377,Marcoing,rurale_calme,rural_geographique_Hauts-de-France,Hauts-de-France,59
50273,Montsenelle,rurale_calme,rural_geographique_Normandie,Normandie,50
86209,Roches-Prémarie-Andillé,rurale_calme,rural_geographique_Nouvelle-Aquitaine,Nouvelle-Aquitaine,86
46148,Lalbenque,rurale_calme,rural_geographique_Occitanie,Occitanie,46
53001,Ahuillé,rurale_calme,rural_geographique_Pays de la Loire,Pays de la Loire,53
83154,Saint-Antonin-du-Var,rurale_calme,rural_geographique_Provence-Alpes-Côte d'Azur,Provence-Alpes-Côte d'Azur,83
77261,Lorrez-le-Bocage-Préaux,rurale_calme,rural_geographique_Île-de-France,Île-de-France,77
07308,Sarras,rurale_calme,rural_geographique_Auvergne-Rhône-Alpes,Auvergne-Rhône-Alpes,07
25394,Montenois,rurale_calme,rural_geographique_Bourgogne-Franche-Comté,Bourgogne-Franche-Comté,25
35312,Saint-Senoux,rurale_calme,rural_geographique_Bretagne,Bretagne,35
18058,Châteauneuf-sur-Cher,rurale_calme,rural_geographique_Centre-Val de Loire,Centre-Val de Loire,18
2B013,Alzi,rurale_calme,rural_geographique_Corse,Corse,2B
68059,Burnhaupt-le-Bas,rurale_calme,rural_geographique_Grand Est,Grand Est,68
59042,Bachy,rurale_calme,rural_geographique_Hauts-de-France,Hauts-de-France,59
61466,La Selle-la-Forge,rurale_calme,rural_geographique_Normandie,Normandie,61
16232,Mornac,rurale_calme,rural_geographique_Nouvelle-Aquitaine,Nouvelle-Aquitaine,16
66225,Villelongue-dels-Monts,rurale_calme,rural_geographique_Occitanie,Occitanie,66
72195,Mézeray,rurale_calme,rural_geographique_Pays de la Loire,Pays de la Loire,72
83095,Pontevès,rurale_calme,rural_geographique_Provence-Alpes-Côte d'Azur,Provence-Alpes-Côte d'Azur,83
91599,Soisy-sur-École,rurale_calme,rural_geographique_Île-de-France,Île-de-France,91
01248,Mionnay,rurale_calme,rural_geographique_Auvergne-Rhône-Alpes,Auvergne-Rhône-Alpes,01
90056,Joncherey,rurale_calme,rural_geographique_Bourgogne-Franche-Comté,Bourgogne-Franche-Comté,90
29198,Plouider,rurale_calme,rural_geographique_Bretagne,Bretagne,29
45200,Ménestreau-en-Villette,rurale_calme,rural_geographique_Centre-Val de Loire,Centre-Val de Loire,45
2B068,Carticasi,rurale_calme,rural_geographique_Corse,Corse,2B
67478,Steinbourg,rurale_calme,rural_geographique_Grand Est,Grand Est,67
60491,Pierrefonds,rurale_calme,rural_geographique_Hauts-de-France,Hauts-de-France,60
76718,Valliquerville,rurale_calme,rural_geographique_Normandie,Normandie,76
16146,Garat,rurale_calme,rural_geographique_Nouvelle-Aquitaine,Nouvelle-Aquitaine,16
30352,Villevieille,rurale_calme,rural_geographique_Occitanie,Occitanie,30
49068,Champtocé-sur-Loire,rurale_calme,rural_geographique_Pays de la Loire,Pays de la Loire,49
04172,Roumoules,rurale_calme,rural_geographique_Provence-Alpes-Côte d'Azur,Provence-Alpes-Côte d'Azur,04
77008,Armentières-en-Brie,rurale_calme,rural_geographique_Île-de-France,Île-de-France,77
38436,Saint-Paul-de-Varces,rurale_calme,rural_geographique_Auvergne-Rhône-Alpes,Auvergne-Rhône-Alpes,38
39154,Clairvaux-les-Lacs,rurale_calme,rural_geographique_Bourgogne-Franche-Comté,Bourgogne-Franche-Comté,39
22044,Coëtmieux,rurale_calme,rural_geographique_Bretagne,Bretagne,22
37110,Francueil,rurale_calme,rural_geographique_Centre-Val de Loire,Centre-Val de Loire,37
2B156,Mausoléo,rurale_calme,rural_geographique_Corse,Corse,2B
55533,Vaucouleurs,rurale_calme,rural_geographique_Grand Est,Grand Est,55
62013,Agny,rurale_calme,rural_geographique_Hauts-de-France,Hauts-de-France,62
14120,Cahagnes,rurale_calme,rural_geographique_Normandie,Normandie,14
86204,Quinçay,rurale_calme,rural_geographique_Nouvelle-Aquitaine,Nouvelle-Aquitaine,86
30348,Vézénobres,rurale_calme,rural_geographique_Occitanie,Occitanie,30
72089,Conlie,rurale_calme,rural_geographique_Pays de la Loire,Pays de la Loire,72
04217,Thoard,rurale_calme,rural_geographique_Provence-Alpes-Côte d'Azur,Provence-Alpes-Côte d'Azur,04
77141,Coutevroult,rurale_calme,rural_geographique_Île-de-France,Île-de-France,77
01401,Sergy,rurale_calme,rural_geographique_Auvergne-Rhône-Alpes,Auvergne-Rhône-Alpes,01
21461,Nolay,rurale_calme,rural_geographique_Bourgogne-Franche-Comté,Bourgogne-Franche-Comté,21
35149,Lassy,rurale_calme,rural_geographique_Bretagne,Bretagne,35
45178,Ladon,rurale_calme,rural_geographique_Centre-Val de Loire,Centre-Val de Loire,45
2B202,Parata,rurale_calme,rural_geographique_Corse,Corse,2B
67305,Mothern,rurale_calme,rural_geographique_Grand Est,Grand Est,67
02226,Courmelles,rurale_calme,rural_geographique_Hauts-de-France,Hauts-de-France,02
50349,Montmartin-sur-Mer,rurale_calme,rural_geographique_Normandie,Normandie,50
47225,Roquefort,rurale_calme,rural_geographique_Nouvelle-Aquitaine,Nouvelle-Aquitaine,47
46063,Castelnau-Montratier,rurale_calme,rural_geographique_Occitanie,Occitanie,46
53008,Aron,rurale_calme,rural_geographique_Pays de la Loire,Pays de la Loire,53
05039,Aubessagne,rurale_calme,rural_geographique_Provence-Alpes-Côte d'Azur,Provence-Alpes-Côte d'Azur,05
91284,Les Granges-le-Roi,rurale_calme,rural_geographique_Île-de-France,Île-de-France,91
26169,Malataverne,rurale_calme,rural_geographique_Auvergne-Rhône-Alpes,Auvergne-Rhône-Alpes,26
58273,Sauvigny-les-Bois,rurale_calme,rural_geographique_Bourgogne-Franche-Comté,Bourgogne-Franche-Comté,58
22056,Évran,rurale_calme,rural_geographique_Bretagne,Bretagne,22
18032,Boulleret,rurale_calme,rural_geographique_Centre-Val de Loire,Centre-Val de Loire,18
2B015,Ampriani,rurale_calme,rural_geographique_Corse,Corse,2B
67025,Beinheim,rurale_calme,rural_geographique_Grand Est,Grand Est,67
60025,Attichy,rurale_calme,rural_geographique_Hauts-de-France,Hauts-de-France,60
27301,Grossœuvre,rurale_calme,rural_geographique_Normandie,Normandie,27
17185,Le Gua,rurale_calme,rural_geographique_Nouvelle-Aquitaine,Nouvelle-Aquitaine,17
11067,Canet,rurale_calme,rural_geographique_Occitanie,Occitanie,11
72290,Saint-Jean-d'Assé,rurale_calme,rural_geographique_Pays de la Loire,Pays de la Loire,72
05168,Sigoyer,rurale_calme,rural_geographique_Provence-Alpes-Côte d'Azur,Provence-Alpes-Côte d'Azur,05
77039,Boissise-la-Bertrand,rurale_calme,rural_geographique_Île-de-France,Île-de-France,77
63213,Les Martres-d'Artière,rurale_calme,rural_geographique_Auvergne-Rhône-Alpes,Auvergne-Rhône-Alpes,63
70561,Villersexel,rurale_calme,rural_geographique_Bourgogne-Franche-Comté,Bourgogne-Franche-Comté,70
35216,Parthenay-de-Bretagne,rurale_calme,rural_geographique_Bretagne,Bretagne,35
18126,Levet,rurale_calme,rural_geographique_Centre-Val de Loire,Centre-Val de Loire,18
2B164,Monacia-d'Orezza,rurale_calme,rural_geographique_Corse,Corse,2B
67276,Lutzelhouse,rurale_calme,rural_geographique_Grand Est,Grand Est,67
60403,Milly-sur-Thérain,rurale_calme,rural_geographique_Hauts-de-France,Hauts-de-France,60
76014,Angerville-l'Orcher,rurale_calme,rural_geographique_Normandie,Normandie,76
87038,Chaptelat,rurale_calme,rural_geographique_Nouvelle-Aquitaine,Nouvelle-Aquitaine,87
34311,Tourbes,rurale_calme,rural_geographique_Occitanie,Occitanie,34
44106,Les Moutiers-en-Retz,rurale_calme,rural_geographique_Pays de la Loire,Pays de la Loire,44
05136,Saint-Crépin,rurale_calme,rural_geographique_Provence-Alpes-Côte d'Azur,Provence-Alpes-Côte d'Azur,05
77439,Salins,rurale_calme,rural_geographique_Île-de-France,Île-de-France,77
74255,Sales,rurale_calme,rural_geographique_Auvergne-Rhône-Alpes,Auvergne-Rhône-Alpes,74
25254,Les Fourgs,rurale_calme,rural_geographique_Bourgogne-Franche-Comté,Bourgogne-Franche-Comté,25
22265,Rospez,rurale_calme,rural_geographique_Bretagne,Bretagne,22
37143,Manthelan,rurale_calme,rural_geographique_Centre-Val de Loire,Centre-Val de Loire,37
2B137,Lano,rurale_calme,rural_geographique_Corse,Corse,2B
67128,Ernolsheim-Bruche,rurale_calme,rural_geographique_Grand Est,Grand Est,67
60238,Fleurines,rurale_calme,rural_geographique_Hauts-de-France,Hauts-de-France,60
14150,Cesny-les-Sources,rurale_calme,rural_geographique_Normandie,Normandie,14
86032,Bonneuil-Matours,rurale_calme,rural_geographique_Nouvelle-Aquitaine,Nouvelle-Aquitaine,86
31355,Mons,rurale_calme,rural_geographique_Occitanie,Occitanie,31
72205,Montbizot,rurale_calme,rural_geographique_Pays de la Loire,Pays de la Loire,72
06162,La Brigue,rurale_calme,rural_geographique_Provence-Alpes-Côte d'Azur,Provence-Alpes-Côte d'Azur,06
77528,Voisenon,rurale_calme,rural_geographique_Île-de-France,Île-de-France,77
42176,Pouilly-les-Nonains,rurale_calme,rural_geographique_Auvergne-Rhône-Alpes,Auvergne-Rhône-Alpes,42
58193,Neuvy-sur-Loire,rurale_calme,rural_geographique_Bourgogne-Franche-Comté,Bourgogne-Franche-Comté,58
29176,Plonévez-Porzay,rurale_calme,rural_geographique_Bretagne,Bretagne,29
45226,Neuvy-en-Sullias,rurale_calme,rural_geographique_Centre-Val de Loire,Centre-Val de Loire,45
2B052,Campana,rurale_calme,rural_geographique_Corse,Corse,2B
67184,Hatten,rurale_calme,rural_geographique_Grand Est,Grand Est,67
80706,Saint-Léger-lès-Domart,rurale_calme,rural_geographique_Hauts-de-France,Hauts-de-France,80
61243,Magny-le-Désert,rurale_calme,rural_geographique_Normandie,Normandie,61
87064,Eymoutiers,rurale_calme,rural_geographique_Nouvelle-Aquitaine,Nouvelle-Aquitaine,87
34001,Abeilhan,rurale_calme,rural_geographique_Occitanie,Occitanie,34
49381,Yzernay,rurale_calme,rural_geographique_Pays de la Loire,Pays de la Loire,49
83041,Claviers,rurale_calme,rural_geographique_Provence-Alpes-Côte d'Azur,Provence-Alpes-Côte d'Azur,83
77519,Villiers-Saint-Georges,rurale_calme,rural_geographique_Île-de-France,Île-de-France,77
63322,Saint-Beauzire,rurale_calme,rural_geographique_Auvergne-Rhône-Alpes,Auvergne-Rhône-Alpes,63
58152,Magny-Cours,rurale_calme,rural_geographique_Bourgogne-Franche-Comté,Bourgogne-Franche-Comté,58
35211,Paimpont,rurale_calme,rural_geographique_Bretagne,Bretagne,35
28417,Villiers-le-Morhier,rurale_calme,rural_geographique_Centre-Val de Loire,Centre-Val de Loire,28
2B053,Campi,rurale_calme,rural_geographique_Corse,Corse,2B
08487,Vireux-Wallerand,rurale_calme,rural_geographique_Grand Est,Grand Est,08
60494,Plailly,rurale_calme,rural_geographique_Hauts-de-France,Hauts-de-France,60
76179,Clères,rurale_calme,rural_geographique_Normandie,Normandie,76
33437,Saint-Magne-de-Castillon,rurale_calme,rural_geographique_Nouvelle-Aquitaine,Nouvelle-Aquitaine,33
46201,Montcuq-en-Quercy-Blanc,rurale_calme,rural_geographique_Occitanie,Occitanie,46
85303,Vix,rurale_calme,rural_geographique_Pays de la Loire,Pays de la Loire,85
06143,Touët-sur-Var,rurale_calme,rural_geographique_Provence-Alpes-Côte d'Azur,Provence-Alpes-Côte d'Azur,06
78620,Toussus-le-Noble,rurale_calme,rural_geographique_Île-de-France,Île-de-France,78
69197,Saint-Étienne-des-Oullières,rurale_calme,rural_geographique_Auvergne-Rhône-Alpes,Auvergne-Rhône-Alpes,69
71212,Génelard,rurale_calme,rural_geographique_Bourgogne-Franche-Comté,Bourgogne-Franche-Comté,71
22117,Lantic,rurale_calme,rural_geographique_Bretagne,Bretagne,22
36001,Aigurande,rurale_calme,rural_geographique_Centre-Val de Loire,Centre-Val de Loire,36
2B214,Piano,rurale_calme,rural_geographique_Corse,Corse,2B
57134,Châtel-Saint-Germain,rurale_calme,rural_geographique_Grand Est,Grand Est,57
59173,Deûlémont,rurale_calme,rural_geographique_Hauts-de-France,Hauts-de-France,59
76354,Hénouville,rurale_calme,rural_geographique_Normandie,Normandie,76
47179,Monsempron-Libos,rurale_calme,rural_geographique_Nouvelle-Aquitaine,Nouvelle-Aquitaine,47
30331,Tresques,rurale_calme,rural_geographique_Occitanie,Occitanie,30
44202,Teillé,rurale_calme,rural_geographique_Pays de la Loire,Pays de la Loire,44
04135,Moustiers-Sainte-Marie,rurale_calme,rural_geographique_Provence-Alpes-Côte d'Azur,Provence-Alpes-Côte d'Azur,04
77027,Beaumont-du-Gâtinais,rurale_calme,rural_geographique_Île-de-France,Île-de-France,77
73191,Novalaise,rurale_calme,rural_geographique_Auvergne-Rhône-Alpes,Auvergne-Rhône-Alpes,73
25380,Métabief,rurale_calme,rural_geographique_Bourgogne-Franche-Comté,Bourgogne-Franche-Comté,25
35010,Baguer-Pican,rurale_calme,rural_geographique_Bretagne,Bretagne,35
45129,Douchy-Montcorbon,rurale_calme,rural_geographique_Centre-Val de Loire,Centre-Val de Loire,45
2B216,Piazzali,rurale_calme,rural_geographique_Corse,Corse,2B
57622,Saint-Privat-la-Montagne,rurale_calme,rural_geographique_Grand Est,Grand Est,57
02238,Crépy,rurale_calme,rural_geographique_Hauts-de-France,Hauts-de-France,02
27193,Croth,rurale_calme,rural_geographique_Normandie,Normandie,27
16366,Segonzac,rurale_calme,rural_geographique_Nouvelle-Aquitaine,Nouvelle-Aquitaine,16
66129,Ortaffa,rurale_calme,rural_geographique_Occitanie,Occitanie,66
85049,Champagné-les-Marais,rurale_calme,rural_geographique_Pays de la Loire,Pays de la Loire,85
84112,Saint-Martin-de-Castillon,rurale_calme,rural_geographique_Provence-Alpes-Côte d'Azur,Provence-Alpes-Côte d'Azur,84
77001,Achères-la-Forêt,rurale_calme,rural_geographique_Île-de-France,Île-de-France,77
38464,Saint-Victor-de-Cessieu,rurale_calme,rural_geographique_Auvergne-Rhône-Alpes,Auvergne-Rhône-Alpes,38
89414,Thorigny-sur-Oreuse,rurale_calme,rural_geographique_Bourgogne-Franche-Comté,Bourgogne-Franche-Comté,89
56100,Langonnet,rurale_calme,rural_geographique_Bretagne,Bretagne,56
18140,Massay,rurale_calme,rural_geographique_Centre-Val de Loire,Centre-Val de Loire,18
2B234,Piobetta,rurale_calme,rural_geographique_Corse,Corse,2B
88148,Dommartin-lès-Remiremont,rurale_calme,rural_geographique_Grand Est,Grand Est,88
60284,Grandfresnoy,rurale_calme,rural_geographique_Hauts-de-France,Hauts-de-France,60
27017,Angerville-la-Campagne,rurale_calme,rural_geographique_Normandie,Normandie,27
79076,La Chapelle-Saint-Laurent,rurale_calme,rural_geographique_Nouvelle-Aquitaine,Nouvelle-Aquitaine,79
31384,Montlaur,rurale_calme,rural_geographique_Occitanie,Occitanie,31
53182,Port-Brillet,rurale_calme,rural_geographique_Pays de la Loire,Pays de la Loire,53
05128,Saint-André-d'Embrun,rurale_calme,rural_geographique_Provence-Alpes-Côte d'Azur,Provence-Alpes-Côte d'Azur,05
77221,Guermantes,rurale_calme,rural_geographique_Île-de-France,Île-de-France,77
38543,Vézeronce-Curtin,rurale_calme,rural_geographique_Auvergne-Rhône-Alpes,Auvergne-Rhône-Alpes,38
90041,Étueffont,rurale_calme,rural_geographique_Bourgogne-Franche-Comté,Bourgogne-Franche-Comté,90
56258,La Trinité-sur-Mer,rurale_calme,rural_geographique_Bretagne,Bretagne,56
28023,Bailleau-Armenonville,rurale_calme,rural_geographique_Centre-Val de Loire,Centre-Val de Loire,28
2B221,Piedipartino,rurale_calme,rural_geographique_Corse,Corse,2B
68134,Herrlisheim-près-Colmar,rurale_calme,rural_geographique_Grand Est,Grand Est,68
80338,Fouilloy,rurale_calme,rural_geographique_Hauts-de-France,Hauts-de-France,80
27174,Corneville-sur-Risle,rurale_calme,rural_geographique_Normandie,Normandie,27
64238,Ger,rurale_calme,rural_geographique_Nouvelle-Aquitaine,Nouvelle-Aquitaine,64
34226,Quarante,rurale_calme,rural_geographique_Occitanie,Occitanie,34
44075,Issé,rurale_calme,rural_geographique_Pays de la Loire,Pays de la Loire,44
04046,Le Chaffaut-Saint-Jurson,rurale_calme,rural_geographique_Provence-Alpes-Côte d'Azur,Provence-Alpes-Côte d'Azur,04
77440,Sammeron,rurale_calme,rural_geographique_Île-de-France,Île-de-France,77
01246,Mézériat,rurale_calme,rural_geographique_Auvergne-Rhône-Alpes,Auvergne-Rhône-Alpes,01
21412,Meursault,rurale_calme,rural_geographique_Bourgogne-Franche-Comté,Bourgogne-Franche-Comté,21
29192,Plougoulm,rurale_calme,rural_geographique_Bretagne,Bretagne,29
45317,Tavers,rurale_calme,rural_geographique_Centre-Val de Loire,Centre-Val de Loire,45
2B321,Tarrano,rurale_calme,rural_geographique_Corse,Corse,2B
88462,Le Syndicat,rurale_calme,rural_geographique_Grand Est,Grand Est,88
59485,Quiévy,rurale_calme,rural_geographique_Hauts-de-France,Hauts-de-France,59
76143,Bretteville-du-Grand-Caux,rurale_calme,rural_geographique_Normandie,Normandie,76
33030,Barsac,rurale_calme,rural_geographique_Nouvelle-Aquitaine,Nouvelle-Aquitaine,33
81130,Lagarrigue,rurale_calme,rural_geographique_Occitanie,Occitanie,81
49123,Distré,rurale_calme,rural_geographique_Pays de la Loire,Pays de la Loire,49
05096,Orcières,rurale_calme,rural_geographique_Provence-Alpes-Côte d'Azur,Provence-Alpes-Côte d'Azur,05
78605,Tacoignières,rurale_calme,rural_geographique_Île-de-France,Île-de-France,78
01305,Pont-de-Vaux,rurale_calme,rural_geographique_Auvergne-Rhône-Alpes,Auvergne-Rhône-Alpes,01
71448,Saint-Martin-Belle-Roche,rurale_calme,rural_geographique_Bourgogne-Franche-Comté,Bourgogne-Franche-Comté,71
35002,Amanlis,rurale_calme,rural_geographique_Bretagne,Bretagne,35
37282,Yzeures-sur-Creuse,rurale_calme,rural_geographique_Centre-Val de Loire,Centre-Val de Loire,37
2B106,Érone,rurale_calme,rural_geographique_Corse,Corse,2B
51282,Gueux,rurale_calme,rural_geographique_Grand Est,Grand Est,51
59332,Lannoy,rurale_calme,rural_geographique_Hauts-de-France,Hauts-de-France,59
27032,Chambois,rurale_calme,rural_geographique_Normandie,Normandie,27
17351,Saint-Just-Luzac,rurale_calme,rural_geographique_Nouvelle-Aquitaine,Nouvelle-Aquitaine,17
34295,Saussan,rurale_calme,rural_geographique_Occitanie,Occitanie,34
85218,Saint-Georges-de-Pointindoux,rurale_calme,rural_geographique_Pays de la Loire,Pays de la Loire,85
04200,Salignac,rurale_calme,rural_geographique_Provence-Alpes-Côte d'Azur,Provence-Alpes-Côte d'Azur,04
77232,Isles-lès-Villenoy,rurale_calme,rural_geographique_Île-de-France,Île-de-France,77
69140,Morancé,rurale_calme,rural_geographique_Auvergne-Rhône-Alpes,Auvergne-Rhône-Alpes,69
58182,Moulins-Engilbert,rurale_calme,rural_geographique_Bourgogne-Franche-Comté,Bourgogne-Franche-Comté,58
29221,Porspoder,rurale_calme,rural_geographique_Bretagne,Bretagne,29
18127,Lignières,rurale_calme,rural_geographique_Centre-Val de Loire,Centre-Val de Loire,18
68175,Lapoutroie,rurale_calme,rural_geographique_Grand Est,Grand Est,68
59021,Assevent,rurale_calme,rural_geographique_Hauts-de-France,Hauts-de-France,59
50543,Saint-Quentin-sur-le-Homme,rurale_calme,rural_geographique_Normandie,Normandie,50
40150,Léon,rurale_calme,rural_geographique_Nouvelle-Aquitaine,Nouvelle-Aquitaine,40
66124,Font-Romeu-Odeillo-Via,rurale_calme,rural_geographique_Occitanie,Occitanie,66
53246,Saint-Pierre-des-Nids,rurale_calme,rural_geographique_Pays de la Loire,Pays de la Loire,53
84103,Rustrel,rurale_calme,rural_geographique_Provence-Alpes-Côte d'Azur,Provence-Alpes-Côte d'Azur,84
78033,Aulnay-sur-Mauldre,rurale_calme,rural_geographique_Île-de-France,Île-de-France,78
74006,Allonzier-la-Caille,rurale_calme,rural_geographique_Auvergne-Rhône-Alpes,Auvergne-Rhône-Alpes,74
25058,Beure,rurale_calme,rural_geographique_Bourgogne-Franche-Comté,Bourgogne-Franche-Comté,25
35027,Boisgervilly,rurale_calme,rural_geographique_Bretagne,Bretagne,35
41241,Selles-Saint-Denis,rurale_calme,rural_geographique_Centre-Val de Loire,Centre-Val de Loire,41
57515,Novéant-sur-Moselle,rurale_calme,rural_geographique_Grand Est,Grand Est,57
62063,Avesnes-le-Comte,rurale_calme,rural_geographique_Hauts-de-France,Hauts-de-France,62
76141,Bréauté,rurale_calme,rural_geographique_Normandie,Normandie,76
17447,Le Thou,rurale_calme,rural_geographique_Nouvelle-Aquitaine,Nouvelle-Aquitaine,17
34130,Laurens,rurale_calme,rural_geographique_Occitanie,Occitanie,34
44224,La Grigonnais,rurale_calme,rural_geographique_Pays de la Loire,Pays de la Loire,44
04157,Puimoisson,rurale_calme,rural_geographique_Provence-Alpes-Côte d'Azur,Provence-Alpes-Côte d'Azur,04
77512,Villeneuve-sur-Bellot,rurale_calme,rural_geographique_Île-de-France,Île-de-France,77
01384,Saint-Rambert-en-Bugey,rurale_calme,rural_geographique_Auvergne-Rhône-Alpes,Auvergne-Rhône-Alpes,01
70433,Quincey,rurale_calme,rural_geographique_Bourgogne-Franche-Comté,Bourgogne-Franche-Comté,70
35178,Mézières-sur-Couesnon,rurale_calme,rural_geographique_Bretagne,Bretagne,35
37060,Chargé,rurale_calme,rural_geographique_Centre-Val de Loire,Centre-Val de Loire,37
68143,Porte du Ried,rurale_calme,rural_geographique_Grand Est,Grand Est,68
59088,Bois-Grenier,rurale_calme,rural_geographique_Hauts-de-France,Hauts-de-France,59
76307,Gonneville-la-Mallet,rurale_calme,rural_geographique_Normandie,Normandie,76
64493,Saint-Palais,rurale_calme,rural_geographique_Nouvelle-Aquitaine,Nouvelle-Aquitaine,64
30346,Vers-Pont-du-Gard,rurale_calme,rural_geographique_Occitanie,Occitanie,30
85011,Barbâtre,rurale_calme,rural_geographique_Pays de la Loire,Pays de la Loire,85
06042,Clans,rurale_calme,rural_geographique_Provence-Alpes-Côte d'Azur,Provence-Alpes-Côte d'Azur,06
77453,Sivry-Courtry,rurale_calme,rural_geographique_Île-de-France,Île-de-France,77
38065,Châbons,rurale_calme,rural_geographique_Auvergne-Rhône-Alpes,Auvergne-Rhône-Alpes,38
70248,Frahier-et-Chatebier,rurale_calme,rural_geographique_Bourgogne-Franche-Comté,Bourgogne-Franche-Comté,70
29278,Spézet,rurale_calme,rural_geographique_Bretagne,Bretagne,29
28113,Coulombs,rurale_calme,rural_geographique_Centre-Val de Loire,Centre-Val de Loire,28
67191,Herbitzheim,rurale_calme,rural_geographique_Grand Est,Grand Est,67
62906,Zutkerque,rurale_calme,rural_geographique_Hauts-de-France,Hauts-de-France,62
27516,Treis-Sants-en-Ouche,rurale_calme,rural_geographique_Normandie,Normandie,27
24442,Saint-Léon-sur-l'Isle,rurale_calme,rural_geographique_Nouvelle-Aquitaine,Nouvelle-Aquitaine,24
46182,Luzech,rurale_calme,rural_geographique_Occitanie,Occitanie,46
85254,Saint-Mesmin,rurale_calme,rural_geographique_Pays de la Loire,Pays de la Loire,85
84090,Peypin-d'Aigues,rurale_calme,rural_geographique_Provence-Alpes-Côte d'Azur,Provence-Alpes-Côte d'Azur,84
91132,Chamarande,rurale_calme,rural_geographique_Île-de-France,Île-de-France,91
38199,Jardin,rurale_calme,rural_geographique_Auvergne-Rhône-Alpes,Auvergne-Rhône-Alpes,38
25453,Pierrefontaine-les-Varans,rurale_calme,rural_geographique_Bourgogne-Franche-Comté,Bourgogne-Franche-Comté,25
22221,Plouguiel,rurale_calme,rural_geographique_Bretagne,Bretagne,22
41025,Bracieux,rurale_calme,rural_geographique_Centre-Val de Loire,Centre-Val de Loire,41
88369,Ramonchamp,rurale_calme,rural_geographique_Grand Est,Grand Est,88
02245,Cuffies,rurale_calme,rural_geographique_Hauts-de-France,Hauts-de-France,02
61447,Saint-Pierre-du-Regard,rurale_calme,rural_geographique_Normandie,Normandie,61
33523,Targon,rurale_calme,rural_geographique_Nouvelle-Aquitaine,Nouvelle-Aquitaine,33
11040,Bizanet,rurale_calme,rural_geographique_Occitanie,Occitanie,11
85080,Doix lès Fontaines,rurale_calme,rural_geographique_Pays de la Loire,Pays de la Loire,85
05119,Risoul,rurale_calme,rural_geographique_Provence-Alpes-Côte d'Azur,Provence-Alpes-Côte d'Azur,05
95658,Vigny,rurale_calme,rural_geographique_Île-de-France,Île-de-France,95
38214,Lumbin,rurale_calme,rural_geographique_Auvergne-Rhône-Alpes,Auvergne-Rhône-Alpes,38
21023,Arnay-le-Duc,rurale_calme,rural_geographique_Bourgogne-Franche-Comté,Bourgogne-Franche-Comté,21
35197,Mouazé,rurale_calme,rural_geographique_Bretagne,Bretagne,35
18241,Sancerre,rurale_calme,rural_geographique_Centre-Val de Loire,Centre-Val de Loire,18
67108,Duppigheim,rurale_calme,rural_geographique_Grand Est,Grand Est,67
80711,Saint-Ouen,rurale_calme,rural_geographique_Hauts-de-France,Hauts-de-France,80
14460,Moyaux,rurale_calme,rural_geographique_Normandie,Normandie,14
64067,Assat,rurale_calme,rural_geographique_Nouvelle-Aquitaine,Nouvelle-Aquitaine,64
30173,Mons,rurale_calme,rural_geographique_Occitanie,Occitanie,30
49003,Tuffalun,rurale_calme,rural_geographique_Pays de la Loire,Pays de la Loire,49
84008,Le Barroux,rurale_calme,rural_geographique_Provence-Alpes-Côte d'Azur,Provence-Alpes-Côte d'Azur,84
77280,Mary-sur-Marne,rurale_calme,rural_geographique_Île-de-France,Île-de-France,77
63116,Combronde,rurale_calme,rural_geographique_Auvergne-Rhône-Alpes,Auvergne-Rhône-Alpes,63
89151,Égriselles-le-Bocage,rurale_calme,rural_geographique_Bourgogne-Franche-Comté,Bourgogne-Franche-Comté,89
56004,Arzal,rurale_calme,rural_geographique_Bretagne,Bretagne,56
28330,Villemaury,rurale_calme,rural_geographique_Centre-Val de Loire,Centre-Val de Loire,28
51536,Sillery,rurale_calme,rural_geographique_Grand Est,Grand Est,51
59572,Solre-le-Château,rurale_calme,rural_geographique_Hauts-de-France,Hauts-de-France,59
76041,Les Hauts-de-Caux,rurale_calme,rural_geographique_Normandie,Normandie,76
19202,Sainte-Féréole,rurale_calme,rural_geographique_Nouvelle-Aquitaine,Nouvelle-Aquitaine,19
34182,Nézignan-l'Évêque,rurale_calme,rural_geographique_Occitanie,Occitanie,34
44157,Saint-Étienne-de-Mer-Morte,rurale_calme,rural_geographique_Pays de la Loire,Pays de la Loire,44
06073,Isola,rurale_calme,rural_geographique_Provence-Alpes-Côte d'Azur,Provence-Alpes-Côte d'Azur,06
77162,Doue,rurale_calme,rural_geographique_Île-de-France,Île-de-France,77
01254,Montagnat,rurale_calme,rural_geographique_Auvergne-Rhône-Alpes,Auvergne-Rhône-Alpes,01
70464,Saint-Germain,rurale_calme,rural_geographique_Bourgogne-Franche-Comté,Bourgogne-Franche-Comté,70
56221,Saint-Jacut-les-Pins,rurale_calme,rural_geographique_Bretagne,Bretagne,56
37264,Vallères,rurale_calme,rural_geographique_Centre-Val de Loire,Centre-Val de Loire,37
57179,Distroff,rurale_calme,rural_geographique_Grand Est,Grand Est,57
60291,Guiscard,rurale_calme,rural_geographique_Hauts-de-France,Hauts-de-France,60
27107,Bourneville-Sainte-Croix,rurale_calme,rural_geographique_Normandie,Normandie,27
33438,Saint-Maixant,rurale_calme,rural_geographique_Nouvelle-Aquitaine,Nouvelle-Aquitaine,33
34009,Alignan-du-Vent,rurale_calme,rural_geographique_Occitanie,Occitanie,34
49371,Vezins,rurale_calme,rural_geographique_Pays de la Loire,Pays de la Loire,49
83152,Rayol-Canadel-sur-Mer,rurale_calme,rural_geographique_Provence-Alpes-Côte d'Azur,Provence-Alpes-Côte d'Azur,83
95002,Ableiges,rurale_calme,rural_geographique_Île-de-France,Île-de-France,95
38480,Septème,rurale_calme,rural_geographique_Auvergne-Rhône-Alpes,Auvergne-Rhône-Alpes,38
58083,Corbigny,rurale_calme,rural_geographique_Bourgogne-Franche-Comté,Bourgogne-Franche-Comté,58
35128,Guipel,rurale_calme,rural_geographique_Bretagne,Bretagne,35
45050,Boynes,rurale_calme,rural_geographique_Centre-Val de Loire,Centre-Val de Loire,45
68172,Kunheim,rurale_calme,rural_geographique_Grand Est,Grand Est,68
59099,Bousies,rurale_calme,rural_geographique_Hauts-de-France,Hauts-de-France,59
76594,Saint-Jean-du-Cardonnay,rurale_calme,rural_geographique_Normandie,Normandie,76
64213,Espelette,rurale_calme,rural_geographique_Nouvelle-Aquitaine,Nouvelle-Aquitaine,64
66187,Saint-Paul-de-Fenouillet,rurale_calme,rural_geographique_Occitanie,Occitanie,66
44153,Saint-Aubin-des-Châteaux,rurale_calme,rural_geographique_Pays de la Loire,Pays de la Loire,44
06003,Andon,rurale_calme,rural_geographique_Provence-Alpes-Côte d'Azur,Provence-Alpes-Côte d'Azur,06
77435,Saint-Sauveur-sur-École,rurale_calme,rural_geographique_Île-de-France,Île-de-France,77
73032,La Bâthie,rurale_calme,rural_geographique_Auvergne-Rhône-Alpes,Auvergne-Rhône-Alpes,73
25475,Quingey,rurale_calme,rural_geographique_Bourgogne-Franche-Comté,Bourgogne-Franche-Comté,25
22208,Plouasne,rurale_calme,rural_geographique_Bretagne,Bretagne,22
37241,Savigné-sur-Lathan,rurale_calme,rural_geographique_Centre-Val de Loire,Centre-Val de Loire,37
51308,Jonchery-sur-Vesle,rurale_calme,rural_geographique_Grand Est,Grand Est,51
59126,Cantin,rurale_calme,rural_geographique_Hauts-de-France,Hauts-de-France,59
76467,Néville,rurale_calme,rural_geographique_Normandie,Normandie,76
79213,Pompaire,rurale_calme,rural_geographique_Nouvelle-Aquitaine,Nouvelle-Aquitaine,79
12241,Sainte-Radegonde,rurale_calme,rural_geographique_Occitanie,Occitanie,12
53039,Le Bourgneuf-la-Forêt,rurale_calme,rural_geographique_Pays de la Loire,Pays de la Loire,53
83089,Ollières,rurale_calme,rural_geographique_Provence-Alpes-Côte d'Azur,Provence-Alpes-Côte d'Azur,83
95535,Sagy,rurale_calme,rural_geographique_Île-de-France,Île-de-France,95
01347,Saint-Didier-de-Formans,rurale_calme,rural_geographique_Auvergne-Rhône-Alpes,Auvergne-Rhône-Alpes,01
70261,Frotey-lès-Vesoul,rurale_calme,rural_geographique_Bourgogne-Franche-Comté,Bourgogne-Franche-Comté,70
35154,Livré-sur-Changeon,rurale_calme,rural_geographique_Bretagne,Bretagne,35
36070,Éguzon-Chantôme,rurale_calme,rural_geographique_Centre-Val de Loire,Centre-Val de Loire,36
10142,Estissac,rurale_calme,rural_geographique_Grand Est,Grand Est,10
62197,Camblain-Châtelain,rurale_calme,rural_geographique_Hauts-de-France,Hauts-de-France,62
14578,Saint-Gatien-des-Bois,rurale_calme,rural_geographique_Normandie,Normandie,14
47015,Astaffort,rurale_calme,rural_geographique_Nouvelle-Aquitaine,Nouvelle-Aquitaine,47
30057,Cabrières,rurale_calme,rural_geographique_Occitanie,Occitanie,30
72001,Aigné,rurale_calme,rural_geographique_Pays de la Loire,Pays de la Loire,72
04065,Cruis,rurale_calme,rural_geographique_Provence-Alpes-Côte d'Azur,Provence-Alpes-Côte d'Azur,04
91679,Villiers-le-Bâcle,rurale_calme,rural_geographique_Île-de-France,Île-de-France,91
38194,Izeaux,rurale_calme,rural_geographique_Auvergne-Rhône-Alpes,Auvergne-Rhône-Alpes,38
89228,Lindry,rurale_calme,rural_geographique_Bourgogne-Franche-Comté,Bourgogne-Franche-Comté,89
35105,Erbrée,rurale_calme,rural_geographique_Bretagne,Bretagne,35
36103,Luçay-le-Mâle,rurale_calme,rural_geographique_Centre-Val de Loire,Centre-Val de Loire,36
67486,Sundhouse,rurale_calme,rural_geographique_Grand Est,Grand Est,67
02141,La Capelle,rurale_calme,rural_geographique_Hauts-de-France,Hauts-de-France,02
14592,Sainte-Honorine-du-Fay,rurale_calme,rural_geographique_Normandie,Normandie,14
33015,Arveyres,rurale_calme,rural_geographique_Nouvelle-Aquitaine,Nouvelle-Aquitaine,33
31585,Villeneuve-de-Rivière,rurale_calme,rural_geographique_Occitanie,Occitanie,31
85086,Falleron,rurale_calme,rural_geographique_Pays de la Loire,Pays de la Loire,85
05012,Baratier,rurale_calme,rural_geographique_Provence-Alpes-Côte d'Azur,Provence-Alpes-Côte d'Azur,05
78460,Oinville-sur-Montcient,rurale_calme,rural_geographique_Île-de-France,Île-de-France,78
38501,Tencin,rurale_calme,rural_geographique_Auvergne-Rhône-Alpes,Auvergne-Rhône-Alpes,38
21535,Ruffey-lès-Echirey,rurale_calme,rural_geographique_Bourgogne-Franche-Comté,Bourgogne-Franche-Comté,21
56259,La Trinité-Surzur,rurale_calme,rural_geographique_Bretagne,Bretagne,56
37192,Reignac-sur-Indre,rurale_calme,rural_geographique_Centre-Val de Loire,Centre-Val de Loire,37
52058,Bologne,rurale_calme,rural_geographique_Grand Est,Grand Est,52
59244,Fontaine-Notre-Dame,rurale_calme,rural_geographique_Hauts-de-France,Hauts-de-France,59
14035,Balleroy-sur-Drôme,rurale_calme,rural_geographique_Normandie,Normandie,14
79063,Val en Vignes,rurale_calme,rural_geographique_Nouvelle-Aquitaine,Nouvelle-Aquitaine,79
30228,Sainte-Anastasie,rurale_calme,rural_geographique_Occitanie,Occitanie,30
49306,Saint-Martin-du-Fouilloux,rurale_calme,rural_geographique_Pays de la Loire,Pays de la Loire,49
04189,Saint-Martin-de-Brômes,rurale_calme,rural_geographique_Provence-Alpes-Côte d'Azur,Provence-Alpes-Côte d'Azur,04
78007,Aigremont,rurale_calme,rural_geographique_Île-de-France,Île-de-France,78
01435,Versonnex,rurale_calme,rural_geographique_Auvergne-Rhône-Alpes,Auvergne-Rhône-Alpes,01
25529,Sancey,rurale_calme,rural_geographique_Bourgogne-Franche-Comté,Bourgogne-Franche-Comté,25
22065,Goudelin,rurale_calme,rural_geographique_Bretagne,Bretagne,22
28185,Goussainville,rurale_calme,rural_geographique_Centre-Val de Loire,Centre-Val de Loire,28
57534,Peltre,rurale_calme,rural_geographique_Grand Est,Grand Est,57
80211,Conty,rurale_calme,rural_geographique_Hauts-de-France,Hauts-de-France,80
27426,Neaufles-Saint-Martin,rurale_calme,rural_geographique_Normandie,Normandie,27
87191,Séreilhac,rurale_calme,rural_geographique_Nouvelle-Aquitaine,Nouvelle-Aquitaine,87
34267,Saint-Jean-de-Fos,rurale_calme,rural_geographique_Occitanie,Occitanie,34
85266,Saint-Prouant,rurale_calme,rural_geographique_Pays de la Loire,Pays de la Loire,85
84144,Viens,rurale_calme,rural_geographique_Provence-Alpes-Côte d'Azur,Provence-Alpes-Côte d'Azur,84
78451,Nézel,rurale_calme,rural_geographique_Île-de-France,Île-de-France,78
15140,Naucelles,rurale_calme,rural_geographique_Auvergne-Rhône-Alpes,Auvergne-Rhône-Alpes,15
25200,Devecey,rurale_calme,rural_geographique_Bourgogne-Franche-Comté,Bourgogne-Franche-Comté,25
56141,Moustoir-Ac,rurale_calme,rural_geographique_Bretagne,Bretagne,56
18118,Jouet-sur-l'Aubois,rurale_calme,rural_geographique_Centre-Val de Loire,Centre-Val de Loire,18
08222,Haybes,rurale_calme,rural_geographique_Grand Est,Grand Est,08
60010,Amblainville,rurale_calme,rural_geographique_Hauts-de-France,Hauts-de-France,60
14069,Beuvillers,rurale_calme,rural_geographique_Normandie,Normandie,14
87041,Châteauponsac,rurale_calme,rural_geographique_Nouvelle-Aquitaine,Nouvelle-Aquitaine,87
34245,Saint-Chinian,rurale_calme,rural_geographique_Occitanie,Occitanie,34
44196,Sévérac,rurale_calme,rural_geographique_Pays de la Loire,Pays de la Loire,44
83075,Les Mayons,rurale_calme,rural_geographique_Provence-Alpes-Côte d'Azur,Provence-Alpes-Côte d'Azur,83
77504,Villemaréchal,rurale_calme,rural_geographique_Île-de-France,Île-de-France,77
38339,Roche,rurale_calme,rural_geographique_Auvergne-Rhône-Alpes,Auvergne-Rhône-Alpes,38
70240,Fontaine-lès-Luxeuil,rurale_calme,rural_geographique_Bourgogne-Franche-Comté,Bourgogne-Franche-Comté,70
35333,Le Theil-de-Bretagne,rurale_calme,rural_geographique_Bretagne,Bretagne,35
37237,Saint-Roch,rurale_calme,rural_geographique_Centre-Val de Loire,Centre-Val de Loire,37
52332,Val-de-Meuse,rurale_calme,rural_geographique_Grand Est,Grand Est,52
62262,Cuinchy,rurale_calme,rural_geographique_Hauts-de-France,Hauts-de-France,62
14162,Clécy,rurale_calme,rural_geographique_Normandie,Normandie,14
33435,Saint-Macaire,rurale_calme,rural_geographique_Nouvelle-Aquitaine,Nouvelle-Aquitaine,33
31523,Salies-du-Salat,rurale_calme,rural_geographique_Occitanie,Occitanie,31
44220,Vue,rurale_calme,rural_geographique_Pays de la Loire,Pays de la Loire,44
06013,Belvédère,rurale_calme,rural_geographique_Provence-Alpes-Côte d'Azur,Provence-Alpes-Côte d'Azur,06
78290,Guernes,rurale_calme,rural_geographique_Île-de-France,Île-de-France,78
38515,Trept,rurale_calme,rural_geographique_Auvergne-Rhône-Alpes,Auvergne-Rhône-Alpes,38
25293,Granges-Narboz,rurale_calme,rural_geographique_Bourgogne-Franche-Comté,Bourgogne-Franche-Comté,25
22015,Bréhand,rurale_calme,rural_geographique_Bretagne,Bretagne,22
18103,Graçay,rurale_calme,rural_geographique_Centre-Val de Loire,Centre-Val de Loire,18
88428,Saint-Michel-sur-Meurthe,rurale_calme,rural_geographique_Grand Est,Grand Est,88
62329,Ferques,rurale_calme,rural_geographique_Hauts-de-France,Hauts-de-France,62
14126,Cambremer,rurale_calme,rural_geographique_Normandie,Normandie,14
33001,Abzac,rurale_calme,rural_geographique_Nouvelle-Aquitaine,Nouvelle-Aquitaine,33
34284,Saint-Pons-de-Thomières,rurale_calme,rural_geographique_Occitanie,Occitanie,34
72363,Tuffé Val de la Chéronne,rurale_calme,rural_geographique_Pays de la Loire,Pays de la Loire,72
06020,La Bollène-Vésubie,rurale_calme,rural_geographique_Provence-Alpes-Côte d'Azur,Provence-Alpes-Côte d'Azur,06
77478,Ussy-sur-Marne,rurale_calme,rural_geographique_Île-de-France,Île-de-France,77
73155,Méry,rurale_calme,rural_geographique_Auvergne-Rhône-Alpes,Auvergne-Rhône-Alpes,73
21577,Saint-Usage,rurale_calme,rural_geographique_Bourgogne-Franche-Comté,Bourgogne-Franche-Comté,21
22143,Matignon,rurale_calme,rural_geographique_Bretagne,Bretagne,22
37128,Lignières-de-Touraine,rurale_calme,rural_geographique_Centre-Val de Loire,Centre-Val de Loire,37
51237,Esternay,rurale_calme,rural_geographique_Grand Est,Grand Est,51
62621,Nortkerque,rurale_calme,rural_geographique_Hauts-de-France,Hauts-de-France,62
27302,Le Bosc du Theil,rurale_calme,rural_geographique_Normandie,Normandie,27
16280,Rivières,rurale_calme,rural_geographique_Nouvelle-Aquitaine,Nouvelle-Aquitaine,16
30112,Fons,rurale_calme,rural_geographique_Occitanie,Occitanie,30
85083,L'Épine,rurale_calme,rural_geographique_Pays de la Loire,Pays de la Loire,85
04121,Mézel,rurale_calme,rural_geographique_Provence-Alpes-Côte d'Azur,Provence-Alpes-Côte d'Azur,04
77191,Fontenailles,rurale_calme,rural_geographique_Île-de-France,Île-de-France,77
69219,Saint-Laurent-d'Agny,rurale_calme,rural_geographique_Auvergne-Rhône-Alpes,Auvergne-Rhône-Alpes,69
25157,La Cluse-et-Mijoux,rurale_calme,rural_geographique_Bourgogne-Franche-Comté,Bourgogne-Franche-Comté,25
35072,Châtillon-en-Vendelais,rurale_calme,rural_geographique_Bretagne,Bretagne,35
28096,La Chaussée-d'Ivry,rurale_calme,rural_geographique_Centre-Val de Loire,Centre-Val de Loire,28
68294,Sainte-Croix-aux-Mines,rurale_calme,rural_geographique_Grand Est,Grand Est,68
60597,Saint-Sauveur,rurale_calme,rural_geographique_Hauts-de-France,Hauts-de-France,60
27157,Marbois,rurale_calme,rural_geographique_Normandie,Normandie,27
33185,Génissac,rurale_calme,rural_geographique_Nouvelle-Aquitaine,Nouvelle-Aquitaine,33
81233,Terre-de-Bancalié,rurale_calme,rural_geographique_Occitanie,Occitanie,81
44197,Sion-les-Mines,rurale_calme,rural_geographique_Pays de la Loire,Pays de la Loire,44
84098,Roaix,rurale_calme,rural_geographique_Provence-Alpes-Côte d'Azur,Provence-Alpes-Côte d'Azur,84
77265,Luzancy,rurale_calme,rural_geographique_Île-de-France,Île-de-France,77
01153,Échenevex,rurale_calme,rural_geographique_Auvergne-Rhône-Alpes,Auvergne-Rhône-Alpes,01
25410,Morre,rurale_calme,rural_geographique_Bourgogne-Franche-Comté,Bourgogne-Franche-Comté,25
56122,Loyat,rurale_calme,rural_geographique_Bretagne,Bretagne,56
41148,Montlivault,rurale_calme,rural_geographique_Centre-Val de Loire,Centre-Val de Loire,41
67480,Still,rurale_calme,rural_geographique_Grand Est,Grand Est,67
80274,Eppeville,rurale_calme,rural_geographique_Hauts-de-France,Hauts-de-France,80
76631,Saint-Paër,rurale_calme,rural_geographique_Normandie,Normandie,76
64060,Artiguelouve,rurale_calme,rural_geographique_Nouvelle-Aquitaine,Nouvelle-Aquitaine,64
12157,Montrozier,rurale_calme,rural_geographique_Occitanie,Occitanie,12
53229,Saint-Jean-sur-Mayenne,rurale_calme,rural_geographique_Pays de la Loire,Pays de la Loire,53
06058,Escragnolles,rurale_calme,rural_geographique_Provence-Alpes-Côte d'Azur,Provence-Alpes-Côte d'Azur,06
77101,Châtenay-sur-Seine,rurale_calme,rural_geographique_Île-de-France,Île-de-France,77
69267,Villié-Morgon,rurale_calme,rural_geographique_Auvergne-Rhône-Alpes,Auvergne-Rhône-Alpes,69
89311,Pourrain,rurale_calme,rural_geographique_Bourgogne-Franche-Comté,Bourgogne-Franche-Comté,89
35009,Baguer-Morvan,rurale_calme,rural_geographique_Bretagne,Bretagne,35
45329,Triguères,rurale_calme,rural_geographique_Centre-Val de Loire,Centre-Val de Loire,45
67452,Schnersheim,rurale_calme,rural_geographique_Grand Est,Grand Est,67
59519,Rumegies,rurale_calme,rural_geographique_Hauts-de-France,Hauts-de-France,59
14579,Seulline,rurale_calme,rural_geographique_Normandie,Normandie,14
79148,Lezay,rurale_calme,rural_geographique_Nouvelle-Aquitaine,Nouvelle-Aquitaine,79
82136,Orgueil,rurale_calme,rural_geographique_Occitanie,Occitanie,82
72096,Coulans-sur-Gée,rurale_calme,rural_geographique_Pays de la Loire,Pays de la Loire,72
05174,Val-des-Prés,rurale_calme,rural_geographique_Provence-Alpes-Côte d'Azur,Provence-Alpes-Côte d'Azur,05
78381,Maulette,rurale_calme,rural_geographique_Île-de-France,Île-de-France,78
01199,Jujurieux,rurale_calme,rural_geographique_Auvergne-Rhône-Alpes,Auvergne-Rhône-Alpes,01
39190,Dampierre,rurale_calme,rural_geographique_Bourgogne-Franche-Comté,Bourgogne-Franche-Comté,39
29010,Bodilis,rurale_calme,rural_geographique_Bretagne,Bretagne,29
41159,Neung-sur-Beuvron,rurale_calme,rural_geographique_Centre-Val de Loire,Centre-Val de Loire,41
52045,Bettancourt-la-Ferrée,rurale_calme,rural_geographique_Grand Est,Grand Est,52
59261,Glageon,rurale_calme,rural_geographique_Hauts-de-France,Hauts-de-France,59
50564,Terre-et-Marais,rurale_calme,rural_geographique_Normandie,Normandie,50
17091,Charron,rurale_calme,rural_geographique_Nouvelle-Aquitaine,Nouvelle-Aquitaine,17
30089,Comps,rurale_calme,rural_geographique_Occitanie,Occitanie,30
85147,Montournais,rurale_calme,rural_geographique_Pays de la Loire,Pays de la Loire,85
04208,Simiane-la-Rotonde,rurale_calme,rural_geographique_Provence-Alpes-Côte d'Azur,Provence-Alpes-Côte d'Azur,04
77113,Chevru,rurale_calme,rural_geographique_Île-de-France,Île-de-France,77
38309,Poisat,rurale_calme,rural_geographique_Auvergne-Rhône-Alpes,Auvergne-Rhône-Alpes,38
21027,Asnières-lès-Dijon,rurale_calme,rural_geographique_Bourgogne-Franche-Comté,Bourgogne-Franche-Comté,21
35094,Dingé,rurale_calme,rural_geographique_Bretagne,Bretagne,35
45212,Montcresson,rurale_calme,rural_geographique_Centre-Val de Loire,Centre-Val de Loire,45
54432,Pont-Saint-Vincent,rurale_calme,rural_geographique_Grand Est,Grand Est,54
59551,Saméon,rurale_calme,rural_geographique_Hauts-de-France,Hauts-de-France,59
50288,Marcey-les-Grèves,rurale_calme,rural_geographique_Normandie,Normandie,50
64068,Asson,rurale_calme,rural_geographique_Nouvelle-Aquitaine,Nouvelle-Aquitaine,64
12138,Marcillac-Vallon,rurale_calme,rural_geographique_Occitanie,Occitanie,12
72358,Thorigné-sur-Dué,rurale_calme,rural_geographique_Pays de la Loire,Pays de la Loire,72
13012,Beaurecueil,rurale_calme,rural_geographique_Provence-Alpes-Côte d'Azur,Provence-Alpes-Côte d'Azur,13
95594,Seugy,rurale_calme,rural_geographique_Île-de-France,Île-de-France,95
69018,Beaujeu,rurale_calme,rural_geographique_Auvergne-Rhône-Alpes,Auvergne-Rhône-Alpes,69
71292,Mellecey,rurale_calme,rural_geographique_Bourgogne-Franche-Comté,Bourgogne-Franche-Comté,71
29270,Saint-Urbain,rurale_calme,rural_geographique_Bretagne,Bretagne,29
28386,Thimert-Gâtelles,rurale_calme,rural_geographique_Centre-Val de Loire,Centre-Val de Loire,28
88178,Les Forges,rurale_calme,rural_geographique_Grand Est,Grand Est,88
62423,Helfaut,rurale_calme,rural_geographique_Hauts-de-France,Hauts-de-France,62
76169,La Cerlangue,rurale_calme,rural_geographique_Normandie,Normandie,76
16223,Montbron,rurale_calme,rural_geographique_Nouvelle-Aquitaine,Nouvelle-Aquitaine,16
11129,Espéraza,rurale_calme,rural_geographique_Occitanie,Occitanie,11
72243,Pontvallain,rurale_calme,rural_geographique_Pays de la Loire,Pays de la Loire,72
04195,Saint-Pons,rurale_calme,rural_geographique_Provence-Alpes-Côte d'Azur,Provence-Alpes-Côte d'Azur,04
77480,Valence-en-Brie,rurale_calme,rural_geographique_Île-de-France,Île-de-France,77
38381,Saint-Didier-de-la-Tour,rurale_calme,rural_geographique_Auvergne-Rhône-Alpes,Auvergne-Rhône-Alpes,38
90012,Bessoncourt,rurale_calme,rural_geographique_Bourgogne-Franche-Comté,Bourgogne-Franche-Comté,90
29230,Querrien,rurale_calme,rural_geographique_Bretagne,Bretagne,29
37131,Limeray,rurale_calme,rural_geographique_Centre-Val de Loire,Centre-Val de Loire,37
51074,Boult-sur-Suippe,rurale_calme,rural_geographique_Grand Est,Grand Est,51
59027,Aubry-du-Hainaut,rurale_calme,rural_geographique_Hauts-de-France,Hauts-de-France,59
27316,Hauville,rurale_calme,rural_geographique_Normandie,Normandie,27
17127,Courçon,rurale_calme,rural_geographique_Nouvelle-Aquitaine,Nouvelle-Aquitaine,17
32344,Riscle,rurale_calme,rural_geographique_Occitanie,Occitanie,32
72187,Marigné-Laillé,rurale_calme,rural_geographique_Pays de la Loire,Pays de la Loire,72
83139,Tourtour,rurale_calme,rural_geographique_Provence-Alpes-Côte d'Azur,Provence-Alpes-Côte d'Azur,83
77077,Chambry,rurale_calme,rural_geographique_Île-de-France,Île-de-France,77
38454,Saint-Sauveur,rurale_calme,rural_geographique_Auvergne-Rhône-Alpes,Auvergne-Rhône-Alpes,38
39365,Mont-sous-Vaudrey,rurale_calme,rural_geographique_Bourgogne-Franche-Comté,Bourgogne-Franche-Comté,39
22049,Créhen,rurale_calme,rural_geographique_Bretagne,Bretagne,22
41120,Lunay,rurale_calme,rural_geographique_Centre-Val de Loire,Centre-Val de Loire,41
67080,Dachstein,rurale_calme,rural_geographique_Grand Est,Grand Est,67
59025,Aubers,rurale_calme,rural_geographique_Hauts-de-France,Hauts-de-France,59
27693,Sylvains-Lès-Moulins,rurale_calme,rural_geographique_Normandie,Normandie,27
79322,Le Tallud,rurale_calme,rural_geographique_Nouvelle-Aquitaine,Nouvelle-Aquitaine,79
82044,Corbarieu,rurale_calme,rural_geographique_Occitanie,Occitanie,82
85220,Saint-Germain-de-Prinçay,rurale_calme,rural_geographique_Pays de la Loire,Pays de la Loire,85
84094,Puyméras,rurale_calme,rural_geographique_Provence-Alpes-Côte d'Azur,Provence-Alpes-Côte d'Azur,84
91130,Chalo-Saint-Mars,rurale_calme,rural_geographique_Île-de-France,Île-de-France,91
69050,Châtillon,rurale_calme,rural_geographique_Auvergne-Rhône-Alpes,Auvergne-Rhône-Alpes,69
39173,Cousance,rurale_calme,rural_geographique_Bourgogne-Franche-Comté,Bourgogne-Franche-Comté,39
35067,Chasné-sur-Illet,rurale_calme,rural_geographique_Bretagne,Bretagne,35
28127,Dangeau,rurale_calme,rural_geographique_Centre-Val de Loire,Centre-Val de Loire,28
68365,Wettolsheim,rurale_calme,rural_geographique_Grand Est,Grand Est,68
59123,Camphin-en-Carembault,rurale_calme,rural_geographique_Hauts-de-France,Hauts-de-France,59
27656,Toutainville,rurale_calme,rural_geographique_Normandie,Normandie,27
79024,Azay-le-Brûlé,rurale_calme,rural_geographique_Nouvelle-Aquitaine,Nouvelle-Aquitaine,79
30092,Connaux,rurale_calme,rural_geographique_Occitanie,Occitanie,30
85015,Beaufou,rurale_calme,rural_geographique_Pays de la Loire,Pays de la Loire,85
06071,Guillaumes,rurale_calme,rural_geographique_Provence-Alpes-Côte d'Azur,Provence-Alpes-Côte d'Azur,06
91463,Oncy-sur-École,rurale_calme,rural_geographique_Île-de-France,Île-de-France,91
15122,Maurs,rurale_calme,rural_geographique_Auvergne-Rhône-Alpes,Auvergne-Rhône-Alpes,15
21590,Savigny-lès-Beaune,rurale_calme,rural_geographique_Bourgogne-Franche-Comté,Bourgogne-Franche-Comté,21
56135,Molac,rurale_calme,rural_geographique_Bretagne,Bretagne,56
41256,Theillay,rurale_calme,rural_geographique_Centre-Val de Loire,Centre-Val de Loire,41
67507,Villé,rurale_calme,rural_geographique_Grand Est,Grand Est,67
60009,Allonne,rurale_calme,rural_geographique_Hauts-de-France,Hauts-de-France,60
76522,La Remuée,rurale_calme,rural_geographique_Normandie,Normandie,76
64152,Buros,rurale_calme,rural_geographique_Nouvelle-Aquitaine,Nouvelle-Aquitaine,64
34078,Claret,rurale_calme,rural_geographique_Occitanie,Occitanie,34
72360,Trangé,rurale_calme,rural_geographique_Pays de la Loire,Pays de la Loire,72
04066,Curbans,rurale_calme,rural_geographique_Provence-Alpes-Côte d'Azur,Provence-Alpes-Côte d'Azur,04
91041,Avrainville,rurale_calme,rural_geographique_Île-de-France,Île-de-France,91
38176,Frontonas,rurale_calme,rural_geographique_Auvergne-Rhône-Alpes,Auvergne-Rhône-Alpes,38
25265,Geneuille,rurale_calme,rural_geographique_Bourgogne-Franche-Comté,Bourgogne-Franche-Comté,25
22193,Plestan,rurale_calme,rural_geographique_Bretagne,Bretagne,22
45182,Ligny-le-Ribault,rurale_calme,rural_geographique_Centre-Val de Loire,Centre-Val de Loire,45
57650,Sierck-les-Bains,rurale_calme,rural_geographique_Grand Est,Grand Est,57
60641,Tracy-le-Mont,rurale_calme,rural_geographique_Hauts-de-France,Hauts-de-France,60
50178,Fermanville,rurale_calme,rural_geographique_Normandie,Normandie,50
64109,Bénéjacq,rurale_calme,rural_geographique_Nouvelle-Aquitaine,Nouvelle-Aquitaine,64
81139,Lautrec,rurale_calme,rural_geographique_Occitanie,Occitanie,81
44090,La Marne,rurale_calme,rural_geographique_Pays de la Loire,Pays de la Loire,44
06070,Gréolières,rurale_calme,rural_geographique_Provence-Alpes-Côte d'Azur,Provence-Alpes-Côte d'Azur,06
77106,Chauffry,rurale_calme,rural_geographique_Île-de-France,Île-de-France,77
26332,Saint-Uze,rurale_calme,rural_geographique_Auvergne-Rhône-Alpes,Auvergne-Rhône-Alpes,26
71282,Marmagne,rurale_calme,rural_geographique_Bourgogne-Franche-Comté,Bourgogne-Franche-Comté,71
22327,Saint-Samson-sur-Rance,rurale_calme,rural_geographique_Bretagne,Bretagne,22
41275,La Ville-aux-Clercs,rurale_calme,rural_geographique_Centre-Val de Loire,Centre-Val de Loire,41
51262,Frignicourt,rurale_calme,rural_geographique_Grand Est,Grand Est,51
02676,Saint-Erme-Outre-et-Ramecourt,rurale_calme,rural_geographique_Hauts-de-France,Hauts-de-France,02
76751,Yébleron,rurale_calme,rural_geographique_Normandie,Normandie,76
40245,Roquefort,rurale_calme,rural_geographique_Nouvelle-Aquitaine,Nouvelle-Aquitaine,40
66138,Peyrestortes,rurale_calme,rural_geographique_Occitanie,Occitanie,66
85202,Sainte-Cécile,rurale_calme,rural_geographique_Pays de la Loire,Pays de la Loire,85
83084,Montmeyan,rurale_calme,rural_geographique_Provence-Alpes-Côte d'Azur,Provence-Alpes-Côte d'Azur,83
77406,Saint-Denis-lès-Rebais,rurale_calme,rural_geographique_Île-de-France,Île-de-France,77
42170,Perreux,rurale_calme,rural_geographique_Auvergne-Rhône-Alpes,Auvergne-Rhône-Alpes,42
89130,Deux Rivières,rurale_calme,rural_geographique_Bourgogne-Franche-Comté,Bourgogne-Franche-Comté,89
29186,Plouezoc'h,rurale_calme,rural_geographique_Bretagne,Bretagne,29
28406,Éole-en-Beauce,rurale_calme,rural_geographique_Centre-Val de Loire,Centre-Val de Loire,28
10352,Sainte-Maure,rurale_calme,rural_geographique_Grand Est,Grand Est,10
62756,Sainte-Marie-Kerque,rurale_calme,rural_geographique_Hauts-de-France,Hauts-de-France,62
76404,Manéglise,rurale_calme,rural_geographique_Normandie,Normandie,76
33415,Saint-Gervais,rurale_calme,rural_geographique_Nouvelle-Aquitaine,Nouvelle-Aquitaine,33
34189,Olonzac,rurale_calme,rural_geographique_Occitanie,Occitanie,34
85293,Tiffauges,rurale_calme,rural_geographique_Pays de la Loire,Pays de la Loire,85
05177,Vars,rurale_calme,rural_geographique_Provence-Alpes-Côte d'Azur,Provence-Alpes-Côte d'Azur,05
78516,Raizeux,rurale_calme,rural_geographique_Île-de-France,Île-de-France,78
63276,Peschadoires,rurale_calme,rural_geographique_Auvergne-Rhône-Alpes,Auvergne-Rhône-Alpes,63
58145,Lormes,rurale_calme,rural_geographique_Bourgogne-Franche-Comté,Bourgogne-Franche-Comté,58
56148,Nostang,rurale_calme,rural_geographique_Bretagne,Bretagne,56
36247,Vineuil,rurale_calme,rural_geographique_Centre-Val de Loire,Centre-Val de Loire,36
68372,Willer-sur-Thur,rurale_calme,rural_geographique_Grand Est,Grand Est,68
62284,Écourt-Saint-Quentin,rurale_calme,rural_geographique_Hauts-de-France,Hauts-de-France,62
27343,Houlbec-Cocherel,rurale_calme,rural_geographique_Normandie,Normandie,27
24068,Le Buisson-de-Cadouin,rurale_calme,rural_geographique_Nouvelle-Aquitaine,Nouvelle-Aquitaine,24
31507,Saint-Paul-sur-Save,rurale_calme,rural_geographique_Occitanie,Occitanie,31
72046,Le Breil-sur-Mérize,rurale_calme,rural_geographique_Pays de la Loire,Pays de la Loire,72
84139,Fontaine-de-Vaucluse,rurale_calme,rural_geographique_Provence-Alpes-Côte d'Azur,Provence-Alpes-Côte d'Azur,84
77392,Rouvres,rurale_calme,rural_geographique_Île-de-France,Île-de-France,77
26345,Suze-la-Rousse,rurale_calme,rural_geographique_Auvergne-Rhône-Alpes,Auvergne-Rhône-Alpes,26
89295,Perrigny,rurale_calme,rural_geographique_Bourgogne-Franche-Comté,Bourgogne-Franche-Comté,89
35117,Gaël,rurale_calme,rural_geographique_Bretagne,Bretagne,35
37175,Nouzilly,rurale_calme,rural_geographique_Centre-Val de Loire,Centre-Val de Loire,37
57482,Ogy-Montoy-Flanville,rurale_calme,rural_geographique_Grand Est,Grand Est,57
62540,Maisnil-lès-Ruitz,rurale_calme,rural_geographique_Hauts-de-France,Hauts-de-France,62
50237,La Haye-Pesnel,rurale_calme,rural_geographique_Normandie,Normandie,50
17120,Corme-Royal,rurale_calme,rural_geographique_Nouvelle-Aquitaine,Nouvelle-Aquitaine,17
34258,Saint-Geniès-de-Fontedit,rurale_calme,rural_geographique_Occitanie,Occitanie,34
44221,La Chevallerais,rurale_calme,rural_geographique_Pays de la Loire,Pays de la Loire,44
13008,Aurons,rurale_calme,rural_geographique_Provence-Alpes-Côte d'Azur,Provence-Alpes-Côte d'Azur,13
77188,Fontaine-le-Port,rurale_calme,rural_geographique_Île-de-France,Île-de-France,77
74083,Combloux,rurale_calme,rural_geographique_Auvergne-Rhône-Alpes,Auvergne-Rhône-Alpes,74
58232,Saint-Benin-d'Azy,rurale_calme,rural_geographique_Bourgogne-Franche-Comté,Bourgogne-Franche-Comté,58
56239,Saint-Vincent-sur-Oust,rurale_calme,rural_geographique_Bretagne,Bretagne,56
37049,Chambourg-sur-Indre,rurale_calme,rural_geographique_Centre-Val de Loire,Centre-Val de Loire,37
51531,Sermaize-les-Bains,rurale_calme,rural_geographique_Grand Est,Grand Est,51
60577,Saint-Germer-de-Fly,rurale_calme,rural_geographique_Hauts-de-France,Hauts-de-France,60
76263,La Feuillie,rurale_calme,rural_geographique_Normandie,Normandie,76
17387,Saint-Porchaire,rurale_calme,rural_geographique_Nouvelle-Aquitaine,Nouvelle-Aquitaine,17
30073,Castillon-du-Gard,rurale_calme,rural_geographique_Occitanie,Occitanie,30
49109,Coron,rurale_calme,rural_geographique_Pays de la Loire,Pays de la Loire,49
05148,Saint-Laurent-du-Cros,rurale_calme,rural_geographique_Provence-Alpes-Côte d'Azur,Provence-Alpes-Côte d'Azur,05
78193,Dampierre-en-Yvelines,rurale_calme,rural_geographique_Île-de-France,Île-de-France,78
69177,Sourcieux-les-Mines,rurale_calme,rural_geographique_Auvergne-Rhône-Alpes,Auvergne-Rhône-Alpes,69
21086,Bligny-lès-Beaune,rurale_calme,rural_geographique_Bourgogne-Franche-Comté,Bourgogne-Franche-Comté,21
29300,Le Trévoux,rurale_calme,rural_geographique_Bretagne,Bretagne,29
41155,Muides-sur-Loire,rurale_calme,rural_geographique_Centre-Val de Loire,Centre-Val de Loire,41
51029,Avize,rurale_calme,rural_geographique_Grand Est,Grand Est,51
02820,Viry-Noureuil,rurale_calme,rural_geographique_Hauts-de-France,Hauts-de-France,02
50436,Romagny Fontenay,rurale_calme,rural_geographique_Normandie,Normandie,50
86053,Champigny en Rochereau,rurale_calme,rural_geographique_Nouvelle-Aquitaine,Nouvelle-Aquitaine,86
34013,Aspiran,rurale_calme,rural_geographique_Occitanie,Occitanie,34
72182,Mansigné,rurale_calme,rural_geographique_Pays de la Loire,Pays de la Loire,72
06106,Roquestéron,rurale_calme,rural_geographique_Provence-Alpes-Côte d'Azur,Provence-Alpes-Côte d'Azur,06
78609,Tessancourt-sur-Aubette,rurale_calme,rural_geographique_Île-de-France,Île-de-France,78
03262,Saint-Victor,rurale_calme,rural_geographique_Auvergne-Rhône-Alpes,Auvergne-Rhône-Alpes,03
70171,Corbenay,rurale_calme,rural_geographique_Bourgogne-Franche-Comté,Bourgogne-Franche-Comté,70
22179,Fréhel,rurale_calme,rural_geographique_Bretagne,Bretagne,22
45289,Saint-Lyé-la-Forêt,rurale_calme,rural_geographique_Centre-Val de Loire,Centre-Val de Loire,45
67010,Andlau,rurale_calme,rural_geographique_Grand Est,Grand Est,67
59114,Bruille-Saint-Amand,rurale_calme,rural_geographique_Hauts-de-France,Hauts-de-France,59
27290,Goupil-Othon,rurale_calme,rural_geographique_Normandie,Normandie,27
23245,Saint-Sulpice-le-Guérétois,rurale_calme,rural_geographique_Nouvelle-Aquitaine,Nouvelle-Aquitaine,23
11425,Villegailhenc,rurale_calme,rural_geographique_Occitanie,Occitanie,11
49132,Étriché,rurale_calme,rural_geographique_Pays de la Loire,Pays de la Loire,49
84140,Vaugines,rurale_calme,rural_geographique_Provence-Alpes-Côte d'Azur,Provence-Alpes-Côte d'Azur,84
78464,Orcemont,rurale_calme,rural_geographique_Île-de-France,Île-de-France,78
73204,Le Pont-de-Beauvoisin,rurale_calme,rural_geographique_Auvergne-Rhône-Alpes,Auvergne-Rhône-Alpes,73
71149,Couches,rurale_calme,rural_geographique_Bourgogne-Franche-Comté,Bourgogne-Franche-Comté,71
22220,Plouguernével,rurale_calme,rural_geographique_Bretagne,Bretagne,22
45291,Saint-Martin-sur-Ocre,rurale_calme,rural_geographique_Centre-Val de Loire,Centre-Val de Loire,45
67460,Schwindratzheim,rurale_calme,rural_geographique_Grand Est,Grand Est,67
59558,Saulzoir,rurale_calme,rural_geographique_Hauts-de-France,Hauts-de-France,59
61093,Chanu,rurale_calme,rural_geographique_Normandie,Normandie,61
33297,Moulis-en-Médoc,rurale_calme,rural_geographique_Nouvelle-Aquitaine,Nouvelle-Aquitaine,33
31587,Villeneuve-lès-Bouloc,rurale_calme,rural_geographique_Occitanie,Occitanie,31
44193,Saint-Vincent-des-Landes,rurale_calme,rural_geographique_Pays de la Loire,Pays de la Loire,44
06016,Beuil,rurale_calme,rural_geographique_Provence-Alpes-Côte d'Azur,Provence-Alpes-Côte d'Azur,06
77006,Arbonne-la-Forêt,rurale_calme,rural_geographique_Île-de-France,Île-de-France,77
73130,Grignon,rurale_calme,rural_geographique_Auvergne-Rhône-Alpes,Auvergne-Rhône-Alpes,73
70117,Châlonvillars,rurale_calme,rural_geographique_Bourgogne-Franche-Comté,Bourgogne-Franche-Comté,70
29218,Pont-Croix,rurale_calme,rural_geographique_Bretagne,Bretagne,29
45049,Bouzy-la-Forêt,rurale_calme,rural_geographique_Centre-Val de Loire,Centre-Val de Loire,45
10224,Marigny-le-Châtel,rurale_calme,rural_geographique_Grand Est,Grand Est,10
59096,Bourghelles,rurale_calme,rural_geographique_Hauts-de-France,Hauts-de-France,59
61008,Aube,rurale_calme,rural_geographique_Normandie,Normandie,61
40037,Benquet,rurale_calme,rural_geographique_Nouvelle-Aquitaine,Nouvelle-Aquitaine,40
34084,Corneilhan,rurale_calme,rural_geographique_Occitanie,Occitanie,34
53210,Saint-Denis-d'Anjou,rurale_calme,rural_geographique_Pays de la Loire,Pays de la Loire,53
04134,La Motte-du-Caire,rurale_calme,rural_geographique_Provence-Alpes-Côte d'Azur,Provence-Alpes-Côte d'Azur,04
78034,Auteuil,rurale_calme,rural_geographique_Île-de-France,Île-de-France,78
73288,Sonnaz,rurale_calme,rural_geographique_Auvergne-Rhône-Alpes,Auvergne-Rhône-Alpes,73
70198,Dampierre-sur-Salon,rurale_calme,rural_geographique_Bourgogne-Franche-Comté,Bourgogne-Franche-Comté,70
35233,Québriac,rurale_calme,rural_geographique_Bretagne,Bretagne,35
45097,Chuelles,rurale_calme,rural_geographique_Centre-Val de Loire,Centre-Val de Loire,45
67342,Oberhaslach,rurale_calme,rural_geographique_Grand Est,Grand Est,67
59320,Illies,rurale_calme,rural_geographique_Hauts-de-France,Hauts-de-France,59
76392,Londinières,rurale_calme,rural_geographique_Normandie,Normandie,76
40179,Mées,rurale_calme,rural_geographique_Nouvelle-Aquitaine,Nouvelle-Aquitaine,40
32096,Cazaubon,rurale_calme,rural_geographique_Occitanie,Occitanie,32
44091,Marsac-sur-Don,rurale_calme,rural_geographique_Pays de la Loire,Pays de la Loire,44
04031,Bras-d'Asse,rurale_calme,rural_geographique_Provence-Alpes-Côte d'Azur,Provence-Alpes-Côte d'Azur,04
77432,Saint-Rémy-de-la-Vanne,rurale_calme,rural_geographique_Île-de-France,Île-de-France,77
69032,Bully,rurale_calme,rural_geographique_Auvergne-Rhône-Alpes,Auvergne-Rhône-Alpes,69
25320,Labergement-Sainte-Marie,rurale_calme,rural_geographique_Bourgogne-Franche-Comté,Bourgogne-Franche-Comté,25
22184,Plémy,rurale_calme,rural_geographique_Bretagne,Bretagne,22
36009,Arthon,rurale_calme,rural_geographique_Centre-Val de Loire,Centre-Val de Loire,36
67248,Krautergersheim,rurale_calme,rural_geographique_Grand Est,Grand Est,67
02315,Flavy-le-Martel,rurale_calme,rural_geographique_Hauts-de-France,Hauts-de-France,02
27504,Sacquenville,rurale_calme,rural_geographique_Normandie,Normandie,27
79086,Cherveux,rurale_calme,rural_geographique_Nouvelle-Aquitaine,Nouvelle-Aquitaine,79
32334,Pujaudran,rurale_calme,rural_geographique_Occitanie,Occitanie,32
72275,Saint-Corneille,rurale_calme,rural_geographique_Pays de la Loire,Pays de la Loire,72
04004,Allemagne-en-Provence,rurale_calme,rural_geographique_Provence-Alpes-Côte d'Azur,Provence-Alpes-Côte d'Azur,04
78557,Saint-Hilarion,rurale_calme,rural_geographique_Île-de-France,Île-de-France,78
63327,Saint-Bonnet-près-Riom,rurale_calme,rural_geographique_Auvergne-Rhône-Alpes,Auvergne-Rhône-Alpes,63
71379,Sagy,rurale_calme,rural_geographique_Bourgogne-Franche-Comté,Bourgogne-Franche-Comté,71
35292,Saint-Marc-le-Blanc,rurale_calme,rural_geographique_Bretagne,Bretagne,35
28027,La Bazoche-Gouet,rurale_calme,rural_geographique_Centre-Val de Loire,Centre-Val de Loire,28
51440,Pontfaverger-Moronvilliers,rurale_calme,rural_geographique_Grand Est,Grand Est,51
80443,Hornoy-le-Bourg,rurale_calme,rural_geographique_Hauts-de-France,Hauts-de-France,80
76090,Beuzeville-la-Grenier,rurale_calme,rural_geographique_Normandie,Normandie,76
33485,Sainte-Terre,rurale_calme,rural_geographique_Nouvelle-Aquitaine,Nouvelle-Aquitaine,33
31080,Boulogne-sur-Gesse,rurale_calme,rural_geographique_Occitanie,Occitanie,31
85061,Château-Guibert,rurale_calme,rural_geographique_Pays de la Loire,Pays de la Loire,85
06144,La Tour,rurale_calme,rural_geographique_Provence-Alpes-Côte d'Azur,Provence-Alpes-Côte d'Azur,06
77031,Bernay-Vilbert,rurale_calme,rural_geographique_Île-de-France,Île-de-France,77
38479,Porte-des-Bonnevaux,rurale_calme,rural_geographique_Auvergne-Rhône-Alpes,Auvergne-Rhône-Alpes,38
89441,Vermenton,rurale_calme,rural_geographique_Bourgogne-Franche-Comté,Bourgogne-Franche-Comté,89
29245,Saint-Divy,rurale_calme,rural_geographique_Bretagne,Bretagne,29
37186,Pont-de-Ruan,rurale_calme,rural_geographique_Centre-Val de Loire,Centre-Val de Loire,37
67182,Hangenbieten,rurale_calme,rural_geographique_Grand Est,Grand Est,67
59247,Forest-sur-Marque,rurale_calme,rural_geographique_Hauts-de-France,Hauts-de-France,59
76254,Étretat,rurale_calme,rural_geographique_Normandie,Normandie,76
40126,Hinx,rurale_calme,rural_geographique_Nouvelle-Aquitaine,Nouvelle-Aquitaine,40
34128,Laroque,rurale_calme,rural_geographique_Occitanie,Occitanie,34
72026,Beaufay,rurale_calme,rural_geographique_Pays de la Loire,Pays de la Loire,72
05087,Montmaur,rurale_calme,rural_geographique_Provence-Alpes-Côte d'Azur,Provence-Alpes-Côte d'Azur,05
95101,Bray-et-Lû,rurale_calme,rural_geographique_Île-de-France,Île-de-France,95
69056,Chessy,rurale_calme,rural_geographique_Auvergne-Rhône-Alpes,Auvergne-Rhône-Alpes,69
71484,Saint-Usuge,rurale_calme,rural_geographique_Bourgogne-Franche-Comté,Bourgogne-Franche-Comté,71
22127,Lézardrieux,rurale_calme,rural_geographique_Bretagne,Bretagne,22
41199,Saint-Amand-Longpré,rurale_calme,rural_geographique_Centre-Val de Loire,Centre-Val de Loire,41
67347,Obermodern-Zutzendorf,rurale_calme,rural_geographique_Grand Est,Grand Est,67
59224,Féchain,rurale_calme,rural_geographique_Hauts-de-France,Hauts-de-France,59
27073,Bois-le-Roi,rurale_calme,rural_geographique_Normandie,Normandie,27
17309,Saint-Aigulin,rurale_calme,rural_geographique_Nouvelle-Aquitaine,Nouvelle-Aquitaine,17
12185,Pont-de-Salars,rurale_calme,rural_geographique_Occitanie,Occitanie,12
72175,Luché-Pringé,rurale_calme,rural_geographique_Pays de la Loire,Pays de la Loire,72
84018,Blauvac,rurale_calme,rural_geographique_Provence-Alpes-Côte d'Azur,Provence-Alpes-Côte d'Azur,84
77270,Maisoncelles-en-Brie,rurale_calme,rural_geographique_Île-de-France,Île-de-France,77
26144,Grane,rurale_calme,rural_geographique_Auvergne-Rhône-Alpes,Auvergne-Rhône-Alpes,26
89236,Maillot,rurale_calme,rural_geographique_Bourgogne-Franche-Comté,Bourgogne-Franche-Comté,89
22224,Ploulec'h,rurale_calme,rural_geographique_Bretagne,Bretagne,22
41074,Dhuizon,rurale_calme,rural_geographique_Centre-Val de Loire,Centre-Val de Loire,41
67336,Nordhouse,rurale_calme,rural_geographique_Grand Est,Grand Est,67
02602,Pinon,rurale_calme,rural_geographique_Hauts-de-France,Hauts-de-France,02
76536,Roncherolles-sur-le-Vivier,rurale_calme,rural_geographique_Normandie,Normandie,76
24264,Ménesplet,rurale_calme,rural_geographique_Nouvelle-Aquitaine,Nouvelle-Aquitaine,24
30091,Congénies,rurale_calme,rural_geographique_Occitanie,Occitanie,30
85111,L'Île-d'Elle,rurale_calme,rural_geographique_Pays de la Loire,Pays de la Loire,85
06134,Séranon,rurale_calme,rural_geographique_Provence-Alpes-Côte d'Azur,Provence-Alpes-Côte d'Azur,06
77534,Yèbles,rurale_calme,rural_geographique_Île-de-France,Île-de-France,77
74136,Le Grand-Bornand,rurale_calme,rural_geographique_Auvergne-Rhône-Alpes,Auvergne-Rhône-Alpes,74
71002,L'Abergement-Sainte-Colombe,rurale_calme,rural_geographique_Bourgogne-Franche-Comté,Bourgogne-Franche-Comté,71
56198,Rohan,rurale_calme,rural_geographique_Bretagne,Bretagne,56
28398,Unverre,rurale_calme,rural_geographique_Centre-Val de Loire,Centre-Val de Loire,28
68078,Eguisheim,rurale_calme,rural_geographique_Grand Est,Grand Est,68
59578,Steenbecque,rurale_calme,rural_geographique_Hauts-de-France,Hauts-de-France,59
27263,Le Perrey,rurale_calme,rural_geographique_Normandie,Normandie,27
19246,Saint-Viance,rurale_calme,rural_geographique_Nouvelle-Aquitaine,Nouvelle-Aquitaine,19
31486,Saint-Hilaire,rurale_calme,rural_geographique_Occitanie,Occitanie,31
44140,La Regrippière,rurale_calme,rural_geographique_Pays de la Loire,Pays de la Loire,44
04226,Uvernet-Fours,rurale_calme,rural_geographique_Provence-Alpes-Côte d'Azur,Provence-Alpes-Côte d'Azur,04
78623,Le Tremblay-sur-Mauldre,rurale_calme,rural_geographique_Île-de-France,Île-de-France,78
73290,Val-Cenis,rurale_calme,rural_geographique_Auvergne-Rhône-Alpes,Auvergne-Rhône-Alpes,73
89195,Gron,rurale_calme,rural_geographique_Bourgogne-Franche-Comté,Bourgogne-Franche-Comté,89
56214,Saint-Gildas-de-Rhuys,rurale_calme,rural_geographique_Bretagne,Bretagne,56
28135,Droue-sur-Drouette,rurale_calme,rural_geographique_Centre-Val de Loire,Centre-Val de Loire,28
57415,Lorry-lès-Metz,rurale_calme,rural_geographique_Grand Est,Grand Est,57
59238,Flines-lès-Mortagne,rurale_calme,rural_geographique_Hauts-de-France,Hauts-de-France,59
76100,Blainville-Crevon,rurale_calme,rural_geographique_Normandie,Normandie,76
86027,Biard,rurale_calme,rural_geographique_Nouvelle-Aquitaine,Nouvelle-Aquitaine,86
34325,Valros,rurale_calme,rural_geographique_Occitanie,Occitanie,34
85120,Landevieille,rurale_calme,rural_geographique_Pays de la Loire,Pays de la Loire,85
05037,Châteauvieux,rurale_calme,rural_geographique_Provence-Alpes-Côte d'Azur,Provence-Alpes-Côte d'Azur,05
77196,Fresnes-sur-Marne,rurale_calme,rural_geographique_Île-de-France,Île-de-France,77
69190,Sainte-Consorce,rurale_calme,rural_geographique_Auvergne-Rhône-Alpes,Auvergne-Rhône-Alpes,69
89218,Laroche-Saint-Cydroine,rurale_calme,rural_geographique_Bourgogne-Franche-Comté,Bourgogne-Franche-Comté,89
56014,Berné,rurale_calme,rural_geographique_Bretagne,Bretagne,56
36069,Écueillé,rurale_calme,rural_geographique_Centre-Val de Loire,Centre-Val de Loire,36
68060,Burnhaupt-le-Haut,rurale_calme,rural_geographique_Grand Est,Grand Est,68
60044,Balagny-sur-Thérain,rurale_calme,rural_geographique_Hauts-de-France,Hauts-de-France,60
76650,Saint-Sauveur-d'Émalleville,rurale_calme,rural_geographique_Normandie,Normandie,76
40248,Saint-André-de-Seignanx,rurale_calme,rural_geographique_Nouvelle-Aquitaine,Nouvelle-Aquitaine,40
11088,Cazilhac,rurale_calme,rural_geographique_Occitanie,Occitanie,11
49140,Fontevraud-l'Abbaye,rurale_calme,rural_geographique_Pays de la Loire,Pays de la Loire,49
06050,Coursegoules,rurale_calme,rural_geographique_Provence-Alpes-Côte d'Azur,Provence-Alpes-Côte d'Azur,06
91546,Saint-Cyr-sous-Dourdan,rurale_calme,rural_geographique_Île-de-France,Île-de-France,91
69122,Lucenay,rurale_calme,rural_geographique_Auvergne-Rhône-Alpes,Auvergne-Rhône-Alpes,69
71333,Oslon,rurale_calme,rural_geographique_Bourgogne-Franche-Comté,Bourgogne-Franche-Comté,71
56116,Locmariaquer,rurale_calme,rural_geographique_Bretagne,Bretagne,56
28293,Oulins,rurale_calme,rural_geographique_Centre-Val de Loire,Centre-Val de Loire,28
88094,Châtel-sur-Moselle,rurale_calme,rural_geographique_Grand Est,Grand Est,88
60218,Esches,rurale_calme,rural_geographique_Hauts-de-France,Hauts-de-France,60
14278,Fontenay-le-Pesnel,rurale_calme,rural_geographique_Normandie,Normandie,14
33382,Saint-Christoly-de-Blaye,rurale_calme,rural_geographique_Nouvelle-Aquitaine,Nouvelle-Aquitaine,33
46185,Martel,rurale_calme,rural_geographique_Occitanie,Occitanie,46
85268,Saint-Révérend,rurale_calme,rural_geographique_Pays de la Loire,Pays de la Loire,85
04151,Pierrerue,rurale_calme,rural_geographique_Provence-Alpes-Côte d'Azur,Provence-Alpes-Côte d'Azur,04
77354,Pamfou,rurale_calme,rural_geographique_Île-de-France,Île-de-France,77
74131,Frangy,rurale_calme,rural_geographique_Auvergne-Rhône-Alpes,Auvergne-Rhône-Alpes,74
71444,Saint-Loup-de-Varennes,rurale_calme,rural_geographique_Bourgogne-Franche-Comté,Bourgogne-Franche-Comté,71
56233,Saint-Philibert,rurale_calme,rural_geographique_Bretagne,Bretagne,56
41094,Fresnes,rurale_calme,rural_geographique_Centre-Val de Loire,Centre-Val de Loire,41
88095,Châtenois,rurale_calme,rural_geographique_Grand Est,Grand Est,88
59535,Saint-Jans-Cappel,rurale_calme,rural_geographique_Hauts-de-France,Hauts-de-France,59
76753,Ymare,rurale_calme,rural_geographique_Normandie,Normandie,76
87047,Compreignac,rurale_calme,rural_geographique_Nouvelle-Aquitaine,Nouvelle-Aquitaine,87
82097,Lavit,rurale_calme,rural_geographique_Occitanie,Occitanie,82
85140,La Meilleraie-Tillay,rurale_calme,rural_geographique_Pays de la Loire,Pays de la Loire,85
04139,Noyers-sur-Jabron,rurale_calme,rural_geographique_Provence-Alpes-Côte d'Azur,Provence-Alpes-Côte d'Azur,04
78246,Fontenay-Saint-Père,rurale_calme,rural_geographique_Île-de-France,Île-de-France,78
07325,Ucel,rurale_calme,rural_geographique_Auvergne-Rhône-Alpes,Auvergne-Rhône-Alpes,07
58260,Saint-Parize-le-Châtel,rurale_calme,rural_geographique_Bourgogne-Franche-Comté,Bourgogne-Franche-Comté,58
35310,Saint-Sauveur-des-Landes,rurale_calme,rural_geographique_Bretagne,Bretagne,35
41231,Saint-Viâtre,rurale_calme,rural_geographique_Centre-Val de Loire,Centre-Val de Loire,41
57644,Seingbouse,rurale_calme,rural_geographique_Grand Est,Grand Est,57
80417,Harbonnières,rurale_calme,rural_geographique_Hauts-de-France,Hauts-de-France,80
76250,Étainhus,rurale_calme,rural_geographique_Normandie,Normandie,76
33506,Sauveterre-de-Guyenne,rurale_calme,rural_geographique_Nouvelle-Aquitaine,Nouvelle-Aquitaine,33
31581,Villaudric,rurale_calme,rural_geographique_Occitanie,Occitanie,31
49339,Soulaire-et-Bourg,rurale_calme,rural_geographique_Pays de la Loire,Pays de la Loire,49
05180,Les Vigneaux,rurale_calme,rural_geographique_Provence-Alpes-Côte d'Azur,Provence-Alpes-Côte d'Azur,05
77010,Aubepierre-Ozouer-le-Repos,rurale_calme,rural_geographique_Île-de-France,Île-de-France,77
07339,Vesseaux,rurale_calme,rural_geographique_Auvergne-Rhône-Alpes,Auvergne-Rhône-Alpes,07
25063,Blamont,rurale_calme,rural_geographique_Bourgogne-Franche-Comté,Bourgogne-Franche-Comté,25
35106,Ercé-en-Lamée,rurale_calme,rural_geographique_Bretagne,Bretagne,35
45228,Nibelle,rurale_calme,rural_geographique_Centre-Val de Loire,Centre-Val de Loire,45
67487,Surbourg,rurale_calme,rural_geographique_Grand Est,Grand Est,67
02575,Origny-Sainte-Benoite,rurale_calme,rural_geographique_Hauts-de-France,Hauts-de-France,02
14355,Ponts sur Seulles,rurale_calme,rural_geographique_Normandie,Normandie,14
79285,Saint-Pardoux-Soutiers,rurale_calme,rural_geographique_Nouvelle-Aquitaine,Nouvelle-Aquitaine,79
31284,Lauzerville,rurale_calme,rural_geographique_Occitanie,Occitanie,31
44139,Quilly,rurale_calme,rural_geographique_Pays de la Loire,Pays de la Loire,44
05053,Garde-Colombe,rurale_calme,rural_geographique_Provence-Alpes-Côte d'Azur,Provence-Alpes-Côte d'Azur,05
78474,Orvilliers,rurale_calme,rural_geographique_Île-de-France,Île-de-France,78
38336,Reventin-Vaugris,rurale_calme,rural_geographique_Auvergne-Rhône-Alpes,Auvergne-Rhône-Alpes,38
71294,Mercurey,rurale_calme,rural_geographique_Bourgogne-Franche-Comté,Bourgogne-Franche-Comté,71
22321,Saint-Nicolas-du-Pélem,rurale_calme,rural_geographique_Bretagne,Bretagne,22
37176,Noyant-de-Touraine,rurale_calme,rural_geographique_Centre-Val de Loire,Centre-Val de Loire,37
51423,Pargny-sur-Saulx,rurale_calme,rural_geographique_Grand Est,Grand Est,51
62506,Licques,rurale_calme,rural_geographique_Hauts-de-France,Hauts-de-France,62
27100,Boulleville,rurale_calme,rural_geographique_Normandie,Normandie,27
17065,Breuil-Magné,rurale_calme,rural_geographique_Nouvelle-Aquitaine,Nouvelle-Aquitaine,17
30281,Saint-Mamert-du-Gard,rurale_calme,rural_geographique_Occitanie,Occitanie,30
72169,Louplande,rurale_calme,rural_geographique_Pays de la Loire,Pays de la Loire,72
05098,Les Orres,rurale_calme,rural_geographique_Provence-Alpes-Côte d'Azur,Provence-Alpes-Côte d'Azur,05
77117,Citry,rurale_calme,rural_geographique_Île-de-France,Île-de-France,77
15083,Jussac,rurale_calme,rural_geographique_Auvergne-Rhône-Alpes,Auvergne-Rhône-Alpes,15
39441,Prémanon,rurale_calme,rural_geographique_Bourgogne-Franche-Comté,Bourgogne-Franche-Comté,39
29025,Cast,rurale_calme,rural_geographique_Bretagne,Bretagne,29
18028,Berry-Bouy,rurale_calme,rural_geographique_Centre-Val de Loire,Centre-Val de Loire,18
54123,Chavigny,rurale_calme,rural_geographique_Grand Est,Grand Est,54
59305,Herzeele,rurale_calme,rural_geographique_Hauts-de-France,Hauts-de-France,59
27114,Breuilpont,rurale_calme,rural_geographique_Normandie,Normandie,27
64094,Bardos,rurale_calme,rural_geographique_Nouvelle-Aquitaine,Nouvelle-Aquitaine,64
31037,Avignonet-Lauragais,rurale_calme,rural_geographique_Occitanie,Occitanie,31
72016,Auvers-le-Hamon,rurale_calme,rural_geographique_Pays de la Loire,Pays de la Loire,72
05109,Puy-Saint-Pierre,rurale_calme,rural_geographique_Provence-Alpes-Côte d'Azur,Provence-Alpes-Côte d'Azur,05
78307,Hermeray,rurale_calme,rural_geographique_Île-de-France,Île-de-France,78
38131,Les Côtes-d'Arey,rurale_calme,rural_geographique_Auvergne-Rhône-Alpes,Auvergne-Rhône-Alpes,38
58227,Saint-Amand-en-Puisaye,rurale_calme,rural_geographique_Bourgogne-Franche-Comté,Bourgogne-Franche-Comté,58
22175,Plédéliac,rurale_calme,rural_geographique_Bretagne,Bretagne,22
45006,Ardon,rurale_calme,rural_geographique_Centre-Val de Loire,Centre-Val de Loire,45
67550,Wœrth,rurale_calme,rural_geographique_Grand Est,Grand Est,67
60135,Cauvigny,rurale_calme,rural_geographique_Hauts-de-France,Hauts-de-France,60
61494,Trun,rurale_calme,rural_geographique_Normandie,Normandie,61
24370,Saint-Antoine-de-Breuilh,rurale_calme,rural_geographique_Nouvelle-Aquitaine,Nouvelle-Aquitaine,24
31239,L'Isle-en-Dodon,rurale_calme,rural_geographique_Occitanie,Occitanie,31
85131,Les Magnils-Reigniers,rurale_calme,rural_geographique_Pays de la Loire,Pays de la Loire,85
04061,Colmars,rurale_calme,rural_geographique_Provence-Alpes-Côte d'Azur,Provence-Alpes-Côte d'Azur,04
78020,Arnouville-lès-Mantes,rurale_calme,rural_geographique_Île-de-France,Île-de-France,78
03084,Cosne-d'Allier,rurale_calme,rural_geographique_Auvergne-Rhône-Alpes,Auvergne-Rhône-Alpes,03
21315,Hauteville-lès-Dijon,rurale_calme,rural_geographique_Bourgogne-Franche-Comté,Bourgogne-Franche-Comté,21
22379,Trévou-Tréguignec,rurale_calme,rural_geographique_Bretagne,Bretagne,22
36140,Neuvy-Pailloux,rurale_calme,rural_geographique_Centre-Val de Loire,Centre-Val de Loire,36
08173,Flize,rurale_calme,rural_geographique_Grand Est,Grand Est,08
02165,Charmes,rurale_calme,rural_geographique_Hauts-de-France,Hauts-de-France,02
50388,Orval sur Sienne,rurale_calme,rural_geographique_Normandie,Normandie,50
79125,Fors,rurale_calme,rural_geographique_Nouvelle-Aquitaine,Nouvelle-Aquitaine,79
30077,Cendras,rurale_calme,rural_geographique_Occitanie,Occitanie,30
85278,Saint-Vincent-sur-Jard,rurale_calme,rural_geographique_Pays de la Loire,Pays de la Loire,85
13057,Mas-Blanc-des-Alpilles,rurale_calme,rural_geographique_Provence-Alpes-Côte d'Azur,Provence-Alpes-Côte d'Azur,13
91469,Ormoy-la-Rivière,rurale_calme,rural_geographique_Île-de-France,Île-de-France,91
43200,Saint-Julien-Chapteuil,rurale_calme,rural_geographique_Auvergne-Rhône-Alpes,Auvergne-Rhône-Alpes,43
25245,Fontain,rurale_calme,rural_geographique_Bourgogne-Franche-Comté,Bourgogne-Franche-Comté,25
22299,Saint-Hélen,rurale_calme,rural_geographique_Bretagne,Bretagne,22
28022,Bailleau-l'Évêque,rurale_calme,rural_geographique_Centre-Val de Loire,Centre-Val de Loire,28
54196,Flavigny-sur-Moselle,rurale_calme,rural_geographique_Grand Est,Grand Est,54
62309,Esquerdes,rurale_calme,rural_geographique_Hauts-de-France,Hauts-de-France,62
27011,Amfreville-Saint-Amand,rurale_calme,rural_geographique_Normandie,Normandie,27
47210,Port-Sainte-Marie,rurale_calme,rural_geographique_Nouvelle-Aquitaine,Nouvelle-Aquitaine,47
31052,Beaumont-sur-Lèze,rurale_calme,rural_geographique_Occitanie,Occitanie,31
85026,La Boissière-des-Landes,rurale_calme,rural_geographique_Pays de la Loire,Pays de la Loire,85
84032,Caseneuve,rurale_calme,rural_geographique_Provence-Alpes-Côte d'Azur,Provence-Alpes-Côte d'Azur,84
78410,Moisson,rurale_calme,rural_geographique_Île-de-France,Île-de-France,78
63141,Durtol,rurale_calme,rural_geographique_Auvergne-Rhône-Alpes,Auvergne-Rhône-Alpes,63
71584,Viré,rurale_calme,rural_geographique_Bourgogne-Franche-Comté,Bourgogne-Franche-Comté,71
22034,Cavan,rurale_calme,rural_geographique_Bretagne,Bretagne,22
41126,Mareuil-sur-Cher,rurale_calme,rural_geographique_Centre-Val de Loire,Centre-Val de Loire,41
51663,Magenta,rurale_calme,rural_geographique_Grand Est,Grand Est,51
60154,Cinqueux,rurale_calme,rural_geographique_Hauts-de-France,Hauts-de-France,60
76728,La Vaupalière,rurale_calme,rural_geographique_Normandie,Normandie,76
17338,Saint-Georges-du-Bois,rurale_calme,rural_geographique_Nouvelle-Aquitaine,Nouvelle-Aquitaine,17
81074,Cunac,rurale_calme,rural_geographique_Occitanie,Occitanie,81
49231,Nuaillé,rurale_calme,rural_geographique_Pays de la Loire,Pays de la Loire,49
05156,Saint-Sauveur,rurale_calme,rural_geographique_Provence-Alpes-Côte d'Azur,Provence-Alpes-Côte d'Azur,05
77032,Beton-Bazoches,rurale_calme,rural_geographique_Île-de-France,Île-de-France,77
01163,Foissiat,rurale_calme,rural_geographique_Auvergne-Rhône-Alpes,Auvergne-Rhône-Alpes,01
71325,La Motte-Saint-Jean,rurale_calme,rural_geographique_Bourgogne-Franche-Comté,Bourgogne-Franche-Comté,71
22242,Plurien,rurale_calme,rural_geographique_Bretagne,Bretagne,22
45227,Nevoy,rurale_calme,rural_geographique_Centre-Val de Loire,Centre-Val de Loire,45
67525,Westhoffen,rurale_calme,rural_geographique_Grand Est,Grand Est,67
60212,Ercuis,rurale_calme,rural_geographique_Hauts-de-France,Hauts-de-France,60
14001,Ablon,rurale_calme,rural_geographique_Normandie,Normandie,14
17443,Thairé,rurale_calme,rural_geographique_Nouvelle-Aquitaine,Nouvelle-Aquitaine,17
81063,Castelnau-de-Lévis,rurale_calme,rural_geographique_Occitanie,Occitanie,81
72172,Le Luart,rurale_calme,rural_geographique_Pays de la Loire,Pays de la Loire,72
04163,Revest-du-Bion,rurale_calme,rural_geographique_Provence-Alpes-Côte d'Azur,Provence-Alpes-Côte d'Azur,04
78567,Saint-Martin-la-Garenne,rurale_calme,rural_geographique_Île-de-France,Île-de-France,78
73212,Val-d'Arc,rurale_calme,rural_geographique_Auvergne-Rhône-Alpes,Auvergne-Rhône-Alpes,73
21353,Longecourt-en-Plaine,rurale_calme,rural_geographique_Bourgogne-Franche-Comté,Bourgogne-Franche-Comté,21
29133,Locquirec,rurale_calme,rural_geographique_Bretagne,Bretagne,29
41258,Thésée,rurale_calme,rural_geographique_Centre-Val de Loire,Centre-Val de Loire,41
88188,Fresse-sur-Moselle,rurale_calme,rural_geographique_Grand Est,Grand Est,88
02504,Montescourt-Lizerolles,rurale_calme,rural_geographique_Hauts-de-France,Hauts-de-France,02
50648,Yvetot-Bocage,rurale_calme,rural_geographique_Normandie,Normandie,50
64057,Arthez-de-Béarn,rurale_calme,rural_geographique_Nouvelle-Aquitaine,Nouvelle-Aquitaine,64
66114,Montescot,rurale_calme,rural_geographique_Occitanie,Occitanie,66
49374,Villebernier,rurale_calme,rural_geographique_Pays de la Loire,Pays de la Loire,49
84115,Saint-Pierre-de-Vassols,rurale_calme,rural_geographique_Provence-Alpes-Côte d'Azur,Provence-Alpes-Côte d'Azur,84
78569,Sainte-Mesme,rurale_calme,rural_geographique_Île-de-France,Île-de-France,78
26357,Tulette,rurale_calme,rural_geographique_Auvergne-Rhône-Alpes,Auvergne-Rhône-Alpes,26
90076,Pérouse,rurale_calme,rural_geographique_Bourgogne-Franche-Comté,Bourgogne-Franche-Comté,90
35029,Bonnemain,rurale_calme,rural_geographique_Bretagne,Bretagne,35
28158,Fontenay-sur-Eure,rurale_calme,rural_geographique_Centre-Val de Loire,Centre-Val de Loire,28
67239,Kintzheim,rurale_calme,rural_geographique_Grand Est,Grand Est,67
60451,Neuilly-sous-Clermont,rurale_calme,rural_geographique_Hauts-de-France,Hauts-de-France,60
76295,Gaillefontaine,rurale_calme,rural_geographique_Normandie,Normandie,76
33484,Saint-Symphorien,rurale_calme,rural_geographique_Nouvelle-Aquitaine,Nouvelle-Aquitaine,33
30029,Barjac,rurale_calme,rural_geographique_Occitanie,Occitanie,30
44118,Pannecé,rurale_calme,rural_geographique_Pays de la Loire,Pays de la Loire,44
06154,Valderoure,rurale_calme,rural_geographique_Provence-Alpes-Côte d'Azur,Provence-Alpes-Côte d'Azur,06
77436,Saint-Siméon,rurale_calme,rural_geographique_Île-de-France,Île-de-France,77
73034,Beaufort,rurale_calme,rural_geographique_Auvergne-Rhône-Alpes,Auvergne-Rhône-Alpes,73
89227,Ligny-le-Châtel,rurale_calme,rural_geographique_Bourgogne-Franche-Comté,Bourgogne-Franche-Comté,89
35118,Gahard,rurale_calme,rural_geographique_Bretagne,Bretagne,35
45293,Saint-Maurice-sur-Fessard,rurale_calme,rural_geographique_Centre-Val de Loire,Centre-Val de Loire,45
54351,Marbache,rurale_calme,rural_geographique_Grand Est,Grand Est,54
62529,Lorgies,rurale_calme,rural_geographique_Hauts-de-France,Hauts-de-France,62
27548,Saint-Germain-sur-Avre,rurale_calme,rural_geographique_Normandie,Normandie,27
33047,Berson,rurale_calme,rural_geographique_Nouvelle-Aquitaine,Nouvelle-Aquitaine,33
31269,Lamasquère,rurale_calme,rural_geographique_Occitanie,Occitanie,31
72118,Dollon,rurale_calme,rural_geographique_Pays de la Loire,Pays de la Loire,72
83060,Fox-Amphoux,rurale_calme,rural_geographique_Provence-Alpes-Côte d'Azur,Provence-Alpes-Côte d'Azur,83
77156,Darvault,rurale_calme,rural_geographique_Île-de-France,Île-de-France,77
63352,Saint-Germain-Lembron,rurale_calme,rural_geographique_Auvergne-Rhône-Alpes,Auvergne-Rhône-Alpes,63
25159,Colombier-Fontaine,rurale_calme,rural_geographique_Bourgogne-Franche-Comté,Bourgogne-Franche-Comté,25
56128,Melrand,rurale_calme,rural_geographique_Bretagne,Bretagne,56
45259,Quiers-sur-Bezonde,rurale_calme,rural_geographique_Centre-Val de Loire,Centre-Val de Loire,45
57176,Diebling,rurale_calme,rural_geographique_Grand Est,Grand Est,57
62295,Enquin-lez-Guinegatte,rurale_calme,rural_geographique_Hauts-de-France,Hauts-de-France,62
14740,La Vespière-Friardel,rurale_calme,rural_geographique_Normandie,Normandie,14
64448,Poey-de-Lescar,rurale_calme,rural_geographique_Nouvelle-Aquitaine,Nouvelle-Aquitaine,64
31277,Lasserre-Pradère,rurale_calme,rural_geographique_Occitanie,Occitanie,31
72359,Torcé-en-Vallée,rurale_calme,rural_geographique_Pays de la Loire,Pays de la Loire,72
84041,Crillon-le-Brave,rurale_calme,rural_geographique_Provence-Alpes-Côte d'Azur,Provence-Alpes-Côte d'Azur,84
91581,Saint-Yon,rurale_calme,rural_geographique_Île-de-France,Île-de-France,91
38504,Theys,rurale_calme,rural_geographique_Auvergne-Rhône-Alpes,Auvergne-Rhône-Alpes,38
21699,Villers-les-Pots,rurale_calme,rural_geographique_Bourgogne-Franche-Comté,Bourgogne-Franche-Comté,21
29109,Landunvez,rurale_calme,rural_geographique_Bretagne,Bretagne,29
41101,Herbault,rurale_calme,rural_geographique_Centre-Val de Loire,Centre-Val de Loire,41
67326,Niederhausbergen,rurale_calme,rural_geographique_Grand Est,Grand Est,67
62609,Neuville-Saint-Vaast,rurale_calme,rural_geographique_Hauts-de-France,Hauts-de-France,62
61375,Boischampré,rurale_calme,rural_geographique_Normandie,Normandie,61
64373,Mazères-Lezons,rurale_calme,rural_geographique_Nouvelle-Aquitaine,Nouvelle-Aquitaine,64
82076,L'Honor-de-Cos,rurale_calme,rural_geographique_Occitanie,Occitanie,82
49120,Denée,rurale_calme,rural_geographique_Pays de la Loire,Pays de la Loire,49
04084,Estoublon,rurale_calme,rural_geographique_Provence-Alpes-Côte d'Azur,Provence-Alpes-Côte d'Azur,04
95395,Le Mesnil-Aubry,rurale_calme,rural_geographique_Île-de-France,Île-de-France,95
42046,Champdieu,rurale_calme,rural_geographique_Auvergne-Rhône-Alpes,Auvergne-Rhône-Alpes,42
25084,Boussières,rurale_calme,rural_geographique_Bourgogne-Franche-Comté,Bourgogne-Franche-Comté,25
56171,Pluherlin,rurale_calme,rural_geographique_Bretagne,Bretagne,56
45009,Aschères-le-Marché,rurale_calme,rural_geographique_Centre-Val de Loire,Centre-Val de Loire,45
55132,Cousances-les-Forges,rurale_calme,rural_geographique_Grand Est,Grand Est,55
02795,Vic-sur-Aisne,rurale_calme,rural_geographique_Hauts-de-France,Hauts-de-France,02
76558,Saint-Aubin-Celloville,rurale_calme,rural_geographique_Normandie,Normandie,76
33084,Cambes,rurale_calme,rural_geographique_Nouvelle-Aquitaine,Nouvelle-Aquitaine,33
30225,Sabran,rurale_calme,rural_geographique_Occitanie,Occitanie,30
49155,Grez-Neuville,rurale_calme,rural_geographique_Pays de la Loire,Pays de la Loire,49
05126,Rosans,rurale_calme,rural_geographique_Provence-Alpes-Côte d'Azur,Provence-Alpes-Côte d'Azur,05
77283,May-en-Multien,rurale_calme,rural_geographique_Île-de-France,Île-de-France,77
73296,Tignes,rurale_calme,rural_geographique_Auvergne-Rhône-Alpes,Auvergne-Rhône-Alpes,73
39017,Arlay,rurale_calme,rural_geographique_Bourgogne-Franche-Comté,Bourgogne-Franche-Comté,39
35057,La Chapelle-Bouëxic,rurale_calme,rural_geographique_Bretagne,Bretagne,35
28233,Marboué,rurale_calme,rural_geographique_Centre-Val de Loire,Centre-Val de Loire,28
67168,Gresswiller,rurale_calme,rural_geographique_Grand Est,Grand Est,67
62730,Ruminghem,rurale_calme,rural_geographique_Hauts-de-France,Hauts-de-France,62
76621,Saint-Martin-Osmonville,rurale_calme,rural_geographique_Normandie,Normandie,76
24487,Saint-Pierre-d'Eyraud,rurale_calme,rural_geographique_Nouvelle-Aquitaine,Nouvelle-Aquitaine,24
11288,Pezens,rurale_calme,rural_geographique_Occitanie,Occitanie,11
85010,Avrillé,rurale_calme,rural_geographique_Pays de la Loire,Pays de la Loire,85
05084,Montgardin,rurale_calme,rural_geographique_Provence-Alpes-Côte d'Azur,Provence-Alpes-Côte d'Azur,05
78497,Poigny-la-Forêt,rurale_calme,rural_geographique_Île-de-France,Île-de-France,78
38027,Barraux,rurale_calme,rural_geographique_Auvergne-Rhône-Alpes,Auvergne-Rhône-Alpes,38
39235,Fraisans,rurale_calme,rural_geographique_Bourgogne-Franche-Comté,Bourgogne-Franche-Comté,39
56006,Augan,rurale_calme,rural_geographique_Bretagne,Bretagne,56
41207,Saint-Dyé-sur-Loire,rurale_calme,rural_geographique_Centre-Val de Loire,Centre-Val de Loire,41
54025,Art-sur-Meurthe,rurale_calme,rural_geographique_Grand Est,Grand Est,54
60380,Mareuil-sur-Ourcq,rurale_calme,rural_geographique_Hauts-de-France,Hauts-de-France,60
27108,Bourth,rurale_calme,rural_geographique_Normandie,Normandie,27
33142,Cubnezais,rurale_calme,rural_geographique_Nouvelle-Aquitaine,Nouvelle-Aquitaine,33
12288,Valady,rurale_calme,rural_geographique_Occitanie,Occitanie,12
53211,Saint-Denis-de-Gastines,rurale_calme,rural_geographique_Pays de la Loire,Pays de la Loire,53
05063,La Grave,rurale_calme,rural_geographique_Provence-Alpes-Côte d'Azur,Provence-Alpes-Côte d'Azur,05
91292,Guibeville,rurale_calme,rural_geographique_Île-de-France,Île-de-France,91
38029,La Bâtie-Montgascon,rurale_calme,rural_geographique_Auvergne-Rhône-Alpes,Auvergne-Rhône-Alpes,38
90023,Chaux,rurale_calme,rural_geographique_Bourgogne-Franche-Comté,Bourgogne-Franche-Comté,90
29119,Lanrivoaré,rurale_calme,rural_geographique_Bretagne,Bretagne,29
37272,Villandry,rurale_calme,rural_geographique_Centre-Val de Loire,Centre-Val de Loire,37
08003,Aiglemont,rurale_calme,rural_geographique_Grand Est,Grand Est,08
60065,Berthecourt,rurale_calme,rural_geographique_Hauts-de-France,Hauts-de-France,60
50029,Barenton,rurale_calme,rural_geographique_Normandie,Normandie,50
47054,Castelmoron-sur-Lot,rurale_calme,rural_geographique_Nouvelle-Aquitaine,Nouvelle-Aquitaine,47
82131,Montpezat-de-Quercy,rurale_calme,rural_geographique_Occitanie,Occitanie,82
49284,Saint-Germain-des-Prés,rurale_calme,rural_geographique_Pays de la Loire,Pays de la Loire,49
83038,Châteaudouble,rurale_calme,rural_geographique_Provence-Alpes-Côte d'Azur,Provence-Alpes-Côte d'Azur,83
77089,La Chapelle-Rablais,rurale_calme,rural_geographique_Île-de-France,Île-de-France,77
01250,Misérieux,rurale_calme,rural_geographique_Auvergne-Rhône-Alpes,Auvergne-Rhône-Alpes,01
25309,Houtaud,rurale_calme,rural_geographique_Bourgogne-Franche-Comté,Bourgogne-Franche-Comté,25
35271,Saint-Georges-de-Reintembault,rurale_calme,rural_geographique_Bretagne,Bretagne,35
45144,Férolles,rurale_calme,rural_geographique_Centre-Val de Loire,Centre-Val de Loire,45
68252,Ostheim,rurale_calme,rural_geographique_Grand Est,Grand Est,68
62652,Pernes,rurale_calme,rural_geographique_Hauts-de-France,Hauts-de-France,62
76434,Mesnil-Raoul,rurale_calme,rural_geographique_Normandie,Normandie,76
19255,Seilhac,rurale_calme,rural_geographique_Nouvelle-Aquitaine,Nouvelle-Aquitaine,19
11009,Alzonne,rurale_calme,rural_geographique_Occitanie,Occitanie,11
44076,Jans,rurale_calme,rural_geographique_Pays de la Loire,Pays de la Loire,44
05075,Manteyer,rurale_calme,rural_geographique_Provence-Alpes-Côte d'Azur,Provence-Alpes-Côte d'Azur,05
78289,Grosrouvre,rurale_calme,rural_geographique_Île-de-France,Île-de-France,78
38081,Charantonnay,rurale_calme,rural_geographique_Auvergne-Rhône-Alpes,Auvergne-Rhône-Alpes,38
71523,Simard,rurale_calme,rural_geographique_Bourgogne-Franche-Comté,Bourgogne-Franche-Comté,71
29095,Kersaint-Plabennec,rurale_calme,rural_geographique_Bretagne,Bretagne,29
45035,Boiscommun,rurale_calme,rural_geographique_Centre-Val de Loire,Centre-Val de Loire,45
08180,La Francheville,rurale_calme,rural_geographique_Grand Est,Grand Est,08
60591,Saint-Paul,rurale_calme,rural_geographique_Hauts-de-France,Hauts-de-France,60
76374,Incheville,rurale_calme,rural_geographique_Normandie,Normandie,76
24002,Agonac,rurale_calme,rural_geographique_Nouvelle-Aquitaine,Nouvelle-Aquitaine,24
12223,Argences en Aubrac,rurale_calme,rural_geographique_Occitanie,Occitanie,12
53175,Parné-sur-Roc,rurale_calme,rural_geographique_Pays de la Loire,Pays de la Loire,53
05124,La Rochette,rurale_calme,rural_geographique_Provence-Alpes-Côte d'Azur,Provence-Alpes-Côte d'Azur,05
78209,Émancé,rurale_calme,rural_geographique_Île-de-France,Île-de-France,78
42013,Bellegarde-en-Forez,rurale_calme,rural_geographique_Auvergne-Rhône-Alpes,Auvergne-Rhône-Alpes,42
89124,Courlon-sur-Yonne,rurale_calme,rural_geographique_Bourgogne-Franche-Comté,Bourgogne-Franche-Comté,89
35315,Saint-Sulpice-la-Forêt,rurale_calme,rural_geographique_Bretagne,Bretagne,35
37001,Abilly,rurale_calme,rural_geographique_Centre-Val de Loire,Centre-Val de Loire,37
68185,Lièpvre,rurale_calme,rural_geographique_Grand Est,Grand Est,68
80677,Roisel,rurale_calme,rural_geographique_Hauts-de-France,Hauts-de-France,80
76020,Anneville-Ambourville,rurale_calme,rural_geographique_Normandie,Normandie,76
33490,Saint-Vivien-de-Médoc,rurale_calme,rural_geographique_Nouvelle-Aquitaine,Nouvelle-Aquitaine,33
12225,Saint-Georges-de-Luzençon,rurale_calme,rural_geographique_Occitanie,Occitanie,12
53124,Prée-d'Anjou,rurale_calme,rural_geographique_Pays de la Loire,Pays de la Loire,53
04203,Selonnet,rurale_calme,rural_geographique_Provence-Alpes-Côte d'Azur,Provence-Alpes-Côte d'Azur,04
95554,Saint-Gervais,rurale_calme,rural_geographique_Île-de-France,Île-de-France,95
01360,Saint-Jean-de-Gonville,rurale_calme,rural_geographique_Auvergne-Rhône-Alpes,Auvergne-Rhône-Alpes,01
90071,Montreux-Château,rurale_calme,rural_geographique_Bourgogne-Franche-Comté,Bourgogne-Franche-Comté,90
56047,Crédin,rurale_calme,rural_geographique_Bretagne,Bretagne,56
37193,Restigné,rurale_calme,rural_geographique_Centre-Val de Loire,Centre-Val de Loire,37
68005,Ammerschwihr,rurale_calme,rural_geographique_Grand Est,Grand Est,68
60570,Saint-Crépin-Ibouvillers,rurale_calme,rural_geographique_Hauts-de-France,Hauts-de-France,60
27170,Cormeilles,rurale_calme,rural_geographique_Normandie,Normandie,27
79351,Villiers-en-Plaine,rurale_calme,rural_geographique_Nouvelle-Aquitaine,Nouvelle-Aquitaine,79
12021,Le Bas Ségala,rurale_calme,rural_geographique_Occitanie,Occitanie,12
53123,Juvigné,rurale_calme,rural_geographique_Pays de la Loire,Pays de la Loire,53
05068,Jarjayes,rurale_calme,rural_geographique_Provence-Alpes-Côte d'Azur,Provence-Alpes-Côte d'Azur,05
78068,Blaru,rurale_calme,rural_geographique_Île-de-France,Île-de-France,78
43080,Craponne-sur-Arzon,rurale_calme,rural_geographique_Auvergne-Rhône-Alpes,Auvergne-Rhône-Alpes,43
21351,Longchamp,rurale_calme,rural_geographique_Bourgogne-Franche-Comté,Bourgogne-Franche-Comté,21
29108,Landudec,rurale_calme,rural_geographique_Bretagne,Bretagne,29
37052,Chançay,rurale_calme,rural_geographique_Centre-Val de Loire,Centre-Val de Loire,37
67485,Stutzheim-Offenheim,rurale_calme,rural_geographique_Grand Est,Grand Est,67
59418,Mortagne-du-Nord,rurale_calme,rural_geographique_Hauts-de-France,Hauts-de-France,59
50585,Surtainville,rurale_calme,rural_geographique_Normandie,Normandie,50
17284,Pont-l'Abbé-d'Arnoult,rurale_calme,rural_geographique_Nouvelle-Aquitaine,Nouvelle-Aquitaine,17
34038,Le Bousquet-d'Orb,rurale_calme,rural_geographique_Occitanie,Occitanie,34
53066,Chemazé,rurale_calme,rural_geographique_Pays de la Loire,Pays de la Loire,53
05107,Puy-Saint-André,rurale_calme,rural_geographique_Provence-Alpes-Côte d'Azur,Provence-Alpes-Côte d'Azur,05
77172,Esmans,rurale_calme,rural_geographique_Île-de-France,Île-de-France,77
38094,Châtonnay,rurale_calme,rural_geographique_Auvergne-Rhône-Alpes,Auvergne-Rhône-Alpes,38
71004,Allériot,rurale_calme,rural_geographique_Bourgogne-Franche-Comté,Bourgogne-Franche-Comté,71
56129,Ménéac,rurale_calme,rural_geographique_Bretagne,Bretagne,56
41262,Tour-en-Sologne,rurale_calme,rural_geographique_Centre-Val de Loire,Centre-Val de Loire,41
67351,Seebach,rurale_calme,rural_geographique_Grand Est,Grand Est,67
60562,Sacy-le-Grand,rurale_calme,rural_geographique_Hauts-de-France,Hauts-de-France,60
76291,Froberville,rurale_calme,rural_geographique_Normandie,Normandie,76
16073,Chalais,rurale_calme,rural_geographique_Nouvelle-Aquitaine,Nouvelle-Aquitaine,16
11081,Caunes-Minervois,rurale_calme,rural_geographique_Occitanie,Occitanie,11
85177,Les Velluire-sur-Vendée,rurale_calme,rural_geographique_Pays de la Loire,Pays de la Loire,85
84077,Modène,rurale_calme,rural_geographique_Provence-Alpes-Côte d'Azur,Provence-Alpes-Côte d'Azur,84
78522,Rochefort-en-Yvelines,rurale_calme,rural_geographique_Île-de-France,Île-de-France,78
38082,Charavines,rurale_calme,rural_geographique_Auvergne-Rhône-Alpes,Auvergne-Rhône-Alpes,38
21638,Til-Châtel,rurale_calme,rural_geographique_Bourgogne-Franche-Comté,Bourgogne-Franche-Comté,21
56261,La Vraie-Croix,rurale_calme,rural_geographique_Bretagne,Bretagne,56
37171,Noizay,rurale_calme,rural_geographique_Centre-Val de Loire,Centre-Val de Loire,37
68174,Landser,rurale_calme,rural_geographique_Grand Est,Grand Est,68
60333,Lachapelle-aux-Pots,rurale_calme,rural_geographique_Hauts-de-France,Hauts-de-France,60
61075,Ceaucé,rurale_calme,rural_geographique_Normandie,Normandie,61
79311,Secondigny,rurale_calme,rural_geographique_Nouvelle-Aquitaine,Nouvelle-Aquitaine,79
66026,Brouilla,rurale_calme,rural_geographique_Occitanie,Occitanie,66
49338,Soulaines-sur-Aubance,rurale_calme,rural_geographique_Pays de la Loire,Pays de la Loire,49
05054,La Fare-en-Champsaur,rurale_calme,rural_geographique_Provence-Alpes-Côte d'Azur,Provence-Alpes-Côte d'Azur,05
95529,Ronquerolles,rurale_calme,rural_geographique_Île-de-France,Île-de-France,95
38238,Moidieu-Détourbe,rurale_calme,rural_geographique_Auvergne-Rhône-Alpes,Auvergne-Rhône-Alpes,38
71289,Matour,rurale_calme,rural_geographique_Bourgogne-Franche-Comté,Bourgogne-Franche-Comté,71
56021,Brandérion,rurale_calme,rural_geographique_Bretagne,Bretagne,56
28253,Mignières,rurale_calme,rural_geographique_Centre-Val de Loire,Centre-Val de Loire,28
55184,Euville,rurale_calme,rural_geographique_Grand Est,Grand Est,55
59203,Erre,rurale_calme,rural_geographique_Hauts-de-France,Hauts-de-France,59
61324,Passais Villages,rurale_calme,rural_geographique_Normandie,Normandie,61
17179,Les Gonds,rurale_calme,rural_geographique_Nouvelle-Aquitaine,Nouvelle-Aquitaine,17
66177,Saint-Jean-Lasseille,rurale_calme,rural_geographique_Occitanie,Occitanie,66
53121,Javron-les-Chapelles,rurale_calme,rural_geographique_Pays de la Loire,Pays de la Loire,53
05115,Remollon,rurale_calme,rural_geographique_Provence-Alpes-Côte d'Azur,Provence-Alpes-Côte d'Azur,05
78470,Orphin,rurale_calme,rural_geographique_Île-de-France,Île-de-France,78
69235,Saint-Romain-en-Gal,rurale_calme,rural_geographique_Auvergne-Rhône-Alpes,Auvergne-Rhône-Alpes,69
90001,Andelnans,rurale_calme,rural_geographique_Bourgogne-Franche-Comté,Bourgogne-Franche-Comté,90
29226,Poullan-sur-Mer,rurale_calme,rural_geographique_Bretagne,Bretagne,29
45245,Ouzouer-sur-Trézée,rurale_calme,rural_geographique_Centre-Val de Loire,Centre-Val de Loire,45
08361,Renwez,rurale_calme,rural_geographique_Grand Est,Grand Est,08
59151,Colleret,rurale_calme,rural_geographique_Hauts-de-France,Hauts-de-France,59
27037,Barc,rurale_calme,rural_geographique_Normandie,Normandie,27
19203,Sainte-Fortunade,rurale_calme,rural_geographique_Nouvelle-Aquitaine,Nouvelle-Aquitaine,19
34136,Lézignan-la-Cèbe,rurale_calme,rural_geographique_Occitanie,Occitanie,34
85198,Saint-Aubin-des-Ormeaux,rurale_calme,rural_geographique_Pays de la Loire,Pays de la Loire,85
84046,Flassan,rurale_calme,rural_geographique_Provence-Alpes-Côte d'Azur,Provence-Alpes-Côte d'Azur,84
95452,Nointel,rurale_calme,rural_geographique_Île-de-France,Île-de-France,95
07338,Vernoux-en-Vivarais,rurale_calme,rural_geographique_Auvergne-Rhône-Alpes,Auvergne-Rhône-Alpes,07
71491,Saint-Yan,rurale_calme,rural_geographique_Bourgogne-Franche-Comté,Bourgogne-Franche-Comté,71
22228,Plounévez-Moëdec,rurale_calme,rural_geographique_Bretagne,Bretagne,22
41052,Chitenay,rurale_calme,rural_geographique_Centre-Val de Loire,Centre-Val de Loire,41
67526,Westhouse,rurale_calme,rural_geographique_Grand Est,Grand Est,67
60277,Goincourt,rurale_calme,rural_geographique_Hauts-de-France,Hauts-de-France,60
76001,Allouville-Bellefosse,rurale_calme,rural_geographique_Normandie,Normandie,76
33454,Saint-Morillon,rurale_calme,rural_geographique_Nouvelle-Aquitaine,Nouvelle-Aquitaine,33
34067,Cazilhac,rurale_calme,rural_geographique_Occitanie,Occitanie,34
72068,La Chartre-sur-le-Loir,rurale_calme,rural_geographique_Pays de la Loire,Pays de la Loire,72
84146,Villedieu,rurale_calme,rural_geographique_Provence-Alpes-Côte d'Azur,Provence-Alpes-Côte d'Azur,84
95651,Vétheuil,rurale_calme,rural_geographique_Île-de-France,Île-de-France,95
69175,Savigny,rurale_calme,rural_geographique_Auvergne-Rhône-Alpes,Auvergne-Rhône-Alpes,69
89046,Bléneau,rurale_calme,rural_geographique_Bourgogne-Franche-Comté,Bourgogne-Franche-Comté,89
35169,Maxent,rurale_calme,rural_geographique_Bretagne,Bretagne,35
36224,Tournon-Saint-Martin,rurale_calme,rural_geographique_Centre-Val de Loire,Centre-Val de Loire,36
88011,Arches,rurale_calme,rural_geographique_Grand Est,Grand Est,88
59018,Arnèke,rurale_calme,rural_geographique_Hauts-de-France,Hauts-de-France,59
14026,Audrieu,rurale_calme,rural_geographique_Normandie,Normandie,14
87177,Saint-Priest-sous-Aixe,rurale_calme,rural_geographique_Nouvelle-Aquitaine,Nouvelle-Aquitaine,87
30184,Moussac,rurale_calme,rural_geographique_Occitanie,Occitanie,30
72381,Voivres-lès-le-Mans,rurale_calme,rural_geographique_Pays de la Loire,Pays de la Loire,72
05085,Montgenèvre,rurale_calme,rural_geographique_Provence-Alpes-Côte d'Azur,Provence-Alpes-Côte d'Azur,05
78398,Les Mesnuls,rurale_calme,rural_geographique_Île-de-France,Île-de-France,78
42242,Saint-Joseph,rurale_calme,rural_geographique_Auvergne-Rhône-Alpes,Auvergne-Rhône-Alpes,42
89208,Joux-la-Ville,rurale_calme,rural_geographique_Bourgogne-Franche-Comté,Bourgogne-Franche-Comté,89
29227,Poullaouen,rurale_calme,rural_geographique_Bretagne,Bretagne,29
18235,Sainte-Solange,rurale_calme,rural_geographique_Centre-Val de Loire,Centre-Val de Loire,18
68217,Moosch,rurale_calme,rural_geographique_Grand Est,Grand Est,68
59528,Saint-Aubert,rurale_calme,rural_geographique_Hauts-de-France,Hauts-de-France,59
76043,Auzebosc,rurale_calme,rural_geographique_Normandie,Normandie,76
40264,Saint-Jean-de-Marsacq,rurale_calme,rural_geographique_Nouvelle-Aquitaine,Nouvelle-Aquitaine,40
30147,Lézan,rurale_calme,rural_geographique_Occitanie,Occitanie,30
49022,Beaulieu-sur-Layon,rurale_calme,rural_geographique_Pays de la Loire,Pays de la Loire,49
04113,Marcoux,rurale_calme,rural_geographique_Provence-Alpes-Côte d'Azur,Provence-Alpes-Côte d'Azur,04
77025,Bazoches-lès-Bray,rurale_calme,rural_geographique_Île-de-France,Île-de-France,77
73329,Voglans,rurale_calme,rural_geographique_Auvergne-Rhône-Alpes,Auvergne-Rhône-Alpes,73
21352,Longeault-Pluvault,rurale_calme,rural_geographique_Bourgogne-Franche-Comté,Bourgogne-Franche-Comté,21
22349,Trédrez-Locquémeau,rurale_calme,rural_geographique_Bretagne,Bretagne,22
36199,Sainte-Lizaigne,rurale_calme,rural_geographique_Centre-Val de Loire,Centre-Val de Loire,36
88349,Plainfaing,rurale_calme,rural_geographique_Grand Est,Grand Est,88
62195,Calonne-sur-la-Lys,rurale_calme,rural_geographique_Hauts-de-France,Hauts-de-France,62
27238,Ferrières-Haut-Clocher,rurale_calme,rural_geographique_Normandie,Normandie,27
33357,Roaillan,rurale_calme,rural_geographique_Nouvelle-Aquitaine,Nouvelle-Aquitaine,33
12084,Creissels,rurale_calme,rural_geographique_Occitanie,Occitanie,12
85126,Longèves,rurale_calme,rural_geographique_Pays de la Loire,Pays de la Loire,85
84045,Faucon,rurale_calme,rural_geographique_Provence-Alpes-Côte d'Azur,Provence-Alpes-Côte d'Azur,84
95008,Aincourt,rurale_calme,rural_geographique_Île-de-France,Île-de-France,95
63022,Auzat-la-Combelle,rurale_calme,rural_geographique_Auvergne-Rhône-Alpes,Auvergne-Rhône-Alpes,63
21458,Noiron-sous-Gevrey,rurale_calme,rural_geographique_Bourgogne-Franche-Comté,Bourgogne-Franche-Comté,21
56131,Meslan,rurale_calme,rural_geographique_Bretagne,Bretagne,56
18004,Allogny,rurale_calme,rural_geographique_Centre-Val de Loire,Centre-Val de Loire,18
55573,Void-Vacon,rurale_calme,rural_geographique_Grand Est,Grand Est,55
59533,Saint-Hilaire-lez-Cambrai,rurale_calme,rural_geographique_Hauts-de-France,Hauts-de-France,59
27470,Pont-Saint-Pierre,rurale_calme,rural_geographique_Normandie,Normandie,27
79031,Beauvoir-sur-Niort,rurale_calme,rural_geographique_Nouvelle-Aquitaine,Nouvelle-Aquitaine,79
81128,Lacrouzette,rurale_calme,rural_geographique_Occitanie,Occitanie,81
49329,Savennières,rurale_calme,rural_geographique_Pays de la Loire,Pays de la Loire,49
05142,Saint-Firmin,rurale_calme,rural_geographique_Provence-Alpes-Côte d'Azur,Provence-Alpes-Côte d'Azur,05
77418,Saint-Loup-de-Naud,rurale_calme,rural_geographique_Île-de-France,Île-de-France,77
63349,Saint-Georges-de-Mons,rurale_calme,rural_geographique_Auvergne-Rhône-Alpes,Auvergne-Rhône-Alpes,63
25156,Pays-de-Clerval,rurale_calme,rural_geographique_Bourgogne-Franche-Comté,Bourgogne-Franche-Comté,25
29086,Irvillac,rurale_calme,rural_geographique_Bretagne,Bretagne,29
18246,Savigny-en-Sancerre,rurale_calme,rural_geographique_Centre-Val de Loire,Centre-Val de Loire,18
08043,Balan,rurale_calme,rural_geographique_Grand Est,Grand Est,08
59105,Bouvignies,rurale_calme,rural_geographique_Hauts-de-France,Hauts-de-France,59
27378,La Madeleine-de-Nonancourt,rurale_calme,rural_geographique_Normandie,Normandie,27
79066,Champdeniers,rurale_calme,rural_geographique_Nouvelle-Aquitaine,Nouvelle-Aquitaine,79
34204,Plaissan,rurale_calme,rural_geographique_Occitanie,Occitanie,34
85259,Saint-Paul-en-Pareds,rurale_calme,rural_geographique_Pays de la Loire,Pays de la Loire,85
84075,Méthamis,rurale_calme,rural_geographique_Provence-Alpes-Côte d'Azur,Provence-Alpes-Côte d'Azur,84
77293,Misy-sur-Yonne,rurale_calme,rural_geographique_Île-de-France,Île-de-France,77
74161,Marcellaz-Albanais,rurale_calme,rural_geographique_Auvergne-Rhône-Alpes,Auvergne-Rhône-Alpes,74
39501,Sampans,rurale_calme,rural_geographique_Bourgogne-Franche-Comté,Bourgogne-Franche-Comté,39
35082,Coësmes,rurale_calme,rural_geographique_Bretagne,Bretagne,35
37228,Saint-Nicolas-de-Bourgueil,rurale_calme,rural_geographique_Centre-Val de Loire,Centre-Val de Loire,37
57716,Vigy,rurale_calme,rural_geographique_Grand Est,Grand Est,57
59666,Zegerscappel,rurale_calme,rural_geographique_Hauts-de-France,Hauts-de-France,59
27439,Normanville,rurale_calme,rural_geographique_Normandie,Normandie,27
64198,Denguin,rurale_calme,rural_geographique_Nouvelle-Aquitaine,Nouvelle-Aquitaine,64
81171,Montans,rurale_calme,rural_geographique_Occitanie,Occitanie,81
53104,Gennes-Longuefuye,rurale_calme,rural_geographique_Pays de la Loire,Pays de la Loire,53
06132,Saorge,rurale_calme,rural_geographique_Provence-Alpes-Côte d'Azur,Provence-Alpes-Côte d'Azur,06
95040,Avernes,rurale_calme,rural_geographique_Île-de-France,Île-de-France,95
01231,Manziat,rurale_calme,rural_geographique_Auvergne-Rhône-Alpes,Auvergne-Rhône-Alpes,01
71119,Chaudenay,rurale_calme,rural_geographique_Bourgogne-Franche-Comté,Bourgogne-Franche-Comté,71
56219,Saint-Guyomard,rurale_calme,rural_geographique_Bretagne,Bretagne,56
41175,Pezou,rurale_calme,rural_geographique_Centre-Val de Loire,Centre-Val de Loire,41
67095,Diemeringen,rurale_calme,rural_geographique_Grand Est,Grand Est,67
80488,Longpré-les-Corps-Saints,rurale_calme,rural_geographique_Hauts-de-France,Hauts-de-France,80
61294,Mortrée,rurale_calme,rural_geographique_Normandie,Normandie,61
33394,Saint-Émilion,rurale_calme,rural_geographique_Nouvelle-Aquitaine,Nouvelle-Aquitaine,33
82005,Aucamville,rurale_calme,rural_geographique_Occitanie,Occitanie,82
72247,Pruillé-le-Chétif,rurale_calme,rural_geographique_Pays de la Loire,Pays de la Loire,72
84058,Lacoste,rurale_calme,rural_geographique_Provence-Alpes-Côte d'Azur,Provence-Alpes-Côte d'Azur,84
77477,Ury,rurale_calme,rural_geographique_Île-de-France,Île-de-France,77
01148,Dortan,rurale_calme,rural_geographique_Auvergne-Rhône-Alpes,Auvergne-Rhône-Alpes,01
39016,Arinthod,rurale_calme,rural_geographique_Bourgogne-Franche-Comté,Bourgogne-Franche-Comté,39
29093,Kernilis,rurale_calme,rural_geographique_Bretagne,Bretagne,29
45307,La Selle-sur-le-Bied,rurale_calme,rural_geographique_Centre-Val de Loire,Centre-Val de Loire,45
68089,Fellering,rurale_calme,rural_geographique_Grand Est,Grand Est,68
62050,Auchy-lès-Hesdin,rurale_calme,rural_geographique_Hauts-de-France,Hauts-de-France,62
76727,Vatteville-la-Rue,rurale_calme,rural_geographique_Normandie,Normandie,76
24028,Beaumontois en Périgord,rurale_calme,rural_geographique_Nouvelle-Aquitaine,Nouvelle-Aquitaine,24
46334,Le Vigan-en-Quercy,rurale_calme,rural_geographique_Occitanie,Occitanie,46
49311,Saint-Philbert-du-Peuple,rurale_calme,rural_geographique_Pays de la Loire,Pays de la Loire,49
84049,Gigondas,rurale_calme,rural_geographique_Provence-Alpes-Côte d'Azur,Provence-Alpes-Côte d'Azur,84
95074,Boisemont,rurale_calme,rural_geographique_Île-de-France,Île-de-France,95
69189,Sainte-Colombe,rurale_calme,rural_geographique_Auvergne-Rhône-Alpes,Auvergne-Rhône-Alpes,69
39297,Longchaumois,rurale_calme,rural_geographique_Bourgogne-Franche-Comté,Bourgogne-Franche-Comté,39
56011,Béganne,rurale_calme,rural_geographique_Bretagne,Bretagne,56
45345,Vimory,rurale_calme,rural_geographique_Centre-Val de Loire,Centre-Val de Loire,45
54129,Cirey-sur-Vezouze,rurale_calme,rural_geographique_Grand Est,Grand Est,54
62727,Ruitz,rurale_calme,rural_geographique_Hauts-de-France,Hauts-de-France,62
27474,Poses,rurale_calme,rural_geographique_Normandie,Normandie,27
87185,Saint-Victurnien,rurale_calme,rural_geographique_Nouvelle-Aquitaine,Nouvelle-Aquitaine,87
11199,Lavalette,rurale_calme,rural_geographique_Occitanie,Occitanie,11
85106,La Guérinière,rurale_calme,rural_geographique_Pays de la Loire,Pays de la Loire,85
84101,La Roque-sur-Pernes,rurale_calme,rural_geographique_Provence-Alpes-Côte d'Azur,Provence-Alpes-Côte d'Azur,84
77272,Maison-Rouge,rurale_calme,rural_geographique_Île-de-France,Île-de-France,77
26002,Albon,rurale_calme,rural_geographique_Auvergne-Rhône-Alpes,Auvergne-Rhône-Alpes,26
71506,Savigny-en-Revermont,rurale_calme,rural_geographique_Bourgogne-Franche-Comté,Bourgogne-Franche-Comté,71
56188,Quistinic,rurale_calme,rural_geographique_Bretagne,Bretagne,56
28405,Vert-en-Drouais,rurale_calme,rural_geographique_Centre-Val de Loire,Centre-Val de Loire,28
57477,Montbronn,rurale_calme,rural_geographique_Grand Est,Grand Est,57
62524,Longfossé,rurale_calme,rural_geographique_Hauts-de-France,Hauts-de-France,62
76673,Servaville-Salmonville,rurale_calme,rural_geographique_Normandie,Normandie,76
17041,Benon,rurale_calme,rural_geographique_Nouvelle-Aquitaine,Nouvelle-Aquitaine,17
81046,Cadalen,rurale_calme,rural_geographique_Occitanie,Occitanie,81
53157,Montigné-le-Brillant,rurale_calme,rural_geographique_Pays de la Loire,Pays de la Loire,53
04206,Sigonce,rurale_calme,rural_geographique_Provence-Alpes-Côte d'Azur,Provence-Alpes-Côte d'Azur,04
78444,Neauphlette,rurale_calme,rural_geographique_Île-de-France,Île-de-France,78
73100,Domessin,rurale_calme,rural_geographique_Auvergne-Rhône-Alpes,Auvergne-Rhône-Alpes,73
39339,Chassal-Molinges,rurale_calme,rural_geographique_Bourgogne-Franche-Comté,Bourgogne-Franche-Comté,39
29002,Arzano,rurale_calme,rural_geographique_Bretagne,Bretagne,29
41294,Villiers-sur-Loir,rurale_calme,rural_geographique_Centre-Val de Loire,Centre-Val de Loire,41
08298,Montcy-Notre-Dame,rurale_calme,rural_geographique_Grand Est,Grand Est,08
02237,Crécy-sur-Serre,rurale_calme,rural_geographique_Hauts-de-France,Hauts-de-France,02
27654,Tourville-la-Campagne,rurale_calme,rural_geographique_Normandie,Normandie,27
17484,Port-des-Barques,rurale_calme,rural_geographique_Nouvelle-Aquitaine,Nouvelle-Aquitaine,17
34119,Hérépian,rurale_calme,rural_geographique_Occitanie,Occitanie,34
72226,Oizé,rurale_calme,rural_geographique_Pays de la Loire,Pays de la Loire,72
84040,Crestet,rurale_calme,rural_geographique_Provence-Alpes-Côte d'Azur,Provence-Alpes-Côte d'Azur,84
78681,Villiers-le-Mahieu,rurale_calme,rural_geographique_Île-de-France,Île-de-France,78
42289,Saint-Symphorien-de-Lay,rurale_calme,rural_geographique_Auvergne-Rhône-Alpes,Auvergne-Rhône-Alpes,42
71513,Senozan,rurale_calme,rural_geographique_Bourgogne-Franche-Comté,Bourgogne-Franche-Comté,71
35351,Le Verger,rurale_calme,rural_geographique_Bretagne,Bretagne,35
18165,Neuvy-sur-Barangeon,rurale_calme,rural_geographique_Centre-Val de Loire,Centre-Val de Loire,18
54286,Labry,rurale_calme,rural_geographique_Grand Est,Grand Est,54
62390,Groffliers,rurale_calme,rural_geographique_Hauts-de-France,Hauts-de-France,62
76390,Les Loges,rurale_calme,rural_geographique_Normandie,Normandie,76
79129,Fressines,rurale_calme,rural_geographique_Nouvelle-Aquitaine,Nouvelle-Aquitaine,79
32242,Masseube,rurale_calme,rural_geographique_Occitanie,Occitanie,32
53155,Montenay,rurale_calme,rural_geographique_Pays de la Loire,Pays de la Loire,53
05011,Avançon,rurale_calme,rural_geographique_Provence-Alpes-Côte d'Azur,Provence-Alpes-Côte d'Azur,05
77347,Les Ormes-sur-Voulzie,rurale_calme,rural_geographique_Île-de-France,Île-de-France,77
73055,Bozel,rurale_calme,rural_geographique_Auvergne-Rhône-Alpes,Auvergne-Rhône-Alpes,73
90065,Lepuix,rurale_calme,rural_geographique_Bourgogne-Franche-Comté,Bourgogne-Franche-Comté,90
35104,Epiniac,rurale_calme,rural_geographique_Bretagne,Bretagne,35
28099,Chuisnes,rurale_calme,rural_geographique_Centre-Val de Loire,Centre-Val de Loire,28
55551,Vigneulles-lès-Hattonchâtel,rurale_calme,rural_geographique_Grand Est,Grand Est,55
80625,Trois-Rivières,rurale_calme,rural_geographique_Hauts-de-France,Hauts-de-France,80
61232,Lonlay-l'Abbaye,rurale_calme,rural_geographique_Normandie,Normandie,61
17393,Saint-Romain-de-Benet,rurale_calme,rural_geographique_Nouvelle-Aquitaine,Nouvelle-Aquitaine,17
12131,La Loubière,rurale_calme,rural_geographique_Occitanie,Occitanie,12
85264,Saint-Pierre-du-Chemin,rurale_calme,rural_geographique_Pays de la Loire,Pays de la Loire,85
04124,Montagnac-Montpezat,rurale_calme,rural_geographique_Provence-Alpes-Côte d'Azur,Provence-Alpes-Côte d'Azur,04
95678,Villiers-Adam,rurale_calme,rural_geographique_Île-de-France,Île-de-France,95
26208,Montoison,rurale_calme,rural_geographique_Auvergne-Rhône-Alpes,Auvergne-Rhône-Alpes,26
71481,Saint-Symphorien-d'Ancelles,rurale_calme,rural_geographique_Bourgogne-Franche-Comté,Bourgogne-Franche-Comté,71
22177,Pléguien,rurale_calme,rural_geographique_Bretagne,Bretagne,22
28371,Saussay,rurale_calme,rural_geographique_Centre-Val de Loire,Centre-Val de Loire,28
67538,Wingen-sur-Moder,rurale_calme,rural_geographique_Grand Est,Grand Est,67
59289,Haussy,rurale_calme,rural_geographique_Hauts-de-France,Hauts-de-France,59
27390,Marcilly-la-Campagne,rurale_calme,rural_geographique_Normandie,Normandie,27
24553,Tocane-Saint-Apre,rurale_calme,rural_geographique_Nouvelle-Aquitaine,Nouvelle-Aquitaine,24
30178,Montfaucon,rurale_calme,rural_geographique_Occitanie,Occitanie,30
72056,Champfleur,rurale_calme,rural_geographique_Pays de la Loire,Pays de la Loire,72
04158,Quinson,rurale_calme,rural_geographique_Provence-Alpes-Côte d'Azur,Provence-Alpes-Côte d'Azur,04
78647,Vert,rurale_calme,rural_geographique_Île-de-France,Île-de-France,78
07279,Saint-Montan,rurale_calme,rural_geographique_Auvergne-Rhône-Alpes,Auvergne-Rhône-Alpes,07
71558,Varennes-Saint-Sauveur,rurale_calme,rural_geographique_Bourgogne-Franche-Comté,Bourgogne-Franche-Comté,71
35098,La Dominelais,rurale_calme,rural_geographique_Bretagne,Bretagne,35
28325,Saint-Aubin-des-Bois,rurale_calme,rural_geographique_Centre-Val de Loire,Centre-Val de Loire,28
88029,La Vôge-les-Bains,rurale_calme,rural_geographique_Grand Est,Grand Est,88
60404,Mogneville,rurale_calme,rural_geographique_Hauts-de-France,Hauts-de-France,60
27133,Caumont,rurale_calme,rural_geographique_Normandie,Normandie,27
17396,Saint-Sauveur-d'Aunis,rurale_calme,rural_geographique_Nouvelle-Aquitaine,Nouvelle-Aquitaine,17
81104,Giroussens,rurale_calme,rural_geographique_Occitanie,Occitanie,81
49352,Toutlemonde,rurale_calme,rural_geographique_Pays de la Loire,Pays de la Loire,49
04022,Barrême,rurale_calme,rural_geographique_Provence-Alpes-Côte d'Azur,Provence-Alpes-Côte d'Azur,04
77357,Pécy,rurale_calme,rural_geographique_Île-de-France,Île-de-France,77
43113,Lantriac,rurale_calme,rural_geographique_Auvergne-Rhône-Alpes,Auvergne-Rhône-Alpes,43
21105,Bressey-sur-Tille,rurale_calme,rural_geographique_Bourgogne-Franche-Comté,Bourgogne-Franche-Comté,21
29081,Huelgoat,rurale_calme,rural_geographique_Bretagne,Bretagne,29
28302,Pontgouin,rurale_calme,rural_geographique_Centre-Val de Loire,Centre-Val de Loire,28
54040,Badonviller,rurale_calme,rural_geographique_Grand Est,Grand Est,54
59029,Auchy-lez-Orchies,rurale_calme,rural_geographique_Hauts-de-France,Hauts-de-France,59
76675,Sierville,rurale_calme,rural_geographique_Normandie,Normandie,76
64324,Lasseube,rurale_calme,rural_geographique_Nouvelle-Aquitaine,Nouvelle-Aquitaine,64
34180,Nébian,rurale_calme,rural_geographique_Occitanie,Occitanie,34
53018,Ballots,rurale_calme,rural_geographique_Pays de la Loire,Pays de la Loire,53
84085,Murs,rurale_calme,rural_geographique_Provence-Alpes-Côte d'Azur,Provence-Alpes-Côte d'Azur,84
91195,Dannemois,rurale_calme,rural_geographique_Île-de-France,Île-de-France,91
38253,Les Deux Alpes,rurale_calme,rural_geographique_Auvergne-Rhône-Alpes,Auvergne-Rhône-Alpes,38
71162,Curgy,rurale_calme,rural_geographique_Bourgogne-Franche-Comté,Bourgogne-Franche-Comté,71
22059,Le Fœil,rurale_calme,rural_geographique_Bretagne,Bretagne,22
28332,Sainte-Gemme-Moronval,rurale_calme,rural_geographique_Centre-Val de Loire,Centre-Val de Loire,28
88351,Plombières-les-Bains,rurale_calme,rural_geographique_Grand Est,Grand Est,88
62045,Aubigny-en-Artois,rurale_calme,rural_geographique_Hauts-de-France,Hauts-de-France,62
27126,Campigny,rurale_calme,rural_geographique_Normandie,Normandie,27
86014,Availles-en-Châtellerault,rurale_calme,rural_geographique_Nouvelle-Aquitaine,Nouvelle-Aquitaine,86
30146,Lédignan,rurale_calme,rural_geographique_Occitanie,Occitanie,30
49174,Huillé-Lézigné,rurale_calme,rural_geographique_Pays de la Loire,Pays de la Loire,49
06028,Caille,rurale_calme,rural_geographique_Provence-Alpes-Côte d'Azur,Provence-Alpes-Côte d'Azur,06
78506,Prunay-en-Yvelines,rurale_calme,rural_geographique_Île-de-France,Île-de-France,78
69080,Échalas,rurale_calme,rural_geographique_Auvergne-Rhône-Alpes,Auvergne-Rhône-Alpes,69
71250,Laizé,rurale_calme,rural_geographique_Bourgogne-Franche-Comté,Bourgogne-Franche-Comté,71
35132,Hirel,rurale_calme,rural_geographique_Bretagne,Bretagne,35
37278,Villeperdue,rurale_calme,rural_geographique_Centre-Val de Loire,Centre-Val de Loire,37
68022,Battenheim,rurale_calme,rural_geographique_Grand Est,Grand Est,68
62181,Bucquoy,rurale_calme,rural_geographique_Hauts-de-France,Hauts-de-France,62
14557,Saint-Arnoult,rurale_calme,rural_geographique_Normandie,Normandie,14
86245,Senillé-Saint-Sauveur,rurale_calme,rural_geographique_Nouvelle-Aquitaine,Nouvelle-Aquitaine,86
81238,Saint-Amans-Soult,rurale_calme,rural_geographique_Occitanie,Occitanie,81
49029,Blaison-Saint-Sulpice,rurale_calme,rural_geographique_Pays de la Loire,Pays de la Loire,49
06041,Cipières,rurale_calme,rural_geographique_Provence-Alpes-Côte d'Azur,Provence-Alpes-Côte d'Azur,06
78164,Clairefontaine-en-Yvelines,rurale_calme,rural_geographique_Île-de-France,Île-de-France,78
38490,Sillans,rurale_calme,rural_geographique_Auvergne-Rhône-Alpes,Auvergne-Rhône-Alpes,38
89453,Villefargeau,rurale_calme,rural_geographique_Bourgogne-Franche-Comté,Bourgogne-Franche-Comté,89
56079,Guillac,rurale_calme,rural_geographique_Bretagne,Bretagne,56
28357,Saint-Piat,rurale_calme,rural_geographique_Centre-Val de Loire,Centre-Val de Loire,28
10030,Barberey-Saint-Sulpice,rurale_calme,rural_geographique_Grand Est,Grand Est,10
59613,Vicq,rurale_calme,rural_geographique_Hauts-de-France,Hauts-de-France,59
61234,Lonrai,rurale_calme,rural_geographique_Normandie,Normandie,61
23247,Saint-Vaury,rurale_calme,rural_geographique_Nouvelle-Aquitaine,Nouvelle-Aquitaine,23
11255,Montredon-des-Corbières,rurale_calme,rural_geographique_Occitanie,Occitanie,11
85022,Le Bernard,rurale_calme,rural_geographique_Pays de la Loire,Pays de la Loire,85
04126,Montclar,rurale_calme,rural_geographique_Provence-Alpes-Côte d'Azur,Provence-Alpes-Côte d'Azur,04
77456,Soisy-Bouy,rurale_calme,rural_geographique_Île-de-France,Île-de-France,77
74275,Talloires-Montmin,rurale_calme,rural_geographique_Auvergne-Rhône-Alpes,Auvergne-Rhône-Alpes,74
58057,Chantenay-Saint-Imbert,rurale_calme,rural_geographique_Bourgogne-Franche-Comté,Bourgogne-Franche-Comté,58
22239,Plumaudan,rurale_calme,rural_geographique_Bretagne,Bretagne,22
28309,Prunay-le-Gillon,rurale_calme,rural_geographique_Centre-Val de Loire,Centre-Val de Loire,28
54149,Crusnes,rurale_calme,rural_geographique_Grand Est,Grand Est,54
60042,Bailleval,rurale_calme,rural_geographique_Hauts-de-France,Hauts-de-France,60
76490,Ourville-en-Caux,rurale_calme,rural_geographique_Normandie,Normandie,76
24571,Vergt,rurale_calme,rural_geographique_Nouvelle-Aquitaine,Nouvelle-Aquitaine,24
46015,Bagnac-sur-Célé,rurale_calme,rural_geographique_Occitanie,Occitanie,46
53072,Commer,rurale_calme,rural_geographique_Pays de la Loire,Pays de la Loire,53
04073,Enchastrayes,rurale_calme,rural_geographique_Provence-Alpes-Côte d'Azur,Provence-Alpes-Côte d'Azur,04
77071,Chaintreaux,rurale_calme,rural_geographique_Île-de-France,Île-de-France,77
38076,La Chapelle-de-la-Tour,rurale_calme,rural_geographique_Auvergne-Rhône-Alpes,Auvergne-Rhône-Alpes,38
89085,Charmoy,rurale_calme,rural_geographique_Bourgogne-Franche-Comté,Bourgogne-Franche-Comté,89
56022,Brandivy,rurale_calme,rural_geographique_Bretagne,Bretagne,56
41045,Chaumont-sur-Loire,rurale_calme,rural_geographique_Centre-Val de Loire,Centre-Val de Loire,41
54113,Champenoux,rurale_calme,rural_geographique_Grand Est,Grand Est,54
80798,Villers-Bocage,rurale_calme,rural_geographique_Hauts-de-France,Hauts-de-France,80
61382,Saint-Denis-sur-Sarthon,rurale_calme,rural_geographique_Normandie,Normandie,61
19066,Cublac,rurale_calme,rural_geographique_Nouvelle-Aquitaine,Nouvelle-Aquitaine,19
09207,Montgailhard,rurale_calme,rural_geographique_Occitanie,Occitanie,09
49369,Vernoil-le-Fourrier,rurale_calme,rural_geographique_Pays de la Loire,Pays de la Loire,49
04075,Entrepierres,rurale_calme,rural_geographique_Provence-Alpes-Côte d'Azur,Provence-Alpes-Côte d'Azur,04
77383,Rampillon,rurale_calme,rural_geographique_Île-de-France,Île-de-France,77
01105,Civrieux,rurale_calme,rural_geographique_Auvergne-Rhône-Alpes,Auvergne-Rhône-Alpes,01
21200,Couchey,rurale_calme,rural_geographique_Bourgogne-Franche-Comté,Bourgogne-Franche-Comté,21
35246,Roz-Landrieux,rurale_calme,rural_geographique_Bretagne,Bretagne,35
37213,Saint-Christophe-sur-le-Nais,rurale_calme,rural_geographique_Centre-Val de Loire,Centre-Val de Loire,37
57634,Saulny,rurale_calme,rural_geographique_Grand Est,Grand Est,57
02298,Étreux,rurale_calme,rural_geographique_Hauts-de-France,Hauts-de-France,02
50188,Folligny,rurale_calme,rural_geographique_Normandie,Normandie,50
40280,Saint-Perdon,rurale_calme,rural_geographique_Nouvelle-Aquitaine,Nouvelle-Aquitaine,40
11068,Capendu,rurale_calme,rural_geographique_Occitanie,Occitanie,11
44141,La Remaudière,rurale_calme,rural_geographique_Pays de la Loire,Pays de la Loire,44
05113,Rambaud,rurale_calme,rural_geographique_Provence-Alpes-Côte d'Azur,Provence-Alpes-Côte d'Azur,05
77516,Ville-Saint-Jacques,rurale_calme,rural_geographique_Île-de-France,Île-de-France,77
74018,Arenthon,rurale_calme,rural_geographique_Auvergne-Rhône-Alpes,Auvergne-Rhône-Alpes,74
39228,Foncine-le-Haut,rurale_calme,rural_geographique_Bourgogne-Franche-Comté,Bourgogne-Franche-Comté,39
35283,Saint-Jean-sur-Vilaine,rurale_calme,rural_geographique_Bretagne,Bretagne,35
36232,Vendœuvres,rurale_calme,rural_geographique_Centre-Val de Loire,Centre-Val de Loire,36
68225,Munchhouse,rurale_calme,rural_geographique_Grand Est,Grand Est,68
59226,Felleries,rurale_calme,rural_geographique_Hauts-de-France,Hauts-de-France,59
50425,Rauville-la-Bigot,rurale_calme,rural_geographique_Normandie,Normandie,50
40272,Saint-Martin-de-Hinx,rurale_calme,rural_geographique_Nouvelle-Aquitaine,Nouvelle-Aquitaine,40
30273,Saint-Julien-de-Peyrolas,rurale_calme,rural_geographique_Occitanie,Occitanie,30
72084,Clermont-Créans,rurale_calme,rural_geographique_Pays de la Loire,Pays de la Loire,72
04025,Beauvezer,rurale_calme,rural_geographique_Provence-Alpes-Côte d'Azur,Provence-Alpes-Côte d'Azur,04
78125,La Celle-les-Bordes,rurale_calme,rural_geographique_Île-de-France,Île-de-France,78
69135,Deux-Grosnes,rurale_calme,rural_geographique_Auvergne-Rhône-Alpes,Auvergne-Rhône-Alpes,69
71390,Saint-Berain-sous-Sanvignes,rurale_calme,rural_geographique_Bourgogne-Franche-Comté,Bourgogne-Franche-Comté,71
56200,Ruffiac,rurale_calme,rural_geographique_Bretagne,Bretagne,56
18005,Allouis,rurale_calme,rural_geographique_Centre-Val de Loire,Centre-Val de Loire,18
67368,Ottrott,rurale_calme,rural_geographique_Grand Est,Grand Est,67
80261,Dury,rurale_calme,rural_geographique_Hauts-de-France,Hauts-de-France,80
27031,Aviron,rurale_calme,rural_geographique_Normandie,Normandie,27
86111,Ingrandes,rurale_calme,rural_geographique_Nouvelle-Aquitaine,Nouvelle-Aquitaine,86
82038,Caylus,rurale_calme,rural_geographique_Occitanie,Occitanie,82
85256,Saint-Michel-le-Cloucq,rurale_calme,rural_geographique_Pays de la Loire,Pays de la Loire,85
04104,Limans,rurale_calme,rural_geographique_Provence-Alpes-Côte d'Azur,Provence-Alpes-Côte d'Azur,04
77173,Étrépilly,rurale_calme,rural_geographique_Île-de-France,Île-de-France,77
03306,Le Vernet,rurale_calme,rural_geographique_Auvergne-Rhône-Alpes,Auvergne-Rhône-Alpes,03
70459,Saint-Barthélemy,rurale_calme,rural_geographique_Bourgogne-Franche-Comté,Bourgogne-Franche-Comté,70
35145,Langon,rurale_calme,rural_geographique_Bretagne,Bretagne,35
41016,Billy,rurale_calme,rural_geographique_Centre-Val de Loire,Centre-Val de Loire,41
68355,Waldighoffen,rurale_calme,rural_geographique_Grand Est,Grand Est,68
59180,Le Doulieu,rurale_calme,rural_geographique_Hauts-de-France,Hauts-de-France,59
61043,Berd'huis,rurale_calme,rural_geographique_Normandie,Normandie,61
86103,Gençay,rurale_calme,rural_geographique_Nouvelle-Aquitaine,Nouvelle-Aquitaine,86
12083,Cransac-les-Thermes,rurale_calme,rural_geographique_Occitanie,Occitanie,12
49266,Saint-Augustin-des-Bois,rurale_calme,rural_geographique_Pays de la Loire,Pays de la Loire,49
04081,Esparron-de-Verdon,rurale_calme,rural_geographique_Provence-Alpes-Côte d'Azur,Provence-Alpes-Côte d'Azur,04
77388,Reuil-en-Brie,rurale_calme,rural_geographique_Île-de-France,Île-de-France,77
42199,Saint-André-d'Apchon,rurale_calme,rural_geographique_Auvergne-Rhône-Alpes,Auvergne-Rhône-Alpes,42
39370,Mouchard,rurale_calme,rural_geographique_Bourgogne-Franche-Comté,Bourgogne-Franche-Comté,39
35300,Saint-M'Hervé,rurale_calme,rural_geographique_Bretagne,Bretagne,35
41154,Morée,rurale_calme,rural_geographique_Centre-Val de Loire,Centre-Val de Loire,41
54575,Villers-la-Montagne,rurale_calme,rural_geographique_Grand Est,Grand Est,54
59269,Gouzeaucourt,rurale_calme,rural_geographique_Hauts-de-France,Hauts-de-France,59
27311,Harcourt,rurale_calme,rural_geographique_Normandie,Normandie,27
17444,Thénac,rurale_calme,rural_geographique_Nouvelle-Aquitaine,Nouvelle-Aquitaine,17
34014,Assas,rurale_calme,rural_geographique_Occitanie,Occitanie,34
72150,Joué-l'Abbé,rurale_calme,rural_geographique_Pays de la Loire,Pays de la Loire,72
05001,Abriès-Ristolas,rurale_calme,rural_geographique_Provence-Alpes-Côte d'Azur,Provence-Alpes-Côte d'Azur,05
77202,La Genevraye,rurale_calme,rural_geographique_Île-de-France,Île-de-France,77
74166,Marin,rurale_calme,rural_geographique_Auvergne-Rhône-Alpes,Auvergne-Rhône-Alpes,74
21632,Thorey-en-Plaine,rurale_calme,rural_geographique_Bourgogne-Franche-Comté,Bourgogne-Franche-Comté,21
56254,Trédion,rurale_calme,rural_geographique_Bretagne,Bretagne,56
45344,Villorceau,rurale_calme,rural_geographique_Centre-Val de Loire,Centre-Val de Loire,45
68304,Sentheim,rurale_calme,rural_geographique_Grand Est,Grand Est,68
62852,Vieille-Église,rurale_calme,rural_geographique_Hauts-de-France,Hauts-de-France,62
76638,Saint-Pierre-en-Val,rurale_calme,rural_geographique_Normandie,Normandie,76
79189,Nanteuil,rurale_calme,rural_geographique_Nouvelle-Aquitaine,Nouvelle-Aquitaine,79
31589,Villenouvelle,rurale_calme,rural_geographique_Occitanie,Occitanie,31
53029,Bierné-les-Villages,rurale_calme,rural_geographique_Pays de la Loire,Pays de la Loire,53
05003,Aiguilles,rurale_calme,rural_geographique_Provence-Alpes-Côte d'Azur,Provence-Alpes-Côte d'Azur,05
91294,Guillerval,rurale_calme,rural_geographique_Île-de-France,Île-de-France,91
01179,Grièges,rurale_calme,rural_geographique_Auvergne-Rhône-Alpes,Auvergne-Rhône-Alpes,01
71318,Montpont-en-Bresse,rurale_calme,rural_geographique_Bourgogne-Franche-Comté,Bourgogne-Franche-Comté,71
56076,Guern,rurale_calme,rural_geographique_Bretagne,Bretagne,56
37129,Ligré,rurale_calme,rural_geographique_Centre-Val de Loire,Centre-Val de Loire,37
52114,Châteauvillain,rurale_calme,rural_geographique_Grand Est,Grand Est,52
80062,Beaucamps-le-Vieux,rurale_calme,rural_geographique_Hauts-de-France,Hauts-de-France,80
14406,Moulins-en-Bessin,rurale_calme,rural_geographique_Normandie,Normandie,14
86046,Cenon-sur-Vienne,rurale_calme,rural_geographique_Nouvelle-Aquitaine,Nouvelle-Aquitaine,86
82094,Lauzerte,rurale_calme,rural_geographique_Occitanie,Occitanie,82
49362,Varrains,rurale_calme,rural_geographique_Pays de la Loire,Pays de la Loire,49
04106,Lurs,rurale_calme,rural_geographique_Provence-Alpes-Côte d'Azur,Provence-Alpes-Côte d'Azur,04
77002,Amillis,rurale_calme,rural_geographique_Île-de-France,Île-de-France,77
01374,Saint-Martin-du-Mont,rurale_calme,rural_geographique_Auvergne-Rhône-Alpes,Auvergne-Rhône-Alpes,01
25004,Abbévillers,rurale_calme,rural_geographique_Bourgogne-Franche-Comté,Bourgogne-Franche-Comté,25
35187,Monterfil,rurale_calme,rural_geographique_Bretagne,Bretagne,35
41051,Chissay-en-Touraine,rurale_calme,rural_geographique_Centre-Val de Loire,Centre-Val de Loire,41
67197,Hindisheim,rurale_calme,rural_geographique_Grand Est,Grand Est,67
59038,Avesnes-le-Sec,rurale_calme,rural_geographique_Hauts-de-France,Hauts-de-France,59
76013,Angerville-la-Martel,rurale_calme,rural_geographique_Normandie,Normandie,76
86031,Bonnes,rurale_calme,rural_geographique_Nouvelle-Aquitaine,Nouvelle-Aquitaine,86
65375,Rabastens-de-Bigorre,rurale_calme,rural_geographique_Occitanie,Occitanie,65
85291,Thorigny,rurale_calme,rural_geographique_Pays de la Loire,Pays de la Loire,85
05147,Saint-Julien-en-Champsaur,rurale_calme,rural_geographique_Provence-Alpes-Côte d'Azur,Provence-Alpes-Côte d'Azur,05
77403,Saint-Brice,rurale_calme,rural_geographique_Île-de-France,Île-de-France,77
01005,Ambérieux-en-Dombes,rurale_calme,rural_geographique_Auvergne-Rhône-Alpes,Auvergne-Rhône-Alpes,01
71588,Vitry-en-Charollais,rurale_calme,rural_geographique_Bourgogne-Franche-Comté,Bourgogne-Franche-Comté,71
56080,Guilliers,rurale_calme,rural_geographique_Bretagne,Bretagne,56
18125,Léré,rurale_calme,rural_geographique_Centre-Val de Loire,Centre-Val de Loire,18
54054,Bayon,rurale_calme,rural_geographique_Grand Est,Grand Est,54
60387,Marseille-en-Beauvaisis,rurale_calme,rural_geographique_Hauts-de-France,Hauts-de-France,60
14410,Méry-Bissières-en-Auge,rurale_calme,rural_geographique_Normandie,Normandie,14
40229,Pontenx-les-Forges,rurale_calme,rural_geographique_Nouvelle-Aquitaine,Nouvelle-Aquitaine,40
66222,Vernet-les-Bains,rurale_calme,rural_geographique_Occitanie,Occitanie,66
85296,Treize-Vents,rurale_calme,rural_geographique_Pays de la Loire,Pays de la Loire,85
04097,La Javie,rurale_calme,rural_geographique_Provence-Alpes-Côte d'Azur,Provence-Alpes-Côte d'Azur,04
77231,Isles-les-Meldeuses,rurale_calme,rural_geographique_Île-de-France,Île-de-France,77
38030,Beaucroissant,rurale_calme,rural_geographique_Auvergne-Rhône-Alpes,Auvergne-Rhône-Alpes,38
71016,Azé,rurale_calme,rural_geographique_Bourgogne-Franche-Comté,Bourgogne-Franche-Comté,71
22178,Pléhédel,rurale_calme,rural_geographique_Bretagne,Bretagne,22
41139,Meusnes,rurale_calme,rural_geographique_Centre-Val de Loire,Centre-Val de Loire,41
88079,Bulgnéville,rurale_calme,rural_geographique_Grand Est,Grand Est,88
60587,Saint-Martin-Longueau,rurale_calme,rural_geographique_Hauts-de-France,Hauts-de-France,60
50228,Hambye,rurale_calme,rural_geographique_Normandie,Normandie,50
87089,Magnac-Laval,rurale_calme,rural_geographique_Nouvelle-Aquitaine,Nouvelle-Aquitaine,87
12216,Saint-Côme-d'Olt,rurale_calme,rural_geographique_Occitanie,Occitanie,12
44159,Saint-Fiacre-sur-Maine,rurale_calme,rural_geographique_Pays de la Loire,Pays de la Loire,44
13093,Saint-Estève-Janson,rurale_calme,rural_geographique_Provence-Alpes-Côte d'Azur,Provence-Alpes-Côte d'Azur,13
78329,Lainville-en-Vexin,rurale_calme,rural_geographique_Île-de-France,Île-de-France,78
42208,Saint-Christo-en-Jarez,rurale_calme,rural_geographique_Auvergne-Rhône-Alpes,Auvergne-Rhône-Alpes,42
70408,Pesmes,rurale_calme,rural_geographique_Bourgogne-Franche-Comté,Bourgogne-Franche-Comté,70
29005,Baye,rurale_calme,rural_geographique_Bretagne,Bretagne,29
37170,Neuvy-le-Roi,rurale_calme,rural_geographique_Centre-Val de Loire,Centre-Val de Loire,37
67263,Lembach,rurale_calme,rural_geographique_Grand Est,Grand Est,67
59384,Maroilles,rurale_calme,rural_geographique_Hauts-de-France,Hauts-de-France,59
27161,Claville,rurale_calme,rural_geographique_Normandie,Normandie,27
33517,Soussans,rurale_calme,rural_geographique_Nouvelle-Aquitaine,Nouvelle-Aquitaine,33
48039,Chanac,rurale_calme,rural_geographique_Occitanie,Occitanie,48
72340,Souligné-sous-Ballon,rurale_calme,rural_geographique_Pays de la Loire,Pays de la Loire,72
83052,Esparron-de-Pallières,rurale_calme,rural_geographique_Provence-Alpes-Côte d'Azur,Provence-Alpes-Côte d'Azur,83
77161,Dormelles,rurale_calme,rural_geographique_Île-de-France,Île-de-France,77
74037,Boëge,rurale_calme,rural_geographique_Auvergne-Rhône-Alpes,Auvergne-Rhône-Alpes,74
39396,Orchamps,rurale_calme,rural_geographique_Bourgogne-Franche-Comté,Bourgogne-Franche-Comté,39
35296,Saint-Médard-sur-Ille,rurale_calme,rural_geographique_Bretagne,Bretagne,35
45280,Saint-Gondon,rurale_calme,rural_geographique_Centre-Val de Loire,Centre-Val de Loire,45
57600,Roussy-le-Village,rurale_calme,rural_geographique_Grand Est,Grand Est,57
59419,Mouchin,rurale_calme,rural_geographique_Hauts-de-France,Hauts-de-France,59
50142,Vicq-sur-Mer,rurale_calme,rural_geographique_Normandie,Normandie,50
87028,Val-d'Oire-et-Gartempe,rurale_calme,rural_geographique_Nouvelle-Aquitaine,Nouvelle-Aquitaine,87
09289,Lorp-Sentaraille,rurale_calme,rural_geographique_Occitanie,Occitanie,09
53168,Nuillé-sur-Vicoin,rurale_calme,rural_geographique_Pays de la Loire,Pays de la Loire,53
04220,Les Thuiles,rurale_calme,rural_geographique_Provence-Alpes-Côte d'Azur,Provence-Alpes-Côte d'Azur,04
77266,Machault,rurale_calme,rural_geographique_Île-de-France,Île-de-France,77
38155,Entre-deux-Guiers,rurale_calme,rural_geographique_Auvergne-Rhône-Alpes,Auvergne-Rhône-Alpes,38
89326,Rosoy,rurale_calme,rural_geographique_Bourgogne-Franche-Comté,Bourgogne-Franche-Comté,89
35229,Pocé-les-Bois,rurale_calme,rural_geographique_Bretagne,Bretagne,35
41095,Fréteval,rurale_calme,rural_geographique_Centre-Val de Loire,Centre-Val de Loire,41
67004,Sommerau,rurale_calme,rural_geographique_Grand Est,Grand Est,67
59502,Rieux-en-Cambrésis,rurale_calme,rural_geographique_Hauts-de-France,Hauts-de-France,59
76315,Grainville-la-Teinturière,rurale_calme,rural_geographique_Normandie,Normandie,76
79088,Chiché,rurale_calme,rural_geographique_Nouvelle-Aquitaine,Nouvelle-Aquitaine,79
82108,Meauzac,rurale_calme,rural_geographique_Occitanie,Occitanie,82
72173,Luceau,rurale_calme,rural_geographique_Pays de la Loire,Pays de la Loire,72
05149,Saint-Léger-les-Mélèzes,rurale_calme,rural_geographique_Provence-Alpes-Côte d'Azur,Provence-Alpes-Côte d'Azur,05
77376,Précy-sur-Marne,rurale_calme,rural_geographique_Île-de-France,Île-de-France,77
15258,Vic-sur-Cère,rurale_calme,rural_geographique_Auvergne-Rhône-Alpes,Auvergne-Rhône-Alpes,15
39415,Petit-Noir,rurale_calme,rural_geographique_Bourgogne-Franche-Comté,Bourgogne-Franche-Comté,39
35340,Treffendel,rurale_calme,rural_geographique_Bretagne,Bretagne,35
41085,La Ferté-Saint-Cyr,rurale_calme,rural_geographique_Centre-Val de Loire,Centre-Val de Loire,41
88470,Le Tholy,rurale_calme,rural_geographique_Grand Est,Grand Est,88
60129,Carlepont,rurale_calme,rural_geographique_Hauts-de-France,Hauts-de-France,60
76453,Morgny-la-Pommeraye,rurale_calme,rural_geographique_Normandie,Normandie,76
79201,Pamproux,rurale_calme,rural_geographique_Nouvelle-Aquitaine,Nouvelle-Aquitaine,79
12148,Montbazens,rurale_calme,rural_geographique_Occitanie,Occitanie,12
72147,La Guierche,rurale_calme,rural_geographique_Pays de la Loire,Pays de la Loire,72
05008,Aspremont,rurale_calme,rural_geographique_Provence-Alpes-Côte d'Azur,Provence-Alpes-Côte d'Azur,05
77506,Villemer,rurale_calme,rural_geographique_Île-de-France,Île-de-France,77
74176,Menthon-Saint-Bernard,rurale_calme,rural_geographique_Auvergne-Rhône-Alpes,Auvergne-Rhône-Alpes,74
89139,Diges,rurale_calme,rural_geographique_Bourgogne-Franche-Comté,Bourgogne-Franche-Comté,89
35304,Saint-Ouen-des-Alleux,rurale_calme,rural_geographique_Bretagne,Bretagne,35
45278,Sainte-Geneviève-des-Bois,rurale_calme,rural_geographique_Centre-Val de Loire,Centre-Val de Loire,45
10220,Maizières-la-Grande-Paroisse,rurale_calme,rural_geographique_Grand Est,Grand Est,10
02383,Homblières,rurale_calme,rural_geographique_Hauts-de-France,Hauts-de-France,02
27335,Heudreville-sur-Eure,rurale_calme,rural_geographique_Normandie,Normandie,27
79239,Saint-Aubin-le-Cloud,rurale_calme,rural_geographique_Nouvelle-Aquitaine,Nouvelle-Aquitaine,79
32319,Plaisance,rurale_calme,rural_geographique_Occitanie,Occitanie,32
49211,Montilliers,rurale_calme,rural_geographique_Pays de la Loire,Pays de la Loire,49
84011,Le Beaucet,rurale_calme,rural_geographique_Provence-Alpes-Côte d'Azur,Provence-Alpes-Côte d'Azur,84
78364,Marcq,rurale_calme,rural_geographique_Île-de-France,Île-de-France,78
42003,Ambierle,rurale_calme,rural_geographique_Auvergne-Rhône-Alpes,Auvergne-Rhône-Alpes,42
71545,Tramayes,rurale_calme,rural_geographique_Bourgogne-Franche-Comté,Bourgogne-Franche-Comté,71
35215,Parigné,rurale_calme,rural_geographique_Bretagne,Bretagne,35
28251,Mézières-en-Drouais,rurale_calme,rural_geographique_Centre-Val de Loire,Centre-Val de Loire,28
54332,Maidières,rurale_calme,rural_geographique_Grand Est,Grand Est,54
02128,Bruyères-et-Montbérault,rurale_calme,rural_geographique_Hauts-de-France,Hauts-de-France,02
50185,Fleury,rurale_calme,rural_geographique_Normandie,Normandie,50
47326,Virazeil,rurale_calme,rural_geographique_Nouvelle-Aquitaine,Nouvelle-Aquitaine,47
30339,Val-d'Aigoual,rurale_calme,rural_geographique_Occitanie,Occitanie,30
53255,Sainte-Suzanne-et-Chammes,rurale_calme,rural_geographique_Pays de la Loire,Pays de la Loire,53
04141,Ongles,rurale_calme,rural_geographique_Provence-Alpes-Côte d'Azur,Provence-Alpes-Côte d'Azur,04
78317,Jambville,rurale_calme,rural_geographique_Île-de-France,Île-de-France,78
69220,Saint-Laurent-de-Chamousset,rurale_calme,rural_geographique_Auvergne-Rhône-Alpes,Auvergne-Rhône-Alpes,69
21183,Collonges-et-Premières,rurale_calme,rural_geographique_Bourgogne-Franche-Comté,Bourgogne-Franche-Comté,21
56213,Saint-Gérand-Croixanvec,rurale_calme,rural_geographique_Bretagne,Bretagne,56
41046,Chaumont-sur-Tharonne,rurale_calme,rural_geographique_Centre-Val de Loire,Centre-Val de Loire,41
51171,Cormicy,rurale_calme,rural_geographique_Grand Est,Grand Est,51
59520,Rumilly-en-Cambrésis,rurale_calme,rural_geographique_Hauts-de-France,Hauts-de-France,59
76123,Bosc-Guérard-Saint-Adrien,rurale_calme,rural_geographique_Normandie,Normandie,76
79339,Vasles,rurale_calme,rural_geographique_Nouvelle-Aquitaine,Nouvelle-Aquitaine,79
81115,Labastide-Rouairoux,rurale_calme,rural_geographique_Occitanie,Occitanie,81
44136,Préfailles,rurale_calme,rural_geographique_Pays de la Loire,Pays de la Loire,44
05153,Saint-Michel-de-Chaillol,rurale_calme,rural_geographique_Provence-Alpes-Côte d'Azur,Provence-Alpes-Côte d'Azur,05
95660,Villaines-sous-Bois,rurale_calme,rural_geographique_Île-de-France,Île-de-France,95
03155,Lurcy-Lévis,rurale_calme,rural_geographique_Auvergne-Rhône-Alpes,Auvergne-Rhône-Alpes,03
25078,Bouclans,rurale_calme,rural_geographique_Bourgogne-Franche-Comté,Bourgogne-Franche-Comté,25
56111,Limerzel,rurale_calme,rural_geographique_Bretagne,Bretagne,56
45046,Boulay-les-Barres,rurale_calme,rural_geographique_Centre-Val de Loire,Centre-Val de Loire,45
51105,Cernay-lès-Reims,rurale_calme,rural_geographique_Grand Est,Grand Est,51
59089,Bollezeele,rurale_calme,rural_geographique_Hauts-de-France,Hauts-de-France,59
76252,Étalondes,rurale_calme,rural_geographique_Normandie,Normandie,76
24229,Le Lardin-Saint-Lazare,rurale_calme,rural_geographique_Nouvelle-Aquitaine,Nouvelle-Aquitaine,24
34139,Lieuran-lès-Béziers,rurale_calme,rural_geographique_Occitanie,Occitanie,34
53016,Bais,rurale_calme,rural_geographique_Pays de la Loire,Pays de la Loire,53
05093,Névache,rurale_calme,rural_geographique_Provence-Alpes-Côte d'Azur,Provence-Alpes-Côte d'Azur,05
77030,Bellot,rurale_calme,rural_geographique_Île-de-France,Île-de-France,77
74210,Perrignier,rurale_calme,rural_geographique_Auvergne-Rhône-Alpes,Auvergne-Rhône-Alpes,74
21710,Vitteaux,rurale_calme,rural_geographique_Bourgogne-Franche-Comté,Bourgogne-Franche-Comté,21
35058,La Chapelle-Chaussée,rurale_calme,rural_geographique_Bretagne,Bretagne,35
37045,La Celle-Saint-Avant,rurale_calme,rural_geographique_Centre-Val de Loire,Centre-Val de Loire,37
67150,Furdenheim,rurale_calme,rural_geographique_Grand Est,Grand Est,67
59555,Sars-Poteries,rurale_calme,rural_geographique_Hauts-de-France,Hauts-de-France,59
50431,Remilly Les Marais,rurale_calme,rural_geographique_Normandie,Normandie,50
79184,La Mothe-Saint-Héray,rurale_calme,rural_geographique_Nouvelle-Aquitaine,Nouvelle-Aquitaine,79
30182,Montpezat,rurale_calme,rural_geographique_Occitanie,Occitanie,30
53136,La Roche-Neuville,rurale_calme,rural_geographique_Pays de la Loire,Pays de la Loire,53
04144,La Palud-sur-Verdon,rurale_calme,rural_geographique_Provence-Alpes-Côte d'Azur,Provence-Alpes-Côte d'Azur,04
77248,Lesches,rurale_calme,rural_geographique_Île-de-France,Île-de-France,77
43153,Pont-Salomon,rurale_calme,rural_geographique_Auvergne-Rhône-Alpes,Auvergne-Rhône-Alpes,43
58304,Varzy,rurale_calme,rural_geographique_Bourgogne-Franche-Comté,Bourgogne-Franche-Comté,58
56229,Saint-Martin-sur-Oust,rurale_calme,rural_geographique_Bretagne,Bretagne,56
36035,Chaillac,rurale_calme,rural_geographique_Centre-Val de Loire,Centre-Val de Loire,36
67286,Meistratzheim,rurale_calme,rural_geographique_Grand Est,Grand Est,67
62606,Neuve-Chapelle,rurale_calme,rural_geographique_Hauts-de-France,Hauts-de-France,62
76240,Épreville,rurale_calme,rural_geographique_Normandie,Normandie,76
64439,Ousse,rurale_calme,rural_geographique_Nouvelle-Aquitaine,Nouvelle-Aquitaine,64
11430,Villeneuve-la-Comptal,rurale_calme,rural_geographique_Occitanie,Occitanie,11
72022,Le Bailleul,rurale_calme,rural_geographique_Pays de la Loire,Pays de la Loire,72
84057,Joucas,rurale_calme,rural_geographique_Provence-Alpes-Côte d'Azur,Provence-Alpes-Côte d'Azur,84
78227,Évecquemont,rurale_calme,rural_geographique_Île-de-France,Île-de-France,78
26005,Allan,rurale_calme,rural_geographique_Auvergne-Rhône-Alpes,Auvergne-Rhône-Alpes,26
25186,Cussey-sur-l'Ognon,rurale_calme,rural_geographique_Bourgogne-Franche-Comté,Bourgogne-Franche-Comté,25
29202,Plounéour-Ménez,rurale_calme,rural_geographique_Bretagne,Bretagne,29
28388,Thivars,rurale_calme,rural_geographique_Centre-Val de Loire,Centre-Val de Loire,28
67098,Dinsheim-sur-Bruche,rurale_calme,rural_geographique_Grand Est,Grand Est,67
59382,Maretz,rurale_calme,rural_geographique_Hauts-de-France,Hauts-de-France,59
76408,Manneville-la-Goupil,rurale_calme,rural_geographique_Normandie,Normandie,76
33307,Noaillan,rurale_calme,rural_geographique_Nouvelle-Aquitaine,Nouvelle-Aquitaine,33
30174,Montaren-et-Saint-Médiers,rurale_calme,rural_geographique_Occitanie,Occitanie,30
85179,Poiroux,rurale_calme,rural_geographique_Pays de la Loire,Pays de la Loire,85
05071,Lardier-et-Valença,rurale_calme,rural_geographique_Provence-Alpes-Côte d'Azur,Provence-Alpes-Côte d'Azur,05
95445,Nerville-la-Forêt,rurale_calme,rural_geographique_Île-de-France,Île-de-France,95
63092,Charbonnières-les-Varennes,rurale_calme,rural_geographique_Auvergne-Rhône-Alpes,Auvergne-Rhône-Alpes,63
89167,Fleury-la-Vallée,rurale_calme,rural_geographique_Bourgogne-Franche-Comté,Bourgogne-Franche-Comté,89
56220,Sainte-Hélène,rurale_calme,rural_geographique_Bretagne,Bretagne,56
37271,Villaines-les-Rochers,rurale_calme,rural_geographique_Centre-Val de Loire,Centre-Val de Loire,37
88115,Corcieux,rurale_calme,rural_geographique_Grand Est,Grand Est,88
59670,Don,rurale_calme,rural_geographique_Hauts-de-France,Hauts-de-France,59
14311,Grainville-sur-Odon,rurale_calme,rural_geographique_Normandie,Normandie,14
87032,Châlus,rurale_calme,rural_geographique_Nouvelle-Aquitaine,Nouvelle-Aquitaine,87
31563,Vacquiers,rurale_calme,rural_geographique_Occitanie,Occitanie,31
85158,Mouzeuil-Saint-Martin,rurale_calme,rural_geographique_Pays de la Loire,Pays de la Loire,85
06141,Toudon,rurale_calme,rural_geographique_Provence-Alpes-Côte d'Azur,Provence-Alpes-Côte d'Azur,06
91273,Gironville-sur-Essonne,rurale_calme,rural_geographique_Île-de-France,Île-de-France,91
38394,Saint-Hilaire-du-Rosier,rurale_calme,rural_geographique_Auvergne-Rhône-Alpes,Auvergne-Rhône-Alpes,38
71417,Saint-Gengoux-le-National,rurale_calme,rural_geographique_Bourgogne-Franche-Comté,Bourgogne-Franche-Comté,71
56160,Pleugriffet,rurale_calme,rural_geographique_Bretagne,Bretagne,56
37043,Cangey,rurale_calme,rural_geographique_Centre-Val de Loire,Centre-Val de Loire,37
54060,Belleville,rurale_calme,rural_geographique_Grand Est,Grand Est,54
60689,Villers-sur-Coudun,rurale_calme,rural_geographique_Hauts-de-France,Hauts-de-France,60
27643,Tillières-sur-Avre,rurale_calme,rural_geographique_Normandie,Normandie,27
87152,Saint-Jouvent,rurale_calme,rural_geographique_Nouvelle-Aquitaine,Nouvelle-Aquitaine,87
34173,Montpeyroux,rurale_calme,rural_geographique_Occitanie,Occitanie,34
85138,Martinet,rurale_calme,rural_geographique_Pays de la Loire,Pays de la Loire,85
05007,Arvieux,rurale_calme,rural_geographique_Provence-Alpes-Côte d'Azur,Provence-Alpes-Côte d'Azur,05
91662,Villeconin,rurale_calme,rural_geographique_Île-de-France,Île-de-France,91
01195,Jasseron,rurale_calme,rural_geographique_Auvergne-Rhône-Alpes,Auvergne-Rhône-Alpes,01
58261,Saint-Père,rurale_calme,rural_geographique_Bourgogne-Franche-Comté,Bourgogne-Franche-Comté,58
22324,Saint-Quay-Perros,rurale_calme,rural_geographique_Bretagne,Bretagne,22
28363,Sainville,rurale_calme,rural_geographique_Centre-Val de Loire,Centre-Val de Loire,28
67234,Keskastel,rurale_calme,rural_geographique_Grand Est,Grand Est,67
59423,Neuf-Berquin,rurale_calme,rural_geographique_Hauts-de-France,Hauts-de-France,59
61344,Rânes,rurale_calme,rural_geographique_Normandie,Normandie,61
87140,Saint-Brice-sur-Vienne,rurale_calme,rural_geographique_Nouvelle-Aquitaine,Nouvelle-Aquitaine,87
11332,Saint-André-de-Roquelongue,rurale_calme,rural_geographique_Occitanie,Occitanie,11
72053,Challes,rurale_calme,rural_geographique_Pays de la Loire,Pays de la Loire,72
04222,Turriers,rurale_calme,rural_geographique_Provence-Alpes-Côte d'Azur,Provence-Alpes-Côte d'Azur,04
78077,La Boissière-École,rurale_calme,rural_geographique_Île-de-France,Île-de-France,78
38297,Arandon-Passins,rurale_calme,rural_geographique_Auvergne-Rhône-Alpes,Auvergne-Rhône-Alpes,38
90087,Roppe,rurale_calme,rural_geographique_Bourgogne-Franche-Comté,Bourgogne-Franche-Comté,90
22388,Vildé-Guingalan,rurale_calme,rural_geographique_Bretagne,Bretagne,22
41248,Couëtron-au-Perche,rurale_calme,rural_geographique_Centre-Val de Loire,Centre-Val de Loire,41
68084,Eschentzwiller,rurale_calme,rural_geographique_Grand Est,Grand Est,68
60350,Lassigny,rurale_calme,rural_geographique_Hauts-de-France,Hauts-de-France,60
27678,Les Ventes,rurale_calme,rural_geographique_Normandie,Normandie,27
87020,Bonnac-la-Côte,rurale_calme,rural_geographique_Nouvelle-Aquitaine,Nouvelle-Aquitaine,87
82135,Nohic,rurale_calme,rural_geographique_Occitanie,Occitanie,82
85094,Foussais-Payré,rurale_calme,rural_geographique_Pays de la Loire,Pays de la Loire,85
06097,Pierrefeu,rurale_calme,rural_geographique_Provence-Alpes-Côte d'Azur,Provence-Alpes-Côte d'Azur,06
77076,Chalmaison,rurale_calme,rural_geographique_Île-de-France,Île-de-France,77
01389,Saint-Trivier-sur-Moignans,rurale_calme,rural_geographique_Auvergne-Rhône-Alpes,Auvergne-Rhône-Alpes,01
89420,Treigny-Perreuse-Sainte-Colombe,rurale_calme,rural_geographique_Bourgogne-Franche-Comté,Bourgogne-Franche-Comté,89
22387,Le Vieux-Marché,rurale_calme,rural_geographique_Bretagne,Bretagne,22
41249,Souesmes,rurale_calme,rural_geographique_Centre-Val de Loire,Centre-Val de Loire,41
67414,Rothau,rurale_calme,rural_geographique_Grand Est,Grand Est,67
59293,Haverskerque,rurale_calme,rural_geographique_Hauts-de-France,Hauts-de-France,59
61040,Bellou-en-Houlme,rurale_calme,rural_geographique_Normandie,Normandie,61
24462,Saint-Médard-de-Mussidan,rurale_calme,rural_geographique_Nouvelle-Aquitaine,Nouvelle-Aquitaine,24
34076,Ceyras,rurale_calme,rural_geographique_Occitanie,Occitanie,34
53141,Louvigné,rurale_calme,rural_geographique_Pays de la Loire,Pays de la Loire,53
05073,Lazer,rurale_calme,rural_geographique_Provence-Alpes-Côte d'Azur,Provence-Alpes-Côte d'Azur,05
77060,Buthiers,rurale_calme,rural_geographique_Île-de-France,Île-de-France,77
38554,Villemoirieu,rurale_calme,rural_geographique_Auvergne-Rhône-Alpes,Auvergne-Rhône-Alpes,38
71398,Saint-Christophe-en-Bresse,rurale_calme,rural_geographique_Bourgogne-Franche-Comté,Bourgogne-Franche-Comté,71
29067,Guerlesquin,rurale_calme,rural_geographique_Bretagne,Bretagne,29
36109,Le Magny,rurale_calme,rural_geographique_Centre-Val de Loire,Centre-Val de Loire,36
57021,Ancy-Dornot,rurale_calme,rural_geographique_Grand Est,Grand Est,57
59602,Tressin,rurale_calme,rural_geographique_Hauts-de-France,Hauts-de-France,59
76750,Yainville,rurale_calme,rural_geographique_Normandie,Normandie,76
47024,Beaupuy,rurale_calme,rural_geographique_Nouvelle-Aquitaine,Nouvelle-Aquitaine,47
81315,Vielmur-sur-Agout,rurale_calme,rural_geographique_Occitanie,Occitanie,81
53200,Saint-Baudelle,rurale_calme,rural_geographique_Pays de la Loire,Pays de la Loire,53
83044,Comps-sur-Artuby,rurale_calme,rural_geographique_Provence-Alpes-Côte d'Azur,Provence-Alpes-Côte d'Azur,83
77398,Sablonnières,rurale_calme,rural_geographique_Île-de-France,Île-de-France,77
69295,Simandres,rurale_calme,rural_geographique_Auvergne-Rhône-Alpes,Auvergne-Rhône-Alpes,69
25110,Chaffois,rurale_calme,rural_geographique_Bourgogne-Franche-Comté,Bourgogne-Franche-Comté,25
35355,Vieux-Vy-sur-Couesnon,rurale_calme,rural_geographique_Bretagne,Bretagne,35
37219,Saint-Genouph,rurale_calme,rural_geographique_Centre-Val de Loire,Centre-Val de Loire,37
67285,Matzenheim,rurale_calme,rural_geographique_Grand Est,Grand Est,67
59487,Radinghem-en-Weppes,rurale_calme,rural_geographique_Hauts-de-France,Hauts-de-France,59
76418,Maulévrier-Sainte-Gertrude,rurale_calme,rural_geographique_Normandie,Normandie,76
33315,Les Peintures,rurale_calme,rural_geographique_Nouvelle-Aquitaine,Nouvelle-Aquitaine,33
09268,Saint-Lizier,rurale_calme,rural_geographique_Occitanie,Occitanie,09
53267,Vaiges,rurale_calme,rural_geographique_Pays de la Loire,Pays de la Loire,53
05104,Poligny,rurale_calme,rural_geographique_Provence-Alpes-Côte d'Azur,Provence-Alpes-Côte d'Azur,05
77410,Saint-Germain-Laxis,rurale_calme,rural_geographique_Île-de-France,Île-de-France,77
01065,Buellas,rurale_calme,rural_geographique_Auvergne-Rhône-Alpes,Auvergne-Rhône-Alpes,01
89337,Saint-Bris-le-Vineux,rurale_calme,rural_geographique_Bourgogne-Franche-Comté,Bourgogne-Franche-Comté,89
29208,Plourin,rurale_calme,rural_geographique_Bretagne,Bretagne,29
18075,Cours-les-Barres,rurale_calme,rural_geographique_Centre-Val de Loire,Centre-Val de Loire,18
51210,Dizy,rurale_calme,rural_geographique_Grand Est,Grand Est,51
80240,Doingt,rurale_calme,rural_geographique_Hauts-de-France,Hauts-de-France,80
50032,La Barre-de-Semilly,rurale_calme,rural_geographique_Normandie,Normandie,50
19107,Larche,rurale_calme,rural_geographique_Nouvelle-Aquitaine,Nouvelle-Aquitaine,19
48132,Saint-Alban-sur-Limagnole,rurale_calme,rural_geographique_Occitanie,Occitanie,48
44039,Cheix-en-Retz,rurale_calme,rural_geographique_Pays de la Loire,Pays de la Loire,44
05056,Forest-Saint-Julien,rurale_calme,rural_geographique_Provence-Alpes-Côte d'Azur,Provence-Alpes-Côte d'Azur,05
77425,Saint-Martin-en-Bière,rurale_calme,rural_geographique_Île-de-France,Île-de-France,77
38197,Janneyrias,rurale_calme,rural_geographique_Auvergne-Rhône-Alpes,Auvergne-Rhône-Alpes,38
25505,Rougemont,rurale_calme,rural_geographique_Bourgogne-Franche-Comté,Bourgogne-Franche-Comté,25
56029,Calan,rurale_calme,rural_geographique_Bretagne,Bretagne,56
36165,Pouligny-Saint-Pierre,rurale_calme,rural_geographique_Centre-Val de Loire,Centre-Val de Loire,36
88531,Xonrupt-Longemer,rurale_calme,rural_geographique_Grand Est,Grand Est,88
62718,Rœux,rurale_calme,rural_geographique_Hauts-de-France,Hauts-de-France,62
27497,Rougemontier,rurale_calme,rural_geographique_Normandie,Normandie,27
24356,Rouffignac-Saint-Cernin-de-Reilhac,rurale_calme,rural_geographique_Nouvelle-Aquitaine,Nouvelle-Aquitaine,24
30336,Vallabrègues,rurale_calme,rural_geographique_Occitanie,Occitanie,30
85239,Saint-Maixent-sur-Vie,rurale_calme,rural_geographique_Pays de la Loire,Pays de la Loire,85
84111,Saint-Marcellin-lès-Vaison,rurale_calme,rural_geographique_Provence-Alpes-Côte d'Azur,Provence-Alpes-Côte d'Azur,84
77485,Le Vaudoué,rurale_calme,rural_geographique_Île-de-France,Île-de-France,77
74097,Cusy,rurale_calme,rural_geographique_Auvergne-Rhône-Alpes,Auvergne-Rhône-Alpes,74
21554,Saint-Jean-de-Losne,rurale_calme,rural_geographique_Bourgogne-Franche-Comté,Bourgogne-Franche-Comté,21
22152,Minihy-Tréguier,rurale_calme,rural_geographique_Bretagne,Bretagne,22
18082,Cuffy,rurale_calme,rural_geographique_Centre-Val de Loire,Centre-Val de Loire,18
68177,Lautenbach,rurale_calme,rural_geographique_Grand Est,Grand Est,68
80702,Saint-Fuscien,rurale_calme,rural_geographique_Hauts-de-France,Hauts-de-France,80
76514,Quévreville-la-Poterie,rurale_calme,rural_geographique_Normandie,Normandie,76
40055,Bretagne-de-Marsan,rurale_calme,rural_geographique_Nouvelle-Aquitaine,Nouvelle-Aquitaine,40
34036,Le Bosc,rurale_calme,rural_geographique_Occitanie,Occitanie,34
53048,Chailland,rurale_calme,rural_geographique_Pays de la Loire,Pays de la Loire,53
05097,Orpierre,rurale_calme,rural_geographique_Provence-Alpes-Côte d'Azur,Provence-Alpes-Côte d'Azur,05
77081,Champdeuil,rurale_calme,rural_geographique_Île-de-France,Île-de-France,77
26337,Saulce-sur-Rhône,rurale_calme,rural_geographique_Auvergne-Rhône-Alpes,Auvergne-Rhône-Alpes,26
25413,Mouthe,rurale_calme,rural_geographique_Bourgogne-Franche-Comté,Bourgogne-Franche-Comté,25
35234,Quédillac,rurale_calme,rural_geographique_Bretagne,Bretagne,35
41075,Droué,rurale_calme,rural_geographique_Centre-Val de Loire,Centre-Val de Loire,41
88463,Taintrux,rurale_calme,rural_geographique_Grand Est,Grand Est,88
60695,Vineuil-Saint-Firmin,rurale_calme,rural_geographique_Hauts-de-France,Hauts-de-France,60
27102,Bouquetot,rurale_calme,rural_geographique_Normandie,Normandie,27
17079,Chaillevette,rurale_calme,rural_geographique_Nouvelle-Aquitaine,Nouvelle-Aquitaine,17
81170,Monestiés,rurale_calme,rural_geographique_Occitanie,Occitanie,81
85176,Pissotte,rurale_calme,rural_geographique_Pays de la Loire,Pays de la Loire,85
05018,La Bâtie-Vieille,rurale_calme,rural_geographique_Provence-Alpes-Côte d'Azur,Provence-Alpes-Côte d'Azur,05
77054,La Brosse-Montceaux,rurale_calme,rural_geographique_Île-de-France,Île-de-France,77
26295,Saint-Barthélemy-de-Vals,rurale_calme,rural_geographique_Auvergne-Rhône-Alpes,Auvergne-Rhône-Alpes,26
39193,Le Deschaux,rurale_calme,rural_geographique_Bourgogne-Franche-Comté,Bourgogne-Franche-Comté,39
56163,Ploërdut,rurale_calme,rural_geographique_Bretagne,Bretagne,56
18052,Charenton-du-Cher,rurale_calme,rural_geographique_Centre-Val de Loire,Centre-Val de Loire,18
52534,Villiers-en-Lieu,rurale_calme,rural_geographique_Grand Est,Grand Est,52
62279,Duisans,rurale_calme,rural_geographique_Hauts-de-France,Hauts-de-France,62
50433,Réville,rurale_calme,rural_geographique_Normandie,Normandie,50
24259,Eyraud-Crempse-Maurens,rurale_calme,rural_geographique_Nouvelle-Aquitaine,Nouvelle-Aquitaine,24
66130,Osséja,rurale_calme,rural_geographique_Occitanie,Occitanie,66
53100,Fougerolles-du-Plessis,rurale_calme,rural_geographique_Pays de la Loire,Pays de la Loire,53
04109,Mallefougasse-Augès,rurale_calme,rural_geographique_Provence-Alpes-Côte d'Azur,Provence-Alpes-Côte d'Azur,04
91412,Mondeville,rurale_calme,rural_geographique_Île-de-France,Île-de-France,91
01343,Saint-Cyr-sur-Menthon,rurale_calme,rural_geographique_Auvergne-Rhône-Alpes,Auvergne-Rhône-Alpes,01
39405,Parcey,rurale_calme,rural_geographique_Bourgogne-Franche-Comté,Bourgogne-Franche-Comté,39
22107,Bon Repos sur Blavet,rurale_calme,rural_geographique_Bretagne,Bretagne,22
28075,La Chapelle-du-Noyer,rurale_calme,rural_geographique_Centre-Val de Loire,Centre-Val de Loire,28
57742,Walscheid,rurale_calme,rural_geographique_Grand Est,Grand Est,57
02574,Origny-en-Thiérache,rurale_calme,rural_geographique_Hauts-de-France,Hauts-de-France,02
50110,Cerisy-la-Forêt,rurale_calme,rural_geographique_Normandie,Normandie,50
33439,Saint-Mariens,rurale_calme,rural_geographique_Nouvelle-Aquitaine,Nouvelle-Aquitaine,33
34089,Creissan,rurale_calme,rural_geographique_Occitanie,Occitanie,34
72073,Chaufour-Notre-Dame,rurale_calme,rural_geographique_Pays de la Loire,Pays de la Loire,72
06078,Malaussène,rurale_calme,rural_geographique_Provence-Alpes-Côte d'Azur,Provence-Alpes-Côte d'Azur,06
77045,Bougligny,rurale_calme,rural_geographique_Île-de-France,Île-de-France,77
01424,Tramoyes,rurale_calme,rural_geographique_Auvergne-Rhône-Alpes,Auvergne-Rhône-Alpes,01
25564,Torpes,rurale_calme,rural_geographique_Bourgogne-Franche-Comté,Bourgogne-Franche-Comté,25
22363,Trélévern,rurale_calme,rural_geographique_Bretagne,Bretagne,22
18035,Brécy,rurale_calme,rural_geographique_Centre-Val de Loire,Centre-Val de Loire,18
51344,Mardeuil,rurale_calme,rural_geographique_Grand Est,Grand Est,51
59434,Nivelle,rurale_calme,rural_geographique_Hauts-de-France,Hauts-de-France,59
50111,Cerisy-la-Salle,rurale_calme,rural_geographique_Normandie,Normandie,50
19148,Neuvic,rurale_calme,rural_geographique_Nouvelle-Aquitaine,Nouvelle-Aquitaine,19
66228,Villeneuve-la-Rivière,rurale_calme,rural_geographique_Occitanie,Occitanie,66
85014,Bazoges-en-Pareds,rurale_calme,rural_geographique_Pays de la Loire,Pays de la Loire,85
04161,Méolans-Revel,rurale_calme,rural_geographique_Provence-Alpes-Côte d'Azur,Provence-Alpes-Côte d'Azur,04
77501,Villecerf,rurale_calme,rural_geographique_Île-de-France,Île-de-France,77
38270,La Murette,rurale_calme,rural_geographique_Auvergne-Rhône-Alpes,Auvergne-Rhône-Alpes,38
21585,Saulon-la-Chapelle,rurale_calme,rural_geographique_Bourgogne-Franche-Comté,Bourgogne-Franche-Comté,21
35338,Torcé,rurale_calme,rural_geographique_Bretagne,Bretagne,35
45043,Bou,rurale_calme,rural_geographique_Centre-Val de Loire,Centre-Val de Loire,45
10233,Méry-sur-Seine,rurale_calme,rural_geographique_Grand Est,Grand Est,10
59614,Viesly,rurale_calme,rural_geographique_Hauts-de-France,Hauts-de-France,59
50274,Les Loges-Marchis,rurale_calme,rural_geographique_Normandie,Normandie,50
47110,Gontaud-de-Nogaret,rurale_calme,rural_geographique_Nouvelle-Aquitaine,Nouvelle-Aquitaine,47
11005,Alairac,rurale_calme,rural_geographique_Occitanie,Occitanie,11
72151,Juigné-sur-Sarthe,rurale_calme,rural_geographique_Pays de la Loire,Pays de la Loire,72
05134,Saint-Clément-sur-Durance,rurale_calme,rural_geographique_Provence-Alpes-Côte d'Azur,Provence-Alpes-Côte d'Azur,05
77308,Montgé-en-Goële,rurale_calme,rural_geographique_Île-de-France,Île-de-France,77
38256,Montferrat,rurale_calme,rural_geographique_Auvergne-Rhône-Alpes,Auvergne-Rhône-Alpes,38
21332,Labergement-lès-Seurre,rurale_calme,rural_geographique_Bourgogne-Franche-Comté,Bourgogne-Franche-Comté,21
56252,Le Tour-du-Parc,rurale_calme,rural_geographique_Bretagne,Bretagne,56
37189,Preuilly-sur-Claise,rurale_calme,rural_geographique_Centre-Val de Loire,Centre-Val de Loire,37
67340,Oberbronn,rurale_calme,rural_geographique_Grand Est,Grand Est,67
62452,Heuringhem,rurale_calme,rural_geographique_Hauts-de-France,Hauts-de-France,62
61369,Saint-Bômer-les-Forges,rurale_calme,rural_geographique_Normandie,Normandie,61
33198,Guîtres,rurale_calme,rural_geographique_Nouvelle-Aquitaine,Nouvelle-Aquitaine,33
82171,Saint-Porquier,rurale_calme,rural_geographique_Occitanie,Occitanie,82
44138,Puceul,rurale_calme,rural_geographique_Pays de la Loire,Pays de la Loire,44
84061,Lagarde-Paréol,rurale_calme,rural_geographique_Provence-Alpes-Côte d'Azur,Provence-Alpes-Côte d'Azur,84
95365,Mareil-en-France,rurale_calme,rural_geographique_Île-de-France,Île-de-France,95
38187,Le Gua,rurale_calme,rural_geographique_Auvergne-Rhône-Alpes,Auvergne-Rhône-Alpes,38
71490,Saint-Vincent-Bragny,rurale_calme,rural_geographique_Bourgogne-Franche-Comté,Bourgogne-Franche-Comté,71
35343,Tresbœuf,rurale_calme,rural_geographique_Bretagne,Bretagne,35
36071,Étrechet,rurale_calme,rural_geographique_Centre-Val de Loire,Centre-Val de Loire,36
54490,Saizerais,rurale_calme,rural_geographique_Grand Est,Grand Est,54
60477,Ons-en-Bray,rurale_calme,rural_geographique_Hauts-de-France,Hauts-de-France,60
27350,Illiers-l'Évêque,rurale_calme,rural_geographique_Normandie,Normandie,27
33351,Reignac,rurale_calme,rural_geographique_Nouvelle-Aquitaine,Nouvelle-Aquitaine,33
82126,Monteils,rurale_calme,rural_geographique_Occitanie,Occitanie,82
53170,Oisseau,rurale_calme,rural_geographique_Pays de la Loire,Pays de la Loire,53
04136,La Mure-Argens,rurale_calme,rural_geographique_Provence-Alpes-Côte d'Azur,Provence-Alpes-Côte d'Azur,04
77244,Larchant,rurale_calme,rural_geographique_Île-de-France,Île-de-France,77
42129,Maclas,rurale_calme,rural_geographique_Auvergne-Rhône-Alpes,Auvergne-Rhône-Alpes,42
39306,Macornay,rurale_calme,rural_geographique_Bourgogne-Franche-Comté,Bourgogne-Franche-Comté,39
35034,La Boussac,rurale_calme,rural_geographique_Bretagne,Bretagne,35
18030,Blancafort,rurale_calme,rural_geographique_Centre-Val de Loire,Centre-Val de Loire,18
57460,Merten,rurale_calme,rural_geographique_Grand Est,Grand Est,57
62827,Tournehem-sur-la-Hem,rurale_calme,rural_geographique_Hauts-de-France,Hauts-de-France,62
27169,Conteville,rurale_calme,rural_geographique_Normandie,Normandie,27
33218,Lagorce,rurale_calme,rural_geographique_Nouvelle-Aquitaine,Nouvelle-Aquitaine,33
65007,Andrest,rurale_calme,rural_geographique_Occitanie,Occitanie,65
85188,La Réorthe,rurale_calme,rural_geographique_Pays de la Loire,Pays de la Loire,85
83015,Bauduen,rurale_calme,rural_geographique_Provence-Alpes-Côte d'Azur,Provence-Alpes-Côte d'Azur,83
78597,Soindres,rurale_calme,rural_geographique_Île-de-France,Île-de-France,78
69110,Larajasse,rurale_calme,rural_geographique_Auvergne-Rhône-Alpes,Auvergne-Rhône-Alpes,69
89411,Les Vallées de la Vanne,rurale_calme,rural_geographique_Bourgogne-Franche-Comté,Bourgogne-Franche-Comté,89
35231,Poligné,rurale_calme,rural_geographique_Bretagne,Bretagne,35
18092,Farges-en-Septaine,rurale_calme,rural_geographique_Centre-Val de Loire,Centre-Val de Loire,18
08486,Vireux-Molhain,rurale_calme,rural_geographique_Grand Est,Grand Est,08
02318,Folembray,rurale_calme,rural_geographique_Hauts-de-France,Hauts-de-France,02
76560,Saint-Aubin-Épinay,rurale_calme,rural_geographique_Normandie,Normandie,76
86183,Les Ormes,rurale_calme,rural_geographique_Nouvelle-Aquitaine,Nouvelle-Aquitaine,86
32027,Barcelonne-du-Gers,rurale_calme,rural_geographique_Occitanie,Occitanie,32
85009,Auchay-sur-Vendée,rurale_calme,rural_geographique_Pays de la Loire,Pays de la Loire,85
05140,Saint-Étienne-le-Laus,rurale_calme,rural_geographique_Provence-Alpes-Côte d'Azur,Provence-Alpes-Côte d'Azur,05
95459,Nucourt,rurale_calme,rural_geographique_Île-de-France,Île-de-France,95
38015,Artas,rurale_calme,rural_geographique_Auvergne-Rhône-Alpes,Auvergne-Rhône-Alpes,38
90104,Vézelois,rurale_calme,rural_geographique_Bourgogne-Franche-Comté,Bourgogne-Franche-Comté,90
22204,Ploëzal,rurale_calme,rural_geographique_Bretagne,Bretagne,22
41010,Azé,rurale_calme,rural_geographique_Centre-Val de Loire,Centre-Val de Loire,41
67031,Bernardswiller,rurale_calme,rural_geographique_Grand Est,Grand Est,67
80039,Ault,rurale_calme,rural_geographique_Hauts-de-France,Hauts-de-France,80
61389,Sainte-Gauburge-Sainte-Colombe,rurale_calme,rural_geographique_Normandie,Normandie,61
33164,Fargues,rurale_calme,rural_geographique_Nouvelle-Aquitaine,Nouvelle-Aquitaine,33
82194,Villebrumier,rurale_calme,rural_geographique_Occitanie,Occitanie,82
85062,Châteauneuf,rurale_calme,rural_geographique_Pays de la Loire,Pays de la Loire,85
06062,Fontan,rurale_calme,rural_geographique_Provence-Alpes-Côte d'Azur,Provence-Alpes-Côte d'Azur,06
78320,Notre-Dame-de-la-Mer,rurale_calme,rural_geographique_Île-de-France,Île-de-France,78
74212,Glières-Val-de-Borne,rurale_calme,rural_geographique_Auvergne-Rhône-Alpes,Auvergne-Rhône-Alpes,74
70282,Gy,rurale_calme,rural_geographique_Bourgogne-Franche-Comté,Bourgogne-Franche-Comté,70
35101,Dourdain,rurale_calme,rural_geographique_Bretagne,Bretagne,35
28130,Digny,rurale_calme,rural_geographique_Centre-Val de Loire,Centre-Val de Loire,28
68069,Dessenheim,rurale_calme,rural_geographique_Grand Est,Grand Est,68
02037,Aulnois-sous-Laon,rurale_calme,rural_geographique_Hauts-de-France,Hauts-de-France,02
76135,Bouville,rurale_calme,rural_geographique_Normandie,Normandie,76
24540,Sorges et Ligueux en Périgord,rurale_calme,rural_geographique_Nouvelle-Aquitaine,Nouvelle-Aquitaine,24
34224,Puissalicon,rurale_calme,rural_geographique_Occitanie,Occitanie,34
85099,Le Girouard,rurale_calme,rural_geographique_Pays de la Loire,Pays de la Loire,85
05055,La Faurie,rurale_calme,rural_geographique_Provence-Alpes-Côte d'Azur,Provence-Alpes-Côte d'Azur,05
77201,Gastins,rurale_calme,rural_geographique_Île-de-France,Île-de-France,77
01361,Saint-Jean-de-Niost,rurale_calme,rural_geographique_Auvergne-Rhône-Alpes,Auvergne-Rhône-Alpes,01
21016,Arceau,rurale_calme,rural_geographique_Bourgogne-Franche-Comté,Bourgogne-Franche-Comté,21
22014,Bourseul,rurale_calme,rural_geographique_Bretagne,Bretagne,22
36055,Clion,rurale_calme,rural_geographique_Centre-Val de Loire,Centre-Val de Loire,36
68139,Hirtzbach,rurale_calme,rural_geographique_Grand Est,Grand Est,68
02057,Beaurevoir,rurale_calme,rural_geographique_Hauts-de-France,Hauts-de-France,02
14347,Dialan sur Chaîne,rurale_calme,rural_geographique_Normandie,Normandie,14
87107,Nieul,rurale_calme,rural_geographique_Nouvelle-Aquitaine,Nouvelle-Aquitaine,87
09272,Saint-Paul-de-Jarrat,rurale_calme,rural_geographique_Occitanie,Occitanie,09
49364,Vaudelnay,rurale_calme,rural_geographique_Pays de la Loire,Pays de la Loire,49
05038,Château-Ville-Vieille,rurale_calme,rural_geographique_Provence-Alpes-Côte d'Azur,Provence-Alpes-Côte d'Azur,05
95287,Grisy-les-Plâtres,rurale_calme,rural_geographique_Île-de-France,Île-de-France,95
26338,Sauzet,rurale_calme,rural_geographique_Auvergne-Rhône-Alpes,Auvergne-Rhône-Alpes,26
71238,Iguerande,rurale_calme,rural_geographique_Bourgogne-Franche-Comté,Bourgogne-Franche-Comté,71
29224,Pouldergat,rurale_calme,rural_geographique_Bretagne,Bretagne,29
41239,Seigy,rurale_calme,rural_geographique_Centre-Val de Loire,Centre-Val de Loire,41
67127,Ergersheim,rurale_calme,rural_geographique_Grand Est,Grand Est,67
60643,Tricot,rurale_calme,rural_geographique_Hauts-de-France,Hauts-de-France,60
76663,Sassetot-le-Mauconduit,rurale_calme,rural_geographique_Normandie,Normandie,76
16005,Aigre,rurale_calme,rural_geographique_Nouvelle-Aquitaine,Nouvelle-Aquitaine,16
66121,Néfiach,rurale_calme,rural_geographique_Occitanie,Occitanie,66
49253,Le Puy-Notre-Dame,rurale_calme,rural_geographique_Pays de la Loire,Pays de la Loire,49
05095,Le Noyer,rurale_calme,rural_geographique_Provence-Alpes-Côte d'Azur,Provence-Alpes-Côte d'Azur,05
77515,Villeroy,rurale_calme,rural_geographique_Île-de-France,Île-de-France,77
42262,Saint-Maurice-en-Gourgois,rurale_calme,rural_geographique_Auvergne-Rhône-Alpes,Auvergne-Rhône-Alpes,42
25074,Bonnétage,rurale_calme,rural_geographique_Bourgogne-Franche-Comté,Bourgogne-Franche-Comté,25
29079,Henvic,rurale_calme,rural_geographique_Bretagne,Bretagne,29
18026,Belleville-sur-Loire,rurale_calme,rural_geographique_Centre-Val de Loire,Centre-Val de Loire,18
55154,Dieue-sur-Meuse,rurale_calme,rural_geographique_Grand Est,Grand Est,55
62620,Norrent-Fontes,rurale_calme,rural_geographique_Hauts-de-France,Hauts-de-France,62
27089,Thénouville,rurale_calme,rural_geographique_Normandie,Normandie,27
87103,Nantiat,rurale_calme,rural_geographique_Nouvelle-Aquitaine,Nouvelle-Aquitaine,87
11033,Belpech,rurale_calme,rural_geographique_Occitanie,Occitanie,11
85200,Saint-Avaugourd-des-Landes,rurale_calme,rural_geographique_Pays de la Loire,Pays de la Loire,85
05106,Prunières,rurale_calme,rural_geographique_Provence-Alpes-Côte d'Azur,Provence-Alpes-Côte d'Azur,05
77290,Méry-sur-Marne,rurale_calme,rural_geographique_Île-de-France,Île-de-France,77
01134,Crottet,rurale_calme,rural_geographique_Auvergne-Rhône-Alpes,Auvergne-Rhône-Alpes,01
58295,Tracy-sur-Loire,rurale_calme,rural_geographique_Bourgogne-Franche-Comté,Bourgogne-Franche-Comté,58
35362,Le Tronchet,rurale_calme,rural_geographique_Bretagne,Bretagne,35
28287,Orgères-en-Beauce,rurale_calme,rural_geographique_Centre-Val de Loire,Centre-Val de Loire,28
54043,Bainville-sur-Madon,rurale_calme,rural_geographique_Grand Est,Grand Est,54
59336,Lécluse,rurale_calme,rural_geographique_Hauts-de-France,Hauts-de-France,59
27242,Le Fidelaire,rurale_calme,rural_geographique_Normandie,Normandie,27
47138,Laroque-Timbaut,rurale_calme,rural_geographique_Nouvelle-Aquitaine,Nouvelle-Aquitaine,47
30347,Vestric-et-Candiac,rurale_calme,rural_geographique_Occitanie,Occitanie,30
72252,Requeil,rurale_calme,rural_geographique_Pays de la Loire,Pays de la Loire,72
05077,Molines-en-Queyras,rurale_calme,rural_geographique_Provence-Alpes-Côte d'Azur,Provence-Alpes-Côte d'Azur,05
78499,Ponthévrard,rurale_calme,rural_geographique_Île-de-France,Île-de-France,78
74124,Feigères,rurale_calme,rural_geographique_Auvergne-Rhône-Alpes,Auvergne-Rhône-Alpes,74
21196,Corpeau,rurale_calme,rural_geographique_Bourgogne-Franche-Comté,Bourgogne-Franche-Comté,21
22340,Tonquédec,rurale_calme,rural_geographique_Bretagne,Bretagne,22
28239,Marville-Moutiers-Brûlé,rurale_calme,rural_geographique_Centre-Val de Loire,Centre-Val de Loire,28
67087,Dauendorf,rurale_calme,rural_geographique_Grand Est,Grand Est,67
80222,Crécy-en-Ponthieu,rurale_calme,rural_geographique_Hauts-de-France,Hauts-de-France,80
76050,Avremesnil,rurale_calme,rural_geographique_Normandie,Normandie,76
64419,Nousty,rurale_calme,rural_geographique_Nouvelle-Aquitaine,Nouvelle-Aquitaine,64
34282,Saint-Paul-et-Valmalle,rurale_calme,rural_geographique_Occitanie,Occitanie,34
85247,Saint-Martin-des-Tilleuls,rurale_calme,rural_geographique_Pays de la Loire,Pays de la Loire,85
05172,Trescléoux,rurale_calme,rural_geographique_Provence-Alpes-Côte d'Azur,Provence-Alpes-Côte d'Azur,05
77329,Nanteau-sur-Lunain,rurale_calme,rural_geographique_Île-de-France,Île-de-France,77
07089,Félines,rurale_calme,rural_geographique_Auvergne-Rhône-Alpes,Auvergne-Rhône-Alpes,07
71064,Bruailles,rurale_calme,rural_geographique_Bourgogne-Franche-Comté,Bourgogne-Franche-Comté,71
29168,Plogoff,rurale_calme,rural_geographique_Bretagne,Bretagne,29
37200,Rivarennes,rurale_calme,rural_geographique_Centre-Val de Loire,Centre-Val de Loire,37
67500,Urmatt,rurale_calme,rural_geographique_Grand Est,Grand Est,67
59004,Aix-en-Pévèle,rurale_calme,rural_geographique_Hauts-de-France,Hauts-de-France,59
76331,Grugny,rurale_calme,rural_geographique_Normandie,Normandie,76
33289,Monségur,rurale_calme,rural_geographique_Nouvelle-Aquitaine,Nouvelle-Aquitaine,33
31210,Gardouch,rurale_calme,rural_geographique_Occitanie,Occitanie,31
53125,Landivy,rurale_calme,rural_geographique_Pays de la Loire,Pays de la Loire,53
84015,Beaumont-du-Ventoux,rurale_calme,rural_geographique_Provence-Alpes-Côte d'Azur,Provence-Alpes-Côte d'Azur,84
91081,Boissy-le-Sec,rurale_calme,rural_geographique_Île-de-France,Île-de-France,91
07296,Saint-Sernin,rurale_calme,rural_geographique_Auvergne-Rhône-Alpes,Auvergne-Rhône-Alpes,07
90088,Rougegoutte,rurale_calme,rural_geographique_Bourgogne-Franche-Comté,Bourgogne-Franche-Comté,90
35138,Laignelet,rurale_calme,rural_geographique_Bretagne,Bretagne,35
41235,Sargé-sur-Braye,rurale_calme,rural_geographique_Centre-Val de Loire,Centre-Val de Loire,41
10287,Piney,rurale_calme,rural_geographique_Grand Est,Grand Est,10
02382,Holnon,rurale_calme,rural_geographique_Hauts-de-France,Hauts-de-France,02
50297,La Meauffe,rurale_calme,rural_geographique_Normandie,Normandie,50
24362,Val de Louyre et Caudeau,rurale_calme,rural_geographique_Nouvelle-Aquitaine,Nouvelle-Aquitaine,24
31334,Mauzac,rurale_calme,rural_geographique_Occitanie,Occitanie,31
53249,Vimartin-sur-Orthe,rurale_calme,rural_geographique_Pays de la Loire,Pays de la Loire,53
04227,Vachères,rurale_calme,rural_geographique_Provence-Alpes-Côte d'Azur,Provence-Alpes-Côte d'Azur,04
77474,Trilbardou,rurale_calme,rural_geographique_Île-de-France,Île-de-France,77
15119,Massiac,rurale_calme,rural_geographique_Auvergne-Rhône-Alpes,Auvergne-Rhône-Alpes,15
70228,Faverney,rurale_calme,rural_geographique_Bourgogne-Franche-Comté,Bourgogne-Franche-Comté,70
35142,Landéan,rurale_calme,rural_geographique_Bretagne,Bretagne,35
28387,Thiron-Gardais,rurale_calme,rural_geographique_Centre-Val de Loire,Centre-Val de Loire,28
57250,Goetzenbruck,rurale_calme,rural_geographique_Grand Est,Grand Est,57
60233,Feuquières,rurale_calme,rural_geographique_Hauts-de-France,Hauts-de-France,60
27117,Broglie,rurale_calme,rural_geographique_Normandie,Normandie,27
33505,La Sauve,rurale_calme,rural_geographique_Nouvelle-Aquitaine,Nouvelle-Aquitaine,33
46311,Sousceyrac-en-Quercy,rurale_calme,rural_geographique_Occitanie,Occitanie,46
44207,Trans-sur-Erdre,rurale_calme,rural_geographique_Pays de la Loire,Pays de la Loire,44
83078,Moissac-Bellevue,rurale_calme,rural_geographique_Provence-Alpes-Côte d'Azur,Provence-Alpes-Côte d'Azur,83
78437,Mousseaux-sur-Seine,rurale_calme,rural_geographique_Île-de-France,Île-de-France,78
38453,Saint-Romans,rurale_calme,rural_geographique_Auvergne-Rhône-Alpes,Auvergne-Rhône-Alpes,38
39177,Hauteroche,rurale_calme,rural_geographique_Bourgogne-Franche-Comté,Bourgogne-Franche-Comté,39
56109,Lauzach,rurale_calme,rural_geographique_Bretagne,Bretagne,56
18179,Pigny,rurale_calme,rural_geographique_Centre-Val de Loire,Centre-Val de Loire,18
51075,Bourgogne-Fresne,rurale_calme,rural_geographique_Grand Est,Grand Est,51
60646,Troissereux,rurale_calme,rural_geographique_Hauts-de-France,Hauts-de-France,60
50164,Domjean,rurale_calme,rural_geographique_Normandie,Normandie,50
64526,Soumoulou,rurale_calme,rural_geographique_Nouvelle-Aquitaine,Nouvelle-Aquitaine,64
81097,Fréjairolles,rurale_calme,rural_geographique_Occitanie,Occitanie,81
49272,Saint-Clément-des-Levées,rurale_calme,rural_geographique_Pays de la Loire,Pays de la Loire,49
84013,Beaumettes,rurale_calme,rural_geographique_Provence-Alpes-Côte d'Azur,Provence-Alpes-Côte d'Azur,84
77234,Jablines,rurale_calme,rural_geographique_Île-de-France,Île-de-France,77
01273,Neuville-sur-Ain,rurale_calme,rural_geographique_Auvergne-Rhône-Alpes,Auvergne-Rhône-Alpes,01
71436,Saint-Laurent-d'Andenay,rurale_calme,rural_geographique_Bourgogne-Franche-Comté,Bourgogne-Franche-Comté,71
22199,Pleumeur-Gautier,rurale_calme,rural_geographique_Bretagne,Bretagne,22
36056,Cluis,rurale_calme,rural_geographique_Centre-Val de Loire,Centre-Val de Loire,36
55117,Clermont-en-Argonne,rurale_calme,rural_geographique_Grand Est,Grand Est,55
60013,Angicourt,rurale_calme,rural_geographique_Hauts-de-France,Hauts-de-France,60
76471,Norville,rurale_calme,rural_geographique_Normandie,Normandie,76
40228,Pomarez,rurale_calme,rural_geographique_Nouvelle-Aquitaine,Nouvelle-Aquitaine,40
34002,Adissan,rurale_calme,rural_geographique_Occitanie,Occitanie,34
85169,Palluau,rurale_calme,rural_geographique_Pays de la Loire,Pays de la Loire,85
04041,Le Castellet,rurale_calme,rural_geographique_Provence-Alpes-Côte d'Azur,Provence-Alpes-Côte d'Azur,04
78113,Brueil-en-Vexin,rurale_calme,rural_geographique_Île-de-France,Île-de-France,78
43258,Vergongheon,rurale_calme,rural_geographique_Auvergne-Rhône-Alpes,Auvergne-Rhône-Alpes,43
71249,Laives,rurale_calme,rural_geographique_Bourgogne-Franche-Comté,Bourgogne-Franche-Comté,71
35212,Pancé,rurale_calme,rural_geographique_Bretagne,Bretagne,35
18194,Rians,rurale_calme,rural_geographique_Centre-Val de Loire,Centre-Val de Loire,18
68113,Guémar,rurale_calme,rural_geographique_Grand Est,Grand Est,68
02521,Montreuil-aux-Lions,rurale_calme,rural_geographique_Hauts-de-France,Hauts-de-France,02
27294,Val d'Orger,rurale_calme,rural_geographique_Normandie,Normandie,27
40292,Saubrigues,rurale_calme,rural_geographique_Nouvelle-Aquitaine,Nouvelle-Aquitaine,40
34312,La Tour-sur-Orb,rurale_calme,rural_geographique_Occitanie,Occitanie,34
53151,Méral,rurale_calme,rural_geographique_Pays de la Loire,Pays de la Loire,53
06129,Saint-Sauveur-sur-Tinée,rurale_calme,rural_geographique_Provence-Alpes-Côte d'Azur,Provence-Alpes-Côte d'Azur,06
77490,Vendrest,rurale_calme,rural_geographique_Île-de-France,Île-de-France,77
42043,Chambœuf,rurale_calme,rural_geographique_Auvergne-Rhône-Alpes,Auvergne-Rhône-Alpes,42
89066,Cerisiers,rurale_calme,rural_geographique_Bourgogne-Franche-Comté,Bourgogne-Franche-Comté,89
56133,Missiriac,rurale_calme,rural_geographique_Bretagne,Bretagne,56
28350,Saint-Luperce,rurale_calme,rural_geographique_Centre-Val de Loire,Centre-Val de Loire,28
54135,Colombey-les-Belles,rurale_calme,rural_geographique_Grand Est,Grand Est,54
59113,Bruille-lez-Marchiennes,rurale_calme,rural_geographique_Hauts-de-France,Hauts-de-France,59
27018,Appeville-Annebault,rurale_calme,rural_geographique_Normandie,Normandie,27
86207,La Roche-Posay,rurale_calme,rural_geographique_Nouvelle-Aquitaine,Nouvelle-Aquitaine,86
66161,Ria-Sirach,rurale_calme,rural_geographique_Occitanie,Occitanie,66
44016,La Boissière-du-Doré,rurale_calme,rural_geographique_Pays de la Loire,Pays de la Loire,44
04086,Faucon-de-Barcelonnette,rurale_calme,rural_geographique_Provence-Alpes-Côte d'Azur,Provence-Alpes-Côte d'Azur,04
91538,Saint-Aubin,rurale_calme,rural_geographique_Île-de-France,Île-de-France,91
74014,Arâches-la-Frasse,rurale_calme,rural_geographique_Auvergne-Rhône-Alpes,Auvergne-Rhône-Alpes,74
71023,Baudrières,rurale_calme,rural_geographique_Bourgogne-Franche-Comté,Bourgogne-Franche-Comté,71
29136,Locunolé,rurale_calme,rural_geographique_Bretagne,Bretagne,29
36231,Velles,rurale_calme,rural_geographique_Centre-Val de Loire,Centre-Val de Loire,36
57350,Jouy-aux-Arches,rurale_calme,rural_geographique_Grand Est,Grand Est,57
62875,Wardrecques,rurale_calme,rural_geographique_Hauts-de-France,Hauts-de-France,62
14676,Sommervieu,rurale_calme,rural_geographique_Normandie,Normandie,14
87192,Solignac,rurale_calme,rural_geographique_Nouvelle-Aquitaine,Nouvelle-Aquitaine,87
82105,Mas-Grenier,rurale_calme,rural_geographique_Occitanie,Occitanie,82
85045,La Chaize-Giraud,rurale_calme,rural_geographique_Pays de la Loire,Pays de la Loire,85
84121,Sannes,rurale_calme,rural_geographique_Provence-Alpes-Côte d'Azur,Provence-Alpes-Côte d'Azur,84
77401,Sainte-Aulde,rurale_calme,rural_geographique_Île-de-France,Île-de-France,77
42120,Lentigny,rurale_calme,rural_geographique_Auvergne-Rhône-Alpes,Auvergne-Rhône-Alpes,42
58207,Parigny-les-Vaux,rurale_calme,rural_geographique_Bourgogne-Franche-Comté,Bourgogne-Franche-Comté,58
29276,Sibiril,rurale_calme,rural_geographique_Bretagne,Bretagne,29
18037,Brinon-sur-Sauldre,rurale_calme,rural_geographique_Centre-Val de Loire,Centre-Val de Loire,18
57535,Petit-Réderching,rurale_calme,rural_geographique_Grand Est,Grand Est,57
60330,Laboissière-en-Thelle,rurale_calme,rural_geographique_Hauts-de-France,Hauts-de-France,60
50483,Saint-Gilles,rurale_calme,rural_geographique_Normandie,Normandie,50
16418,Vœuil-et-Giget,rurale_calme,rural_geographique_Nouvelle-Aquitaine,Nouvelle-Aquitaine,16
66226,Villemolaque,rurale_calme,rural_geographique_Occitanie,Occitanie,66
53025,Bazougers,rurale_calme,rural_geographique_Pays de la Loire,Pays de la Loire,53
13011,Les Baux-de-Provence,rurale_calme,rural_geographique_Provence-Alpes-Côte d'Azur,Provence-Alpes-Côte d'Azur,13
78564,Saint-Martin-de-Bréthencourt,rurale_calme,rural_geographique_Île-de-France,Île-de-France,78
15138,Murat,rurale_calme,rural_geographique_Auvergne-Rhône-Alpes,Auvergne-Rhône-Alpes,15
58146,Lucenay-lès-Aix,rurale_calme,rural_geographique_Bourgogne-Franche-Comté,Bourgogne-Franche-Comté,58
22021,Brusvily,rurale_calme,rural_geographique_Bretagne,Bretagne,22
45026,Bazoches-sur-le-Betz,rurale_calme,rural_geographique_Centre-Val de Loire,Centre-Val de Loire,45
57003,Abreschviller,rurale_calme,rural_geographique_Grand Est,Grand Est,57
80070,Beauquesne,rurale_calme,rural_geographique_Hauts-de-France,Hauts-de-France,80
14656,Saint-Rémy,rurale_calme,rural_geographique_Normandie,Normandie,14
17241,Montguyon,rurale_calme,rural_geographique_Nouvelle-Aquitaine,Nouvelle-Aquitaine,17
31206,Gaillac-Toulza,rurale_calme,rural_geographique_Occitanie,Occitanie,31
53099,Forcé,rurale_calme,rural_geographique_Pays de la Loire,Pays de la Loire,53
83006,Artigues,rurale_calme,rural_geographique_Provence-Alpes-Côte d'Azur,Provence-Alpes-Côte d'Azur,83
78261,Gaillon-sur-Montcient,rurale_calme,rural_geographique_Île-de-France,Île-de-France,78
63010,Arlanc,rurale_calme,rural_geographique_Auvergne-Rhône-Alpes,Auvergne-Rhône-Alpes,63
71356,Pouilloux,rurale_calme,rural_geographique_Bourgogne-Franche-Comté,Bourgogne-Franche-Comté,71
22218,Plougrescant,rurale_calme,rural_geographique_Bretagne,Bretagne,22
37230,Saint-Ouen-les-Vignes,rurale_calme,rural_geographique_Centre-Val de Loire,Centre-Val de Loire,37
57390,Lemberg,rurale_calme,rural_geographique_Grand Est,Grand Est,57
59638,Wannehain,rurale_calme,rural_geographique_Hauts-de-France,Hauts-de-France,59
14764,Pont-d'Ouilly,rurale_calme,rural_geographique_Normandie,Normandie,14
79114,Exireuil,rurale_calme,rural_geographique_Nouvelle-Aquitaine,Nouvelle-Aquitaine,79
66084,Fourques,rurale_calme,rural_geographique_Occitanie,Occitanie,66
85232,Saint-Hilaire-le-Vouhis,rurale_calme,rural_geographique_Pays de la Loire,Pays de la Loire,85
84066,Lioux,rurale_calme,rural_geographique_Provence-Alpes-Côte d'Azur,Provence-Alpes-Côte d'Azur,84
78050,Bazoches-sur-Guyonne,rurale_calme,rural_geographique_Île-de-France,Île-de-France,78
63244,Chambaron sur Morge,rurale_calme,rural_geographique_Auvergne-Rhône-Alpes,Auvergne-Rhône-Alpes,63
90037,Éloie,rurale_calme,rural_geographique_Bourgogne-Franche-Comté,Bourgogne-Franche-Comté,90
22101,Langoat,rurale_calme,rural_geographique_Bretagne,Bretagne,22
36123,Mézières-en-Brenne,rurale_calme,rural_geographique_Centre-Val de Loire,Centre-Val de Loire,36
67105,Drulingen,rurale_calme,rural_geographique_Grand Est,Grand Est,67
60701,Wavignies,rurale_calme,rural_geographique_Hauts-de-France,Hauts-de-France,60
27595,Saint-Pierre-du-Bosguérard,rurale_calme,rural_geographique_Normandie,Normandie,27
40294,Saugnac-et-Cambran,rurale_calme,rural_geographique_Nouvelle-Aquitaine,Nouvelle-Aquitaine,40
30051,Branoux-les-Taillades,rurale_calme,rural_geographique_Occitanie,Occitanie,30
44044,Conquereuil,rurale_calme,rural_geographique_Pays de la Loire,Pays de la Loire,44
04035,Brunet,rurale_calme,rural_geographique_Provence-Alpes-Côte d'Azur,Provence-Alpes-Côte d'Azur,04
77072,Chalautre-la-Grande,rurale_calme,rural_geographique_Île-de-France,Île-de-France,77
73015,Les Allues,rurale_calme,rural_geographique_Auvergne-Rhône-Alpes,Auvergne-Rhône-Alpes,73
71566,Verdun-Ciel,rurale_calme,rural_geographique_Bourgogne-Franche-Comté,Bourgogne-Franche-Comté,71
35259,Saint-Broladre,rurale_calme,rural_geographique_Bretagne,Bretagne,35
28035,Berchères-les-Pierres,rurale_calme,rural_geographique_Centre-Val de Loire,Centre-Val de Loire,28
68072,Dietwiller,rurale_calme,rural_geographique_Grand Est,Grand Est,68
59064,Bellaing,rurale_calme,rural_geographique_Hauts-de-France,Hauts-de-France,59
27478,Prey,rurale_calme,rural_geographique_Normandie,Normandie,27
87111,Oradour-sur-Vayres,rurale_calme,rural_geographique_Nouvelle-Aquitaine,Nouvelle-Aquitaine,87
31281,Launac,rurale_calme,rural_geographique_Occitanie,Occitanie,31
53273,Villiers-Charlemagne,rurale_calme,rural_geographique_Pays de la Loire,Pays de la Loire,53
05181,Villar-d'Arêne,rurale_calme,rural_geographique_Provence-Alpes-Côte d'Azur,Provence-Alpes-Côte d'Azur,05
77147,La Croix-en-Brie,rurale_calme,rural_geographique_Île-de-France,Île-de-France,77
01363,Saint-Jean-le-Vieux,rurale_calme,rural_geographique_Auvergne-Rhône-Alpes,Auvergne-Rhône-Alpes,01
25438,Osselle-Routelle,rurale_calme,rural_geographique_Bourgogne-Franche-Comté,Bourgogne-Franche-Comté,25
22371,Trémorel,rurale_calme,rural_geographique_Bretagne,Bretagne,22
36189,Saint-Denis-de-Jouhet,rurale_calme,rural_geographique_Centre-Val de Loire,Centre-Val de Loire,36
51329,Loivre,rurale_calme,rural_geographique_Grand Est,Grand Est,51
62713,Robecq,rurale_calme,rural_geographique_Hauts-de-France,Hauts-de-France,62
14102,Le Breuil-en-Auge,rurale_calme,rural_geographique_Normandie,Normandie,14
16093,Chazelles,rurale_calme,rural_geographique_Nouvelle-Aquitaine,Nouvelle-Aquitaine,16
66015,Banyuls-dels-Aspres,rurale_calme,rural_geographique_Occitanie,Occitanie,66
53262,Soulgé-sur-Ouette,rurale_calme,rural_geographique_Pays de la Loire,Pays de la Loire,53
04167,La Robine-sur-Galabre,rurale_calme,rural_geographique_Provence-Alpes-Côte d'Azur,Provence-Alpes-Côte d'Azur,04
77321,Mousseaux-lès-Bray,rurale_calme,rural_geographique_Île-de-France,Île-de-France,77
38320,Porcieu-Amblagnieu,rurale_calme,rural_geographique_Auvergne-Rhône-Alpes,Auvergne-Rhône-Alpes,38
89332,Saint-Agnan,rurale_calme,rural_geographique_Bourgogne-Franche-Comté,Bourgogne-Franche-Comté,89
22105,Languenan,rurale_calme,rural_geographique_Bretagne,Bretagne,22
18110,Herry,rurale_calme,rural_geographique_Centre-Val de Loire,Centre-Val de Loire,18
54089,Bouxières-aux-Chênes,rurale_calme,rural_geographique_Grand Est,Grand Est,54
80718,Saint-Sauveur,rurale_calme,rural_geographique_Hauts-de-France,Hauts-de-France,80
50455,Saint-Clair-sur-l'Elle,rurale_calme,rural_geographique_Normandie,Normandie,50
23093,Gouzon,rurale_calme,rural_geographique_Nouvelle-Aquitaine,Nouvelle-Aquitaine,23
81081,Dourgne,rurale_calme,rural_geographique_Occitanie,Occitanie,81
72122,Duneau,rurale_calme,rural_geographique_Pays de la Loire,Pays de la Loire,72
04138,Niozelles,rurale_calme,rural_geographique_Provence-Alpes-Côte d'Azur,Provence-Alpes-Côte d'Azur,04
77520,Villiers-sous-Grez,rurale_calme,rural_geographique_Île-de-France,Île-de-France,77
07122,Lachapelle-sous-Aubenas,rurale_calme,rural_geographique_Auvergne-Rhône-Alpes,Auvergne-Rhône-Alpes,07
70414,Plancher-les-Mines,rurale_calme,rural_geographique_Bourgogne-Franche-Comté,Bourgogne-Franche-Comté,70
22212,Plouëc-du-Trieux,rurale_calme,rural_geographique_Bretagne,Bretagne,22
37141,Luzillé,rurale_calme,rural_geographique_Centre-Val de Loire,Centre-Val de Loire,37
67433,Sand,rurale_calme,rural_geographique_Grand Est,Grand Est,67
60256,Montchevreuil,rurale_calme,rural_geographique_Hauts-de-France,Hauts-de-France,60
50475,Saint-Georges-Montcocq,rurale_calme,rural_geographique_Normandie,Normandie,50
40002,Amou,rurale_calme,rural_geographique_Nouvelle-Aquitaine,Nouvelle-Aquitaine,40
31495,Saint-Léon,rurale_calme,rural_geographique_Occitanie,Occitanie,31
72335,Sillé-le-Philippe,rurale_calme,rural_geographique_Pays de la Loire,Pays de la Loire,72
83005,Artignosc-sur-Verdon,rurale_calme,rural_geographique_Provence-Alpes-Côte d'Azur,Provence-Alpes-Côte d'Azur,83
95584,Santeuil,rurale_calme,rural_geographique_Île-de-France,Île-de-France,95
03258,Saint-Rémy-en-Rollat,rurale_calme,rural_geographique_Auvergne-Rhône-Alpes,Auvergne-Rhône-Alpes,03
71291,Melay,rurale_calme,rural_geographique_Bourgogne-Franche-Comté,Bourgogne-Franche-Comté,71
22008,Bobital,rurale_calme,rural_geographique_Bretagne,Bretagne,22
45271,Saint-Brisson-sur-Loire,rurale_calme,rural_geographique_Centre-Val de Loire,Centre-Val de Loire,45
68305,Seppois-le-Bas,rurale_calme,rural_geographique_Grand Est,Grand Est,68
02103,Boué,rurale_calme,rural_geographique_Hauts-de-France,Hauts-de-France,02
76224,Écrainville,rurale_calme,rural_geographique_Normandie,Normandie,76
16070,Chabanais,rurale_calme,rural_geographique_Nouvelle-Aquitaine,Nouvelle-Aquitaine,16
11217,Marcorignan,rurale_calme,rural_geographique_Occitanie,Occitanie,11
44019,Bouée,rurale_calme,rural_geographique_Pays de la Loire,Pays de la Loire,44
05110,Puy-Saint-Vincent,rurale_calme,rural_geographique_Provence-Alpes-Côte d'Azur,Provence-Alpes-Côte d'Azur,05
77345,Orly-sur-Morin,rurale_calme,rural_geographique_Île-de-France,Île-de-France,77
38236,Miribel-les-Échelles,rurale_calme,rural_geographique_Auvergne-Rhône-Alpes,Auvergne-Rhône-Alpes,38
21194,Corgoloin,rurale_calme,rural_geographique_Bourgogne-Franche-Comté,Bourgogne-Franche-Comté,21
56105,Lanvénégen,rurale_calme,rural_geographique_Bretagne,Bretagne,56
41146,Monthou-sur-Cher,rurale_calme,rural_geographique_Centre-Val de Loire,Centre-Val de Loire,41
55288,Lérouville,rurale_calme,rural_geographique_Grand Est,Grand Est,55
62264,Dannes,rurale_calme,rural_geographique_Hauts-de-France,Hauts-de-France,62
27670,Vandrimare,rurale_calme,rural_geographique_Normandie,Normandie,27
19101,Laguenne-sur-Avalouze,rurale_calme,rural_geographique_Nouvelle-Aquitaine,Nouvelle-Aquitaine,19
82117,Montaigu-de-Quercy,rurale_calme,rural_geographique_Occitanie,Occitanie,82
72183,Marçon,rurale_calme,rural_geographique_Pays de la Loire,Pays de la Loire,72
05176,Valserres,rurale_calme,rural_geographique_Provence-Alpes-Côte d'Azur,Provence-Alpes-Côte d'Azur,05
78484,Perdreauville,rurale_calme,rural_geographique_Île-de-France,Île-de-France,78
01314,Priay,rurale_calme,rural_geographique_Auvergne-Rhône-Alpes,Auvergne-Rhône-Alpes,01
21611,Sombernon,rurale_calme,rural_geographique_Bourgogne-Franche-Comté,Bourgogne-Franche-Comté,21
56035,Caro,rurale_calme,rural_geographique_Bretagne,Bretagne,56
45069,Chambon-la-Forêt,rurale_calme,rural_geographique_Centre-Val de Loire,Centre-Val de Loire,45
67119,Eckwersheim,rurale_calme,rural_geographique_Grand Est,Grand Est,67
02186,Chézy-sur-Marne,rurale_calme,rural_geographique_Hauts-de-France,Hauts-de-France,02
76355,Héricourt-en-Caux,rurale_calme,rural_geographique_Normandie,Normandie,76
24396,Saint-Cyprien,rurale_calme,rural_geographique_Nouvelle-Aquitaine,Nouvelle-Aquitaine,24
81037,Brassac,rurale_calme,rural_geographique_Occitanie,Occitanie,81
44134,Pouillé-les-Côteaux,rurale_calme,rural_geographique_Pays de la Loire,Pays de la Loire,44
05026,Ceillac,rurale_calme,rural_geographique_Provence-Alpes-Côte d'Azur,Provence-Alpes-Côte d'Azur,05
77423,Saint-Martin-des-Champs,rurale_calme,rural_geographique_Île-de-France,Île-de-France,77
43135,Le Monastier-sur-Gazeille,rurale_calme,rural_geographique_Auvergne-Rhône-Alpes,Auvergne-Rhône-Alpes,43
21290,Gemeaux,rurale_calme,rural_geographique_Bourgogne-Franche-Comté,Bourgogne-Franche-Comté,21
29035,Coat-Méal,rurale_calme,rural_geographique_Bretagne,Bretagne,29
36161,Le Pont-Chrétien-Chabenet,rurale_calme,rural_geographique_Centre-Val de Loire,Centre-Val de Loire,36
51291,Hermonville,rurale_calme,rural_geographique_Grand Est,Grand Est,51
59637,Wandignies-Hamage,rurale_calme,rural_geographique_Hauts-de-France,Hauts-de-France,59
14589,Saint-Germain-le-Vasson,rurale_calme,rural_geographique_Normandie,Normandie,14
86024,Béruges,rurale_calme,rural_geographique_Nouvelle-Aquitaine,Nouvelle-Aquitaine,86
09264,Saint-Jean-de-Verges,rurale_calme,rural_geographique_Occitanie,Occitanie,09
85143,Mervent,rurale_calme,rural_geographique_Pays de la Loire,Pays de la Loire,85
05111,Puy-Sanières,rurale_calme,rural_geographique_Provence-Alpes-Côte d'Azur,Provence-Alpes-Côte d'Azur,05
77185,Fleury-en-Bière,rurale_calme,rural_geographique_Île-de-France,Île-de-France,77
63315,Saint-Amant-Tallende,rurale_calme,rural_geographique_Auvergne-Rhône-Alpes,Auvergne-Rhône-Alpes,63
21462,Norges-la-Ville,rurale_calme,rural_geographique_Bourgogne-Franche-Comté,Bourgogne-Franche-Comté,21
22240,Plumaugat,rurale_calme,rural_geographique_Bretagne,Bretagne,22
45116,Cravant,rurale_calme,rural_geographique_Centre-Val de Loire,Centre-Val de Loire,45
51492,Saint-Just-Sauvage,rurale_calme,rural_geographique_Grand Est,Grand Est,51
60370,Lormaison,rurale_calme,rural_geographique_Hauts-de-France,Hauts-de-France,60
14626,Saint-Martin-de-Mailloc,rurale_calme,rural_geographique_Normandie,Normandie,14
47238,Sainte-Colombe-en-Bruilhois,rurale_calme,rural_geographique_Nouvelle-Aquitaine,Nouvelle-Aquitaine,47
30325,Sumène,rurale_calme,rural_geographique_Occitanie,Occitanie,30
44086,Lusanger,rurale_calme,rural_geographique_Pays de la Loire,Pays de la Loire,44
05016,La Bâtie-Montsaléon,rurale_calme,rural_geographique_Provence-Alpes-Côte d'Azur,Provence-Alpes-Côte d'Azur,05
95169,Commeny,rurale_calme,rural_geographique_Île-de-France,Île-de-France,95
74157,Lyaud,rurale_calme,rural_geographique_Auvergne-Rhône-Alpes,Auvergne-Rhône-Alpes,74
39576,Val-Sonnette,rurale_calme,rural_geographique_Bourgogne-Franche-Comté,Bourgogne-Franche-Comté,39
56228,Saint-Marcel,rurale_calme,rural_geographique_Bretagne,Bretagne,56
36229,Val-Fouzon,rurale_calme,rural_geographique_Centre-Val de Loire,Centre-Val de Loire,36
57767,Stuckange,rurale_calme,rural_geographique_Grand Est,Grand Est,57
60501,Le Plessis-Brion,rurale_calme,rural_geographique_Hauts-de-France,Hauts-de-France,60
50407,Poilley,rurale_calme,rural_geographique_Normandie,Normandie,50
33193,Grayan-et-l'Hôpital,rurale_calme,rural_geographique_Nouvelle-Aquitaine,Nouvelle-Aquitaine,33
46137,Labastide-Marnhac,rurale_calme,rural_geographique_Occitanie,Occitanie,46
72119,Domfront-en-Champagne,rurale_calme,rural_geographique_Pays de la Loire,Pays de la Loire,72
84079,Monieux,rurale_calme,rural_geographique_Provence-Alpes-Côte d'Azur,Provence-Alpes-Côte d'Azur,84
77020,Bannost-Villegagnon,rurale_calme,rural_geographique_Île-de-France,Île-de-France,77
38067,Chamagnieu,rurale_calme,rural_geographique_Auvergne-Rhône-Alpes,Auvergne-Rhône-Alpes,38
25039,Avoudrey,rurale_calme,rural_geographique_Bourgogne-Franche-Comté,Bourgogne-Franche-Comté,25
22385,La Vicomté-sur-Rance,rurale_calme,rural_geographique_Bretagne,Bretagne,22
41267,Vallières-les-Grandes,rurale_calme,rural_geographique_Centre-Val de Loire,Centre-Val de Loire,41
67325,Niederhaslach,rurale_calme,rural_geographique_Grand Est,Grand Est,67
62584,Mont-Bernanchon,rurale_calme,rural_geographique_Hauts-de-France,Hauts-de-France,62
61460,Sap-en-Auge,rurale_calme,rural_geographique_Normandie,Normandie,61
24082,Carsac-Aillac,rurale_calme,rural_geographique_Nouvelle-Aquitaine,Nouvelle-Aquitaine,24
46330,Vayrac,rurale_calme,rural_geographique_Occitanie,Occitanie,46
85055,La Chapelle-Palluau,rurale_calme,rural_geographique_Pays de la Loire,Pays de la Loire,85
83002,Aiguines,rurale_calme,rural_geographique_Provence-Alpes-Côte d'Azur,Provence-Alpes-Côte d'Azur,83
78006,Adainville,rurale_calme,rural_geographique_Île-de-France,Île-de-France,78
63047,La Bourboule,rurale_calme,rural_geographique_Auvergne-Rhône-Alpes,Auvergne-Rhône-Alpes,63
25519,Saint-Hippolyte,rurale_calme,rural_geographique_Bourgogne-Franche-Comté,Bourgogne-Franche-Comté,25
56030,Camoël,rurale_calme,rural_geographique_Bretagne,Bretagne,56
36194,Saint-Genou,rurale_calme,rural_geographique_Centre-Val de Loire,Centre-Val de Loire,36
67451,Schleithal,rurale_calme,rural_geographique_Grand Est,Grand Est,67
62618,Nordausques,rurale_calme,rural_geographique_Hauts-de-France,Hauts-de-France,62
76672,Serqueux,rurale_calme,rural_geographique_Normandie,Normandie,76
17107,Ciré-d'Aunis,rurale_calme,rural_geographique_Nouvelle-Aquitaine,Nouvelle-Aquitaine,17
65123,Campan,rurale_calme,rural_geographique_Occitanie,Occitanie,65
49089,Chazé-sur-Argos,rurale_calme,rural_geographique_Pays de la Loire,Pays de la Loire,49
04233,Vaumeilh,rurale_calme,rural_geographique_Provence-Alpes-Côte d'Azur,Provence-Alpes-Côte d'Azur,04
77465,Thoury-Férottes,rurale_calme,rural_geographique_Île-de-France,Île-de-France,77
63393,Saint-Rémy-sur-Durolle,rurale_calme,rural_geographique_Auvergne-Rhône-Alpes,Auvergne-Rhône-Alpes,63
71253,Lans,rurale_calme,rural_geographique_Bourgogne-Franche-Comté,Bourgogne-Franche-Comté,71
22337,Sévignac,rurale_calme,rural_geographique_Bretagne,Bretagne,22
28331,Saintigny,rurale_calme,rural_geographique_Centre-Val de Loire,Centre-Val de Loire,28
68320,Spechbach,rurale_calme,rural_geographique_Grand Est,Grand Est,68
59629,Vred,rurale_calme,rural_geographique_Hauts-de-France,Hauts-de-France,59
50597,Tirepied-sur-Sée,rurale_calme,rural_geographique_Normandie,Normandie,50
23079,Felletin,rurale_calme,rural_geographique_Nouvelle-Aquitaine,Nouvelle-Aquitaine,23
81308,Valence-d'Albigeois,rurale_calme,rural_geographique_Occitanie,Occitanie,81
53126,Larchamp,rurale_calme,rural_geographique_Pays de la Loire,Pays de la Loire,53
05057,Fouillouse,rurale_calme,rural_geographique_Provence-Alpes-Côte d'Azur,Provence-Alpes-Côte d'Azur,05
91319,Janvry,rurale_calme,rural_geographique_Île-de-France,Île-de-France,91
73007,Aiton,rurale_calme,rural_geographique_Auvergne-Rhône-Alpes,Auvergne-Rhône-Alpes,73
89169,Flogny-la-Chapelle,rurale_calme,rural_geographique_Bourgogne-Franche-Comté,Bourgogne-Franche-Comté,89
35302,Saint-Onen-la-Chapelle,rurale_calme,rural_geographique_Bretagne,Bretagne,35
37024,Benais,rurale_calme,rural_geographique_Centre-Val de Loire,Centre-Val de Loire,37
68093,Flaxlanden,rurale_calme,rural_geographique_Grand Est,Grand Est,68
59424,Neuf-Mesnil,rurale_calme,rural_geographique_Hauts-de-France,Hauts-de-France,59
50027,Bacilly,rurale_calme,rural_geographique_Normandie,Normandie,50
64415,Navailles-Angos,rurale_calme,rural_geographique_Nouvelle-Aquitaine,Nouvelle-Aquitaine,64
09032,Ax-les-Thermes,rurale_calme,rural_geographique_Occitanie,Occitanie,09
72215,Neufchâtel-en-Saosnois,rurale_calme,rural_geographique_Pays de la Loire,Pays de la Loire,72
04156,Puimichel,rurale_calme,rural_geographique_Provence-Alpes-Côte d'Azur,Provence-Alpes-Côte d'Azur,04
95328,Labbeville,rurale_calme,rural_geographique_Île-de-France,Île-de-France,95
07110,Joyeuse,rurale_calme,rural_geographique_Auvergne-Rhône-Alpes,Auvergne-Rhône-Alpes,07
90093,Sermamagny,rurale_calme,rural_geographique_Bourgogne-Franche-Comté,Bourgogne-Franche-Comté,90
22391,Yvignac-la-Tour,rurale_calme,rural_geographique_Bretagne,Bretagne,22
18059,Le Châtelet,rurale_calme,rural_geographique_Centre-Val de Loire,Centre-Val de Loire,18
52211,Froncles,rurale_calme,rural_geographique_Grand Est,Grand Est,52
59662,Winnezeele,rurale_calme,rural_geographique_Hauts-de-France,Hauts-de-France,59
27025,Autheuil-Authouillet,rurale_calme,rural_geographique_Normandie,Normandie,27
33159,Étauliers,rurale_calme,rural_geographique_Nouvelle-Aquitaine,Nouvelle-Aquitaine,33
81101,Le Garric,rurale_calme,rural_geographique_Occitanie,Occitanie,81
49257,Les Rairies,rurale_calme,rural_geographique_Pays de la Loire,Pays de la Loire,49
04162,Revest-des-Brousses,rurale_calme,rural_geographique_Provence-Alpes-Côte d'Azur,Provence-Alpes-Côte d'Azur,04
78407,Mittainville,rurale_calme,rural_geographique_Île-de-France,Île-de-France,78
43114,Lapte,rurale_calme,rural_geographique_Auvergne-Rhône-Alpes,Auvergne-Rhône-Alpes,43
25024,Arçon,rurale_calme,rural_geographique_Bourgogne-Franche-Comté,Bourgogne-Franche-Comté,25
29229,Quéménéven,rurale_calme,rural_geographique_Bretagne,Bretagne,29
36113,Martizay,rurale_calme,rural_geographique_Centre-Val de Loire,Centre-Val de Loire,36
10282,Payns,rurale_calme,rural_geographique_Grand Est,Grand Est,10
80639,Poulainville,rurale_calme,rural_geographique_Hauts-de-France,Hauts-de-France,80
76427,Mesnières-en-Bray,rurale_calme,rural_geographique_Normandie,Normandie,76
17232,Meursac,rurale_calme,rural_geographique_Nouvelle-Aquitaine,Nouvelle-Aquitaine,17
30288,Saint-Nazaire,rurale_calme,rural_geographique_Occitanie,Occitanie,30
85297,Triaize,rurale_calme,rural_geographique_Pays de la Loire,Pays de la Loire,85
84022,Buisson,rurale_calme,rural_geographique_Provence-Alpes-Côte d'Azur,Provence-Alpes-Côte d'Azur,84
78276,Gommecourt,rurale_calme,rural_geographique_Île-de-France,Île-de-France,78
63106,Chauriat,rurale_calme,rural_geographique_Auvergne-Rhône-Alpes,Auvergne-Rhône-Alpes,63
89469,Perceneige,rurale_calme,rural_geographique_Bourgogne-Franche-Comté,Bourgogne-Franche-Comté,89
22384,Uzel,rurale_calme,rural_geographique_Bretagne,Bretagne,22
28360,Saint-Sauveur-Marville,rurale_calme,rural_geographique_Centre-Val de Loire,Centre-Val de Loire,28
67055,Boofzheim,rurale_calme,rural_geographique_Grand Est,Grand Est,67
62174,Brêmes,rurale_calme,rural_geographique_Hauts-de-France,Hauts-de-France,62
50576,Siouville-Hague,rurale_calme,rural_geographique_Normandie,Normandie,50
87040,Châteauneuf-la-Forêt,rurale_calme,rural_geographique_Nouvelle-Aquitaine,Nouvelle-Aquitaine,87
46143,Lacapelle-Marival,rurale_calme,rural_geographique_Occitanie,Occitanie,46
72351,Tennie,rurale_calme,rural_geographique_Pays de la Loire,Pays de la Loire,72
83114,Saint-Martin-de-Pallières,rurale_calme,rural_geographique_Provence-Alpes-Côte d'Azur,Provence-Alpes-Côte d'Azur,83
91093,Boullay-les-Troux,rurale_calme,rural_geographique_Île-de-France,Île-de-France,91
38463,Saint-Vérand,rurale_calme,rural_geographique_Auvergne-Rhône-Alpes,Auvergne-Rhône-Alpes,38
21521,Remilly-sur-Tille,rurale_calme,rural_geographique_Bourgogne-Franche-Comté,Bourgogne-Franche-Comté,21
22354,Tréglamus,rurale_calme,rural_geographique_Bretagne,Bretagne,22
36016,Bélâbre,rurale_calme,rural_geographique_Centre-Val de Loire,Centre-Val de Loire,36
51576,Tours-sur-Marne,rurale_calme,rural_geographique_Grand Est,Grand Est,51
62205,Campagne-lès-Wardrecques,rurale_calme,rural_geographique_Hauts-de-France,Hauts-de-France,62
61091,Champsecret,rurale_calme,rural_geographique_Normandie,Normandie,61
33425,Saint-Laurent-d'Arce,rurale_calme,rural_geographique_Nouvelle-Aquitaine,Nouvelle-Aquitaine,33
11264,Névian,rurale_calme,rural_geographique_Occitanie,Occitanie,11
72377,Villaines-sous-Malicorne,rurale_calme,rural_geographique_Pays de la Loire,Pays de la Loire,72
06017,Bézaudun-les-Alpes,rurale_calme,rural_geographique_Provence-Alpes-Côte d'Azur,Provence-Alpes-Côte d'Azur,06
78036,Autouillet,rurale_calme,rural_geographique_Île-de-France,Île-de-France,78
42122,Lézigneux,rurale_calme,rural_geographique_Auvergne-Rhône-Alpes,Auvergne-Rhône-Alpes,42
70280,Gray-la-Ville,rurale_calme,rural_geographique_Bourgogne-Franche-Comté,Bourgogne-Franche-Comté,70
35322,Le Sel-de-Bretagne,rurale_calme,rural_geographique_Bretagne,Bretagne,35
28347,Saint-Lubin-de-la-Haye,rurale_calme,rural_geographique_Centre-Val de Loire,Centre-Val de Loire,28
52432,Rolampont,rurale_calme,rural_geographique_Grand Est,Grand Est,52
80333,Fort-Mahon-Plage,rurale_calme,rural_geographique_Hauts-de-France,Hauts-de-France,80
76397,Longueville-sur-Scie,rurale_calme,rural_geographique_Normandie,Normandie,76
33290,Montagne,rurale_calme,rural_geographique_Nouvelle-Aquitaine,Nouvelle-Aquitaine,33
31003,Aigrefeuille,rurale_calme,rural_geographique_Occitanie,Occitanie,31
53158,Montjean,rurale_calme,rural_geographique_Pays de la Loire,Pays de la Loire,53
06086,Moulinet,rurale_calme,rural_geographique_Provence-Alpes-Côte d'Azur,Provence-Alpes-Côte d'Azur,06
78281,Goussonville,rurale_calme,rural_geographique_Île-de-France,Île-de-France,78
01353,Sainte-Euphémie,rurale_calme,rural_geographique_Auvergne-Rhône-Alpes,Auvergne-Rhône-Alpes,01
25307,Les Hôpitaux-Neufs,rurale_calme,rural_geographique_Bourgogne-Franche-Comté,Bourgogne-Franche-Comté,25
22099,Lanfains,rurale_calme,rural_geographique_Bretagne,Bretagne,22
37251,Souvigné,rurale_calme,rural_geographique_Centre-Val de Loire,Centre-Val de Loire,37
51002,Saint-Martin-d'Ablois,rurale_calme,rural_geographique_Grand Est,Grand Est,51
59196,Ennetières-en-Weppes,rurale_calme,rural_geographique_Hauts-de-France,Hauts-de-France,59
76421,Mélamare,rurale_calme,rural_geographique_Normandie,Normandie,76
87059,Le Dorat,rurale_calme,rural_geographique_Nouvelle-Aquitaine,Nouvelle-Aquitaine,87
31383,Montjoire,rurale_calme,rural_geographique_Occitanie,Occitanie,31
85121,Le Langon,rurale_calme,rural_geographique_Pays de la Loire,Pays de la Loire,85
04240,Villars-Colmars,rurale_calme,rural_geographique_Provence-Alpes-Côte d'Azur,Provence-Alpes-Côte d'Azur,04
77492,Verdelot,rurale_calme,rural_geographique_Île-de-France,Île-de-France,77
01303,Poncin,rurale_calme,rural_geographique_Auvergne-Rhône-Alpes,Auvergne-Rhône-Alpes,01
25405,Montperreux,rurale_calme,rural_geographique_Bourgogne-Franche-Comté,Bourgogne-Franche-Comté,25
22254,Prat,rurale_calme,rural_geographique_Bretagne,Bretagne,22
45249,Paucourt,rurale_calme,rural_geographique_Centre-Val de Loire,Centre-Val de Loire,45
54188,Faulx,rurale_calme,rural_geographique_Grand Est,Grand Est,54
80622,Picquigny,rurale_calme,rural_geographique_Hauts-de-France,Hauts-de-France,80
27406,Mesnil-sur-l'Estrée,rurale_calme,rural_geographique_Normandie,Normandie,27
86290,La Villedieu-du-Clain,rurale_calme,rural_geographique_Nouvelle-Aquitaine,Nouvelle-Aquitaine,86
82098,Léojac,rurale_calme,rural_geographique_Occitanie,Occitanie,82
49205,Miré,rurale_calme,rural_geographique_Pays de la Loire,Pays de la Loire,49
04148,Peyroules,rurale_calme,rural_geographique_Provence-Alpes-Côte d'Azur,Provence-Alpes-Côte d'Azur,04
91393,Mérobert,rurale_calme,rural_geographique_Île-de-France,Île-de-France,91
07188,Quintenas,rurale_calme,rural_geographique_Auvergne-Rhône-Alpes,Auvergne-Rhône-Alpes,07
39170,Courlans,rurale_calme,rural_geographique_Bourgogne-Franche-Comté,Bourgogne-Franche-Comté,39
35078,Cherrueix,rurale_calme,rural_geographique_Bretagne,Bretagne,35
18055,Chârost,rurale_calme,rural_geographique_Centre-Val de Loire,Centre-Val de Loire,18
88126,Darnieulles,rurale_calme,rural_geographique_Grand Est,Grand Est,88
62532,Lozinghem,rurale_calme,rural_geographique_Hauts-de-France,Hauts-de-France,62
14303,Glos,rurale_calme,rural_geographique_Normandie,Normandie,14
79257,Saint-Hilaire-la-Palud,rurale_calme,rural_geographique_Nouvelle-Aquitaine,Nouvelle-Aquitaine,79
82085,Lacourt-Saint-Pierre,rurale_calme,rural_geographique_Occitanie,Occitanie,82
85054,La Chapelle-Hermier,rurale_calme,rural_geographique_Pays de la Loire,Pays de la Loire,85
04219,Thorame-Haute,rurale_calme,rural_geographique_Provence-Alpes-Côte d'Azur,Provence-Alpes-Côte d'Azur,04
78084,Boissy-sans-Avoir,rurale_calme,rural_geographique_Île-de-France,Île-de-France,78
03275,Souvigny,rurale_calme,rural_geographique_Auvergne-Rhône-Alpes,Auvergne-Rhône-Alpes,03
70058,Beaujeu-Saint-Vallier-Pierrejux-et-Quitteur,rurale_calme,rural_geographique_Bourgogne-Franche-Comté,Bourgogne-Franche-Comté,70
22090,Kermaria-Sulard,rurale_calme,rural_geographique_Bretagne,Bretagne,22
28226,Maillebois,rurale_calme,rural_geographique_Centre-Val de Loire,Centre-Val de Loire,28
67504,Valff,rurale_calme,rural_geographique_Grand Est,Grand Est,67
